0.99980722355007423 -0.0018200947707830803 0.019550012586112806 0.15073175881628639 0.0018062370765268537 0.99999810487464469 0.00072646730314143162 0.018247382380700974 -0.019551297775727852 -0.00069101529977414139 0.99980861631271223 -0.088026509204770662
0.99976314928704535 -0.0052993470830461917 0.021108345461984812 0.30943340721645779 0.0053174651744049943 0.99998554033308062 -0.0008023022346940285 0.027467937047890332 -0.021103788564333065 0.00091435510072115 0.99977687213846955 -0.18404731519556011
0.99970786269611323 -0.0084059386184473488 0.022661188395850112 0.47068682082946933 0.0083735615619973426 0.9999637809203904 0.0015232577473723859 0.011065981471217732 -0.02267317203958804 -0.0013330578908602733 0.99974204184195581 -0.26730007419879542
0.99969660446004893 -0.010995048497162199 0.022041051236126319 0.65590930285827465 0.011002548299487392 0.99993944614679897 -0.00021902180363147405 0.012783541938561486 -0.022037308410192507 0.0004614630841900563 0.99975704253076203 -0.40304995945881666
0.99958793956674086 -0.011764931835959849 0.026182770128708257 0.79780498474458306 0.011708085866641788 0.99992875880113485 0.0023233699148450492 -0.0021648250204767284 -0.026208239125452549 -0.002015862425137857 0.99965447255570561 -0.49371815844766426
0.99944694561299763 -0.014879038477942138 0.029739151279444865 0.95573810241834078 0.014802923027311617 0.99988657173407292 0.0027779733134186625 -0.0056323803359185388 -0.029777111590906149 -0.0023362105758035026 0.99955383334038006 -0.58810012798304256
0.99939438858077134 -0.018538398166885933 0.029447985782939046 1.1507116923926513 0.018344762533422161 0.9998083773478178 0.0068321499336523976 -0.03958891977814976 -0.029568999997607807 -0.0062877959993590865 0.99954296448957702 -0.68528863424914466
0.99922942593423658 -0.020057986857209754 0.033737686796399741 1.3112807280990055 0.0198455868380298 0.999781148178849 0.0066187936390677713 -0.034155002933053048 -0.033863062918025925 -0.0059441491753106637 0.99940880527459408 -0.79019231238343524
0.99901117862103805 -0.024121153146087596 0.037347489354807521 1.4863694699139682 0.023990739599452401 0.99970443174727219 0.0039361857597035024 -0.010779060920596564 -0.037431395962156402 -0.0030362996832682342 0.99929458693648376 -0.91586847034341201
0.9988823670573449 -0.02697929071197171 0.038808950702054749 1.6733995549405587 0.026812939156354073 0.99962894124765234 0.0048006368218430967 -0.012177668487535303 -0.038924068077646423 -0.0037546894380891438 0.99923511709282431 -1.0359342572927568
0.99870443497617667 -0.029497328003039142 0.041465156452096551 1.843082538664929 0.029213138691350279 0.99954549296615636 0.0074431188921969937 -0.037037409544257369 -0.0416658623661584 -0.00622214848139847 0.99911222631972618 -1.1714020505442582
0.9984318572727886 -0.032124392379691849 0.045845935447382018 2.0108288197308868 0.032077405427469396 0.99948383730278467 0.0017604066412141481 0.0050408512643529257 -0.045878823479375316 -0.00028702741379553026 0.99894697115082742 -1.3237607250802466
0.99826109591102319 -0.035559766139737686 0.047013693990264477 2.2078543401620814 0.035311316407598305 0.99935771439051591 0.0061048850706981435 -0.014057476465746371 -0.047200586056589847 -0.0044341538371057412 0.99887558932815224 -1.4489001835218136
0.99805204667670322 -0.038632152584496017 0.048986415577505195 2.3907442037964555 0.038171295085604025 0.99921803193694791 0.010309068024818031 -0.037688824375839397 -0.049346371253938905 -0.0084191115173040138 0.99874624114703314 -1.5692381555966415
0.99773055923433118 -0.042590557655274412 0.052151467559040078 2.5556439789480465 0.042005985798698416 0.99904219914992565 0.012254855150505149 -0.041221461270918136 -0.052623457953924029 -0.010036369676982907 0.9985639904165774 -1.6902031849107837
0.99750588856909084 -0.044851688425599182 0.054500718484818793 2.7105966337416052 0.043936697532456423 0.99887442818626826 0.017872977521866142 -0.076728331462952659 -0.05524100723131263 -0.015433818740955433 0.99835375912506152 -1.7968273936624148
0.99729598893605187 -0.047667807669046103 0.055932911278505658 2.8673547126593886 0.046665710902657698 0.99872816815568355 0.019088152302993773 -0.074706761119743392 -0.056771664393532893 -0.016426388660309404 0.9982520482711611 -1.9024238793049515
0.99699560821186051 -0.048420991441707487 0.060457958897604955 2.9807561515669185 0.047298093704717832 0.99868318982046811 0.019868988447191527 -0.070228360550616653 -0.061340423361451714 -0.016949748016327246 0.99797297483650371 -2.0081839449978354
0.99673908040689363 -0.052154860317069805 0.061571715380740806 3.1312318070674485 0.051220523808357635 0.99854843243062352 0.016657911968248014 -0.032679701103370637 -0.062351130947381261 -0.013449856343149861 0.99796364554723693 -2.1274239966163391
0.9963051509121873 -0.059658368691667095 0.061781269903529189 3.2903362013946937 0.05781703086353069 0.99784027929818497 0.031176400565903917 -0.12678795925162975 -0.063507772815373911 -0.027489198881911238 0.99760267979635142 -2.1905527816672006
0.99615473479476579 -0.062460737899459995 0.061436150327188119 3.4276633175654898 0.060917256007197551 0.99778604169817642 0.026685256469417957 -0.090252044425827863 -0.062966914062255339 -0.022840122883645363 0.99775422651078582 -2.3186628754179814
0.99589829866115942 -0.066015960591310721 0.061874644815261004 3.5585737527024972 0.064148673620248092 0.99743686112931429 0.031696304725690766 -0.10378446445055894 -0.06380851351168651 -0.027597119554538144 0.99758050933031039 -2.37949389775219
0.99559333695840158 -0.069792269743003607 0.062633429477830849 3.6737156393951151 0.067508510028585572 0.99699977582873955 0.037868827169104655 -0.14114105701105445 -0.065088466549419854 -0.033473662505961038 0.99731790590597647 -2.4510753240665148
0.99532616589770029 -0.073706226795846 0.0623956377553984 3.7847721971446564 0.071581613700364588 0.99679815002428507 0.035630333821263876 -0.11812199346049813 -0.064822033749608335 -0.030997423113578924 0.99741529149140395 -2.5452705000138716
0.99506143330078689 -0.075590698366726203 0.064333430483802037 3.8662855723742231 0.073356839798677978 0.99664098865511908 0.03640760617368155 -0.10759167973977248 -0.066869410137481156 -0.031508507628534493 0.99726410540783428 -2.61853550744428
0.99507550876480477 -0.079437924333206372 0.05928193682814898 4.007418162113586 0.077488344341748616 0.99639634793302079 0.034494554887882847 -0.085901543701134619 -0.061808481195054957 -0.029731027620490114 0.99764511608536943 -2.6938206207035553
0.99494821787159937 -0.0807580984603255 0.059633659012347261 4.086852640998357 0.078661064755701407 0.99622503398776951 0.036716733890242596 -0.088632042578946982 -0.062373717587040488 -0.031840401836972961 0.9975448401777397 -2.748464500981886
0.99476586561883584 -0.080460267945430833 0.062984266938321862 4.1279130403148212 0.078396019115773583 0.99632201942673604 0.034590429199852224 -0.068188896185832903 -0.065535767229868994 -0.029471662450228382 0.99741490079405382 -2.8148109056682373
0.99476607535195627 -0.081318402844080651 0.061868996175417711 4.2053084322454515 0.079139254895119943 0.99618051147787823 0.036896705629610012 -0.086089648556523027 -0.064633069426658599 -0.031807324794151999 0.99740205555529515 -2.8690953584559562
0.99494265795371517 -0.079667996819917222 0.061172850732152333 4.2625546915275327 0.077141610020849086 0.99610922953801673 0.042609562689259681 -0.11657423333486243 -0.064329459716274365 -0.037675099361254169 0.997217281990606 -2.8882719965583625
0.99497142318714749 -0.080244105250453585 0.059939558002177068 4.3270722853957881 0.077895633952114643 0.99613677502612874 0.040543749848058981 -0.10345402444067989 -0.062961394934835963 -0.035670842618277812 0.99737829018620694 -2.935633082116218
0.99516878119265073 -0.078063696681277536 0.059541214297219834 4.3734662881169761 0.075736696840244006 0.99630953181801296 0.040388978203227253 -0.10750529534054552 -0.062474392284062534 -0.035684395315393663 0.99740842899973114 -2.963974338781751
0.99562303492499293 -0.073985601080109945 0.057104318221664313 4.4187936169432085 0.071937014746694297 0.99671761947293591 0.037135602075872465 -0.087343907326943915 -0.059664379960577454 -0.032865146660535222 0.99767732453880165 -2.9968208374259544
0.99596722273666338 -0.071149703468183639 0.054653553686902112 4.4691591438739753 0.069320394091020268 0.99699181686262328 0.034669872685532843 -0.084675204266254453 -0.056955896949158806 -0.030741450931193064 0.99790329641572073 -3.036168248688889
0.99657690837692148 -0.063643705713564536 0.052763097074965612 4.4956614946497941 0.062107593126313379 0.99761061668466855 0.030260607298791577 -0.065009833061838038 -0.054562922996787513 -0.026880033502221675 0.99814846151910996 -3.0489069353775493
0.99722099016426269 -0.056482114759812449 0.048580525810933479 4.5379817201230175 0.055167714122694091 0.99808483960085359 0.027985286802442493 -0.072902647566330636 -0.050068154492492495 -0.025227438855294836 0.99842714117481712 -3.0666833444552029
0.99763966678666938 -0.049419076557226743 0.047674417941012105 4.5477655746246182 0.048327281299189846 0.99854822893698403 0.023788828660558675 -0.063786760229259692 -0.048780827545382113 -0.021428704091554489 0.99857961200143897 -3.073765254150878
0.99816899906798295 -0.039793019024235474 0.04555397827366918 4.5598200153355855 0.038901634726559609 0.99903702422911944 0.02029007232680944 -0.067897925091286185 -0.046317514130428256 -0.018480796962324447 0.99875579999738417 -3.0707074225908273
0.99873820744832387 -0.026098533248965185 0.042905239134182628 4.5566809749377759 0.02576934424784038 0.99963421944370034 0.0082078142169666347 -0.006234910054225969 -0.043103757144186787 -0.0070918177808374609 0.99904543051886208 -3.0954786504346106
0.99910067859388607 -0.012562923127039034 0.040496999836291167 4.5621568813487494 0.012453989208852066 0.99991812071234831 0.0029410922922443196 -0.0087435516635729436 -0.040530632687169534 -0.0024340981060364934 0.99917533145108617 -3.0899896599783929
0.99936124405585247 0.00071211824199285661 0.035729494353381588 4.5977471416887283 -0.00053736728838529142 0.99998784903235571 -0.004900308565797643 0.010300302978432476 -0.035732549804572848 0.0048779786030770282 0.99934948351875963 -3.1028968986407981
0.99921321663362905 0.018235102105116318 0.035219721121728526 4.5829435084041403 -0.017808080096093637 0.99976452326743714 -0.012400415280352286 0.01001623977548111 -0.035437550535660077 0.011763463225175791 0.99930265732909085 -3.1042929065808567
0.99899974279816273 0.034687483133083133 0.028218653460021371 4.6434415614842122 -0.034067734658154741 0.99917394187133202 -0.022154533183203717 0.01410176344593358 -0.028963828208064365 0.021171027353347447 0.99935623491142411 -3.1308624718717981
0.99827254097756435 0.05383260195326213 0.023536883760150101 4.6791059304296043 -0.05310487197175974 0.99812238169358847 -0.030521856679786127 0.01418914709533727 -0.025135761437843605 0.02921920822438618 0.9992569396144716 -3.1565772971036865
0.9968778800546616 0.076245183438887851 0.020522286911890793 4.6835606871839 -0.075274371550064237 0.99616844684885864 -0.044521842846805756 0.047357512795290352 -0.023838230753696954 0.042838038063187839 0.99879759773911669 -3.1885822269221262
0.99506858565284173 0.097687599884296414 0.017194262871630769 4.7019769679758099 -0.096584492979791645 0.99373374992151864 -0.056255399587534206 0.064693211997890521 -0.022581974286800241 0.05431728174128541 0.99826834435513789 -3.2091717428264497
0.99303564341766948 0.11750840532851171 0.0084844315782102372 4.7724117320179902 -0.11667878290302525 0.99088544859945615 -0.067320794514943688 0.063573327838503599 -0.016317858999385693 0.065861995346366262 0.99769530671777318 -3.2558797293502888
0.99053114209278403 0.13726448332563354 0.0025530690769834177 4.8103589064822385 -0.13667192669385639 0.98767413810997351 -0.076292734663990738 0.041544547463643916 -0.012993883105297163 0.075221396730370649 0.99708219344032922 -3.2863481499359213
0.98744950807579324 0.15782733611163527 -0.0058310356523451823 4.8565672127472546 -0.15771242432875007 0.9834260345575303 -0.089442863140663589 0.049466228387400987 -0.0083821365547390968 0.089239937978217498 0.9959748858562758 -3.329387266286989
0.98396885285007851 0.17754440146573228 -0.016830987168770861 4.9331844466714321 -0.17833429462232503 0.9787629383410269 -0.101093965653727 0.036398963127075641 -0.0014751211673019586 0.10247485563890314 0.99473450125112672 -3.3785744838672263
0.98028017150834845 0.19552090134555411 -0.028676863227785072 5.0142721164150563 -0.19754199907977479 0.97343831998191477 -0.11573675211596993 0.032727138286321428 0.0052862034702848473 0.11911932810341615 0.99286587297835016 -3.4489166989375786
0.9758978613288567 0.21438678347577139 -0.040763602940322996 5.0794189422298999 -0.21792339056794072 0.96724644956004224 -0.13016797477438716 0.050691421741916452 0.011522156791866514 0.13591399076035346 0.9906536362515701 -3.4876128582032031
0.97175339255227677 0.22876369188966764 -0.057987217006422204 5.2016350013726882 -0.23494626182330458 0.96094050882327575 -0.14626548655687432 0.061393594560650307 0.022262033114607931 0.1557578626441477 0.9875443737403049 -3.5598238033751461
0.96687494584126665 0.24397008315151844 -0.075042905270843702 5.319308770634815 -0.25318563107747072 0.95398939930283311 -0.16062771315598867 0.053224907275076207 0.032401779586166787 0.17430669678718849 0.98415816825080948 -3.6369477359767428
0.96142662620092934 0.25816135737286233 -0.094929215688847643 5.4293607513558433 -0.27166576772787199 0.94527746430644521 -0.18068820138349703 0.098155368240073856 0.043087736964528806 0.19950746611036518 0.9789485266802832 -3.6884921552799832
0.95640384832141223 0.26851671908683139 -0.11484968648993729 5.5356522176177894 -0.28677012273160629 0.93787688174325279 -0.19531986944510335 0.094613505456446881 0.055268215318505176 0.21974013348133847 0.97399163143895184 -3.7464073260638444
0.95165645065340776 0.27714554982075074 -0.13243996430198776 5.6375754528348727 -0.29985666496970698 0.93171510890143372 -0.20492178097516725 0.032546983306381755 0.066603156103918357 0.23472814074870377 0.96977663383773782 -3.8342232725584453
0.9453401197778446 0.28660180125648127 -0.15553605837538406 5.7497481726339101 -0.31560819162419018 0.9241162878672764 -0.21540788258119425 -0.023846234749785564 0.081997117742753062 0.25272216763660749 0.96405807847190184 -3.8983176244033793
0.93954475020926465 0.29073558951686457 -0.18091014162420985 5.836846373040899 -0.32842106236866248 0.91463962053660453 -0.23574132081011009 0.021904944277013581 0.096929191407179024 0.28090422128002523 0.95482854498606873 -3.9267184864011466
0.93722372215581329 0.28115268389040327 -0.20631253711208589 5.9452225530515461 -0.3281845418327049 0.91115632075465591 -0.24917677590597428 -0.025911325918126431 0.11792625293148438 0.30124297085585505 0.94622728315108207 -4.0041365035872509
0.93474545857757341 0.26603170247802771 -0.23553781213479094 6.0592958370179337 -0.32491026844496401 0.90827969012826038 -0.26355515923527817 -0.043863706310923421 0.14382018331104759 0.32288564194951991 0.93544674733264377 -4.0297346934585239
0.9341079104700889 0.24844995040759385 -0.25634943678437944 6.1239886010814892 -0.31831304701975954 0.90475026412580195 -0.28302608300523813 0.0027644953173680017 0.16161440435246088 0.34597627332919195 0.92421923946596318 -4.0977662369871286
0.93150586412218439 0.23200443775777241 -0.28012633929475927 6.2053504276144187 -0.31456459569064382 0.90051414880492497 -0.30020556780333596 -0.0025661598798126508 0.18260870801789397 0.36776107551349352 0.91181459249849373 -4.1707166064117409
0.92792005830104463 0.21866763084523147 -0.30190864946721785 6.2733803544987472 -0.31189560660738824 0.89898070570044386 -0.30749767699503244 -0.11181766553117481 0.20417026223619145 0.37949724373026156 0.90238370221294406 -4.2819009677293876
0.92181619087509137 0.19907055676314905 -0.33260460560633698 6.4276062056855148 -0.30943153262972228 0.89471302664238839 -0.32208807269260686 -0.14703866017501477 0.23346742139955678 0.39982435316827153 0.88635966162648394 -4.3414306383426435
0.91248536122447677 0.17933807622304557 -0.36770683970746765 6.6035599287689495 -0.31283605821781063 0.88506890497691626 -0.34465436907386665 -0.10251585160012776 0.26363623846083611 0.42952402477577384 0.86371583632039628 -4.364359164771999
0.90880173916044926 0.15825560734219607 -0.38604994708417645 6.5998501335538577 -0.30753684697647687 0.87937374201147589 -0.36348715192218467 -0.059862323431757083 0.2819583065822141 0.44906233933106321 0.8478458166104279 -4.3979968582701501
0.90405809444351914 0.13998219750908808 -0.40383653407248787 6.6151270135241962 -0.30431518843085653 0.87426925012972856 -0.37821362266303227 -0.043768233893586861 0.30011868979029827 0.46482067795885429 0.83298890111479029 -4.4722115208726709
0.89531074434615199 0.1204398866366007 -0.42885067886771749 6.7293284973447482 -0.303882734708872 0.86907335657718665 -0.39034188147509824 -0.10672346762044606 0.32568996699959413 0.47979759752902584 0.81469031588768637 -4.5120071215902131
0.890730638728364 0.10168845727959044 -0.44301059455351349 6.7590407429387227 -0.29858229193611963 0.86577010184293435 -0.40161019122657854 -0.13680889549856601 0.34270620679050218 0.49000162082484183 0.80153032844446592 -4.6314666371263105
0.88819505440299884 0.080866111494823215 -0.45229439234392543 6.7130211974998852 -0.29467638202818031 0.85553279095738244 -0.42571055128039009 0.092193129514936356 0.35252712691200921 0.51139448140195898 0.78370932697192375 -4.7112436670430258
0.88242043663520597 0.055271017854543344 -0.46720368961926584 6.7691791649071753 -0.28995556587741961 0.84593471681777044 -0.44757147440285328 0.22552480221031165 0.37048608992138682 0.53041452607160122 0.76249622143785145 -4.7623879734252021
0.87697579882687071 0.034731176761976568 -0.47927778337066745 6.851699180609045 -0.28792538205429835 0.83650099672518186 -0.46622425596129558 0.34715100220199996 0.38472382645328634 0.54686362819125733 0.74359111716092741 -4.8146432763352349
0.8757574514650992 0.01744346947668473 -0.48243612175703676 6.8211321798986084 -0.27934425375534988 0.83335402124155111 -0.47695687768854234 0.38346948109974793 0.3937202993207502 0.55246429808011344 0.73468872677456165 -4.9619562834593296
0.87416972552801397 0.0036472693471342153 -0.48560682490733809 6.8694819350789151 -0.27141792712622193 0.83287477625594541 -0.48234004178702983 0.32038763270353254 0.402690451593754 0.55344945975483451 0.72906384884473607 -5.0738448101115639
0.86792306478932135 -0.0026606416257425594 -0.49669152860991184 7.0131486156415574 -0.27462237957902319 0.83066824330498079 -0.48432718094173921 0.23241551052540727 0.41387450059295322 0.55676134074732297 0.72022545581795216 -5.1483575272330961
0.86928320100923573 -0.014348226820083815 -0.49410610685383771 6.937665332668062 -0.2642181207482962 0.83131629443107613 -0.48898057556678387 0.25250784783353392 0.41777446201434504 0.55561438696321019 0.71885822794770926 -5.1783055477494297
0.87151387179605522 -0.018189544765177507 -0.49003337817773662 6.9903795581807637 -0.25921334119509687 0.83119413700444478 -0.49185846577639658 0.23019748293337808 0.41625955245918783 0.55568466513902648 0.71968224788152502 -5.2782718914525901
0.87190662352696446 -0.020572053307439199 -0.48923984963668293 7.1281364219844487 -0.264964920385931 0.82039046281897587 -0.50670808112812238 0.43988355777987609 0.41179173232920241 0.57143352993885688 0.70985300594343614 -5.2777579804704366
0.87480482735926168 -0.038626779426310667 -0.48293321064106104 7.1794498655728098 -0.24118066827882992 0.82979904052605646 -0.50325484358385786 0.40206187044223224 0.42017662866645655 0.55672392103554103 0.71659617391478125 -5.3863211630538155
0.87849261250293531 -0.050890466520308909 -0.47503777765048644 7.2735205780278598 -0.2233574610836048 0.83520797395333668 -0.50253267040367477 0.3831748098305347 0.42232946186129805 0.54757447042581131 0.72235726962621394 -5.4391994792874456
0.88596900994969041 -0.067461432912262295 -0.45881136480931872 7.2863800001146348 -0.19353574980271585 0.84529980822241002 -0.498008180422227 0.38206049419643062 0.42142950413689118 0.53001621606190608 0.73585323520003154 -5.5582961408553366
0.88966673971385146 -0.081894169407560252 -0.44920645282984506 7.3832365995723519 -0.17429526547614752 0.84838460202380539 -0.4998647091779021 0.47743002023581538 0.42203584288484935 0.52300756406189308 0.74050579690811302 -5.5536447464668246
0.89762442944415677 -0.096968313911352508 -0.42996224225185325 7.4335644699192374 -0.14467293996017785 0.85663374781644475 -0.49522556733798645 0.5248243809062787 0.41634135527032473 0.50673046898636476 0.75490668806980921 -5.6487406015909531
0.90595506246928792 -0.1097981443710133 -0.40888848391578692 7.5107050004497005 -0.112362659721969 0.86879608068885861 -0.48225304859573803 0.49811921510620671 0.4081912021179212 0.48284338834901774 0.77475299601948366 -5.7953920254475202
0.91095381554560517 -0.11779417775856518 -0.39533236349821804 7.6876873665109153 -0.090999826418675184 0.87736736921105374 -0.47111095406012965 0.45316444903680825 0.40234584319298572 0.46513549760242784 0.78852190288885904 -5.8025299038425704
0.91095381554560506 -0.11779417775856517 -0.39533236349821804 7.6876873665109136 -0.090999826418675211 0.87736736921105363 -0.47111095406012976 0.45316444903680958 0.40234584319298583 0.46513549760242784 0.78852190288885915 -5.8025299038425713
1 0 0 0 0 1 0 0 0 0 1 0
0.99514851214961642 0.038672004997491384 0.090464992101247393 0.18579117449242119 -0.042196724771493443 0.99840985664473259 0.037379065975535301 -0.071626179534102469 -0.088875616368965807 -0.041015048264247969 0.99519791530675838 0.13232576298429696
0.9896699838958708 0.056000106543179641 0.13197466060838886 0.29796552740864835 -0.063851039097126569 0.99638564367826488 0.056024047319583888 -0.10529227246168799 -0.12836030454063327 -0.063872037222890338 0.98966862892547702 0.19288751822551881
0.98208123989865936 0.072433730660395448 0.1739821625964259 0.39100679327740356 -0.085991841549991385 0.99371328094237255 0.071689040066013829 -0.11867276630748859 -0.16769568099969978 -0.085365507913692212 0.98213588094147353 0.2367142527013438
0.97305254304321032 0.088194112931353763 0.21305057362371257 0.4885785928129196 -0.10876537212128261 0.990268207174127 0.086827251986108009 -0.13286264562410113 -0.20331955711259128 -0.10766000327137185 0.9731754627975101 0.27883420261801073
0.96283838890729845 0.10304576766663677 0.24964736452122097 0.5843674100208931 -0.13202437840929543 0.9859617828472953 0.10221998958238131 -0.15505517484139075 -0.23560942330907955 -0.13138086820605385 0.96292640794475381 0.32640308542202456
0.9519459354265043 0.11541025580335403 0.28368892978112875 0.68160101103533977 -0.15328374542913531 0.98145821207128014 0.11508202007725715 -0.16794257363754367 -0.26514718443191859 -0.15303676294685067 0.9519856720426918 0.32395430164377753
0.93999712925228707 0.1274573417862796 0.31648068348990072 0.7598752997060535 -0.17520079392990492 0.97628212647783563 0.12719233988824261 -0.18175757645609134 -0.29276283712894674 -0.17500810136873876 0.9400330237026352 0.36037268068133993
0.92764806444264403 0.14025337129896343 0.34611856404285973 0.82631036762769372 -0.19703618803143585 0.97111642069835935 0.13457205525683172 -0.17867785381896989 -0.31724723661815679 -0.19303338905298797 0.92848925764860679 0.38410939486639684
0.91602546938463691 0.14958647952635107 0.37218439594046432 0.90252412256937098 -0.21716430960194219 0.96506147218924276 0.14661520225080088 -0.20874860956019911 -0.33724916912242725 -0.21512842684974015 0.9165057325993049 0.42125274454890105
0.90370193446947378 0.15912785896876952 0.39749356993056667 0.95194121958649958 -0.23688803684581494 0.95915955274480691 0.15458657890553737 -0.22077115157056046 -0.35666072342699401 -0.23386166183963866 0.90448982939894673 0.44569039920518028
0.89207425511718785 0.17024524569733751 0.41859297614098556 0.99141456704738007 -0.25603396556129726 0.9537077588378905 0.15775968816958452 -0.21361390797547697 -0.37235753226713564 -0.24790737594888396 0.89436670393864048 0.47822202317727436
0.88195818124310665 0.17866240790746837 0.4361530815425439 1.0290448206354985 -0.27159589980534227 0.94893597634356308 0.1604873204020032 -0.22163589142525272 -0.38520829916718829 -0.26000049384875046 0.88544582524913851 0.49849447010389547
0.87420612900336692 0.18674508778286331 0.4482074477314264 1.0711346734437537 -0.28489620556494927 0.94476277913418205 0.16204148609955082 -0.22984166653518529 -0.39318926240125479 -0.26935026146567492 0.87912037889058725 0.52016308780921594
0.86706499346324528 0.1956624875985303 0.45816425881700712 1.0907720254248785 -0.29704672974319363 0.94133713566280419 0.16014879759467926 -0.22793127788437373 -0.3999519189345847 -0.27495561090638326 0.87432137945474087 0.54118142181329765
0.86288748046907648 0.20299079266964656 0.46283899375601206 1.109434041860349 -0.30492086495020093 0.93943812770795265 0.15645852589935072 -0.23238627895541547 -0.40304895753214709 -0.27613536951996032 0.87252552715225729 0.5563887605358061
0.86075165929861375 0.21073949714282589 0.46335239867585898 1.1202897288800429 -0.31135047390868653 0.93810559885511302 0.15171937184659773 -0.24204225879665933 -0.40270021531099237 -0.27485768997915772 0.87308979311855528 0.56328388096549531
0.85932051437765267 0.22083469239914166 0.46130282050156907 1.1146824567970686 -0.31633352612343624 0.93824360696918474 0.14011436126167573 -0.21780374733702432 -0.40187231034252618 -0.26632869281102733 0.87610939588930892 0.56161350585296888
0.86116752108462491 0.22827774900024492 0.45418032755761595 1.1237485718282749 -0.31921292505252624 0.93820411711088914 0.13370169451277453 -0.24837708663088939 -0.39559273136443296 -0.26011978768936095 0.88082012178654812 0.56435997314675834
0.86338586519333549 0.23585255189043319 0.44602513555978679 1.1241694900745629 -0.31918174778032254 0.93996156886240756 0.12081084779778727 -0.2406722659070884 -0.39075293942369033 -0.24666946067256096 0.88682936211159236 0.56694930439375024
0.86736908123379575 0.24386810493749417 0.43381934525080407 1.1424746760878337 -0.31864850639429321 0.94173321254887299 0.10771112177981133 -0.24224121559122028 -0.38227477851975411 -0.23166118314593537 0.89453847873140613 0.57479688014449315
0.87240280271187653 0.25076680364664655 0.41955852989697023 1.1654793053401666 -0.31619378951916366 0.94410673591631522 0.093187760285092264 -0.24819125272404957 -0.37273963740119381 -0.21395906474436932 0.90293226840319607 0.58190844538891462
0.87896734660622311 0.25666422449123227 0.40192024017997646 1.2079738806783706 -0.31165093528045007 0.94709214685795173 0.076747377146171594 -0.24597578290268027 -0.3609571971007593 -0.19271725720939031 0.91245271693104923 0.59051811516053043
0.88638189886058827 0.26202762290977361 0.38166563141649434 1.2582090475850372 -0.30801357385570438 0.94925135175136754 0.063635756606156627 -0.2712518891380899 -0.34562229050357035 -0.17396377792648376 0.9221072802427116 0.60791536905234389
0.89405246220314161 0.26687210995024102 0.35979087225665762 1.3239896919461924 -0.3036062810668913 0.95155580786341099 0.048628907227523069 -0.29182736269788695 -0.32938339503568154 -0.15271156292867194 0.93176486176644935 0.63231391423959016
0.90065340958608153 0.27245913502626806 0.33851064317345159 1.3758547021127463 -0.3004208560209693 0.95326820120717926 0.032047555832807453 -0.31094388250604782 -0.31395978256552876 -0.13055939762409555 0.94041666224256115 0.65595940439859213
0.90705286942569541 0.27598939830082803 0.31793858540944553 1.4300091131534463 -0.29645960863511117 0.95489640419036326 0.016868838496802006 -0.33827211858892176 -0.29894279137408397 -0.10955687696288795 0.94796123243285091 0.68922632279366758
0.91374759541393968 0.27867530793192163 0.2956440505477691 1.5013270628994393 -0.29135523340781494 0.95661415863584531 -0.0012163319084419384 -0.34189092471932603 -0.28315624633957992 -0.085026020996413015 0.9552973965799324 0.72218061227427366
0.92005671063105954 0.28013658318422963 0.27389622849652384 1.5803367129014767 -0.28618391867656989 0.95799628422453365 -0.018490108244924829 -0.35464000730814499 -0.26757132490922342 -0.061372747810830609 0.96158149520072966 0.75311782542137107
0.92547592529440581 0.28207123806834294 0.25284407913782664 1.6663277112775245 -0.28260029160677735 0.95859847531825426 -0.035014829733737554 -0.37278750807975564 -0.25225262512851626 -0.039048428548540057 0.96687322506296647 0.78734713765953623
0.93014792386828993 0.28315143032082801 0.23377362389880368 1.7485800614884202 -0.27899432010268288 0.95891691059942297 -0.051386067342228003 -0.38333416702142364 -0.23871951967518651 -0.01742486940345751 0.97093221434470944 0.83445286082330994
0.9343660963695759 0.28382243926152373 0.21541778228994743 1.8488472645261647 -0.27620630329511731 0.9588756188686004 -0.065327066055382757 -0.41119988916979677 -0.22510014654621219 0.0015396463871066622 0.97433441564684375 0.87519618073245065
0.93768872253115165 0.28463521198028463 0.19930543328980102 1.945949085609052 -0.27480785599650437 0.95849481771699196 -0.075949500934995542 -0.44941851944697025 -0.21265112724954319 0.016446291697789932 0.97698977352318783 0.932204871116596
0.93915040147199713 0.28721686384602813 0.18842238863107225 2.024154981240879 -0.27538810413616166 0.95740758247116098 -0.086787747562761461 -0.48305299395108237 -0.20532392825795356 0.029617463584499744 0.9782458230606168 0.97985016125732671
0.94120663258795367 0.28902986806161229 0.1749051461242114 2.1526548562452001 -0.27537742902232754 0.95628806670149946 -0.098389049539883186 -0.49819915796417175 -0.19569707805048525 0.04443949653850298 0.97965697302163202 0.99536342862602856
0.94121256696249966 0.29257703395441714 0.16887149846643146 2.255142151603633 -0.27817840090690354 0.95488852446690309 -0.10394557763704371 -0.53432603825985869 -0.19166554479285045 0.050858480550017196 0.98014169072405211 1.0710932290514616
0.94110885200885497 0.29556403636791156 0.16418291347300099 2.3766018805022453 -0.28034703060801042 0.95360691360675354 -0.10972418489409271 -0.56424762427555908 -0.18899648435843019 0.057234209414559215 0.98030840768242111 1.1287202316880462
0.93984866528709643 0.29993914911636677 0.16346557186580088 2.4942018628636546 -0.28420991559558245 0.95209157346212137 -0.11289977688008862 -0.60210387019109024 -0.18949725653743729 0.059650168229199385 0.98006767480363977 1.1890074571620568
0.93775485929535385 0.30457904561239341 0.16687548903836869 2.6108233338568567 -0.28828454356636612 0.95061034199230954 -0.11503042918287433 -0.63117632336884588 -0.19366942404180143 0.059762719743230233 0.9792448986439547 1.2537455552089727
0.9356551881508598 0.30883575472537034 0.17079181915299699 2.7625033353801922 -0.29174115433389503 0.94917798683883214 -0.11810270178327099 -0.63641694412606375 -0.19858617211252541 0.060676403187670126 0.97820340744750101 1.3167722285897638
0.93200633372347164 0.31510772520290697 0.17908465991475156 2.8940330048438514 -0.29833126532626686 0.94755031814401625 -0.11465971705007078 -0.68234962257970988 -0.20582188908899254 0.053437029320715104 0.97712938440577846 1.4119036304592267
0.92836058241599662 0.32051847300428105 0.18818750617199767 3.050630079902354 -0.304113669687886 0.94612523300553986 -0.11118416874348695 -0.7145053414792486 -0.21368552811362551 0.045988606558764085 0.975819421379583 1.495186342270455
0.92316014011014225 0.32706807758387391 0.20199462452602945 3.1899149013040868 -0.31162611837931309 0.94439113325535662 -0.10495022521417309 -0.75860539972169472 -0.2250878007704214 0.033939063838773646 0.97374720635803769 1.5944455002710809
0.91718507773540381 0.33357723872522532 0.21793980587298736 3.3412594445711501 -0.31940266810826934 0.94249689289371885 -0.09839482959487536 -0.79364142654749836 -0.23822986543424846 0.020635713947907135 0.97098954604312815 1.7016914121197817
0.91144739672298258 0.33788973151665652 0.23472147823005005 3.5127286818661316 -0.32659650974448812 0.94118283243285938 -0.086657923794530814 -0.87097330718732502 -0.25019664831811117 0.0023249234959425171 0.96819224945313487 1.8021500900891501
0.90416338451189115 0.3440773822849989 0.25317845308774745 3.6844197861212535 -0.33582897696824909 0.93880801533324254 -0.076540241536837805 -0.91815311299115321 -0.26402172701590532 -0.015819777051557168 0.9643869878412803 1.9049647480748451
0.89694378780997142 0.34783923954688889 0.27294634077148389 3.8797305192647498 -0.34339362598958878 0.93690255009020906 -0.065531895014456359 -0.96680436528190516 -0.27851868723448953 -0.03494960752147791 0.95979469981620091 2.0088593787947362
0.8884416178101624 0.35061119349605507 0.29621492659576304 4.056087545389758 -0.35157555289521591 0.93472058145989811 -0.051885115415629957 -1.0231179324481532 -0.29506969066524724 -0.058045030713591877 0.95371098979731461 2.1278917896026726
0.87982214861301622 0.35243311943451605 0.31891046256846423 4.2549812189414133 -0.35962082704448006 0.93231695690526906 -0.038183145794223564 -1.0800335934452117 -0.31078263716916343 -0.081092466928530962 0.94701539810164925 2.2354419234524592
0.87133368519558985 0.35242997500659645 0.34142454768267988 4.481192676988571 -0.36624121756161937 0.93017084440352205 -0.025486678493310402 -1.1239639663542864 -0.3265654292824875 -0.10283634055375851 0.93956357286724146 2.32583401256792
0.86078357226280056 0.35142743155018574 0.36817170189536785 4.6871876464952145 -0.37469963979275756 0.92710360005607562 -0.0088935202390252148 -1.1887217282261549 -0.34445873724100801 -0.13029840796074121 0.92971528072912002 2.4474686712979685
0.85051843526564208 0.34872567999537191 0.39371155861245588 4.9151701102124807 -0.3820969074809426 0.92409635436720383 0.0069196198409466345 -1.248177366392176 -0.36141436685165662 -0.15632123322507627 0.91920798923649893 2.5573739843728673
0.83917946107867114 0.34513264801534693 0.4203109413013485 5.1424061903935927 -0.38984599528554847 0.92060735348340617 0.022409834272011341 -1.3159719104914815 -0.37920697786766938 -0.18266240988827875 0.90710336343234632 2.6523728734002945
0.82702935686072399 0.33923909220712961 0.44826251372272907 5.3710689735621333 -0.39833980955952519 0.91629949959643942 0.041480394879941818 -1.4112875127749713 -0.39667094550851401 -0.21286630864887307 0.89293902122798074 2.7485040340686453
0.81448568594399995 0.33091609090030605 0.47655808478672601 5.6053071353322013 -0.40609057522228964 0.91180089471920778 0.060906264906675771 -1.5255710260477782 -0.41437122499995321 -0.24313302772867504 0.87703068288374353 2.8341336632394198
0.80043107141293657 0.32240224321781052 0.50533839502343614 5.8384677890777086 -0.41459400797526819 0.90663419077514384 0.078270381808851791 -1.6343546774842987 -0.43292252016699467 -0.27216031614771452 0.85936421489763826 2.8983222210708202
0.7879796826771035 0.31077040357056551 0.53151648699986642 6.1040376712696611 -0.42275669096099822 0.90069600679847595 0.10011734907091206 -1.7825582533708753 -0.44762126841315131 -0.30359258818664797 0.84111042108770362 2.9457107856763036
0.77420922213434196 0.29807099162405604 0.55834914194828766 6.3645087543710099 -0.4308937020349845 0.89438614118244608 0.12001686551214213 -1.9129698346366393 -0.46360618838484369 -0.33350729289331221 0.82087891170272564 2.962969541679918
0.76139808194582259 0.28255613199977431 0.58346807374401266 6.6275111719015163 -0.43797847755164582 0.88775954921044176 0.14162568971488113 -2.0490530523205353 -0.47796214704803247 -0.36337998714155878 0.7996919225140614 2.9765216866708109
0.74697198859457137 0.26635769629854095 0.60916863500807872 6.8631541816164177 -0.44573594810180617 0.88045915880951098 0.16158940014194076 -2.1830407810214369 -0.49330752358428065 -0.39223111463903843 0.77640352902608711 2.9980205166582015
0.73327110806784823 0.24881774086980538 0.63277422031985198 7.0883390131692332 -0.45352377483341672 0.87235298643195591 0.18252795052839482 -2.3498209401388168 -0.50658628853710452 -0.42082062555404082 0.75251600207205382 3.0125738782473599
0.71957668585393897 0.23025399771044835 0.6551278422673078 7.3066323647350409 -0.46084857350471448 0.86406828203704755 0.20249591669022632 -2.5020680858603406 -0.51944969484458392 -0.44762607220301875 0.72787561712834314 3.0380715634464326
0.70580047735033014 0.21058840490019093 0.67638613963744065 7.5289001351266887 -0.46839867557959897 0.85502577251423584 0.22256147252323752 -2.6397434563473356 -0.5314587160705182 -0.47390236553326831 0.70211692833505213 3.0792412706673806
0.69080642624887445 0.19000277167932639 0.69762843133535779 7.735751028774942 -0.47674617999075369 0.84509702907019946 0.24191752999926711 -2.7599288794520462 -0.54359871349873723 -0.49970987403782224 0.67438155407129996 3.1386211702987463
0.67769984031483321 0.16773010309076977 0.71595358715101731 7.95559420895803 -0.48420225172272163 0.83455116837558285 0.26281652685779816 -2.8842353337672906 -0.55341765951575472 -0.52477705731111124 0.64679048714092491 3.1983640888840701
0.66513534347898351 0.14660398264491356 0.73219003484597134 8.1757291796091636 -0.49104176983917586 0.8245815366356164 0.28096844967514667 -2.9846546145783277 -0.56255929032263319 -0.54641793685080975 0.62044700269998887 3.2500799279952037
0.6518981961911825 0.12634820674107866 0.74770640792760112 8.389103079852875 -0.49823485766311726 0.81468740253758409 0.29672624210874537 -3.0629630680033237 -0.57165616275178555 -0.5659686977208882 0.59404432897556225 3.3076710121421691
0.64020256181400415 0.10620920255405471 0.760828683173563 8.5949476708583905 -0.50508782701691646 0.80442312820510808 0.3127134755779446 -3.1558708265154549 -0.57881514047761018 -0.58448527449503807 0.56863872278657235 3.3526477388060933
0.62947200750989096 0.085553172576024822 0.77229893592031118 8.7950655177577222 -0.51107081694537615 0.79426015626043656 0.32856875116774692 -3.2476808435710334 -0.58529617445209203 -0.60152427950941756 0.54368826484707444 3.4054596976707057
0.61896952438928143 0.065744861992772394 0.78265850854562236 9.0074526847523391 -0.51554981682347867 0.78577133206133776 0.34171889044041526 -3.3105518199080879 -0.59252435751670518 -0.61501302980676942 0.52026325924219707 3.4607777513666118
0.610060726666241 0.046432272863282525 0.7909930175521197 9.2000299572225526 -0.5206005117820609 0.77605789567653338 0.35596242735767358 -3.3977195965035998 -0.59732823214018138 -0.62895006685337151 0.49761510878732895 3.5104375723586272
0.60171303529316789 0.030711610076451935 0.79812168255523241 9.3920102232704217 -0.52534120384066552 0.76791003916882383 0.36651165232632882 -3.4568396386246789 -0.60162948955775386 -0.63982104431649278 0.47819555470981678 3.55943631774463
0.59460994532178379 0.015130820733788576 0.8038719246175644 9.5786208132844273 -0.52916950060128198 0.76011017976560191 0.3771102680252742 -3.5250301804495332 -0.60532524526721587 -0.64961802074805952 0.45997584128034219 3.6102470381980316
0.58888523198811005 0.001103764946025502 0.80821591499379275 9.7576882824301485 -0.53291664517425386 0.75234512255733055 0.38726820920443961 -3.5997117172700026 -0.6076298485447601 -0.65876824321390837 0.44363314674439358 3.6656090151654044
0.58290598598614807 -0.0091799478944718932 0.81248774763572373 9.9231157616604673 -0.53715596570909219 0.74591144492992356 0.39380145355964125 -3.6555700218616027 -0.60965898665126661 -0.66598186527803327 0.42986518248881533 3.7167803913699577
0.5805446479797759 -0.020818455493708813 0.81396222492993753 10.100037380730482 -0.53244969858678426 0.74659966206804307 0.39885619347670437 -3.7010209681742046 -0.6160074919811287 -0.66494776976146042 0.4223496576444441 3.749417099145449
0.57843385302175998 -0.02982932189607734 0.81518371501988507 10.26347265373432 -0.52969549677730732 0.74624422413961977 0.40316527458611628 -3.7505524238897388 -0.62035228569921674 -0.66500358607565202 0.41585246438404122 3.7899392810598913
0.57842803535692078 -0.03805172741310188 0.81484542948587002 10.420824240272655 -0.52794951905543896 0.74402025110213776 0.40951577659357968 -3.8253752784595187 -0.62184428375780998 -0.66707265870427568 0.4102727809237966 3.8354011125315197
0.5786783597625117 -0.041547095988721791 0.81449689671445225 10.565110767461258 -0.52721015198428878 0.74291485794270717 0.41246450694898634 -3.8811866616896356 -0.62223854877954343 -0.66809531704905045 0.40800470064676531 3.8800761880987991
0.58135702827638791 -0.040965256398498712 0.8126166706644975 10.711055611319312 -0.52723963049229039 0.7417124917848481 0.41458527659417027 -3.9344721831699316 -0.61971152781919447 -0.66946577754095604 0.40960126341294767 3.9168299933564819
0.58511345293983719 -0.038014740560866969 0.81005995252753427 10.847208400764574 -0.52887079951096794 0.73935963504719182 0.4167049405604798 -3.9927431573132033 -0.61476656107294148 -0.67223672137348567 0.41250438279317247 3.9570845011987159
0.59010881574125673 -0.03039574814576991 0.80675131489146679 10.978853296995021 -0.52987746407325242 0.73934954528892094 0.41544208134030525 -4.0260073433885157 -0.60909889069981948 -0.67263537550126273 0.42019066264319205 3.9844072804326731
0.59653798402351133 -0.021001957842412895 0.80231000952496567 11.10674323236713 -0.53219072323905325 0.73792709998530115 0.41501401085454548 -4.0681312560481322 -0.60076240537791514 -0.67455356560770541 0.42902449744795779 4.0242792000190786
0.60542164542867161 -0.0099363606593887155 0.79584288649411594 11.23218781893482 -0.53427156609899995 0.73607635777179126 0.41562662232770392 -4.1167090465382747 -0.58993094926826961 -0.67682557890955963 0.4403278447125254 4.0572714246806374
0.61532056620840536 -9.3650600547712985e-05 0.78827697672235275 11.353622281733221 -0.53222890235930842 0.73760359291659405 0.41553981182305177 -4.1635202018739221 -0.58147484579676645 -0.67523398236914622 0.45381281687445796 4.0945107739552515
0.62572292710799049 0.010476075453762512 0.77997504468700507 11.462795152459133 -0.52965892961715977 0.73976852105641711 0.41497464203346929 -4.2045753543457973 -0.57265367960767799 -0.67277989498578838 0.46843887128919892 4.1343707408958208
0.63743564488641868 0.022845691558083032 0.77016483495773069 11.568073038307228 -0.52633048821508643 0.7429150860391458 0.41358601537130979 -4.2398292433058433 -0.56271841608703765 -0.66899570201360903 0.48558494095658933 4.1714674233442262
0.65101678461581924 0.038375348564860239 0.75809265843365448 11.673083797515629 -0.52223440969673007 0.74742815647550453 0.41063654517874643 -4.2681813844663425 -0.55086147757597637 -0.6632333552605405 0.50662920266468836 4.1944091529978325
0.6668055244792821 0.054306354765014032 0.74325043717178263 11.778366175288717 -0.5178974751417621 0.7509164882346816 0.40976411865740653 -4.3080021482620126 -0.5358662125621444 -0.65816050286341987 0.52884038679442114 4.2153921855702823
0.68212399679313185 0.071651298112848261 0.72771762688401831 11.871599764670572 -0.5145845396494475 0.75409585579048621 0.40809581207527773 -4.3383328241850441 -0.51952825192931495 -0.65284418643222819 0.55125752937162897 4.2453517387976234
0.69899818339292841 0.09024652737150593 0.70940616286494873 11.963726315316181 -0.51039254585866289 0.75779657882793816 0.40650189944031673 -4.366697075010471 -0.5009001784241035 -0.64621970676702256 0.57575958684215123 4.2721772762287005
0.71745730199622837 0.10990820479914258 0.68787731924386231 12.056877316535092 -0.50607289309073966 0.76081006450988209 0.40627364253571496 -4.4036521094848249 -0.47869118092049867 -0.63960005648709795 0.60147029939194807 4.2928381665567317
0.73640945238821898 0.13009349922641866 0.66391023481515132 12.143522801183263 -0.50137811211755579 0.76381339800785031 0.40645920055171209 -4.434640461739952 -0.45422583273380562 -0.63219045744358326 0.62770543919465427 4.315058437484252
0.75466346938609963 0.15177656805218628 0.63831569099030905 12.215574590763818 -0.49745398867427848 0.76671361015112582 0.40581987280205789 -4.4606287180769497 -0.42781138031401916 -0.62379011967113407 0.65411261222704309 4.3337434956318601
0.77293846222951701 0.17362107224952084 0.61026376008837058 12.28123614310493 -0.49380923245648772 0.76855556311387307 0.40678592447066309 -4.4884126415992105 -0.39839499940009804 -0.61577436588221512 0.67978184351698578 4.3629676570236429
0.79201683551553859 0.19671620206439913 0.5779377718278248 12.35247643164463 -0.48898560751397402 0.7711936467799031 0.4076192277242377 -4.5111659741315524 -0.36551663150141633 -0.6054445432999398 0.70698974326660868 4.3770868747333838
0.8111479237678616 0.21884544140963266 0.54235202455721543 12.423649581102657 -0.48321172175171373 0.77319367801314254 0.41070423450733157 -4.5390927345197412 -0.32946240715570535 -0.59521274268511071 0.73292312913185953 4.3986124839642677
0.82788940235843755 0.24282057098023746 0.50560588185999245 12.475697700139312 -0.4790562769698119 0.77496246680753433 0.41223568323885312 -4.5570184433590093 -0.29172627745613189 -0.58349922480532279 0.75790793220098662 4.410690767403751
0.84382655862729472 0.26522313283443366 0.46649054520397853 12.530185289266036 -0.47397101580177164 0.77598488936908327 0.41617175258622285 -4.5810255715565678 -0.25161123809371783 -0.57227977535497432 0.78050473642676033 4.4304769020788264
0.85895251822230523 0.28541327347648504 0.42513507825513236 12.582080334606227 -0.46718414367158917 0.77669170991517067 0.42247954228683343 -4.6139047723324236 -0.2096176217339665 -0.56150623422406054 0.8004818558756408 4.45228173485539
0.87146151004856431 0.30794631354502933 0.38173800502164135 12.625754102184947 -0.4614172886453487 0.77862810216810585 0.42524388796697449 -4.6281494174143134 -0.16627965071845432 -0.54672419599659228 0.82063617472594319 4.4603556252893011
0.88306686831186143 0.32773580237772171 0.33583053751812469 12.677709304777354 -0.4532829668239971 0.78086581832461954 0.42986407823806044 -4.6448995989091237 -0.12135673890277683 -0.53182498776576226 0.83811378959591765 4.4717603293492703
0.89173539958229564 0.34687277373911934 0.29066691585100152 12.713168940492272 -0.44601771570029902 0.78240633107100954 0.4346360895985158 -4.6635438276374757 -0.076656209228546435 -0.51722298086853369 0.85241082445507332 4.4816334361293526
0.89872277208765805 0.36388625140782588 0.24471243320974961 12.752191964714115 -0.43734313299982469 0.78458187586397587 0.43950229132925173 -4.6799919719563245 -0.03206809861799171 -0.50201401982626481 0.86426475165246752 4.4854367081398836
0.90255343953341849 0.38109473161400836 0.20040981593335921 12.777586699231351 -0.43043755114456539 0.78668830385713095 0.44254381380724334 -4.6823925640920594 0.010991057777376908 -0.48568335169165244 0.87406571751699369 4.4873140065476331
0.90534685208572907 0.39407089851275939 0.15828835826998636 12.780049524359836 -0.42145011624526652 0.78789951632639355 0.44899237375426154 -4.7064200016120425 0.05221950722969744 -0.47320447918207792 0.87940357285304793 4.4926574485710464
0.9066504589239468 0.40554822184400391 0.11625654859904987 12.794352409017023 -0.41162080778607002 0.78993874263147523 0.4544943272334071 -4.7171985721376908 0.092483814424686603 -0.45992110480926041 0.88313041020026561 4.4984560711423116
0.90663329170710538 0.41527566338753996 0.074580143244548244 12.815123071839993 -0.40092603519743086 0.79289204331675955 0.45889053372873401 -4.7236042866588743 0.13143206864843579 -0.44594655626320578 0.88535714843659585 4.4986747796411288
0.9057717898183506 0.42228076938820303 0.035445966966202606 12.825340452240738 -0.38905719463511718 0.7955165041965836 0.46452986002355073 -4.7409243541195742 0.16796417496571814 -0.43454855120659924 0.88484777932270997 4.5000492467053483
0.90361223556145109 0.42835112081890081 -0.000495011947488426 12.833115782356725 -0.37807037174907149 0.79808652775957012 0.46917021241143592 -4.7438543870482599 0.20136464870765089 -0.42376079514493131 0.8831076190074344 4.5013958060505388
0.9011126276479996 0.43211057480896703 -0.035727908301240396 12.848482109213958 -0.36555419348333973 0.80145370453639364 0.47333084741186693 -4.7470635549017386 0.23316552901332294 -0.41346391695425505 0.88015988630292741 4.4941106388377801
0.89900953234873582 0.43291601523633327 -0.066072569936412848 12.851566897685263 -0.35255469529001743 0.80496275466263101 0.47722128036678313 -4.7455888347575392 0.25978269298602297 -0.4057322853284463 0.87629576346521609 4.4952217178242231
0.89684631228963374 0.43232105246064978 -0.093622645400569665 12.854022225376045 -0.33949475893032094 0.80841067115045318 0.4808487240587388 -4.7414541162636725 0.28356657206258989 -0.39946300751057029 0.87179086072250267 4.4888603276458712
0.89653287450833852 0.42751013996729742 -0.1160339827419432 12.853850358164964 -0.32438141476000704 0.81197054757045595 0.48526335904993917 -4.7462566922195188 0.30167118305219687 -0.3974152867005441 0.86663463305629107 4.4893753299147177
0.89678781862393142 0.42175767930795771 -0.13376123621025851 12.852474261080742 -0.31025404114215976 0.8149425551218108 0.4895008292194134 -4.7513371676101883 0.31545845736434092 -0.39747841676787965 0.86168258069953474 4.4920322090901026
0.89931734312474987 0.41184385200658147 -0.14701346169457424 12.858795603874681 -0.29405742447577282 0.81836989138719751 0.49376203983455597 -4.7563908701211348 0.32366425113953529 -0.40081836589069558 0.85707997882286124 4.4963715905369455
0.90369290606184616 0.39867561239097338 -0.15619503070897534 12.872514946263253 -0.27660020951885117 0.82200719871822447 0.49779161237363689 -4.7609679994168932 0.32685081555294154 -0.40664717057923805 0.8531158321308292 4.5045913289998483
0.9089197155103963 0.38471904014461439 -0.16079866574915019 12.884669411505778 -0.26008250213734035 0.82450414636213554 0.50254353514260497 -4.7679535545810419 0.32591723311061765 -0.41495080766502052 0.84946676472930149 4.5092203842519414
0.91512539168099305 0.36876807314191834 -0.1629589694736249 12.907356423833692 -0.24296395010954816 0.82698417422786896 0.50701646376011755 -4.7771933651075207 0.32173597319521802 -0.4243904850580964 0.84639156407910843 4.5140580941466499
0.92228459765065074 0.3511926901987813 -0.16141504046191038 12.92960925646282 -0.22649069383429271 0.82946790836301876 0.51057316283010756 -4.7774099975207003 0.31319815858787869 -0.43433475954247747 0.84454735220136734 4.5168155252019062
0.93023592796976451 0.33147671877702489 -0.15743031227514093 12.960860626335339 -0.20868637026460046 0.83074094709425772 0.51606150572070553 -4.7866285849292609 0.30184618132422564 -0.44720539322525271 0.84195974909150484 4.524904918538649
0.93863166798359865 0.31092363232747933 -0.14932209052452308 12.986633472680282 -0.19257214126321348 0.83155457155086121 0.52099228875499159 -4.7923362498164623 0.28615828184350761 -0.46026458629048361 0.84039868416081043 4.5294820899781971
0.9476413326502201 0.28733670973050113 -0.13933240791059606 13.020211522618458 -0.17459396736877031 0.83152456423170162 0.52733655822227199 -4.8050828943913109 0.2673814713314065 -0.47539932090877934 0.83815430230246013 4.541589189571333
0.95645646584332022 0.26279259797724858 -0.12700818633014849 13.057122244829269 -0.15724608051655353 0.83053956138030327 0.53430113900720344 -4.8192409563399066 0.2458957077882554 -0.49106423961695844 0.83569803964155098 4.5536780751616988
0.96511105676851661 0.23650777287838187 -0.11235978582778093 13.094817593807161 -0.13987054091213966 0.82842616008325087 0.54235258741400461 -4.8372727686462271 0.22135238848519914 -0.5077146547597654 0.8326037169350553 4.571156413597417
0.97313076943078725 0.20964609625203093 -0.095210398136591601 13.132209702146222 -0.1237246661693312 0.82483934978358786 0.55166317081157012 -4.8564657147544832 0.19418731309828574 -0.52506053115319207 0.82861494438417904 4.5958203114141591
0.98034659732122065 0.18150215220040924 -0.077314409183048327 13.177276326696525 -0.10772889469367568 0.82081824046751506 0.56093841138211575 -4.877334022743236 0.16527260622614773 -0.54158506706004395 0.82423939530259327 4.614276285545758
0.98632060120495468 0.15417438046770124 -0.058326083754158785 13.223331894601992 -0.093791896955758763 0.81587928980246338 0.57056468917807079 -4.9024691363919777 0.13555350126107762 -0.55728919321912984 0.8191788592346817 4.6278428336695869
0.99128140452816593 0.12619689944091991 -0.037888251584957025 13.270636145597887 -0.080951089075300436 0.81017823545631051 0.5805670917046728 -4.9258111902711414 0.10396200370418715 -0.57243826685887922 0.81333039560895126 4.6463751134944076
0.99498602974007844 0.09840483504642801 -0.017868661437306064 13.327641281482421 -0.068935796303265143 0.80421390029031137 0.59032860219362571 -4.9474629066888784 0.072461414629515136 -0.58613692173359166 0.80696521137565713 4.6664337007658538
0.99756094811601959 0.069750687731185451 0.0026450623612293291 13.38640882020254 -0.057345609874512642 0.7973637718315939 0.60076825515219612 -4.9716405135869719 0.039794922062850367 -0.59945463292189227 0.7994188559488018 4.6863403583888248
0.99883993519684333 0.042638214752202516 0.022377812643575218 13.451958797495486 -0.047427839263599739 0.79071275879894642 0.610347387260194 -4.9907915872847273 0.008329701000158559 -0.61070067603966527 0.79181771915381116 4.7030483175929483
0.99896560394028977 0.015845752627939812 0.04262199277211607 13.51656458592017 -0.038908351133451702 0.7829738171532693 0.62083664668293781 -5.0139103182901401 -0.023534280449765275 -0.62185280716267022 0.78278044422917126 4.7270711178305485
0.99797725996632136 -0.0098450653293512477 0.062804962214576127 13.582494487631131 -0.032086194574266008 0.77486075037150393 0.63131711021597714 -5.0386557726915262 -0.054880458342253947 -0.63205529206104327 0.77297751782944735 4.7499353940534608
0.99606296015294238 -0.034275884591796361 0.081754162871426297 13.654616197475399 -0.026366437355201455 0.76594466796055838 0.64236560976128254 -5.067195248140151 -0.084636814640864644 -0.64199215677314936 0.7620253803182726 4.7788112879141211
0.99404824712103468 -0.044281396753537032 0.099535120922989981 13.728701732102515 -0.031626462361834466 0.75701411167301469 0.65263266973573431 -5.0929060252058429 -0.10424897732867151 -0.65189630512027941 0.75110808682669228 4.8035089863026723
0.99179070442329298 -0.05495033382425505 0.11546280540568539 13.812848128324259 -0.035683127946537545 0.74815454328958508 0.66256433177096363 -5.1206072481292173 -0.1227921536560837 -0.6612452193912296 0.74005192171410883 4.8251268102811204
0.98898967063602694 -0.064983438912770808 0.13295331527387053 13.888231371696788 -0.041670870551634376 0.73978117698178769 0.67155591630995981 -5.1437546566302448 -0.14199637292097272 -0.66970214487525048 0.7289280260950165 4.8531040469818443
0.98613371565721852 -0.074184244650274581 0.14844861969636608 13.972669685228421 -0.047260423236412802 0.73194506454907704 0.67972264555314232 -5.166613456193514 -0.15908094555792424 -0.6773131626713863 0.71828972736109842 4.879342753827455
0.98303872351637744 -0.084353810777239815 0.16284748286248951 14.061122542079712 -0.051786766795945724 0.72413533857704926 0.68771079838019455 -5.1947695000634599 -0.17593464369507653 -0.68447969000640174 0.70748466776081209 4.9083059611413162
0.97978545261664363 -0.094466199454977334 0.17634229215174457 14.15187703925784 -0.056044880980026572 0.71657047304296806 0.69525946845685715 -5.2256835277629774 -0.19204019932486388 -0.69108819576339853 0.69679097835703718 4.9372392536287677
0.97648756169565654 -0.10453115269823615 0.18853455908466579 14.247141699781846 -0.059469997530329589 0.71001097059607687 0.7016749539686874 -5.2566207616525267 -0.20720849704443564 -0.69638901466694247 0.68710041406172295 4.9658559072196589
0.97315450224486366 -0.11448567477568485 0.19965807028945223 14.344844679499474 -0.062255196746052524 0.70422181098641379 0.70724531204464414 -5.2898664804483415 -0.2215730246186616 -0.70068871205562588 0.6781892977326951 4.9945235475294423
0.97000051545998434 -0.1234509424385308 0.2094250816363771 14.450728743722863 -0.064503347703495029 0.69989125964018117 0.71133082515403667 -5.3206860748292772 -0.23438924493757532 -0.70349988592061563 0.67093188355247668 5.024376581099971
0.96680213034687856 -0.13133471274793174 0.21919131822258725 14.553348143703356 -0.06730771735328428 0.696618471293597 0.71427752074194695 -5.352899639252743 -0.24650215402999553 -0.70531829600542073 0.66465238236132285 5.053121080494102
0.96364042310725206 -0.13968487873138791 0.22778338308022747 14.661411428606577 -0.068808436070379744 0.69399935565080295 0.71668004959104237 -5.3896602828188147 -0.25819088690196768 -0.70629528457300905 0.65915433466731255 5.0854791088126863
0.9606744858885925 -0.14723159274931852 0.23543022375894604 14.772084713747448 -0.069927001049606516 0.69225642318715352 0.71825570591561405 -5.4280246946304329 -0.26872801619276115 -0.7064728605209315 0.65473761970767785 5.1201447121910313
0.9579758235843453 -0.1537947301331167 0.24213529773904757 14.88705586796879 -0.070418936903181642 0.69220061336135075 0.71826143164421385 -5.4679787267945832 -0.27807102465614991 -0.70512799678175575 0.65228139127314311 5.1548229396373992
0.95537990427116615 -0.15945747745005434 0.24864141127351011 14.998775779013423 -0.070940664107211601 0.69326437983786371 0.71718332511572669 -5.5111935676378199 -0.28673447768073718 -0.70282132333423675 0.65101883749694012 5.1929081445769878
0.95352430895552509 -0.16380781454484744 0.25289996465980236 15.123155754985753 -0.069804382290125935 0.69639536296200077 0.71425544916235484 -5.5507172235308486 -0.293118986836374 -0.69871345939452478 0.65259540391957527 5.2277084970061525
0.95184242344712389 -0.16688020864805866 0.25719058475746448 15.243092140901359 -0.068815581072702636 0.70118493116933278 0.70965069442838169 -5.5942600883101807 -0.29876481842401126 -0.69317435632215829 0.65593360564117242 5.2636072341701539
0.95055510753492978 -0.16874377970191543 0.2607115731055481 15.365223642206674 -0.06764205236820317 0.70684694630894795 0.70412495144337317 -5.6419842962853952 -0.30309988500604113 -0.68694463481828494 0.66048279947603317 5.3040455745483657
0.94996289814217683 -0.16931120625417007 0.26249610966655129 15.495189146691196 -0.065019964878825998 0.71476758030616017 0.69633304553958464 -5.6841637482789134 -0.30552069704108831 -0.6785580458442998 0.6679940734014731 5.3441782504374107
0.94933546761004006 -0.16925958073244329 0.26478928276632357 15.629096582451938 -0.062116880810289432 0.72488231170101725 0.68606641610079544 -5.7230538849507742 -0.30806438134913755 -0.66775506625803072 0.67764261113857516 5.389141185380443
0.94999311782360563 -0.1667819910467073 0.2640015976282738 15.76598102358299 -0.058048300776017109 0.73637128769767513 0.67408287430514413 -5.7675671722874648 -0.30682808030687475 -0.65569893557711656 0.68986624429539556 5.4289626923722123
0.95208702780567689 -0.15847636052057218 0.26156363401724253 15.907894676403883 -0.056753979537036592 0.74885443667128526 0.66029994584615981 -5.8151224892159075 -0.30051502007530667 -0.64350779003356717 0.70398043074736993 5.4693603799406709
0.95439692785743135 -0.14906971558741153 0.25865947496850999 16.048664950002209 -0.055455202789533212 0.76281159206085347 0.64423846167483512 -5.8635122035608536 -0.29334489015469273 -0.62920322226787306 0.71975834868923672 5.5104026018574679
0.95707076766884924 -0.13932504059631054 0.25417332420337924 16.193818757898985 -0.053060887543489435 0.77786724262649265 0.62618455351577818 -5.9117938542983364 -0.28495629118666055 -0.6127895935078318 0.73708128873391532 5.552832537978829
0.96014493117847355 -0.12851120143787084 0.24820673286049111 16.342498904658015 -0.050448922487008815 0.79376336722588958 0.60613086299091989 -5.9620981789827114 -0.27491201747501687 -0.5944952379583982 0.75564462195704374 5.5943452303359118
0.96315037912478729 -0.11727927860650912 0.24204734661077243 16.491106871209499 -0.048335442016815756 0.80980183444606224 0.58470905070199797 -6.0148018732081194 -0.26458464096923245 -0.57486220934875287 0.77429219809181404 5.6389468092536443
0.96652813231757184 -0.10576483790795728 0.2337459486301523 16.648843028310573 -0.045512772801213838 0.82594276496288566 0.56191381591611411 -6.0704670215609662 -0.25249149876907018 -0.55374393727405002 0.79348326698272698 5.6844521247867856
0.96992303875745189 -0.093168695344409289 0.22487528342468191 16.810168652359547 -0.043494110821479422 0.84264219151360908 0.53671444866426965 -6.1198423921028642 -0.23949438659676189 -0.53035245949176357 0.81324578541771619 5.7288446186437891
0.97341743702848704 -0.082379211799282079 0.2137104554115698 16.983077455677055 -0.039924483191806623 0.85776300073942735 0.5124926050240729 -6.1816758894056516 -0.22553165837806163 -0.50740151756357832 0.83167251430080291 5.7745257055338808
0.97662943177548656 -0.071203181125373466 0.20279314581000402 17.158873174793516 -0.037270826569457828 0.8731307683391204 0.48605920098931021 -6.2381385616842406 -0.21167389654069224 -0.48225798943839648 0.85007140473381171 5.8223960007786708
0.9796698536697952 -0.059880556514453835 0.19147139933191404 17.338891167159836 -0.035618518795272731 0.88733506231202131 0.45974754845518434 -6.2955185711465349 -0.19742922511480612 -0.45722074115599853 0.86716255392361508 5.8747014031482738
0.98261821968069152 -0.05004454080439296 0.17876514841329053 17.529139323781411 -0.033205225916384674 0.9000650782320897 0.43448851298843805 -6.3595141040497536 -0.18264404540906937 -0.43287226624344932 0.88275860448588672 5.93044576849889
0.98527565730497735 -0.040638445721302353 0.16607346522428448 17.724167212934681 -0.031402198903524726 0.91180451700759213 0.4094220617755901 -6.4243185786478127 -0.16806481198117687 -0.40860866301867416 0.89710265827263225 5.9872634425266762
0.98751565646650952 -0.030862748570346859 0.15446785744679173 17.917558977266861 -0.030822908679388927 0.92380215319754955 0.38162747548900783 -6.4772796872010208 -0.15447581213271178 -0.38162425564716762 0.91131781007927437 6.0426157486873961
0.98949290850460636 -0.022860695109548013 0.14276264440743258 18.117553268805167 -0.029992834611780244 0.93348461716736308 0.35736102107511952 -6.544517927494935 -0.14143625380730765 -0.35788805251224842 0.92299075183771206 6.0994277143295283
0.99128584446205992 -0.015644368773642132 0.13079613256826428 18.32761888075806 -0.029305253727743539 0.94184975654468228 0.33475399654175192 -6.6124283219655444 -0.12842732058675541 -0.33566991200046059 0.933183869076459 6.161353076722242
0.99281969834140038 -0.0075803850573484344 0.11937999978083838 18.54215562649766 -0.030364799524174216 0.94933076372370084 0.31280837584315341 -6.6841500483864973 -0.11570231430333341 -0.31418726710380412 0.94228410559379361 6.2185896191243533
0.99409544691495499 -0.0034592245388066559 0.10845402799594833 18.766548094575935 -0.028818707054880467 0.95517984208016549 0.2946200118922595 -6.7587017646827778 -0.10461225810888899 -0.29600591725386216 0.94944024161821738 6.2864264739001356
0.99512458296168671 0.00016415995108780884 0.098625744290421063 18.994496921278571 -0.027914540580313826 0.95957716542923044 0.28005792617062863 -6.8372985502642649 -0.094593037849088429 -0.2814456193269203 0.95490340901693671 6.3599780375024171
0.99590253222903868 0.0022385641785403042 0.09040539325840638 19.226113886223075 -0.026513730304088174 0.96299016699055984 0.26822930560409641 -6.9167479738295299 -0.086459056235599921 -0.26952722888404468 0.95910369850446164 6.4351334992667732
0.99647066721710409 0.0040636693752950639 0.083843282182340523 19.461634580204098 -0.025751853337924773 0.96546279096190846 0.25926519496011075 -6.9972964430485112 -0.079894001186330027 -0.26050928171420401 0.96215999850086686 6.5104458522128468
0.99691238796233539 0.0046111560963481091 0.078386401669481215 19.705542440603416 -0.024504583867425093 0.96668822332513071 0.25478109084856848 -7.0824497516471787 -0.074600375982420267 -0.25591525183927055 0.96381645959141216 6.58886807541335
0.99716857488304511 0.0044745912117785148 0.07506538016425654 19.948372804446386 -0.023382481383719407 0.96719435364951212 0.252959170288097 -7.1692121116802268 -0.071470922969113115 -0.25399815019403171 0.96456044230932114 6.6701925937785669
0.9973243338112604 0.0050644232533889593 0.072928216795944481 20.200528001062597 -0.023475051420455115 0.96695016322385485 0.25388246060365716 -7.2560275287726403 -0.069232182897354416 -0.2549151495271928 0.96448181496220875 6.7508677123304084
0.99720513721750659 0.0030178920940077307 0.074651233307446691 20.44188300325148 -0.022246587050833891 0.9658545839520507 0.25812789857626911 -7.3521310119953256 -0.071323233743315242 -0.25906720167964126 0.96322229072124177 6.8261322382057896
0.99715599916740194 -0.00043061407926223052 0.075363969481277854 20.70482900563411 -0.019751869143062529 0.96353663089373487 0.26684644384234524 -7.4578268025821846 -0.072730853080488295 -0.26757611159717776 0.9607878264802896 6.9163906238146735
0.99704275718324298 -0.0044244301957925905 0.076721344917039025 20.978379657290599 -0.017070617363984811 0.96064817202366759 0.27724300461941048 -7.5523888633197087 -0.074928862070961222 -0.27773281045823273 0.95773177436259382 7.0156416764626117
0.99675188451054675 -0.0083311663021840669 0.080101637890363675 21.237839324427203 -0.015344705660011733 0.95676591717706805 0.29045398901810826 -7.6515045180359298 -0.079058337529201786 -0.29073969697371754 0.95353039168699272 7.108314819186953
0.99631645881822406 -0.012788907353222287 0.084793618489982112 21.488311688112177 -0.013849156601674694 0.95183871091897942 0.30628625378478525 -7.7490180446840906 -0.08462691504087945 -0.30633235585684754 0.9481554582482018 7.210363068244332
0.99583640775241455 -0.016950531190982079 0.08956856863381403 21.73809599044327 -0.012878747679023072 0.9465438961079331 0.32231784095677107 -7.8488413351773012 -0.090244040540008896 -0.32212937188831114 0.94238457166586476 7.2977010966488827
0.99515402583604162 -0.021649614930043682 0.095915374344782811 21.975068709580874 -0.01240672780405876 0.9400174305507214 0.34090072362201834 -7.9436364086051601 -0.097542493137683262 -0.34043872346459142 0.93519352948910228 7.3968145390103333
0.99419159370749688 -0.027984993352466195 0.10392264021092726 22.20245726836092 -0.011479622916309516 0.93251963910751778 0.36093675475972831 -8.0375324899107365 -0.10701071562720602 -0.36003328016427499 0.9267819289968412 7.4943873043440181
0.99327292588690796 -0.034697938195232571 0.11047600547205193 22.434738006861298 -0.010247256757442954 0.92396951944434769 0.3823288124987812 -8.1278247083058535 -0.11534248319248232 -0.38088893423514025 0.91739834932716713 7.5979762729459539
0.99211138934007514 -0.041735958245999849 0.11820787169640566 22.653499458678354 -0.0096143338774967012 0.9148417604031317 0.40369805301312889 -8.2051874981771427 -0.12499022252079466 -0.40164992619417617 0.90722366650259689 7.7049181175804042
0.99069664229739318 -0.049875097312056887 0.12662005215914227 22.866979790407679 -0.008611654638865129 0.90558195893027882 0.42408390097288506 -8.2723439426971623 -0.13581606070362945 -0.42122890490576703 0.89672749892419179 7.8073000531300716
0.98917456906850276 -0.056528492345739444 0.13541861563780469 23.069567840333903 -0.0099003498041416553 0.89501402329802182 0.44592811211409816 -8.3136422571017565 -0.14640920388383183 -0.44244143980080092 0.8847654589579641 7.9323117708956188
0.98830049598832359 -0.067228109889168955 0.1369032902086853 23.317731846411824 -0.0052638326921812233 0.88204367048520305 0.47113825510393365 -8.3163889683083951 -0.15242841498428833 -0.46634680721295857 0.87137031950121946 8.0764617091079103
0.98637827746029483 -0.075494128003446667 0.14614557944549952 23.520061110058528 -0.0065042252153134049 0.86986661638091933 0.49324412288476283 -8.2927949311467266 -0.16436419564129559 -0.48747585206142235 0.85752650387505824 8.1856043465453894
0.98408634087394231 -0.083781069707448808 0.15669973217593805 23.709793970991413 -0.0083983030640897259 0.85895110606463376 0.51198873610264695 -8.2214726311521193 -0.17749237226139836 -0.50515713372080351 0.84457843214233419 8.2686806503686689
0.9817755507576299 -0.091354566839465232 0.16664666528954686 23.89705746114733 -0.012459990607784036 0.84405516227276634 0.53611158509656187 -8.1555090856242796 -0.18963521974729936 -0.5284176626100493 0.82753444476536786 8.3577428626982098
0.97937588267570441 -0.10023348390944566 0.17543126613166687 24.088139674235766 -0.014820391750949105 0.83029337429191663 0.55712948997095069 -8.0662857829528321 -0.20150244768124587 -0.54823914609440116 0.81168380682883445 8.420567642980739
0.97662281171546605 -0.10817180653756639 0.18575990931139244 24.26708698131463 -0.018841995937023098 0.81775583489874504 0.57525678933687152 -7.9745462852138411 -0.21413281585522254 -0.56530899051709393 0.79660083003625948 8.4570894186869161
0.97388373013234708 -0.11559478533094918 0.19541833534189534 24.44592498596861 -0.023656827184457038 0.80434788654063105 0.59368748676823635 -7.8901272863691609 -0.22581150261018684 -0.58280556193460598 0.78060671420826111 8.4961772166340577
0.9710847019862443 -0.12365553116400062 0.2042151100698377 24.622663998584411 -0.027930303795260191 0.79068444990065556 0.61158646062122912 -7.8127337981997762 -0.23709576060780069 -0.59960604591502131 0.76436783684556087 8.5328011831804389
0.96813805508691508 -0.13159735947545373 0.21305126442153208 24.792032684271309 -0.032957272288510489 0.7764264476141568 0.62934552484987294 -7.7438805699101581 -0.24823884566245136 -0.6163149409387616 0.74735090090253076 8.566839168370409
0.96477559057487083 -0.13980775796346551 0.22284939004659257 24.94760119043109 -0.039070720433771133 0.7615557285331841 0.64692066835360684 -7.6849260545928377 -0.26015675781285291 -0.63284015608328792 0.72926798792541581 8.610136514278075
0.96098908638433067 -0.14856065605919622 0.23330175164681197 25.088151356207245 -0.045227160660407842 0.74774749175074084 0.66244108607413044 -7.6106805613271611 -0.27286348196269716 -0.64715022989390725 0.7118582022843144 8.6515045608351979
0.9583315222653036 -0.15475189056805511 0.24010944545827143 25.244694211377166 -0.050608981370074892 0.73527263786891783 0.6758793376083978 -7.5581941563816217 -0.28113951063013065 -0.65986816892989764 0.69680311078220281 8.6805506717942809
0.95639209416779158 -0.15936975011331522 0.24477631617900758 25.403245419539484 -0.055437528860616377 0.72375256404370236 0.68782912589828216 -7.5073546384520844 -0.28677664236679795 -0.67140413224002871 0.68335616526364906 8.708591626929703
0.95441729534525399 -0.16297875841194195 0.25005109608308485 25.542468853251499 -0.061356455490090375 0.71273872998093313 0.69874093064229403 -7.4638187905950426 -0.29210102998028409 -0.68223267811771404 0.67025037201988091 8.7447294421125026
0.95285071607708471 -0.16596855224123047 0.25402746414184607 25.677646029702625 -0.066555762575175481 0.70246243776297823 0.7086020420519058 -7.4285590725121331 -0.29605040675436306 -0.69209895477384153 0.6582956732817955 8.7849133935730777
0.95213075648290812 -0.16726406716120448 0.25587058134138291 25.809736536519676 -0.071120717338105127 0.69284723610335164 0.71756849916175935 -7.3978481151238986 -0.29730265071909218 -0.70141673722590803 0.6477852225967824 8.8330370392356077
0.95219583353156589 -0.16722006313439619 0.25565708496041151 25.944673635849597 -0.074272094112146497 0.68504759804192972 0.72470231436996191 -7.3730579434183543 -0.29632203873711949 -0.70904671136837749 0.63987968435977538 8.8734337237089385
0.95326283989183513 -0.16406057748576131 0.25372048596120872 26.061091642050602 -0.076109096974853824 0.68227415821902548 0.72712404607755365 -7.3541201273620249 -0.29239932188537254 -0.71245077018805913 0.63790009924706526 8.9174763169305216
0.95460219104115973 -0.16120407956462038 0.25049531251330998 26.168558471862909 -0.0760742487282135 0.68110219392332139 0.72822559012525534 -7.3430762642948739 -0.28800584289186776 -0.71422198661519931 0.63791816739734175 8.9672650202574342
0.95665812075645418 -0.15744607244567779 0.24498157943437299 26.271451544423037 -0.07487142871898167 0.67998657764470316 0.72939188601507121 -7.3374421383806663 -0.28142407351239174 -0.71612079183226807 0.63872646911899422 9.0136956196813358
0.95952668174047995 -0.15194815973257439 0.23710821112308156 26.376213121683893 -0.073230446296562501 0.67836228383876451 0.7310690210918952 -7.341189076547181 -0.27192986000678565 -0.71884377205269001 0.63977947967854543 9.0558395681373742
0.9626738699400873 -0.14446376094820926 0.22888696316582674 26.461433227854048 -0.073050515736405447 0.67559208319368513 0.73364770787937594 -7.3461175947413988 -0.26061972735236499 -0.72298378882151682 0.63982169298646285 9.1007421714372292
0.96641980325673926 -0.13617219906610994 0.21792176594985907 26.544636488665297 -0.071388709763314462 0.67239239036913068 0.73674427414946075 -7.3496460579742582 -0.24685302508078502 -0.72756141017455445 0.6400921640149011 9.1467729792199268
0.97064496227951569 -0.12640016092395479 0.20462491666411503 26.621985967212581 -0.069401967557020633 0.66738947900636214 0.74146790234698012 -7.3611996261547654 -0.23028617870078949 -0.73390345593273709 0.63902581580822937 9.1956104716187212
0.9753692890403407 -0.11465069516408356 0.18844088753593996 26.699220607006151 -0.06624138132141337 0.66262404705681199 0.74601705856011291 -7.3725656251259144 -0.21039683789822389 -0.7401247127075572 0.63870852526170685 9.2330876000673356
0.98100235741421216 -0.095754572757152198 0.16871703098340013 26.762778245005457 -0.062721749495786724 0.66643055581610688 0.74292415253161792 -7.3820009852878545 -0.18357656955054513 -0.73939257236648659 0.64776405198291442 9.2608773403186451
0.98663507474897538 -0.074046605713897193 0.1451493350220196 26.827079875663262 -0.058507764916132535 0.67039413337980869 0.73969490154688378 -7.397957217229858 -0.15207915938616445 -0.73830129765034691 0.65710206449851583 9.2951158368513962
0.99156080333092944 -0.052655493929365305 0.11846760002961378 26.886733073033998 -0.051928359895381165 0.67597958899225508 0.73508845774126919 -7.4157586054802813 -0.1187881254010591 -0.73503672984750668 0.66754055085723885 9.3183416353711266
0.99549299801530211 -0.030231106962373848 0.089887546825660025 26.943260992451602 -0.04504446498344785 0.68336033915308536 0.72869036157131584 -7.4275015880683304 -0.083454700747535193 -0.72945508912092016 0.67891868870928107 9.3404068425341649
0.99811472135712453 -0.0076604312612644308 0.060895983472484413 26.984015464257517 -0.03872826456080506 0.69110792447400216 0.72171321052987891 -7.4519025427540395 -0.047614331186082444 -0.72271097578639865 0.68950831825553316 9.3666983733403129
0.99950393799375969 0.01510333472339518 0.027636338672110291 27.044312967121773 -0.030289039785174835 0.70139710420883106 0.71212686810452419 -7.4634006820169683 -0.0086285574610469717 -0.71261068718319076 0.7015066332604718 9.3832378575455362
0.99931230041250352 0.036417944449777653 -0.0069756409256302235 27.102325555601215 -0.021026774008026619 0.71151005685559998 0.70236124164717151 -7.4854491857843968 0.030541791353582953 -0.70173155288571276 0.7117865035707831 9.399366913677385
0.99755973607114246 0.056693292294809128 -0.04074854081372601 27.117484437220288 -0.01276108070179155 0.72186110712500995 0.69192029659461318 -7.5251939416243987 0.06864202640507433 -0.68971183303538475 0.72082304318187196 9.3816750027833038
0.99406287443562602 0.075347837779286594 -0.07849652865424786 27.07324895757278 -0.0018639395457650555 0.73311437626737175 0.68010281358002944 -7.5383808427305876 0.10879121011437724 -0.67591864499515686 0.72890222797694937 9.3391059928439706
0.98887165226175244 0.090865890125635229 -0.11779747605440322 27.029601701419164 0.011236629487264749 0.74392314333228393 0.66817070795746514 -7.5504460955027479 0.14834619479743202 -0.66205871856376164 0.73462348156237989 9.3124671598703994
0.98215625518716554 0.10351648790679661 -0.15701409850126677 26.988213621289905 0.025308856109838948 0.75453965395827594 0.65576624829807828 -7.5613185273709886 0.18635598246134988 -0.6480387699327621 0.73845595702445099 9.2871249026814731
0.97444407810092604 0.11533436716022186 -0.19276079063385121 26.922940017162635 0.036355286929568131 0.76583730747414691 0.64200585012367117 -7.5677457865631652 0.22166874332279021 -0.63260667261142611 0.74207261504599054 9.2593640250006413
0.96508712412969067 0.1283857310200876 -0.22830669484165522 26.861849351763002 0.045044711683030994 0.77729923726126005 0.62751642982670652 -7.5684470053038027 0.25802677533247509 -0.61589203585003527 0.74437838723865668 9.2261155895602496
0.95428502353051214 0.14229023853926681 -0.26285658044227939 26.799690121423595 0.051054344929648721 0.78889885491170564 0.61239860432793625 -7.5630124131174288 0.29450559880785698 -0.59782278706606551 0.74556982740410538 9.190329550549535
0.94243065084269517 0.1555231346410601 -0.2960355095991572 26.730806011452504 0.055788439744200655 0.79974009440849603 0.59774863562069092 -7.5590830546297889 0.32971520793424391 -0.57985199489775707 0.74502318465264539 9.159409779483255
0.93064804267292611 0.16467935655483773 -0.32676433433552099 26.674232653659214 0.061960011990271742 0.80918845088299485 0.58427305934104512 -7.5610565318821914 0.36063163696938305 -0.56399890113568807 0.74286611306110839 9.1299964370089395
0.91829452840923276 0.17390567412138233 -0.35565710396680172 26.612466244506727 0.066353084676437149 0.81804138195380016 0.57131914510633919 -7.5632865909993416 0.39029786989885867 -0.54823819086187742 0.73966374713981309 9.1067984633035497
0.90629413170692519 0.18307357180163439 -0.38093964632390559 26.544105911705515 0.068218664681007929 0.82613544681108309 0.55932677149533294 -7.5680842281865033 0.41710569478578291 -0.5329017647090728 0.73623267283327309 9.0787336126321385
0.89627115865556217 0.18915564647393149 -0.4011460476799506 26.467173032399963 0.069223270072665252 0.83373836112748445 0.54780332608054072 -7.5673534110565353 0.43807094065078428 -0.51874896297870843 0.73416167454168546 9.0390947302691007
0.88610159285074364 0.19279561646866608 -0.42148999681824245 26.409774681609196 0.073336875068598692 0.83960497069082651 0.53822411312243257 -7.5690923406447865 0.45765234611279748 -0.50783200318778976 0.72983627385580729 9.0146272206764912
0.87797740531878121 0.19647559880703228 -0.43652378494546962 26.332249198709896 0.074883485049010504 0.84429412406144155 0.53062217795926869 -7.5693510849605312 0.47280877679735933 -0.4985627053327808 0.72655838680359586 8.986555034866365
0.87085219627749277 0.19690626701567807 -0.45038247551233357 26.279898746363006 0.07905573639739269 0.84822483578937602 0.52370298690455463 -7.5718186944226069 0.48514600151019815 -0.49167321460502267 0.72311189124410769 8.9652366875936202
0.86576236080104962 0.19523652440305117 -0.46080172977020178 26.224723635659071 0.082828124807807255 0.85216718729426755 0.51667261069249559 -7.5624348164815594 0.49355347872445959 -0.48548304237943629 0.72160320065877692 8.9339790174948668
0.86282577847940489 0.19448826864180666 -0.46658974415659998 26.155978162203617 0.084878696081338162 0.85417840218175745 0.51300571556051089 -7.5680377030039594 0.49832447556079446 -0.4822380849818193 0.72049923417733552 8.9033091906159854
0.86046636928704601 0.19142955257933711 -0.47217830713115561 26.104132269928119 0.088927720703868923 0.8560844498904786 0.50912795557318535 -7.5687419953942916 0.50168664305160027 -0.48007722405358028 0.71960848461411631 8.8766818699664647
0.85970789917515744 0.18850634178501133 -0.47472906715585661 26.048386914769036 0.092328909665694098 0.85674883924667211 0.50740200914996803 -7.5748623615300374 0.50237207380166093 -0.4800487324806853 0.71914915970743243 8.8498409644414835
0.86035924866874791 0.18533792930264542 -0.47479660402319135 25.983152251021391 0.094100449121422194 0.85776959537564301 0.5053478274656501 -7.5694679779695662 0.50092621083877631 -0.47945925083463914 0.72054962222167074 8.8155544148154146
0.861421890023915 0.1820198567155889 -0.47415303347006305 25.925974684444807 0.095768970711994084 0.8586139312847082 0.5035974793945891 -7.5678896170275642 0.49877914114003552 -0.47921904048676411 0.72219698116134068 8.7814235023742828
0.86264795632490077 0.18081240095357837 -0.47238266173714993 25.863173039811379 0.096697433446548631 0.8577437938721415 0.50490116898129234 -7.574137966458844 0.49647568904561934 -0.48123015256239671 0.72244683572665047 8.7559398917999278
0.86459649176815812 0.17865179341563153 -0.46963437175271966 25.797375664509282 0.097149565304928853 0.85758558794787931 0.50508308356660836 -7.5731679128344505 0.49298566752316092 -0.48231783717116311 0.7241095466593952 8.7237126485307535
0.86591806848998554 0.17733368909581293 -0.46769505168885656 25.743392257900911 0.098029222220319387 0.85674169651943344 0.50634369457502104 -7.5756482797556419 0.49048564734704714 -0.48429993615183609 0.72448423142941876 8.6998169438346924
0.86773433004991407 0.17926532135751999 -0.46357424109996881 25.676264245438222 0.095915376503536376 0.85476404231315439 0.51007712408876071 -7.5880922662558827 0.48768573180175345 -0.48707532941739229 0.7245138028153274 8.6745003293016865
0.86967881499302169 0.17946822965547191 -0.45983683334054953 25.613584371446827 0.094197635431660501 0.85410477030624743 0.51149960588371557 -7.5900203629757366 0.48454676165610427 -0.48815591349940968 0.72589134165117253 8.6432674596765846
0.87130569711281536 0.18104043286437554 -0.4561257982695458 25.545665978095474 0.091055332158665847 0.85368298398265807 0.51277118614830519 -7.5868258112959559 0.48221915003888627 -0.48831314187388436 0.72733415072374397 8.6092793867677386
0.87186274044643108 0.18453483702674298 -0.45365433508868019 25.485429632713767 0.087332994773760206 0.85286995248867414 0.51476770699589647 -7.5920560559299597 0.48190072613048168 -0.48842577539016113 0.72746955406355973 8.5787732297592658
0.87174458383677977 0.18820435177250602 -0.45237208415764391 25.42535367438839 0.083418555238680109 0.85279151654686824 0.51554628691086868 -7.5890237357906765 0.4828071304290471 -0.48716090902245357 0.72771665057719126 8.5476209318483392
0.87046749554773706 0.19405534037692004 -0.45235922016252533 25.36143592957016 0.078442128420254179 0.8525737962427653 0.51668632113604485 -7.5827571979311514 0.4859353575155349 -0.48524266798314164 0.72691566325458412 8.5175593594112211
0.86772219187893884 0.20172254486485935 -0.45427548097388526 25.304888567123037 0.07210177240615262 0.85319366917732842 0.5165867761486147 -7.5772876388399677 0.49179216355763677 -0.48100787703422526 0.72579052769674957 8.4847480135376507
0.86338984658585138 0.21199337099144938 -0.4578392550537162 25.24829958742373 0.063979841569576201 0.85411507399501518 0.51613372322221085 -7.5729069874674932 0.50046433707627158 -0.47491709911327845 0.72387098041338582 8.4503328691882764
0.85775334803691572 0.22399354235265678 -0.46269437744127628 25.191424365062016 0.055083255826277981 0.85484521315938444 0.51595106014627334 -7.5702244677469519 0.51110177935420897 -0.46804546202564029 0.72090805004394731 8.4176348613869667
0.84953045935113014 0.23834021659105528 -0.47062930188205099 25.130868092620318 0.044275214257215902 0.85676110067735323 0.51380942164250731 -7.5546959903808109 0.52567832753228039 -0.45733396716344948 0.7172920872569315 8.3815873795714761
0.84295781988395979 0.255399943659887 -0.47349021391683283 25.047629334789953 0.025634610748862575 0.86005815298701627 0.50955160701573343 -7.5384865032940436 0.53736857056236165 -0.44166824909550456 0.71844566747435779 8.3105913998878957
0.83025857207634546 0.27371482491047994 -0.48554186031481705 24.99164140163073 0.012960366971510387 0.86140110639262324 0.5077599460311224 -7.5208929190752798 0.55722772039957935 -0.4278648484390718 0.71163820800214106 8.2804104824986187
0.81659658984670114 0.2911259739705323 -0.49841315866502522 24.943087119533921 -0.00070020533923293609 0.86398747643135976 0.50351281044503082 -7.499177692156505 0.57720838452262757 -0.41081785239869945 0.70573307488546899 8.237688663442384
0.80084378008092838 0.30895330842502755 -0.51302738047683139 24.896103219397055 -0.015066798713301376 0.86677733717613892 0.49846769136462082 -7.4712547765597108 0.59868374913824285 -0.39146506992459978 0.69880817650246896 8.194940090445888
0.78406204688710268 0.32670449949452868 -0.52774129707768413 24.848891760592736 -0.03020907250446174 0.86933856017036315 0.49329289447481411 -7.4400409746887872 0.61994686753755524 -0.37082966144976787 0.69148481083782565 8.1478222383178895
0.76543233617481943 0.34649519432981474 -0.54226784806431427 24.800718675827206 -0.046104502579829391 0.87002576132995457 0.49084574915557677 -7.4204352313403827 0.64186269059653622 -0.35070821907759281 0.68192083960794037 8.1073560563065463
0.74691528263657081 0.36388723257785555 -0.55651023578256065 24.753837182915689 -0.062232387963222613 0.87154282946344475 0.48635401334752842 -7.3899934632598008 0.6620005214894672 -0.32863228444217496 0.67361423023121403 8.0573807709998739
0.72731848067930216 0.38072568241851723 -0.57101294416966242 24.70899272617282 -0.076966179345837438 0.87201674172627153 0.48338701822246061 -7.3607908641762219 0.68197069944335298 -0.30762762700390134 0.6635368928738572 8.0138535961285449
0.70750266118675365 0.3965194149377968 -0.58498917767002245 24.663001301479991 -0.091712999711549545 0.87227913195022688 0.48033097094406485 -7.329002197108287 0.70073440767352868 -0.28618432791043275 0.65350579214027094 7.9694349122747923
0.68702229495345457 0.41199704204157089 -0.59854724423881911 24.619325412478187 -0.10642459606524679 0.87189270662436624 0.47799258727263322 -7.3022600569366638 0.71880050889606195 -0.264691415584701 0.64285634703760186 7.923980389390878
0.66749341929928063 0.42636956336855203 -0.61046009748800545 24.572781917360182 -0.12090972861397624 0.87101464960358022 0.47614526953698383 -7.2793865433971057 0.73473353858296775 -0.2440132693294827 0.63294877491980972 7.8773486326158588
0.64830118715874741 0.44056686439114179 -0.62097214811061863 24.522236255118703 -0.13587348495179041 0.8694362434591224 0.47499369958636845 -7.2597253148565777 0.74916217657835238 -0.22356532951297906 0.62351790401249807 7.825586562867108
0.63121892518184275 0.45219718477270704 -0.63014313816458989 24.463972575010889 -0.14795080447127648 0.86773654064341788 0.47449326179461837 -7.2360090190671444 0.76136274399827397 -0.20627894249251999 0.61463466379271714 7.772246710769136
0.61623151533408449 0.46348496076811774 -0.63674202833709237 24.400978687523839 -0.15946934940511376 0.86517875938019906 0.47543163642909736 -7.2191816073390234 0.77125109148017934 -0.19143512075665761 0.60706206308046973 7.7146291990440501
0.60391675313333382 0.47328092712014996 -0.64131873456900002 24.331035986885158 -0.17036373160273091 0.8626719107562244 0.47620727981268568 -7.2003593962543713 0.77862748104551571 -0.17833210147501805 0.60161192420381693 7.6514513924569041
0.59431992767744957 0.4825412094269515 -0.64337998474482105 24.255647687512987 -0.17989770103358269 0.85949132105812343 0.47844695232449064 -7.1851396718711129 0.78384988405198031 -0.16860797795637267 0.59762087400053265 7.5836337835519361
0.58854693885848408 0.48942909605786616 -0.64348400189304467 24.178730867279661 -0.18563328881146468 0.85647925408556191 0.48164672676774078 -7.1700804993722986 0.7868626200585126 -0.16401965508139396 0.59493257592909932 7.5156945451239929
0.58687290147355498 0.49476668404580681 -0.64092599094928882 24.098674391768604 -0.18925846555708681 0.85347695417328806 0.48554950510742378 -7.1532343615429665 0.78724928118797799 -0.16365517728872489 0.59452127986776726 7.4430611708252874
0.58937063554922964 0.49855895364246816 -0.63567383436415292 24.016387922558938 -0.19124314588616415 0.85059561251633564 0.4898093130183655 -7.1327819441768199 0.78490019308435677 -0.16711096227024463 0.59666205944843886 7.364334611905722
0.59636985969850942 0.5010596191773834 -0.6271221958063643 23.929447229887202 -0.19108766997785503 0.84741471031999049 0.49535220915599132 -7.1090458045171347 0.77963356317286314 -0.17557780828767097 0.60111890704858328 7.2813368636795319
0.6085544041205232 0.50124302403072563 -0.61515605181616195 23.842352585702983 -0.18835760929122786 0.84432307960405628 0.50163726762474059 -7.079334778663541 0.77083263309722971 -0.1894042452228985 0.60822946627398444 7.1923133437441757
0.62322367527251754 0.50009377131099386 -0.60124742866457492 23.756292827409645 -0.1838107387143238 0.84094887194195345 0.50893870663651686 -7.0446375772486558 0.76013542406146961 -0.20666691722552846 0.61602185221904782 7.1003424032888462
0.64235204891031539 0.49663406089384726 -0.58372806581558701 23.666102591398268 -0.17782369737802595 0.83743280612031235 0.51680269724941219 -7.0040068554477477 0.74549485438299845 -0.22816858853388611 0.62623998378810519 7.0014731824055012
0.66543405581362047 0.49176894508108338 -0.56156996181889374 23.563973170064461 -0.16935447990637828 0.8321574964825178 0.52804636272167282 -6.9742437396824926 0.72699145627653394 -0.25627564398862945 0.63702921188838568 6.904346792379692
0.68880426234448744 0.48377917559365791 -0.53991332400486969 23.464296111617248 -0.16034165079987966 0.82798324433231352 0.53734002468056097 -6.9307251502643172 0.70699309982123315 -0.28355150566847148 0.64788833948320668 6.8032094008425208
0.71341148561513168 0.47426319059136945 -0.51586672527165889 23.360904351971442 -0.15192862819157923 0.82334155990450553 0.54683303454513454 -6.8874047998035293 0.68407729397213268 -0.31174204365806973 0.65943548136846153 6.6955595680164812
0.73814729603301243 0.46333674100789629 -0.49036479664769356 23.252713983335415 -0.14277429364092126 0.81767780204028639 0.55769033802451895 -6.8441994726909954 0.6593588328326907 -0.34164612756878698 0.66971923451754312 6.5885339077626126
0.76316989248416933 0.45043571996275683 -0.463335059527481 23.138450796560861 -0.13367026203834115 0.81155094811864203 0.56878582933678501 -6.800036933491783 0.63222146139806312 -0.37214610140288457 0.67956111053998036 6.4790126335774509
0.78771748367625782 0.43608430418683097 -0.43512256382843684 23.01963132324957 -0.12397195414033718 0.80409064586839307 0.58143717443381338 -6.7570151521491857 0.60343360902204535 -0.40406523343247192 0.68745848357103811 6.3705851966271192
0.81113678099957909 0.42054264335512542 -0.40644926821132865 22.895143469687088 -0.11663252823765145 0.79730881846251334 0.59219549251814163 -6.7142704511062625 0.57310904360909731 -0.4329463397717952 0.69577546019651404 6.2552795875088538
0.83381304615886842 0.40357084061526816 -0.3766780862491933 22.765856844161604 -0.10925170603296161 0.7894670648585268 0.60399157132575121 -6.6729792558819057 0.54112832931214772 -0.46246332839345061 0.70235874103416363 6.1402136379343926
0.85479579327995114 0.38604464128948679 -0.34683380273925241 22.631714643512428 -0.10296901483805009 0.78119458611261805 0.61573728213550383 -6.6322038958865903 0.50864676719131974 -0.49061650355446362 0.70751248233922526 6.0235833065799111
0.87379160546810286 0.36852239883233873 -0.31730028643594699 22.491438887038544 -0.09862496480695887 0.7732101492636696 0.62643370071579008 -6.5922301325310739 0.47619465193374594 -0.51607877948479208 0.71197004630474869 5.9031425218171112
0.89084770822977488 0.35158805835864154 -0.28770852952486203 22.345891649401633 -0.095995659694802282 0.7646782589031127 0.63722209133132224 -6.5523741095646297 0.4440441352630588 -0.54004906960433208 0.7149628020799248 5.781145104911662
0.90565561545225215 0.33516201794754197 -0.2597197103131258 22.197194867298972 -0.094148188951187151 0.75618925385023994 0.64754453968713921 -6.5167536394528218 0.41342958858433682 -0.56200020826219366 0.71640194108910471 5.6574298560099781
0.9180547282543986 0.32050953119976494 -0.23334343003360805 22.044025802545171 -0.094868466486085753 0.7490785980231589 0.65565328341299189 -6.4793841033298518 0.3849356959237748 -0.57978866356092684 0.71810139646843307 5.5275906967221813
0.92845336536990986 0.30712125760615461 -0.20892793365106252 21.887445670167843 -0.096347586562631246 0.74233554012351 0.66306492022508101 -6.4451793477928794 0.35873596264780183 -0.59549515446890977 0.71881432241379573 5.3958907044088456
0.93674317695307785 0.29594695479900174 -0.18688932654662826 21.72718000290142 -0.099248320578100874 0.73661177191022209 0.6689939225028203 -6.4137024697460063 0.33565159212236895 -0.60812704053386801 0.71938828964422141 5.2616611603322507
0.94286081448297332 0.28832724762973283 -0.16697569519773522 21.561040468912907 -0.10442643841072166 0.73161923329934098 0.67366788288246038 -6.3865287852700874 0.31639943658824049 -0.61773837159492317 0.71992409376676414 5.122744936969883
0.94705693620452991 0.28353343996707514 -0.15063846788694416 21.392663990784211 -0.10999419980264848 0.72731493341642195 0.67743210998537773 -6.3668218913210275 0.30163626372945274 -0.62499742083460064 0.71999568634362898 4.9829122529625343
0.94947912314566341 0.28433149951930448 -0.13283445747111686 21.21633298305796 -0.12240370514540344 0.72526405135848648 0.6775023164342332 -6.3527151297057385 0.28897530634505664 -0.62701487557168734 0.72342630456363843 4.8086299365880008
0.95036651463900745 0.28655562597168893 -0.12119967440912838 21.037800625351856 -0.13136366372166167 0.72267964653759587 0.67858508407856843 -6.344814431403595 0.28204091140564597 -0.6289833079695113 0.72445353376818 4.6616409714915461
0.94990814949598879 0.29183815754738807 -0.11182574533823687 20.85503398590744 -0.14170035370831488 0.7210913402942245 0.67819487517351351 -6.349226550960541 0.27855971941406882 -0.62837709120561114 0.72632411082651682 4.511152365610692
0.94792271745750023 0.30078249131405388 -0.10474929425489909 20.670331916020785 -0.15407572607003314 0.72089119411285674 0.675704489319504 -6.3648808593169237 0.27875292350750408 -0.62437631214632949 0.72969242045300775 4.3559465934377073
0.94495252877990943 0.31144461828520953 -0.10033428174674222 20.485451764596 -0.16595848829878812 0.72045812696787781 0.67334825123966746 -6.399395494586849 0.28199733777827679 -0.61963080703521944 0.73248560699773968 4.2054520358735941
0.94084628162392658 0.32440856880031038 -0.097812856227416992 20.296086455104355 -0.17922045860029864 0.72144682136797733 0.6688755573028069 -6.447070426943017 0.28755573646430649 -0.61177901600739482 0.73691121174772078 4.0517609868823277
0.93571982344384452 0.33960219640390249 -0.095387421664838712 20.096514258029824 -0.19391308385077813 0.72111637552192864 0.66512321329630186 -6.5097055922756493 0.2946627358959758 -0.60387210661841473 0.74061619677302248 3.9015696902630337
0.92965606954281965 0.35603503598813824 -0.094755714925914919 19.890981986870791 -0.20912662534481827 0.72168010124423476 0.65988172125010336 -6.5694093815277332 0.30332432631439926 -0.5936471044459295 0.74537069197069972 3.7535342507968741
0.92275073320058543 0.37325408811379157 -0.095981613260686119 19.671997001246151 -0.2244084948036115 0.72284009165272889 0.65356180224937555 -6.616024681063231 0.31332397265092798 -0.58153554285685438 0.75076261265224464 3.607343564578446
0.91492683224297167 0.3917459253436486 -0.097180356134815848 19.437565106337559 -0.24081682123212489 0.72304677449677701 0.64746476390724284 -6.6427804080106769 0.32390762611197643 -0.56898022098000511 0.75587390342572935 3.4684484170833199
0.90683153259412042 0.40892167709900629 -0.10217452466997251 19.204004575509533 -0.25385893479375843 0.72339252146424249 0.64207390627168748 -6.6418351889215339 0.33647022560455048 -0.55631494846727025 0.75980357026897516 3.3403386585618984
0.89753502259168561 0.42812830940615187 -0.10553214631747403 18.949171414790637 -0.27045043368875071 0.72352866017794149 0.63510852680363172 -6.5998729886717289 0.34826347230065507 -0.54149093121320413 0.76517979931186619 3.2155108873188794
0.88793899087009853 0.44676563235281769 -0.10938381160381135 18.69275528155563 -0.28651558335965333 0.72327786346383793 0.62831357833112544 -6.5333374573889182 0.3598238026933025 -0.52656395810155165 0.77023193198137319 3.0919737569365973
0.87751437856510439 0.46514120039968015 -0.11667124368173742 18.449407082662425 -0.30052134663515151 0.72298528627140835 0.62207651945049736 -6.4457090488816915 0.37370501151054142 -0.51081889112071266 0.77421484411377173 2.9841497277236444
0.86723988495489446 0.48184709664698072 -0.12537287344675738 18.223821302631308 -0.31414578382206376 0.72491404433124629 0.61303511713289083 -6.3213872365282855 0.38627374807284359 -0.49226314485668254 0.78004460626656869 2.8831969959192834
0.85715812029900529 0.49776171244725803 -0.13233757753204209 17.974999050165906 -0.32720738341740202 0.72468888389917085 0.6064333020127699 -6.2031754061724866 0.39776285025453711 -0.4765073967679278 0.78404426901982993 2.7784259726463332
0.84808788064565999 0.5116003870949255 -0.13788397523380028 17.730645200543194 -0.3387849959558113 0.72366290345779882 0.60127924350857931 -6.0850729330313067 0.40739621158912831 -0.46322461731146253 0.78705227316835524 2.6871791213634029
0.83869993266668841 0.52493020125855128 -0.14501967711848335 17.506101808608232 -0.34926715345758713 0.72277986528297133 0.59632350436416992 -5.9599380822837462 0.41784551985216567 -0.44948587313528199 0.78953630150315868 2.605847695054631
0.82996105301357215 0.53691104944718071 -0.15129829960091964 17.2868068729924 -0.36016041740190136 0.72290114102874681 0.58965957470071162 -5.8252901965467601 0.42596845448635129 -0.43490282280167264 0.79335389990952099 2.5145922017396547
0.82243912099623095 0.54717900333806557 -0.15552823075219599 17.071561774797019 -0.36971389285395667 0.72194819098035956 0.58489524444207897 -5.6911481967542388 0.43232572174891482 -0.42353978307373624 0.79605811500677026 2.4381346704478797
0.81643319766057498 0.5554328495226597 -0.15789611593977534 16.859135109445756 -0.37753757491898343 0.72035215362719407 0.58185750342240694 -5.5642228753409109 0.43692357830863449 -0.41543606540092526 0.79781618326665737 2.3717902748138333
0.81165957357637697 0.56137732029982823 -0.16144423456660834 16.668271836579752 -0.3828280035125291 0.71997757465832646 0.57885664176523455 -5.4337733258176355 0.44119321883776152 -0.40802916101928083 0.79928764997932811 2.3158917622791027
0.80756238703741201 0.56693022813071359 -0.16258261737988525 16.47294599082911 -0.38917138295906956 0.71936089557406435 0.57538294778747601 -5.2987038647721159 0.44315756309484594 -0.40138512472504162 0.8015618228940925 2.2591334600596809
0.80413425920969517 0.57142893635394931 -0.16382021811323774 16.290179625436608 -0.39463876341649295 0.71926602497912673 0.57176623870234555 -5.1593523425114061 0.44455409071830171 -0.39512701250119614 0.80389446099441664 2.210058958104022
0.80177272494603247 0.57492881720040823 -0.16314825369936775 16.101941130079233 -0.39928715888673039 0.71845355330818883 0.56955619256312229 -5.0290930336276167 0.44466871070582042 -0.39151161782426969 0.80559815716512562 2.1752060163944478
0.80050447681243719 0.5766799689991835 -0.16319557579281055 15.926038615500749 -0.4019841076153936 0.71859557539811891 0.56747614596818263 -4.9009913770298441 0.44452374495396968 -0.38866516742994511 0.80705515784161308 2.1537068359924016
0.79938723076513818 0.57823652762439559 -0.16316425285743613 15.751597643932943 -0.40394357847508661 0.71828183921416899 0.56648105428500639 -4.7855588059123706 0.44475795743121377 -0.38692856908736062 0.80776026253191135 2.1491097996337314
0.79891352747387256 0.57883141277216665 -0.1633749405736126 15.578670727458254 -0.40578249902346558 0.71924122520110434 0.56394381232307667 -4.6699222416866109 0.44393438603641072 -0.38424764873632206 0.80949120151801723 2.1479907656312487
0.79899819984990961 0.57867893652757374 -0.16350096347092344 15.408763485680286 -0.40579262130429417 0.7195231867497851 0.5635767314433977 -4.5736937732567107 0.44377271787661043 -0.38394930934792709 0.80972137351045403 2.1702583946904483
0.79929194384177416 0.57884120922088855 -0.16147830509804634 15.230010402752521 -0.40880519143340638 0.72069099698941641 0.55989534943192476 -4.4713018345694922 0.4404664617955994 -0.38150667276746369 0.81267579923802646 2.1759829273946738
0.79985473656563832 0.57839941025133779 -0.16027015509575668 15.05770887765523 -0.40981481907982609 0.72140570560030115 0.55823437908274787 -4.3882351116465959 0.4385022399670071 -0.38082532760865084 0.81405642027790748 2.2016841206917164
0.80060037945708529 0.57746904001435817 -0.15990165802163173 14.897003097592588 -0.40908656377656205 0.72175437467124426 0.55831783598628326 -4.3246724575735342 0.43782098596419072 -0.38157585152603285 0.81407165150343308 2.2361224568662279
0.80085148969538089 0.57702510572400523 -0.16024643152622731 14.741017300223993 -0.4100322195256732 0.72336155307263517 0.55553725571485779 -4.2490114329096063 0.43647505129564901 -0.37919663883075977 0.81590406218863432 2.2657200541215761
0.79794365978791926 0.58030389689028672 -0.16289046337403848 14.622996759198102 -0.41215111734312682 0.72252867049732616 0.55505294953020334 -4.1912133799144202 0.43979241953116199 -0.3757654954400601 0.8157100711402383 2.3132584673586107
0.79803068292563528 0.5796794419642195 -0.16467778743138173 14.482477856629647 -0.41184841042654258 0.72413266605788729 0.55318420871986806 -4.1266669716001418 0.43991807866735189 -0.37363568688221888 0.81662014275284578 2.3508082320193853
0.79787710736552242 0.579582563867587 -0.16575938345294705 14.340458070216561 -0.41168584227499233 0.7247546402056837 0.5524902521951498 -4.0789339641432418 0.44034859919427116 -0.37257853287730419 0.8168710718507779 2.3897772109033433
0.79755008281486273 0.57964561784800073 -0.16710722040538914 14.200747849818054 -0.41194138009143255 0.72567581514094504 0.55108884101194688 -4.0328927309621427 0.44070190012112687 -0.37068257179038583 0.81754282224266017 2.4243872014730803
0.79688234751075493 0.58031169386009085 -0.16797875518940078 14.063319953657119 -0.412641114226936 0.72591464441909892 0.55025016116985004 -3.9923977061837608 0.44125484141854038 -0.36916969944339328 0.81792902989047489 2.462659248798702
0.795084110207537 0.58189125494410854 -0.17100826037083597 13.940199192362682 -0.41352077104652868 0.72636607537264208 0.54899261967792401 -3.9547209937496564 0.44366860336130787 -0.36577984084325343 0.81814624513231782 2.5018622159346458
0.79219293567749205 0.58422865953337388 -0.17637240725950903 13.830490318332529 -0.41445518358296818 0.72718170064826049 0.54720533170238017 -3.9176593118298197 0.44794782448839415 -0.36039373970997451 0.81820480254883254 2.5434887432357343
0.78864602220472491 0.58788375482001554 -0.1800837096446663 13.713540351802372 -0.41721127684968867 0.72681764151736528 0.54559221626466325 -3.8835292636008716 0.45163281781787856 -0.3551461766623068 0.8184735738385378 2.5794517113295843
0.78493686406268592 0.5912082630675537 -0.18532919121412772 13.611344252360089 -0.41911457377540828 0.72696228941445074 0.54393823529731611 -3.8525273676464389 0.45630811244650732 -0.34928300767421644 0.81840349893286679 2.6191664974121753
0.78023124578532144 0.59579555406014317 -0.19043860129304763 13.510152337684733 -0.42191491093593586 0.72607384328019486 0.54295909793855412 -3.8247357280980814 0.46176510373804414 -0.343284767891752 0.81788052740195449 2.6562425415585604
0.77530494557942142 0.60030330909141116 -0.19631143230589532 13.420005029151291 -0.42485835166550651 0.72568923021247633 0.54117513077902279 -3.794736605432306 0.46733031399659836 -0.33617120377498916 0.81767432353738212 2.6936330829624868
0.77047166523143784 0.60444467229909449 -0.20253407418194005 13.338108199745294 -0.42720482832310003 0.72539482593441895 0.53972065104552436 -3.7744683945832764 0.4731484415412629 -0.32931593438036721 0.81711784194830783 2.7297156747688911
0.76629972902774102 0.6079501504116408 -0.20780120285136514 13.256005011157495 -0.42944898290221289 0.72524466404890864 0.5381391533356783 -3.7514652261404442 0.47786849276371596 -0.32313587216997308 0.81683836328902015 2.7627389581088888
0.76239825953411322 0.61130114634167121 -0.21227294302551536 13.179480473350679 -0.43185713220048838 0.72494050845364177 0.53661967590701087 -3.7312682733692526 0.4819214782793198 -0.31744632252450827 0.81668814188081673 2.7965530362577855
0.75897820097542112 0.6142361391724942 -0.21602327601113144 13.105557169441212 -0.43325100586533938 0.72408283382073724 0.53665409313896251 -3.7251523213147717 0.48605108410617176 -0.31371645653455732 0.81568151170577374 2.8279340259842201
0.75577698179663133 0.6169860426025674 -0.21938408561241957 13.040061634741058 -0.4351312082457075 0.72354897993831957 0.53585231663290223 -3.7134566726123257 0.48934853161831932 -0.30952398431113581 0.81531154642820713 2.8545984234808159
0.75309150779812439 0.61915291101790226 -0.22249236764528599 12.98418728983628 -0.43697126282919363 0.72352869015813592 0.53438034205939133 -3.6962598689161008 0.49184275570939062 -0.30521452667936672 0.81543534161825659 2.8816734326938405
0.75216824445771602 0.61976348051972208 -0.22391105431281783 12.932676993050865 -0.43725567800573356 0.72360965426525514 0.53403795773883356 -3.6887409418595571 0.49300142401533059 -0.30378001327967258 0.81527130419919613 2.9078425244336965
0.75201476930476174 0.62024188213804021 -0.22310041324338126 12.881569194942164 -0.43755277651413554 0.72287549077214841 0.53478836244415107 -3.6829961415246806 0.49297196118265896 -0.30455054175421709 0.81500160306893621 2.9344456113022157
0.75292181180812401 0.61973615479485045 -0.22144038417521084 12.837247868152218 -0.43706975544256305 0.72243834713551314 0.53577314552475108 -3.6782786440541795 0.49201501418244342 -0.3066103928900667 0.81480751886003666 2.956309036956219
0.75550166831999999 0.61774764930224257 -0.21818586330752598 12.79689040701075 -0.43550070838365429 0.72234340567652178 0.5371770073941915 -3.6789277273823968 0.48944495314900549 -0.31081802723973001 0.8147611869620266 2.9769013081490581
0.75942641312940173 0.61430559540819107 -0.21424322274368271 12.76523032607577 -0.43285117328973083 0.72292398884116937 0.53853576310183549 -3.6731653976193734 0.48570709776892779 -0.316242852580356 0.81491046954173108 2.9965517548868741
0.76568732760633018 0.60939232604990401 -0.20582494818307118 12.719567986173384 -0.42945658696450556 0.72257019104693532 0.54171889289851571 -3.6741799614367108 0.47884230833947256 -0.32639441165847638 0.81497038705847624 3.0190216924053828
0.77292304644905463 0.60273873381900012 -0.19823214427075439 12.691190956718003 -0.42553869249581522 0.724168506091866 0.54267558999242549 -3.6627966599600388 0.47064507376245279 -0.33509102276686498 0.81621518057690634 3.0345839967167572
0.78239691124282884 0.59354095548890384 -0.18858474868079916 12.667252495787613 -0.41952809103456945 0.7261033321385002 0.54476612586527173 -3.6562116642529299 0.46027302127169167 -0.34710673461442104 0.81710810831538239 3.0502197822010673
0.79361983888270982 0.582848646835747 -0.17451362758684588 12.634529578713966 -0.41276802475747831 0.7265196078273839 0.54935582019320961 -3.6570164128195075 0.44697886870588349 -0.36394603215872939 0.8171616587960584 3.0728339679080694
0.80701189998961287 0.56844420299777121 -0.1600093164580858 12.611462815129837 -0.40365096090788527 0.72876110620782408 0.55314839947060268 -3.6538071242789716 0.43104256754211184 -0.38180942649046423 0.81757193372187553 3.0890104325869294
0.82130544181719012 0.55304446095952309 -0.1399971265543003 12.570179536264794 -0.39560971156695823 0.72893427780892395 0.55870186571112379 -3.6499947886437099 0.41103567649947176 -0.40348065980561326 0.81746744877545341 3.1118494217653621
0.8371889767070374 0.53340041823097528 -0.12082471233669172 12.548796287268543 -0.38429790713122031 0.73091913841110578 0.56397901705553799 -3.6397157341082069 0.38913973821082265 -0.42572433209224436 0.81690210993106449 3.1312142422212319
0.8529869745727755 0.51254296680527822 -0.098554190106898143 12.521239101625465 -0.37360738583829328 0.73145256892004173 0.57043374783347822 -3.6372727723462694 0.36445952101194973 -0.44975198342943973 0.81540935176451412 3.1514634834047506
0.86944182006324 0.48846420824477266 -0.073984044150938663 12.490884439933289 -0.36205279879328944 0.7318753168895531 0.57730086732462305 -3.6342773821995489 0.33613790683448147 -0.47514338655991367 0.81317284128118172 3.1743719754397959
0.88541615528494555 0.46229713456226501 -0.048162135915511058 12.462861641651163 -0.35045197651833337 0.73206416379058936 0.58417931514902066 -3.628174241191747 0.30532219721929593 -0.50036328749130299 0.81019438187145998 3.1925789754324145
0.90064860588563311 0.43406861475505942 -0.020408978438159142 12.431426418248652 -0.33903025486611438 0.73128111415012431 0.59184999651328085 -3.6262401745222741 0.27182820862022944 -0.52612961309165707 0.80578970905959102 3.214435465685181
0.91553793187875354 0.40213535521913818 0.008800646223565042 12.402267952826971 -0.32632261180326899 0.72978805045596795 0.6007686363630933 -3.6305540554501308 0.23516770253814151 -0.55289832473471578 0.79937450183782888 3.2395983130189001
0.92819702911512036 0.369816643227594 0.041060023547714222 12.362465252259133 -0.3166522565084165 0.72713278572896245 0.60910529497465937 -3.625871019078422 0.19540118625533576 -0.57837147432244029 0.79202576605820996 3.2642622649919772
0.93922285083035273 0.33514707142265199 0.074410194159972645 12.323925420288646 -0.30719704826956273 0.72368871861680772 0.61798431378250285 -3.6273886081704418 0.15326581488568458 -0.60328358096635026 0.78266117249027012 3.2915134498714758
0.94837093471704326 0.29875225883142814 0.10648783041756893 12.29533569500984 -0.29728449250236155 0.72033207913739783 0.62669260908615065 -3.628228991196317 0.11051923226993068 -0.62599423608265992 0.77195642084884053 3.317824616448708
0.95529715146243477 0.26095667254979293 0.13895671073934523 12.270937747348956 -0.2881600738879832 0.716744171422249 0.635013042818103 -3.6279757079500814 0.066114478177098174 -0.64666792697950781 0.75990095933048807 3.3428228446584334
0.95948734725084406 0.22232744083191844 0.17307379789750935 12.238352380980572 -0.28104143114395175 0.71162286295799215 0.64390109092626169 -3.631515884365712 0.019993610131677664 -0.66645585747939851 0.74527635517658952 3.3729148414699051
0.9611072423086614 0.18359244307003569 0.20631694944772663 12.211833623555886 -0.27491868174386813 0.70719265249507002 0.65138181636057424 -3.6305940017460947 -0.026317051697593907 -0.68276816497590365 0.73016097244743461 3.3932225930752051
0.96037886429054975 0.14382079941500536 0.23872162591525456 12.189619143873575 -0.2691126627181199 0.7012637472593567 0.66015720214546525 -3.6397674535787305 -0.072462485389043693 -0.69824403644814181 0.71218287944589675 3.4233861974635182
0.95625330424120669 0.10556802191395788 0.27282780444256083 12.160000452838128 -0.26685597620565238 0.69691157579695506 0.66565917967345223 -3.6316229216953713 -0.1198645322482943 -0.70934452015179417 0.6945954546637334 3.4520465924249613
0.94968642797965985 0.067995983024997361 0.30573229270670549 12.1357401209565 -0.26557384505525794 0.69228696827709701 0.67097636797153404 -3.6323788056720732 -0.16603078429556434 -0.71841165068933133 0.67551349270020489 3.4772527232852428
0.94060657206316212 0.03121368327406197 0.33806061966466 12.111133082907727 -0.26558062739835714 0.68794796033472494 0.6754217454464928 -3.6338191776340971 -0.21148571332901517 -0.72508848415056104 0.65537812231562875 3.5043142207835611
0.92860549135958981 -0.004618663472053937 0.37103976790169912 12.081457706107409 -0.26793916070245166 0.6834156277260296 0.67908150169320836 -3.6378193954166371 -0.25671082481827801 -0.73001489555184351 0.6333859839730831 3.5321099071227011
0.91363783236361584 -0.037281408030250436 0.40481601733280692 12.047021397567573 -0.27379837194183237 0.67963955175856672 0.6805325350102055 -3.6386358089826012 -0.30050018768033321 -0.73259823662133972 0.61073681803489466 3.5615642099088118
0.89680087859562374 -0.05986179886229407 0.43836599912297902 12.015045151064401 -0.2805259596325535 0.68924598131723103 0.66801584053844287 -3.6323085467751324 -0.34213063312476472 -0.7220502352849264 0.60132361304261972 3.5846282872078317
0.87775318466945595 -0.079758531494414406 0.47242769124648332 11.984057125538241 -0.28982336379454526 0.69678705278236208 0.65611753586814348 -3.631722672999306 -0.38151246978498976 -0.71282983925248555 0.58849116872713825 3.6161209949119892
0.8567887243978991 -0.098247229445118586 0.50622185220610461 11.955985909952005 -0.29940495084510521 0.70448443529621829 0.64347366366838088 -3.6278581173267654 -0.41984492036234178 -0.70288630825456166 0.57417861377293766 3.6424893338338906
0.83404601135992207 -0.11417214707396274 0.53975176865585739 11.928703345666074 -0.31113568663642621 0.71058046556687215 0.63108635419889003 -3.6278556353065978 -0.45558954710998839 -0.69429109369722486 0.55713377368171368 3.6674225063677861
0.80907008771785383 -0.1297276841376323 0.57321577187697048 11.898572010879469 -0.32313409831489937 0.71649107882810981 0.61824338934269907 -3.6268337121615914 -0.49090726992624717 -0.6854277948318247 0.53777206175622472 3.6915066691379268
0.78311086517107553 -0.14446634790467081 0.60486928106335192 11.874646230613369 -0.33674376362780994 0.71919870696355248 0.60774736326843237 -3.6367352455101538 -0.52282024684282002 -0.67961952166270267 0.51456417992916303 3.7217374951151676
0.75582286283565125 -0.15810109580450635 0.63540211167443783 11.847300778489839 -0.34996305818402407 0.72263288084108601 0.59609359788023075 -3.6415841207576478 -0.5534055094787238 -0.67290843584601256 0.49085290978649321 3.7435383745305977
0.72710688894370157 -0.17041742375783922 0.66503644541510121 11.820135961321228 -0.36396974505269863 0.72566727998468117 0.58389470236157137 -3.6376581187248767 -0.58210101935736669 -0.66660700599331801 0.46561089208022111 3.767496525634527
0.69703844916762359 -0.18269486122277759 0.6933685802405416 11.782903816422204 -0.37793929028969958 0.72815303951450949 0.57179982852489497 -3.6336158784920984 -0.60934332952557424 -0.66061769483459276 0.43850309922977326 3.79293088619018
0.66815353945675926 -0.19495941932212935 0.71802623387240039 11.756243743090071 -0.39041681883268464 0.72964946821917431 0.56141460713098912 -3.6344808755812412 -0.63336052551763244 -0.65544067492417213 0.41140243846017033 3.8149123943029699
0.63666345203138208 -0.2083442040847891 0.74246369707330473 11.712570033102878 -0.40394448407480993 0.73004227056520354 0.55124145070335373 -3.6378114596397202 -0.65687784452896558 -0.65086939996613613 0.38063174007786371 3.8407306030193324
0.60659550700580489 -0.22056692110756651 0.76380110250869582 11.675069027761481 -0.4160887433801006 0.73057118075625516 0.54142026881229721 -3.6358036625827097 -0.67743047503986675 -0.64623214339859314 0.35138578275980492 3.8700557348824751
0.57768885468707443 -0.23393951659027631 0.78201527462565867 11.640688196854187 -0.4268402580521059 0.7300440144407182 0.53370697117921573 -3.6429591213603776 -0.69576072128020283 -0.64211217054093317 0.32188348694343405 3.9045507363396048
0.55022340573295969 -0.24526806611558297 0.79818405116084901 11.602098862656463 -0.4364111542511816 0.73048163245420539 0.52530171243980406 -3.6396431402867027 -0.71189852382820284 -0.63736972032797512 0.29489037179986832 3.928269272560855
0.52565877286996709 -0.25567703083083543 0.81136435120750072 11.572950241611803 -0.44301092739212439 0.73195719556283634 0.5176678298628935 -3.632696740914227 -0.72623974878548914 -0.6315599098813317 0.27149200267166995 3.9409527318499209
0.49941013366935194 -0.26751114614578569 0.82403113113287674 11.530942168187105 -0.44978994569294578 0.73285032131091121 0.5105089727987463 -3.624846332200931 -0.74045831965202269 -0.62559427206637874 0.24566905302833908 3.9756061043234463
0.47604455529726586 -0.27997896474505296 0.83366261801289665 11.49504940942756 -0.45618413665462726 0.73183466022405375 0.50627469180220364 -3.631865102395281 -0.75184946288236509 -0.62131297217669001 0.22066394306380699 4.0138030002783713
0.45279825252590067 -0.29052418653908402 0.84295280979737763 11.449796233797649 -0.46173743780929938 0.73236731500184915 0.50043646394151331 -3.6281952354499278 -0.76273998258567377 -0.61581962696294901 0.19746874692573557 4.0522598464601449
0.43233318053529834 -0.3009273226099145 0.85001809834559516 11.407807666278377 -0.46454257807275556 0.73361577226016728 0.49599202800915693 -3.6261604749413547 -0.77284423667758007 -0.60930340980331543 0.17737288585435573 4.0799983492808227
0.41367408365657976 -0.31031925553322265 0.85590636880221638 11.362966442238374 -0.46659193285516215 0.73500432493441759 0.49199655539666626 -3.6256943586697918 -0.78177088760414526 -0.602885231178379 0.15925977935944691 4.1100804547205003
0.39498435990733027 -0.31748260389919813 0.86208593054867888 11.325176852619329 -0.46103066233155088 0.74317045697895656 0.48492102476982824 -3.6239269268974814 -0.79463078459038339 -0.58898426812188598 0.1471714920974786 4.1280262363632163
0.3764006033872499 -0.32418319831641557 0.86788699707914396 11.277694795772032 -0.45689458211860817 0.74998587014539209 0.4782975385812912 -3.6181157811987106 -0.80595901049642527 -0.57656434897728359 0.13417758712998462 4.1576504751913879
0.35944142732151585 -0.33167248616001566 0.87223576070320918 11.229894956829051 -0.45378855792282202 0.75461730160759133 0.4739500741774425 -3.6188122225590029 -0.81540039552565668 -0.56616789915970323 0.12073154077411286 4.195646349538209
0.34508095423262097 -0.33766950771061655 0.87572737686358404 11.177432949493506 -0.45066526003017848 0.75883444142448586 0.47018200083576184 -3.6208384812035286 -0.82329821961901239 -0.55691075952118085 0.10968339665467208 4.2259207547175723
0.33320044520438286 -0.34514147517233157 0.87741371395224266 11.132041786185967 -0.44658156565340174 0.76181388815306206 0.46925952844419722 -3.6272032771656479 -0.83038687883067941 -0.54819427389656372 0.099702906341097686 4.2556060733258381
0.32131750188203012 -0.35192197626563887 0.87915071836720859 11.080041557126103 -0.44446827881728684 0.763721945535208 0.46816315428824107 -3.630957339944155 -0.83618359952195331 -0.54118362182276358 0.088979072603090237 4.2953417565821779
0.31131438745856344 -0.35736057118868836 0.88055481051493556 11.027621031867517 -0.44084718001228174 0.76655559911009352 0.46695425616240455 -3.6283502545000781 -0.84186526002473727 -0.53355968329012649 0.081098386733779337 4.3240880513112145
0.30097497127264039 -0.36263855684617241 0.88199055763424072 10.971979936672025 -0.43744091494951942 0.76933060422031863 0.46559195368705308 -3.6185085221202766 -0.84738392278562902 -0.52595028139409239 0.072916314401610505 4.3599788357700824
0.29213610220362085 -0.36934782196238736 0.88217837436706426 10.92133329548269 -0.43478616934982173 0.77029384804291268 0.46648512796159997 -3.6198975446957791 -0.85183184064190964 -0.5198361030929679 0.064443317649958365 4.3993647658660411
0.28320050268599084 -0.37533333935692059 0.88256578205003233 10.874122053769298 -0.43145492848158773 0.77199928278603058 0.466758772886812 -3.6150700877522652 -0.8565302796558627 -0.51297367548933459 0.056691165869232618 4.4338609139079219
0.27516388566236272 -0.3812865072777476 0.88255619390219364 10.830008007489669 -0.42754041908483165 0.7736939738795382 0.46755408759977174 -3.6139210992002799 -0.86110047385653954 -0.50598244450813179 0.049877247053328411 4.4580686372031613
0.2651087611418611 -0.38785967643316804 0.88276962802476744 10.783963805105872 -0.4244495948638905 0.7751092890864435 0.4680257806913925 -3.6120981970573895 -0.8657712666667261 -0.4987689458748073 0.040861380853157825 4.4897340613097985
0.25573379875862301 -0.39289299337631395 0.88330930026139987 10.74750511930368 -0.4212484321821664 0.77710297990343657 0.46761171607356655 -3.6101896657464061 -0.87014365627553192 -0.49167677836257301 0.033225939602221199 4.5115324444085285
0.24470024646495248 -0.40424097557482003 0.88131210308625019 10.716742730518334 -0.42262272062357326 0.77359013253377629 0.47217405991763628 -3.6613279260244518 -0.87264644925234225 -0.48800362756099691 0.018456275208912465 4.5517066530349073
0.23156005263692481 -0.40916009636421535 0.88259161426223098 10.685809947928151 -0.41998198781615992 0.77630266442277696 0.4700737209418161 -3.6580953619202932 -0.8774936307078085 -0.47952287615224726 0.0079208152298285706 4.5779607695045508
0.21793413700863484 -0.41525442659556017 0.88321485105216291 10.66232239958314 -0.41634134019417351 0.77893399364695892 0.46895812391568487 -3.6585091475940983 -0.88270300802230262 -0.46992083879520802 -0.0031312767982192291 4.5989681655871779
0.20221190428719638 -0.42158487494299013 0.88395505484376824 10.638971754849258 -0.41239959089618539 0.7820169407893578 0.46730726695303293 -3.6581621222572296 -0.88827750348255752 -0.4590377953260032 -0.015728295172644957 4.6184857093224698
0.18549347684841511 -0.42656623200081023 0.8852307155557344 10.624870924019877 -0.40770069267810205 0.78625774813170479 0.46430474765250512 -3.6477346910134179 -0.89407623569608563 -0.44703467787129403 -0.028065664859862949 4.6280299799960138
0.16724240964735615 -0.4335813455989479 0.88545874729653662 10.612904155135634 -0.40221745641439099 0.78996566959063563 0.46279083679752797 -3.6518018837294322 -0.90013948595252935 -0.43354521980622091 -0.042278223854512742 4.6333531882916175
0.14714924245252103 -0.44088483303153819 0.88541948501735723 10.611392799346767 -0.39576072538314472 0.79414232777845406 0.4612064737997783 -3.6501946766757047 -0.90648803008636392 -0.41828044089267563 -0.057627459398907011 4.6377738484678401
0.12332225728213897 -0.44560307773458108 0.88669584298806048 10.612757024008966 -0.39035518008985437 0.7997035627946002 0.45617655028578624 -3.6538079421860346 -0.91236749955040353 -0.4023830373749519 -0.075322221137276824 4.64231437974962
0.09542232003474449 -0.44874491602953931 0.88855083207255436 10.605648015723755 -0.38486510173811189 0.80657778474019071 0.44867708948387308 -3.6509443747723411 -0.91802692460695279 -0.38478601521007549 -0.095740734253775495 4.6542036269725608
0.067300898877695081 -0.45139826867474819 0.88978097981901949 10.597711165714855 -0.37775767272444483 0.8138832995086388 0.44146700383918008 -3.6551458287011886 -0.92345532090516746 -0.36583271835412867 -0.11574408180794094 4.6594116430052415
0.035747051874174485 -0.45329411083081161 0.89064392288299421 10.585425473635233 -0.3716638579665309 0.82125859901297649 0.43289755165475058 -3.6538370870220911 -0.92767889108448476 -0.34649496768834459 -0.13911546428385901 4.6794407246305285
0.0036988928082165584 -0.45324836093056536 0.8913765991463708 10.565467342068072 -0.36378207860573436 0.82969803372927475 0.42339552679624143 -3.6576201880044099 -0.93147674016976134 -0.32583292672707492 -0.16181466677401057 4.6899929914827343
-0.031854692069537061 -0.45125777861240629 0.89182492443021111 10.541520253636179 -0.356355569439674 0.83876619372815187 0.41168189222762036 -3.6465723900935352 -0.93380725351781291 -0.30469277887830698 -0.18752686148105435 4.7197738510490366
-0.065665518284171664 -0.44984116795280088 0.8906912839605714 10.518799441985136 -0.34822301451048027 0.84683108274893493 0.4020172253218765 -3.6524549431329731 -0.93510896256730691 -0.28376053443903465 -0.21225264950329481 4.741104800707129
-0.10019416219899102 -0.44625525493488288 0.8892791335144693 10.487526254894071 -0.33896985708892918 0.85561877265199193 0.39117253465780261 -3.6535524554646588 -0.93544671993991912 -0.26224561641427219 -0.23699508607805631 4.756055919573809
-0.1361469959760544 -0.44193543696597626 0.88665498647466479 10.453277116537675 -0.33119607114772531 0.86379788953708592 0.37968719821398683 -3.6530270496743591 -0.93368793391743432 -0.24196337653654951 -0.26397076821501453 4.7892282814286222
-0.17164447963241991 -0.43685945879196086 0.88300169075472978 10.416139295349073 -0.32222880765426565 0.87189875710913034 0.36872910499344103 -3.6578826446462855 -0.93097087394258837 -0.22123826661667009 -0.29042531097517155 4.8185469895320852
-0.20684822360903632 -0.42998284535086617 0.87882226024023724 10.369088212596663 -0.31364552182201311 0.87998370422077066 0.35672842183780135 -3.6583499104244575 -0.92673636975721596 -0.20185002603384605 -0.31688525992755245 4.8498008091372053
-0.24287817636822839 -0.42171881764363839 0.87359225631257498 10.322099856924748 -0.30606370587583631 0.88787320843602813 0.34352026677775949 -3.652404357564691 -0.92050812021925899 -0.18394130745095061 -0.34471784987673848 4.8963769865508331
-0.27543941285340057 -0.4147823656914022 0.86723048779342282 10.265330757408272 -0.29721522932246786 0.89467043815956726 0.33350849245882908 -3.6644007710676125 -0.9142189219797231 -0.16589272496047527 -0.36970713612185158 4.9278099898724301
-0.30910544727980538 -0.40589157447471974 0.86006153979374367 10.210030343338481 -0.28980640551057174 0.90153880224982741 0.32130987436272285 -3.6602354555376464 -0.90579582124615388 -0.14993271093520499 -0.39630053293507794 4.9785648403383185
-0.34105765186906378 -0.39563487341074466 0.8527325049761062 10.150879662230977 -0.2815572385817765 0.90846935656840244 0.30888339155480254 -3.6531973959465094 -0.89688639163707096 -0.13474596512495987 -0.42123428799039853 5.0267377783288048
-0.3719689007564102 -0.38524637257511479 0.84452612114000614 10.084010540383206 -0.2735769566475002 0.91489626992337536 0.29685091219631787 -3.6475582991526116 -0.88701453520309359 -0.12062357853259893 -0.44570748999812682 5.0794484659433996
-0.40166603691695579 -0.37753017118925236 0.83434726860536979 10.014915821574339 -0.26756118051155187 0.91969840009171511 0.28734277014047943 -3.6597371969615611 -0.87582841325838023 -0.10782310842557548 -0.47042402980582865 5.1430101654361007
-0.42957866733020933 -0.36749576744687462 0.8248690983928505 9.9371307109674181 -0.26132004460675207 0.92495356219647795 0.27599409788394247 -3.651125233236848 -0.86439227371693139 -0.09699365282676374 -0.49337432893270261 5.2060552108607299
-0.45431115249787402 -0.35986412180342325 0.81492281263608335 9.8623121209275375 -0.25425550216757925 0.92910671811502499 0.26854207486172377 -3.6483828440663157 -0.85378891790276024 -0.085196949430003388 -0.5136009769015788 5.2593094144083858
-0.47682216540475553 -0.3520616678117427 0.80541492700119166 9.7704860757864616 -0.2485284065791887 0.93289560941051786 0.26065190017682188 -3.6397379215169621 -0.84313359184765624 -0.075883884983523386 -0.53232262989457624 5.3128825612486388
-0.49836934295693402 -0.34284783556946619 0.79629351350240585 9.6761245264035018 -0.24135941001929828 0.93704061571583097 0.2523896188317431 -3.6143156412361939 -0.83269059871948248 -0.066409684114807979 -0.54974186729769947 5.3637255617391508
-0.51866948266363533 -0.33329711334167728 0.78733411077606863 9.5759560757964532 -0.23438432452392594 0.94103583154919468 0.24395809508597704 -3.5799853909279777 -0.82222013850969411 -0.058005154759045094 -0.56620618669392808 5.4187204781257243
-0.53553201875558609 -0.32625973792549096 0.77894803440047056 9.4733293410035859 -0.22899177337839266 0.94390554436702589 0.23791824444167251 -3.554799136351571 -0.81287651252363391 -0.050959854022343078 -0.5802024376589916 5.4682378500776965
-0.55078318433825268 -0.31989178016687131 0.7709131811247516 9.3622039062254103 -0.2239820301322219 0.94640801264413976 0.23268846937658563 -3.5328221655951308 -0.80403354036262842 -0.044509803241981269 -0.59291562923176278 5.5127738136860778
-0.56538251351331859 -0.31053568007470794 0.76414017353748698 9.240959966986015 -0.21903388689980327 0.94968586456697646 0.2238770087151396 -3.4773289612638174 -0.79521492051075493 -0.040796446440997162 -0.60495361818478322 5.5604341439438061
-0.57827635542006517 -0.30282602387233387 0.75755716353801295 9.1191983741221652 -0.21339426777306386 0.9523768322051519 0.2178101374143955 -3.4362954165582735 -0.78743846949694107 -0.035703903771893294 -0.61535834114096732 5.608292715858088
-0.59040424940954939 -0.29461086584026058 0.75141683505761236 8.9874008180803209 -0.20921816705432875 0.95504075906450592 0.21005929424788464 -3.3924611965252178 -0.77951945508343401 -0.033190152972596546 -0.62549806785639395 5.6683321893256009
-0.60149727372108264 -0.29056471208067408 0.74415937661201348 8.8639964060928857 -0.20786204142039438 0.95634872520190739 0.20540323157446383 -3.3670028041374427 -0.77135880201281926 -0.03113300335916103 -0.63563852515339825 5.7397627794834261
-0.6125251156433078 -0.28227186309208724 0.73833297231850237 8.7283365585427504 -0.20642900013226559 0.95877387942005832 0.19529392219473854 -3.3039619378505014 -0.76302034744202307 -0.03279090496362478 -0.64554217983112538 5.8176251667965468
-0.62252667806778739 -0.27739007583679043 0.73178909592938413 8.5968760559721868 -0.20525687562218106 0.96021362108077035 0.18936582822878922 -3.265689443600877 -0.7552020591230576 -0.032319463458022543 -0.65469481606171254 5.8945381325848443
-0.63079735246282276 -0.27033747283852338 0.72733235243949856 8.4429825195850512 -0.20252424724977133 0.96221692378876789 0.18199593635681544 -3.2265810709191323 -0.74905182023796446 -0.032499882365343326 -0.66171378121090374 5.9636263549389836
-0.63704180839553248 -0.26577544857607294 0.72356143159398556 8.2875808015162207 -0.2010470201238464 0.96347744923733514 0.17689347220980209 -3.1995924856903835 -0.74414906440542694 -0.032781332268617985 -0.66720877856876482 6.0268695785522368
-0.64492984214509352 -0.26010248094459326 0.71861825618138342 8.1366662499952955 -0.20138443968690753 0.96490819981642473 0.16851253181593631 -3.1536633098215172 -0.73723117552277673 -0.036039774326348646 -0.67467868537831466 6.1160691037605108
-0.64980976436937676 -0.25339544336147707 0.7166156706449115 7.9641385571018368 -0.19928976005000587 0.96661057417322616 0.16108255472184793 -3.1180105079763702 -0.73350587023515146 -0.038141148123077249 -0.67861210654572579 6.1816629794702243
-0.65651465414927412 -0.24700645038125685 0.7127245767877739 7.7986648324130021 -0.1995858315627187 0.9680732425580969 0.1516564963411399 -3.0760974910762577 -0.72742972494027058 -0.042685015088480507 -0.68485325782989381 6.2761025132883228
-0.6617272393450242 -0.23953584062617325 0.71045030914507046 7.620598963175012 -0.19835202033951324 0.96975835486872131 0.14221536200264875 -3.0384973044101398 -0.72303079929975811 -0.046811475279290492 -0.68922793693097639 6.3634393516818157
-0.66538958085137456 -0.23615330169326548 0.70815840303833344 7.4450069158623178 -0.19961047644468427 0.9703852791323988 0.13604435944449353 -3.0423064626904166 -0.71931381426186958 -0.05083333692082323 -0.69282292721122896 6.4530856667419858
-0.6708407396837015 -0.22861505254430534 0.70548413145214539 7.2661331441929091 -0.19906128388392555 0.97189706488513583 0.12566105413429124 -3.016005713320256 -0.71438596517506325 -0.056136022461718553 -0.69749655177862357 6.5562784969779111
-0.67582758532070364 -0.21982825257206995 0.7035144734052724 7.0878514139339419 -0.19850348368750093 0.97350591574308454 0.11350153733383761 -2.9932690125864156 -0.70982634628725461 -0.062942603889009158 -0.70155882628056077 6.6607112303082943
-0.6805636246039044 -0.2126512403664185 0.7011509130255914 6.9221839114020396 -0.19730158679297086 0.97479623016418693 0.10413641777334769 -2.9924541415115531 -0.70562400520034219 -0.067466729788193555 -0.70536728280854866 6.7614069601934759
-0.68652748577551304 -0.20195909728740641 0.69849304527504696 6.7617989199257735 -0.19528157523170131 0.97656975785969169 0.0904246338609596 -2.9730814777164309 -0.70038926151803482 -0.074323825632963303 -0.70988087119847276 6.8726126244492951
-0.69320573019282916 -0.19360838980956091 0.69424895176238877 6.6333495145174428 -0.19593324065393547 0.97759054245678023 0.076986339735730075 -2.9695332669151728 -0.69359641062701116 -0.082659075088022588 -0.71560568504653377 7.006297431937484
-0.69762521472830863 -0.18396108310805376 0.69244305157680164 6.4911921148490404 -0.19485476789770939 0.97876052155601134 0.063713898569577723 -2.9679720025908081 -0.68945680009904264 -0.090477407926599945 -0.71865371316933491 7.1116839173111197
-0.7046027545065181 -0.17312165584186556 0.68815975661208106 6.3700510652881119 -0.19350145675493513 0.97990582411361293 0.048391756549427956 -2.9548610984658219 -0.68270941444771804 -0.099062950424423507 -0.7239436354286588 7.2385660385616211
-0.71057496364818973 -0.16461794438012023 0.6840936729896262 6.2695255234652745 -0.19390075632530451 0.98041373543171262 0.034516721647785041 -2.9583661619133719 -0.67637690508535908 -0.1081195623599145 -0.72857699833459733 7.3596106483916621
-0.71790165634256331 -0.15269487229037959 0.67919179014239395 6.1719260876677593 -0.19222225727953829 0.98119691000134746 0.017413431889399689 -2.9376780703025189 -0.66907982754448969 -0.11805464743089294 -0.73375423991483979 7.49311554945373
-0.72493777451862407 -0.14299628206255785 0.67380804862532662 6.0913213247804725 -0.19221747536354014 0.98135126742185907 0.0014601692975898331 -2.9323254502425073 -0.6614511812982512 -0.12845915010537856 -0.73890498815027117 7.6269947215800427
-0.73045665461946818 -0.13260843642019043 0.66996125135139561 6.0114008839925566 -0.1909309573269955 0.98150508042276696 -0.013897720622277471 -2.9183229205619265 -0.65572741688626424 -0.13806802560509857 -0.7422659732529695 7.7317214533944769
-0.73809835630311738 -0.12195170154483256 0.66358013752142719 5.9269170734525343 -0.18893188365014049 0.98153905853196255 -0.029762726968446916 -2.9194945593502286 -0.64770020824687546 -0.14733926518925164 -0.74751293043695588 7.8584875310306375
-0.7481007618641311 -0.10610520213673101 0.655047277818808 5.8993074370207061 -0.18401742829509318 0.98159070996220599 -0.051159204446048767 -2.8464275016860499 -0.63756006476407179 -0.15881235529837037 -0.75385396438741181 7.9808886936630525
-0.75356945141669707 -0.095613842385405295 0.65037764032586309 5.8329929025234115 -0.18179148537964065 0.98109255877798374 -0.066402160762525808 -2.8425166067177132 -0.63173169758608971 -0.16827175715124418 -0.75670316373742663 8.058972788308612
-0.76186480561940084 -0.08565317379827854 0.64204793573127805 5.784432924495289 -0.18127942206777667 0.97980348091668079 -0.084397333597266783 -2.822647827861132 -0.62185190286215775 -0.18068943688505243 -0.76200494637822214 8.1744821222297777
-0.77048479049443563 -0.074093296010431506 0.63313771890723491 5.7565831795784446 -0.1791837630597517 0.9783496429298234 -0.10356232536416762 -2.7908631148771703 -0.61175678718956039 -0.1932411955701929 -0.76707983525974011 8.264300722926075
-0.77850021878431419 -0.067254704174894445 0.62403061953651162 5.7387643461052615 -0.17797851585803948 0.97708644437087144 -0.11672929417955726 -2.8012952199117271 -0.60188126507289175 -0.20193782457240511 -0.77263190314743024 8.3322565629499703
-0.78907476573367652 -0.053745594324766617 0.61194152104022226 5.705017778739589 -0.17368747004198501 0.97503749939046169 -0.13832764558399011 -2.7390261011323824 -0.58923142892479663 -0.21543742913679839 -0.77871242271724994 8.4171610343079308
-0.80035023754698087 -0.046436329434601256 0.59773168275333499 5.700892242689811 -0.17302912926205757 0.97246236476829562 -0.1561341395597661 -2.7114467780279998 -0.57402126936665543 -0.22838698828500612 -0.78634532229599929 8.4908563518364915
-0.81093948744111111 -0.033240529128499036 0.58418508619444065 5.6688944760097115 -0.16707840413066671 0.96997333865604463 -0.17673858992759836 -2.6471193297211131 -0.56076907420247257 -0.24092901344525439 -0.79214345664052477 8.5318845943867281
-0.81884865485931946 -0.023284356816465401 0.57353702510189186 5.6053146875109361 -0.16315616679725603 0.96740551486227733 -0.19366629817827899 -2.6267580403322692 -0.55033348587116759 -0.25215949028679374 -0.79595769095297708 8.5354819810670648
-0.8279436654946859 -0.013206856685182121 0.56065574616133296 5.5497489422778079 -0.15772851295820967 0.9648519617110729 -0.2101961183806357 -2.6061168952832863 -0.53817376651711279 -0.26246194184832095 -0.80092616770461 8.5060457620308405
-0.83690362495107373 -0.0062510097310540663 0.54731457811855788 5.4844122729391662 -0.15517080322958218 0.96162091449451759 -0.22629016468201635 -2.6131097705031321 -0.52489460310507963 -0.27431030181907146 -0.80575400337019198 8.5020574263722484
-0.84920971084144892 -0.0021234462155901987 0.52805147285918297 5.5015990838392748 -0.15217621287727823 0.95855199203408159 -0.24087440462162713 -2.628791471850811 -0.50565330736277425 -0.28490975684181741 -0.81433479798509434 8.5218202685219993
-0.86055992844302609 0.0036765096840971701 0.50933593318621972 5.4993016173511009 -0.14864796678564446 0.95462976078853645 -0.25804224806669857 -2.6308909766094062 -0.48717593488249039 -0.29777256941055602 -0.82096961294435733 8.526871591845909
-0.87480990506404166 0.014384092361400364 0.48425275207145918 5.5193192363933372 -0.13909811640869443 0.95001602277626807 -0.27950182553950265 -2.5712067740553275 -0.4640682536151301 -0.311869611144305 -0.82908262654050602 8.5540735870767914
-0.88662828048415032 0.021310996058051295 0.46199148660200773 5.5286613091414285 -0.13377707552740351 0.94441641747691496 -0.30030205537659055 -2.5389095256442102 -0.4427120805998575 -0.32806016498057672 -0.83449538155933656 8.5602299918818314
-0.89558800037235287 0.0308033562094173 0.4438167266285557 5.4681602663665307 -0.12519483681936486 0.93983464884484424 -0.31786331286334518 -2.5413758628319179 -0.42690559427445196 -0.34023813142698162 -0.83784821268547982 8.5439866143216392
-0.91351556490098074 0.050670277704352805 0.40363577101268711 5.5569641765141791 -0.10334372916682383 0.93075639658522502 -0.35073152675170449 -2.2705692303364073 -0.39345823962084814 -0.36211193459074387 -0.84502399995586686 8.625784434334193
-0.92225192110155008 0.058660028343647745 0.38211306585776778 5.417938823547102 -0.087810708613508176 0.93079891001639359 -0.35482766037202806 -2.3936231111363133 -0.37648462581796599 -0.36079411052152188 -0.85328010426570366 8.6443663436376799
-0.92856937462968503 0.066127427990519835 0.36522059055753442 5.2810911814615178 -0.080248611051823418 0.92495620846395776 -0.37150527970438402 -2.3903599001076978 -0.36237974132681416 -0.37427687036649498 -0.85357937380455318 8.5847393256543931
-0.93406013230626339 0.070178969226972476 0.35015222620204123 5.1358458457676326 -0.078414282167605306 0.91626674132545016 -0.39281860838430216 -2.3072194122528495 -0.34840044429958034 -0.39437313678682551 -0.8503452001350833 8.4823868283131265
-0.94110061581827154 0.076915566031214896 0.32926224595080505 5.0392403968299577 -0.070549908044892362 0.90768417808429036 -0.41368120978635642 -2.2200625493589063 -0.3306846554972393 -0.41254506245687156 -0.84879575285290421 8.4275678287676055
-0.94274496572884159 0.079039937864799611 0.32401329882468455 4.7689915483530605 -0.072655902995983027 0.89950613882874308 -0.43082458839908888 -2.1962077454403839 -0.32550430005264758 -0.42969919063425599 -0.84226216596467274 8.3057923199527419
-0.94275941250621487 0.07847477302158011 0.32410862396756573 4.4653861349499024 -0.075431999384654849 0.89654149034677333 -0.43648982755113547 -2.3610936188902585 -0.32483026890942734 -0.43595305491073005 -0.83930341969649569 8.1012906747942104
-0.9503260653337382 0.073779893420880635 0.30238534500550662 4.3976210500684916 -0.072128349926135052 0.89285403055907364 -0.44453254239858497 -2.418909949224795 -0.30278353767044336 -0.44426141790754259 -0.84318083580839942 8.0008755796719946
-0.95522937679328157 0.073572999292226771 0.2865725937459222 4.1187962788437726 -0.066969548342906485 0.88968283374942625 -0.45164093583989706 -2.5758263749795867 -0.28818729553168454 -0.45061232684729891 -0.8449240282933117 7.9312225267607115
-0.96243505734058354 0.068747924151423001 0.26266420259848394 3.9951114093421687 -0.063145207694741759 0.88421115726199784 -0.46279942968697191 -2.5982492999017932 -0.2640671186403471 -0.46200038127502524 -0.84665471389151059 7.8207643647701701
-0.9683531452321319 0.071027325976517536 0.23926409066899856 3.9021842650959124 -0.055714891510293123 0.87294318241257995 -0.48462980835210012 -2.4959078554543148 -0.24328591612140954 -0.48262337204493377 -0.84135999653712057 7.6772483724055647
-0.97174344392411194 0.06744801985312765 0.22619779797424755 3.7429108680339569 -0.055322756298410491 0.8665301222157793 -0.49604933215180663 -2.5238437011080874 -0.22946475072667064 -0.49454657203401869 -0.83831355486079806 7.5075303759380336
-0.97638561667928569 0.065986669567685508 0.20571068757158736 3.5444995460359348 -0.049187032285572765 0.85929933426903249 -0.50910243564506286 -2.5839073318459698 -0.21036103107930462 -0.50719859381130239 -0.83576182195592574 7.3003593419130945
-0.98048297267749529 0.058595443844256002 0.18766916169204867 3.4952957542862459 -0.050390546276837554 0.8477704933817003 -0.52796399820183781 -2.5150505518699835 -0.19003666260862284 -0.52711646200061235 -0.82827187707451055 7.1450366013607152
-0.97908008054570728 0.058574499797756113 0.19486206365543018 3.3699433593371162 -0.052819529491133263 0.8516761567956449 -0.5213998669448765 -2.6288891158235357 -0.19650010988023786 -0.5207847462428622 -0.83076528267484262 7.148223232228899
1 0 0 0 0 1 0 0 0 0 1 0
