0.99995431054534389 -0.0013459703948525326 0.0094638884969137308 0.22002636985570498 0.0013420142944153151 0.99999900945818743 0.00042435866608373093 0.0092836047177947776 -0.0094644502967378124 -0.00041163860372408812 0.99995512636029849 -0.13556532539831731
0.99992918368714445 -0.0042483300420206125 0.011116622806186024 0.37781008564089597 0.0042419168568542517 0.99999082277910778 0.00060041564158042722 0.0076057742427291346 -0.011119071550290781 -0.0005532173326856587 0.99993802817896782 -0.22506249631268316
0.99988645572297907 -0.0069831626171894196 0.013353317999689284 0.53273390254349073 0.0069676464566980094 0.99997499583668692 0.0012081408330668775 0.0036578149429959813 -0.013361420755047022 -0.0011149624567437506 0.99991011060701185 -0.30877134603084955
0.9998253360160867 -0.01062205272125334 0.015377563406020816 0.70995990917264651 0.010594348569172265 0.99994210736275968 0.0018819408380954584 -0.008433723076331695 -0.015396663233121442 -0.0017186968639432553 0.9998799872196541 -0.41681791630416709
0.9997163875006676 -0.010731805172041205 0.021259654756472821 0.83542360545677885 0.010641795156753042 0.99993394542133762 0.0043424635817719106 -0.02082826095787748 -0.021304852932061635 -0.0041149911138005498 0.99976455732821246 -0.50430743490821239
0.99961963425788369 -0.01505606627131858 0.02310631243985941 1.0100395090127212 0.014921993454032249 0.99987087446783685 0.005963933457120655 -0.034303034688148451 -0.023193122202337428 -0.0056168727381708996 0.99971522436299365 -0.59533436851883592
0.99954606023431225 -0.019377171644540656 0.02306943192023889 1.2063712768565735 0.019279794668691001 0.99980428646914243 0.0044360202278626555 -0.03082617425945039 -0.023150874445636849 -0.0039892326313342823 0.99972402343617583 -0.71017293413562343
0.99937031215432248 -0.020582649316474706 0.028902140607349313 1.3497790601905102 0.020431518662843488 0.99977604550180488 0.0055146972630192928 -0.034668103087362796 -0.029009174922804078 -0.0049207100999649955 0.99956703346119324 -0.80811633307267317
0.99919952998216488 -0.025391650197158236 0.030912188270743015 1.5410810217142652 0.025303742533678932 0.99967458533174003 0.0032317264121221904 -0.016744941101177822 -0.030984187857841225 -0.0024469454588679504 0.99951687957768443 -0.93595347440132459
0.99904025061061474 -0.028318442115283858 0.033416216064111062 1.7209740144843282 0.02825754513255075 0.99959804510661687 0.0022933299177664364 -0.0026310912673803439 -0.033467727783073262 -0.0013468686621875157 0.99943889114935136 -1.0568323899075454
0.99894059956711689 -0.031624978520459021 0.033429616660522944 1.9232822793362681 0.031409406883695423 0.99948240981541081 0.0069542525690186397 -0.039074580503857509 -0.033632241907185938 -0.0058968807991803141 0.99941687953583047 -1.1856599044416805
0.99874085135008084 -0.033447034420704611 0.037389941601665831 2.0909067146501261 0.033413848624174583 0.99944045733299158 0.0015122718476768271 0.0031544827807990015 -0.037419601342565452 -0.0002610258238767244 0.99929960737552714 -1.3346124470125584
0.99859180395347358 -0.036430072100576055 0.038564996093532464 2.2868273064224494 0.036348871361096428 0.99933522520243567 0.0028048565688365613 0.0090288333936773754 -0.038641540183095804 -0.0013991126988602543 0.99925215729361028 -1.467386261383359
0.99837791771265227 -0.038000815241741391 0.042396597324686695 2.4498494144266552 0.03768736792681001 0.99925619282144107 0.0081684396764707349 -0.025065381124824721 -0.042675469798208999 -0.0065573736329359866 0.99906746775607713 -1.5821116977536267
0.9980780325970513 -0.043071328153507976 0.044554478319157383 2.6270321637110086 0.042538107434919696 0.99901223213133716 0.012847936325281183 -0.048743726961519608 -0.045063846518630248 -0.010927979825021715 0.99892433597039232 -1.6902460687233578
0.99776577204891193 -0.045816594397579548 0.048624107245751773 2.7726190130591486 0.045345923882443108 0.99891361272989576 0.010739715552825215 -0.036106941387001809 -0.04906333982604897 -0.0085108155141327482 0.99875940781771766 -1.835428294775475
0.99778145240899319 -0.050289825790686991 0.043624610606198599 2.9959522574490953 0.049734327344722919 0.99866813912192831 0.013727512021948133 -0.037854747815873252 -0.044256862882134422 -0.011527416219046571 0.99895367698564719 -1.9195118532224877
0.99751257324274967 -0.054465771336599751 0.044745345851130394 3.1544588708808488 0.053612112811513513 0.99836027336539757 0.020062550327764564 -0.073850844992746287 -0.04576469799434485 -0.017613753673699609 0.99879695038531657 -2.0115689299319905
0.99729803820825147 -0.056416312762676939 0.047051276712082063 3.2878898108883563 0.055455622644231671 0.99823006873197206 0.021480311834398649 -0.069635157708498666 -0.048179839176917975 -0.01881301500627271 0.9986614909784296 -2.1122518347613073
0.99694327682178052 -0.062581601546490367 0.046772277555482272 3.4470605426974785 0.061311290616605098 0.99772252728765953 0.028119107127567013 -0.10362140545945701 -0.048425493727756126 -0.025165486099054651 0.99850972447273711 -2.1955073866510499
0.99669644896831655 -0.066561398988319614 0.04653782094883404 3.5873244368396753 0.06543348736982936 0.99753474329215952 0.025355367393665434 -0.078264180245300782 -0.048110781999156839 -0.022226472724278464 0.998594680821837 -2.309738067639509
0.99633949730503368 -0.069463044963621018 0.049824607317416496 3.680706807728169 0.067838289078452241 0.9971306189723832 0.03359308325623598 -0.13722200747445512 -0.052015119387166027 -0.030090099570025033 0.99819287377891297 -2.3854563097080366
0.99606049997990342 -0.073080338567696065 0.050226929974026405 3.8010956216165082 0.07124555314422143 0.99675739857693924 0.037399993840996071 -0.15237995840739355 -0.052797268271746391 -0.033674211155772273 0.99803732193043648 -2.4612628838163935
0.9957761985831054 -0.075624887819257705 0.052063794307604931 3.8933589975305369 0.073878248673457311 0.99666355502740911 0.034695279982578167 -0.12208611601728447 -0.054513912979373524 -0.03070235206708723 0.99804088035973049 -2.5514210932196102
0.99542448077797441 -0.080067927404408837 0.052146237343287466 3.993333742092573 0.078142898458781501 0.99621895163761709 0.037966930591077461 -0.13316688509490215 -0.054989003340310823 -0.033718354040632642 0.9979174725960207 -2.6195234858265781
0.99549189963690332 -0.081039134256989012 0.049280183402532804 4.1073230294066549 0.079325631201770511 0.99620612102241102 0.035788387389236502 -0.098182613173341662 -0.051993480281187672 -0.031717868092907511 0.99814360432349147 -2.6711440201958028
0.99521460706416942 -0.085205844509208373 0.047831474445008695 4.2108988584543523 0.083516863395589072 0.99584618539249603 0.036267183069227792 -0.096416304634270769 -0.050722967329144185 -0.032098895630332434 0.9981967949681263 -2.738648406404574
0.99519099524701926 -0.084222695140669199 0.05001420400735454 4.2589731849769992 0.082349906988519919 0.99586350547706215 0.038397542602612779 -0.10295610928611464 -0.053041265051179738 -0.034094223589623524 0.99801012425705948 -2.7876121881013232
0.99511927260049582 -0.084900409560131035 0.050294669256114921 4.3252593969355981 0.083012125754061861 0.99580391469999008 0.038516885205930239 -0.10765049668037968 -0.053353727862744504 -0.034153827379914542 0.99799143072395724 -2.8520087915466439
0.99523595495010198 -0.083095260912309302 0.050995799714034083 4.3734266790695013 0.080977282628842517 0.99581863017914074 0.042283986167204468 -0.121676059438484 -0.054296166279095573 -0.037953042065887461 0.99780333379145303 -2.8783398576799435
0.99529415231255414 -0.083209092126020692 0.049656795708117568 4.4369767541273131 0.081155094265534231 0.99581444017013687 0.04204106829505036 -0.12140829251965149 -0.052947153343561128 -0.037813327494419686 0.99788113080497376 -2.9163277650524888
0.99556033553499212 -0.080150415577621439 0.04935108096271585 4.4805166943722226 0.078315503769456063 0.99620193316721017 0.03805772225514327 -0.10196766562781255 -0.052213984513636458 -0.034023803970865671 0.99805615101784817 -2.9640243162557152
0.99591841332928766 -0.077127322532974926 0.046881660706172251 4.5300851173420131 0.07548362470849676 0.99650142558117916 0.035876610981870831 -0.091412308210434293 -0.049484708673902617 -0.032191379802241113 0.99825596851403142 -2.9983627433934483
0.99629750144417162 -0.073887978039721025 0.043952876098186426 4.5826795763736836 0.072354513172030413 0.99674648203761673 0.035514433252883781 -0.10035361765090982 -0.046433964290584787 -0.032202752162459061 0.99840215830767509 -3.0263179149949258
0.99685075339804585 -0.067250376293824993 0.042023354674363557 4.6126388182181763 0.065982128045400337 0.99734309537439003 0.030872461638663865 -0.083175473679789294 -0.043987887291262413 -0.028002446274733216 0.99863953896002033 -3.0468214730963812
0.99742490627826053 -0.060729788500459035 0.038150348943262274 4.6557766954388411 0.059621197128008313 0.99778346761101899 0.029554434779804174 -0.093567083489478828 -0.039860622032606728 -0.0272037598655046 0.99883486435964663 -3.0553253956921647
0.99789698605821875 -0.052646375543330542 0.037814869536649656 4.6538600497031632 0.051715461313325439 0.99834415534918219 0.025188460478520448 -0.082761332834423634 -0.039078335136916546 -0.02317987537237106 0.99896725526948493 -3.0624412285810649
0.99847579347825621 -0.042603279608299002 0.035086327886853015 4.670459992165231 0.042126687678680275 0.99901118045565795 0.014212793877900658 -0.024248032466295293 -0.035657145471694629 -0.012713059868098535 0.99928321615325877 -3.0794184263146396
0.99903705464280024 -0.029064890148945064 0.03286632944623287 4.6690561768746823 0.028822710937082652 0.9995539606674162 0.007818634683800476 -0.016728800517467272 -0.033078917528781587 -0.0068638090526403715 0.99942917374890206 -3.0927575627658719
0.99938108883009757 -0.015040004612367687 0.031799961478413581 4.6587209915309558 0.014883294821537154 0.99987592856135632 0.005158974590030025 -0.039779590339571902 -0.031873607013073284 -0.0046824934410342588 0.99948093900341628 -3.0877931030032029
0.99962336349731928 -0.00015287751586248177 0.027442809236143072 4.6843606888628901 0.00026142867477251138 0.99999215665739483 -0.0039519968041813692 -0.017158247885355186 -0.027441989821334067 0.0039576826751770771 0.9996155630753697 -3.1044536977019952
0.99951115659273426 0.016250598517412753 0.02670891039485522 4.681256210649253 -0.01601559680981619 0.99983133386503809 -0.0089891312419080605 -0.037527255236983921 -0.026850484269002457 0.0085569778242498978 0.99960283594287358 -3.0980581282802264
0.99922076776870328 0.033086748792838114 0.021520323279234536 4.7261567169641099 -0.032628966298516804 0.99924083225797788 -0.021286373732364795 -0.012787763652199441 -0.022208282644396275 0.020567600800853778 0.99954177800594379 -3.1370724961124736
0.9985357903698191 0.051345823354116582 0.017025914795054102 4.7608225164958844 -0.050813881633423187 0.99824754418920725 -0.030328039065546004 -0.0084767499693172779 -0.018553295768273716 0.029418479639585104 0.99939498111198766 -3.1612239739107246
0.99718719181020288 0.073732246915190508 0.013463292855722 4.776002126462922 -0.073194520916557759 0.99663780652680745 -0.036819080776540877 -0.03376991641284937 -0.016132780215361069 0.03573007649405794 0.99923125203140617 -3.1752332880308551
0.99546505271584496 0.094822754835138398 0.0076140650716431165 4.8154254986688905 -0.094316842239871829 0.9942405186942942 -0.050893263369526591 -0.0064178967720655662 -0.012396051441451309 0.049944330528860888 0.99867507316278037 -3.2148647510790567
0.99340026556456218 0.11469744923875641 0.00063836853008932947 4.8631368138002875 -0.11443804095531521 0.9914981968735801 -0.061929479077003392 0.000691725155172414 -0.0077360945293416302 0.061447707317379217 0.99808032347445408 -3.2368118811549875
0.99081297368246357 0.13508031638604848 -0.0065543350203421183 4.9112748509027613 -0.13519745098903832 0.98813820712911082 -0.072832224033960211 -0.013488786525042713 -0.0033616110096825031 0.073049241862673947 0.99732266986903895 -3.2883434325552749
0.98785173231051604 0.15476530683627193 -0.01402336518055532 4.9524126729584186 -0.15539725275307298 0.98334030647439186 -0.094305543313458265 0.060401279147048542 -0.00080548613281911932 0.095339086752095556 0.99544452870532485 -3.3601007949053052
0.98438094609003279 0.17426834366357014 -0.024993946700104963 5.0334373641938894 -0.17595757880849694 0.97852831853576894 -0.10733713375813711 0.058745591734667528 0.0057518201244007106 0.11005850362564651 0.99390846779013819 -3.4156694945417758
0.98048627090698515 0.19315616639980096 -0.036570041627629814 5.1077568050164652 -0.19618399622791172 0.97330799096566556 -0.11909405672167922 0.039532874569246028 0.012590162308759131 0.12394454447095372 0.99220927112627144 -3.4631233426343728
0.97564649327983965 0.21366809904672632 -0.049597012011914916 5.1725498086561945 -0.21834730237785918 0.96762229303945724 -0.12661577136113206 -0.011885263727093762 0.020937423314806598 0.13436160710121434 0.9907111500544018 -3.4975475154295501
0.97068198890498136 0.23183387525004237 -0.063478584593683898 5.2427616336810408 -0.23871073077978636 0.96072074793523998 -0.14153738551115536 -0.012221735915999543 0.02817203269290406 0.15254081018960414 0.98789556016850744 -3.5641623425104871
0.96673837615671876 0.24395885503519818 -0.076817895804205089 5.3801055809475704 -0.25308309639346255 0.95582663370481902 -0.14948040881804925 -0.098418480714418541 0.036957521369376252 0.163949758616562 0.98577615018005138 -3.6988946148584789
0.96298078941167742 0.25055510837780465 -0.099449167366294097 5.568164977924579 -0.26432494663791589 0.95005940823700263 -0.1658898532316529 -0.067867972733097512 0.052918066942449118 0.18603563767768527 0.98111692458388033 -3.7459358274699532
0.95927915353585291 0.257469070294157 -0.11616016285026463 5.7149991519537897 -0.27468491078928819 0.94616217383939805 -0.17124643231374334 -0.15069990985588261 0.065815692476934085 0.19618057660575655 0.97835651783305178 -3.8331320009359202
0.95569264007022869 0.26183346860830647 -0.13451695964501764 5.8683577226589341 -0.28335995555139709 0.942076422741978 -0.17944121406072847 -0.21079391993643645 0.079741540651699083 0.2096073673090259 0.97452862362491566 -3.9115856468872119
0.95148760233569474 0.2645797018467228 -0.157063439323638 6.049592989232897 -0.29146918643592667 0.9385971971313446 -0.18461044091698292 -0.33294666245563931 0.098575128505368273 0.22143369867272483 0.97018042710223085 -4.0174624429996006
0.94807279073971029 0.27178240641279161 -0.16520383477234959 6.1668865532368704 -0.2988126403322563 0.93905607472265695 -0.16995497787396929 -0.69405630355559988 0.10894489174203288 0.21049468423441936 0.97150553187944788 -4.219217956382658
0.9440660643719011 0.26392442857337428 -0.19769461829692603 6.2964934975002897 -0.30123066870800208 0.93414556002166038 -0.19139528970575143 -0.68432345910088976 0.13416165745502448 0.24024147996138484 0.96139725450766933 -4.2652156656911355
0.94162038532257553 0.24648309779690308 -0.22934064717229433 6.3713154932798686 -0.2976901869983809 0.92772606003970459 -0.22517750795333769 -0.49875829566095797 0.15726284529358317 0.28030419194804912 0.94694136960348174 -4.2309580918081178
0.94000934525682656 0.22725479595364165 -0.2544360205354208 6.4331678909823742 -0.290498594455874 0.92425206973856988 -0.24772702356249171 -0.40341951373910429 0.17886586440401095 0.30677902356588588 0.93482278173510924 -4.2218884441924889
0.93596878622677637 0.20708478478361533 -0.28474255586458919 6.5579344652533473 -0.28604832003567932 0.91878225737653996 -0.2720579389299918 -0.31697009443749785 0.20527734851644144 0.33608786863139417 0.91918776903572108 -4.244107083723315
0.93359408797452759 0.19655615030574369 -0.29961268110010963 6.5833874945803572 -0.2818295928902656 0.91915463440215162 -0.27518509884867343 -0.47945199087848889 0.2213010607076189 0.34135090132301232 0.91351267243298262 -4.375735031557717
0.92682500767673326 0.17721716274646207 -0.33104302193690383 6.7648162190448273 -0.27654728221627273 0.91852837284566125 -0.28253712849162893 -0.60692033928323397 0.25400197999979574 0.35341152429652883 0.90032399093359017 -4.4164566031040327
0.91457101347674086 0.1479363127328453 -0.37639700939717474 7.0464717976102635 -0.27649951940357831 0.9079237483636089 -0.31499600462063693 -0.45299673002437935 0.29514043619558011 0.39215980739028306 0.87126506207347643 -4.3361618055303133
0.91263460241484029 0.12657556496113459 -0.38868587423506407 6.9837123851546741 -0.26701131219949953 0.90456286333563252 -0.33237175787293238 -0.40158672532212114 0.30952066430629127 0.40711749241319933 0.85933247683221003 -4.4193912644365518
0.90779623882344429 0.10634434939965606 -0.40570539573534387 6.9893145659898295 -0.26193002528292625 0.89923737828628247 -0.35037808057596725 -0.37168184766010842 0.32756472739489784 0.42433832827541895 0.84417908794469021 -4.4873098317804656
0.90779623882344429 0.10634434939965608 -0.40570539573534375 6.9893145659898286 -0.26193002528292625 0.89923737828628236 -0.3503780805759672 -0.37168184766010864 0.32756472739489789 0.42433832827541895 0.8441790879446901 -4.4873098317804638
1 0 0 0 0 1 0 0 0 0 1 0
1 0 0 0 0 1 0 0 0 0 1 0
1 0 0 0 0 1 0 0 0 0 1 0
1 0 0 0 0 1 0 0 0 0 1 0
1 0 0 0 0 1 0 0 0 0 1 0
1 0 0 0 0 1 0 0 0 0 1 0
1 0 0 0 0 1 0 0 0 0 1 0
1 0 0 0 0 1 0 0 0 0 1 0
1 0 0 0 0 1 0 0 0 0 1 0
1 0 0 0 0 1 0 0 0 0 1 0
1 0 0 0 0 1 0 0 0 0 1 0
1 0 0 0 0 1 0 0 0 0 1 0
1 0 0 0 0 1 0 0 0 0 1 0
1 0 0 0 0 1 0 0 0 0 1 0
1 0 0 0 0 1 0 0 0 0 1 0
1 0 0 0 0 1 0 0 0 0 1 0
1 0 0 0 0 1 0 0 0 0 1 0
1 0 0 0 0 1 0 0 0 0 1 0
1 0 0 0 0 1 0 0 0 0 1 0
1 0 0 0 0 1 0 0 0 0 1 0
1 0 0 0 0 1 0 0 0 0 1 0
1 0 0 0 0 1 0 0 0 0 1 0
1 0 0 0 0 1 0 0 0 0 1 0
1 0 0 0 0 1 0 0 0 0 1 0
1 0 0 0 0 1 0 0 0 0 1 0
1 0 0 0 0 1 0 0 0 0 1 0
1 0 0 0 0 1 0 0 0 0 1 0
1 0 0 0 0 1 0 0 0 0 1 0
1 0 0 0 0 1 0 0 0 0 1 0
1 0 0 0 0 1 0 0 0 0 1 0
1 0 0 0 0 1 0 0 0 0 1 0
1 0 0 0 0 1 0 0 0 0 1 0
1 0 0 0 0 1 0 0 0 0 1 0
1 0 0 0 0 1 0 0 0 0 1 0
1 0 0 0 0 1 0 0 0 0 1 0
1 0 0 0 0 1 0 0 0 0 1 0
1 0 0 0 0 1 0 0 0 0 1 0
1 0 0 0 0 1 0 0 0 0 1 0
1 0 0 0 0 1 0 0 0 0 1 0
1 0 0 0 0 1 0 0 0 0 1 0
1 0 0 0 0 1 0 0 0 0 1 0
1 0 0 0 0 1 0 0 0 0 1 0
1 0 0 0 0 1 0 0 0 0 1 0
1 0 0 0 0 1 0 0 0 0 1 0
1 0 0 0 0 1 0 0 0 0 1 0
1 0 0 0 0 1 0 0 0 0 1 0
1 0 0 0 0 1 0 0 0 0 1 0
1 0 0 0 0 1 0 0 0 0 1 0
1 0 0 0 0 1 0 0 0 0 1 0
1 0 0 0 0 1 0 0 0 0 1 0
1 0 0 0 0 1 0 0 0 0 1 0
1 0 0 0 0 1 0 0 0 0 1 0
1 0 0 0 0 1 0 0 0 0 1 0
1 0 0 0 0 1 0 0 0 0 1 0
1 0 0 0 0 1 0 0 0 0 1 0
1 0 0 0 0 1 0 0 0 0 1 0
1 0 0 0 0 1 0 0 0 0 1 0
1 0 0 0 0 1 0 0 0 0 1 0
1 0 0 0 0 1 0 0 0 0 1 0
1 0 0 0 0 1 0 0 0 0 1 0
1 0 0 0 0 1 0 0 0 0 1 0
1 0 0 0 0 1 0 0 0 0 1 0
1 0 0 0 0 1 0 0 0 0 1 0
1 0 0 0 0 1 0 0 0 0 1 0
1 0 0 0 0 1 0 0 0 0 1 0
1 0 0 0 0 1 0 0 0 0 1 0
1 0 0 0 0 1 0 0 0 0 1 0
1 0 0 0 0 1 0 0 0 0 1 0
1 0 0 0 0 1 0 0 0 0 1 0
1 0 0 0 0 1 0 0 0 0 1 0
1 0 0 0 0 1 0 0 0 0 1 0
1 0 0 0 0 1 0 0 0 0 1 0
1 0 0 0 0 1 0 0 0 0 1 0
1 0 0 0 0 1 0 0 0 0 1 0
1 0 0 0 0 1 0 0 0 0 1 0
1 0 0 0 0 1 0 0 0 0 1 0
1 0 0 0 0 1 0 0 0 0 1 0
1 0 0 0 0 1 0 0 0 0 1 0
1 0 0 0 0 1 0 0 0 0 1 0
1 0 0 0 0 1 0 0 0 0 1 0
1 0 0 0 0 1 0 0 0 0 1 0
1 0 0 0 0 1 0 0 0 0 1 0
1 0 0 0 0 1 0 0 0 0 1 0
1 0 0 0 0 1 0 0 0 0 1 0
1 0 0 0 0 1 0 0 0 0 1 0
1 0 0 0 0 1 0 0 0 0 1 0
1 0 0 0 0 1 0 0 0 0 1 0
1 0 0 0 0 1 0 0 0 0 1 0
1 0 0 0 0 1 0 0 0 0 1 0
1 0 0 0 0 1 0 0 0 0 1 0
1 0 0 0 0 1 0 0 0 0 1 0
1 0 0 0 0 1 0 0 0 0 1 0
1 0 0 0 0 1 0 0 0 0 1 0
1 0 0 0 0 1 0 0 0 0 1 0
1 0 0 0 0 1 0 0 0 0 1 0
1 0 0 0 0 1 0 0 0 0 1 0
1 0 0 0 0 1 0 0 0 0 1 0
1 0 0 0 0 1 0 0 0 0 1 0
1 0 0 0 0 1 0 0 0 0 1 0
1 0 0 0 0 1 0 0 0 0 1 0
1 0 0 0 0 1 0 0 0 0 1 0
1 0 0 0 0 1 0 0 0 0 1 0
1 0 0 0 0 1 0 0 0 0 1 0
1 0 0 0 0 1 0 0 0 0 1 0
1 0 0 0 0 1 0 0 0 0 1 0
1 0 0 0 0 1 0 0 0 0 1 0
1 0 0 0 0 1 0 0 0 0 1 0
1 0 0 0 0 1 0 0 0 0 1 0
1 0 0 0 0 1 0 0 0 0 1 0
1 0 0 0 0 1 0 0 0 0 1 0
1 0 0 0 0 1 0 0 0 0 1 0
1 0 0 0 0 1 0 0 0 0 1 0
1 0 0 0 0 1 0 0 0 0 1 0
1 0 0 0 0 1 0 0 0 0 1 0
1 0 0 0 0 1 0 0 0 0 1 0
1 0 0 0 0 1 0 0 0 0 1 0
1 0 0 0 0 1 0 0 0 0 1 0
1 0 0 0 0 1 0 0 0 0 1 0
1 0 0 0 0 1 0 0 0 0 1 0
1 0 0 0 0 1 0 0 0 0 1 0
1 0 0 0 0 1 0 0 0 0 1 0
1 0 0 0 0 1 0 0 0 0 1 0
1 0 0 0 0 1 0 0 0 0 1 0
1 0 0 0 0 1 0 0 0 0 1 0
1 0 0 0 0 1 0 0 0 0 1 0
1 0 0 0 0 1 0 0 0 0 1 0
1 0 0 0 0 1 0 0 0 0 1 0
1 0 0 0 0 1 0 0 0 0 1 0
1 0 0 0 0 1 0 0 0 0 1 0
1 0 0 0 0 1 0 0 0 0 1 0
1 0 0 0 0 1 0 0 0 0 1 0
1 0 0 0 0 1 0 0 0 0 1 0
1 0 0 0 0 1 0 0 0 0 1 0
1 0 0 0 0 1 0 0 0 0 1 0
1 0 0 0 0 1 0 0 0 0 1 0
1 0 0 0 0 1 0 0 0 0 1 0
1 0 0 0 0 1 0 0 0 0 1 0
1 0 0 0 0 1 0 0 0 0 1 0
1 0 0 0 0 1 0 0 0 0 1 0
1 0 0 0 0 1 0 0 0 0 1 0
1 0 0 0 0 1 0 0 0 0 1 0
1 0 0 0 0 1 0 0 0 0 1 0
1 0 0 0 0 1 0 0 0 0 1 0
1 0 0 0 0 1 0 0 0 0 1 0
1 0 0 0 0 1 0 0 0 0 1 0
1 0 0 0 0 1 0 0 0 0 1 0
1 0 0 0 0 1 0 0 0 0 1 0
1 0 0 0 0 1 0 0 0 0 1 0
1 0 0 0 0 1 0 0 0 0 1 0
1 0 0 0 0 1 0 0 0 0 1 0
1 0 0 0 0 1 0 0 0 0 1 0
1 0 0 0 0 1 0 0 0 0 1 0
1 0 0 0 0 1 0 0 0 0 1 0
1 0 0 0 0 1 0 0 0 0 1 0
1 0 0 0 0 1 0 0 0 0 1 0
1 0 0 0 0 1 0 0 0 0 1 0
1 0 0 0 0 1 0 0 0 0 1 0
1 0 0 0 0 1 0 0 0 0 1 0
1 0 0 0 0 1 0 0 0 0 1 0
1 0 0 0 0 1 0 0 0 0 1 0
1 0 0 0 0 1 0 0 0 0 1 0
1 0 0 0 0 1 0 0 0 0 1 0
1 0 0 0 0 1 0 0 0 0 1 0
1 0 0 0 0 1 0 0 0 0 1 0
1 0 0 0 0 1 0 0 0 0 1 0
1 0 0 0 0 1 0 0 0 0 1 0
1 0 0 0 0 1 0 0 0 0 1 0
1 0 0 0 0 1 0 0 0 0 1 0
1 0 0 0 0 1 0 0 0 0 1 0
1 0 0 0 0 1 0 0 0 0 1 0
1 0 0 0 0 1 0 0 0 0 1 0
1 0 0 0 0 1 0 0 0 0 1 0
0.9992137426857467 -0.039228982345052968 -0.0057431151924703201 0.054408293395289332 0.03928493264351679 0.99917823909476511 0.0099770028905820235 -0.0011755349142683574 0.0053470080546797029 -0.010194776292585131 0.99993373582513323 -0.00110239320726038
0.99809632139282978 -0.061551958061254956 -0.0038845438505162389 0.085082023448301777 0.06161019051724799 0.9979509364080319 0.017265947606799628 -0.0015747172961383478 0.0028138312901591859 -0.017472406278410953 0.99984338642225001 -0.0058451750967081001
0.9963302017338761 -0.085580523977542469 0.0014501822861628165 0.11242260732453598 0.085512895218886026 0.99598905780381175 0.026331378360411543 -0.0067543580368874742 -0.0036978188459740238 -0.026110738227874925 0.99965221726607389 -0.0086394751412711551
0.9937228121379923 -0.11154761388543323 0.0084913175083040603 0.14895280222337906 0.11116938210633892 0.99313124298482014 0.036492501826004768 -0.0076064354418766671 -0.012503644215001422 -0.035319457015821377 0.99929785091205525 -0.0056988639661747524
0.99013666847945325 -0.13908470051189431 0.016876724087507577 0.1928215646459627 0.13816203705035721 0.9892874785739556 0.047133175735154749 -0.0057068903492692967 -0.023251435450417194 -0.04433656301859585 0.99874603374891713 -0.01189838694055346
0.98566583638176763 -0.16654872288255901 0.026914343685460272 0.23703556324645667 0.16473558156686713 0.98454395512753945 0.059459133761329719 -0.0054058675598594296 -0.036401197173397681 -0.054173086749881617 0.99786784170867704 -0.013771755340465659
0.97991791683005169 -0.19554216552685871 0.039040207178222777 0.28295370734254216 0.19229338666059476 0.97850711384618327 0.074478732528228994 -0.010661487279430152 -0.052764853094185403 -0.065475870772973038 0.99645811784764438 -0.012829058412606283
0.97305200316955365 -0.22476088966282937 0.051500889367974222 0.33463267716822098 0.21961475502688643 0.97141746356808911 0.090097007993722528 -0.016507545996768635 -0.07027914699396641 -0.076358718905660553 0.99460051656174342 -0.014605018018377531
0.96509434553636164 -0.25350794786538339 0.065777082504652931 0.3794833247119121 0.24553300637023459 0.96317230258009578 0.10960227335849677 -0.042722174361492296 -0.091139711413500801 -0.089626089458585453 0.99179671157542437 -0.017136587275337664
0.9559920754405582 -0.28236400152857627 0.079685145012255404 0.43617478944192228 0.27115541980355806 0.95404445227634316 0.12756928075319904 -0.047440734054716834 -0.11204414311337385 -0.10034816252180451 0.98862346536610557 -0.020398364123584586
0.94590678398651451 -0.31059864288082162 0.093748808253125052 0.49737922845926841 0.29554527694079896 0.94411454920470539 0.14594761819907337 -0.05194149714521492 -0.13384074598669801 -0.11034582466313748 0.98484031888074952 -0.020697705809289143
0.93471500342488156 -0.33891229153857066 0.10698748065310551 0.56560528022406542 0.31937810722000826 0.93307115122070794 0.16545649394396034 -0.057838635283622299 -0.1559021712516816 -0.12048520823627169 0.98039677049410645 -0.021617325536382348
0.92317281679127128 -0.36609537772958306 0.11715854532514368 0.65509352687145483 0.34205667858212835 0.92146957901557691 0.18409520250733891 -0.052616206721510815 -0.17535443813896584 -0.12987682377502721 0.97590103579772791 -0.042776223797295197
0.9108929836517845 -0.39134840877164728 0.130844928391778 0.72073716969639601 0.36145297645147956 0.90968550675527993 0.20450922867625254 -0.057766838710400371 -0.19906209621200124 -0.13899173267244791 0.97008019261316469 -0.045754494056151222
0.8982920214397403 -0.41556738005352861 0.14274171378105049 0.7987295726965099 0.3794345256422525 0.89745519907670446 0.22495245364483499 -0.061278920930531854 -0.22158719495571955 -0.14791185985457325 0.96385745665322164 -0.047584048323175247
0.88585734498438506 -0.43734685821394614 0.15486926727923359 0.87323532866600662 0.39459521661678859 0.8857784063246531 0.24431788700810986 -0.063008503703534544 -0.24403151304773299 -0.15532012264786671 0.95724828552486096 -0.050366831576899924
0.87863799868202364 -0.4481836555478948 0.16470178557554935 0.95935999466328292 0.39842599662582101 0.87826031795620774 0.26441546686262929 -0.064814264360343349 -0.26315773308943358 -0.16670400356076306 0.95024090772395375 -0.050495884365072956
0.87186280550195439 -0.45862199453720648 0.17181709609051035 1.0607180627549793 0.401584779769941 0.87028053625827362 0.285204230100361 -0.077491268077760772 -0.28033000738306463 -0.17965982950210727 0.94294084258975897 -0.062667089654530703
0.86494989017952439 -0.46775726479704116 0.18183736884375373 1.1449566132789479 0.40313014689233884 0.86338752489331394 0.303394242735683 -0.07659579318833673 -0.29891097695633378 -0.18911669172283013 0.93535399970643307 -0.064114814813990728
0.85777954502456411 -0.47789918375844315 0.18927921782505758 1.2389604651697512 0.40569765612753894 0.8555599016796176 0.32160016550148779 -0.081059524709928651 -0.31563216558214235 -0.19907190861841098 0.9277643619200675 -0.069522722435427439
0.85090997347407882 -0.48710776102306025 0.19666785755034699 1.3353517522240783 0.40753835000717847 0.84835592292112927 0.33794189044577694 -0.08272634773617496 -0.33145845941198854 -0.20740843086948091 0.92038960907242473 -0.075168672056226044
0.84402657890914246 -0.49600173318796525 0.20396424875321606 1.4339415000243689 0.40916499726557065 0.84141601991232917 0.3529916237640216 -0.083147747260448865 -0.3467032435781281 -0.21447928130574653 0.91312403252952201 -0.086033496535784196
0.83698096650203069 -0.50550851928332574 0.20958053021525208 1.5411842540712175 0.41153993208838813 0.83388202819197088 0.36779837867387349 -0.08770273550895101 -0.36069065140368073 -0.22158948528850528 0.90598032760075087 -0.091573748462238078
0.83028572529517675 -0.51379698780247185 0.21595895373002888 1.6461577101912499 0.41323572773394163 0.82752423366039241 0.38005246483739585 -0.087663899058514058 -0.37398107932790114 -0.22631018101244774 0.89940083070611587 -0.097124517385208692
0.82361517114267069 -0.52230185974812249 0.22104030665759078 1.7610176994131916 0.41573838371308208 0.82109437225917759 0.39110820517082129 -0.089885673535550895 -0.38577149476246086 -0.23022771151179794 0.89340671291454765 -0.10280149709193873
0.81766901395205172 -0.52896340314718115 0.22718957228189904 1.8705639253884456 0.41700909043640483 0.81628951261796567 0.39971846352567492 -0.089001122187885542 -0.39688890399717885 -0.23209728503555718 0.88803718850228419 -0.11269846598272139
0.81127316302493124 -0.53578100934090012 0.23403966540988255 1.9856988326976694 0.41846753574268941 0.81166117169671581 0.4075427141900041 -0.091239234389679291 -0.40831455580834292 -0.23269046475857308 0.88268588474353371 -0.11479778883679423
0.80550247453190926 -0.54212636937090553 0.23930057073833191 2.1084375240904114 0.42091166503539229 0.80766808263456069 0.41292328407410761 -0.092091957517199785 -0.41713203396539161 -0.23188632544014526 0.87876595195408114 -0.1224262787415428
0.80071084476626886 -0.54712789237793014 0.243953299743562 2.237299183413954 0.42313114162344601 0.80482027467666972 0.41620230952964354 -0.094029013022649835 -0.42405445412367426 -0.23003346463385291 0.87593517173728019 -0.13057639670414697
0.79566535524395698 -0.55171506337083465 0.25005425674085974 2.3606343455333549 0.4253787797443434 0.80281688756790637 0.41777737944866411 -0.10083657573382721 -0.4312418534972241 -0.22604321242960504 0.87346146446582473 -0.14059210112534365
0.79136462533410157 -0.55535946433824401 0.25557365893173672 2.4937609927971436 0.42816395356698111 0.80188709748660192 0.41671658444367798 -0.10150717181039143 -0.4363687186723047 -0.22034733548298618 0.87236998636463836 -0.14828212613192199
0.78777888270164276 -0.55756922508427653 0.26176514513638088 2.6267935385179499 0.43073532363587652 0.80245274181759929 0.41296086754281436 -0.10338230376807606 -0.44030842933294828 -0.21257035632546814 0.8723200849860191 -0.15758346023708483
0.78503005260847902 -0.55858176671195858 0.26779512019167878 2.7650748346501746 0.43286225443416787 0.80389743407387715 0.40789604579550182 -0.1108591772816508 -0.44312310387486947 -0.20429225483699437 0.8728726077875959 -0.16548803084196678
0.78335214842573286 -0.55755103620827207 0.27476581588667631 2.9040109102275706 0.43512828704656026 0.80755660741565638 0.39814030144063772 -0.10808261677170668 -0.44387248773574051 -0.19232568170267253 0.87520743072079044 -0.17329098087063319
0.78191770941058736 -0.55637268028378184 0.28116567419217647 3.0479290827864491 0.43818792567000109 0.81135077508476661 0.38691247274592999 -0.11283043123341399 -0.44339151717993208 -0.17933031088800674 0.87820533025579439 -0.18164292386126207
0.78171734060213727 -0.55333150124523367 0.28764952482425216 3.1963666104737194 0.44121585411105879 0.81668722867936516 0.37195502496009825 -0.11596086559847409 -0.44073412561653424 -0.16384816215543699 0.88255719943543298 -0.19222380627234426
0.78523545773517189 -0.54494726020062667 0.29400299235767263 3.3483932541349772 0.44016645827424267 0.82521105528950667 0.35394943599091711 -0.11977178313514605 -0.43549829497455511 -0.14852339151732774 0.88785248619714185 -0.20289208148213517
0.78951817189621043 -0.53491229986372468 0.3008818500677079 3.501797215023617 0.43885580815016417 0.83477224756451929 0.33250695383547574 -0.11960334689283458 -0.42902987762920691 -0.13047653486578198 0.89381722849298795 -0.21360331616312833
0.79423641028849779 -0.52462961656970553 0.30651637801260273 3.6624090478246329 0.43843824032715234 0.84409351761934348 0.30867141579976792 -0.12340254693615127 -0.42066665424165861 -0.11076957583617818 0.9004274912941086 -0.2266345303586676
0.79980045368311292 -0.51254199398096156 0.3124418965092659 3.8218041431857253 0.43733048884939479 0.85408261045015565 0.28157581225914474 -0.12272006156050561 -0.41117061885674211 -0.088564095053625766 0.90724590010442929 -0.24002525534255825
0.80500918993063864 -0.50105874599787126 0.31764813424016464 3.9891160039570743 0.43693331970013255 0.86292524642556578 0.25386865347497783 -0.12853010247648078 -0.4013097036741558 -0.065575545292565471 0.9135920148493768 -0.25219053216859583
0.81130100832422058 -0.48819753833583956 0.32164240618259493 4.1646563185946794 0.43603495472865689 0.8717713324612214 0.22335680458308113 -0.13013615250213423 -0.38944087118185355 -0.040962268755685566 0.9201401525808478 -0.26567563203347283
0.81780116331949504 -0.47435330820523641 0.32586837261082691 4.3411248379849718 0.4342122620848885 0.88020377120105553 0.1915751357002366 -0.12881359924709371 -0.37770486987647489 -0.015174325625475164 0.9258016910296758 -0.27711370499487847
0.82470978220911006 -0.45970423691135087 0.32943252677043711 4.5238679843591001 0.43154276148399662 0.88800165720995738 0.15882034442455936 -0.13051522834620122 -0.3655470149507018 0.011183530664410923 0.93072568918157061 -0.29419879346573841
0.83128467377415749 -0.4458172497289149 0.33198308841315827 4.7144756264404339 0.42918202853961251 0.89433963743005729 0.1263305161079338 -0.13281345344920467 -0.35322595817240804 0.037464553455500094 0.93478758534095019 -0.30750751891262251
0.83796580607093751 -0.43183939071366789 0.33365858071377702 4.9118245397407545 0.42628685922426263 0.89970616774824963 0.09385267906923235 -0.13464474142543961 -0.34072396673641508 0.063588932557534825 0.9380104616408047 -0.32113307563110283
0.84500077892188563 -0.41703272631137095 0.33474974056257589 5.1124442229443643 0.42238086754532528 0.90439736541874971 0.060496348280560212 -0.13491342170213533 -0.32797574049472789 0.090272424410390309 0.94036312296793378 -0.33694736230388889
0.85193679142319989 -0.40213897584937325 0.33539222937086732 5.3196918147051031 0.41741547137330665 0.90826148430297171 0.028729782281855829 -0.13782292129333798 -0.31617720929526766 0.1155219469822934 0.94164040487209166 -0.35125540012735407
0.8579837016027696 -0.38909348649275977 0.33536581005361621 5.5312746324028597 0.41385987795257545 0.91033682405251093 -0.0026207241493793904 -0.14149298871108576 -0.30427613972358886 0.1410429918248205 0.94208434083791814 -0.36717771314302783
0.86363469729566045 -0.37706221308191706 0.33460304405788055 5.7507700156453092 0.41020845516389043 0.91144139462183626 -0.031679764548630099 -0.14621180513102475 -0.29302582299020585 0.16461674166247231 0.94182652087597507 -0.38661760999774264
0.86902491440322094 -0.36718549602659717 0.33161801768627758 5.9849246527420075 0.4072689465051641 0.91146137562216256 -0.05805313050584731 -0.15163753861058299 -0.28094074706074285 0.18550733747390413 0.94162589407062014 -0.40048817139911658
0.87429684453259515 -0.35697595590104336 0.32889693605882608 6.2243435697005154 0.40329881447955612 0.91129834941874399 -0.082978217539648833 -0.15533804760352299 -0.27010200643410953 0.20519133815833712 0.94071325113716731 -0.41653245932223026
0.8787139933070629 -0.34888078969948355 0.32579734889194506 6.4676253066004179 0.40030929762372758 0.91036612908931291 -0.10481401262683504 -0.16281432696487513 -0.26002727588149854 0.22252124749247015 0.93961168054257493 -0.43413149130581452
0.8831685895709751 -0.33999774847722924 0.32313274892159927 6.7144151108120873 0.39605787519215108 0.90962472236459546 -0.12538350753353181 -0.1601651093067511 -0.25129942676713973 0.23871404544673844 0.93801076892163637 -0.44423581556970204
0.88606520716160353 -0.33494840318763808 0.32046531147647811 6.969601105310522 0.39394823357467229 0.90844852798268916 -0.13973568359399327 -0.1690552146705753 -0.24432199639217947 0.25006167080969566 0.93689696491706242 -0.45955887159566894
0.88850996477186572 -0.3310545912198084 0.31773086115985555 7.2279017636039447 0.39179157464805536 0.90778287190497775 -0.14976521462191433 -0.18395876671585837 -0.2388501717309307 0.2575521599758705 0.93627852712527193 -0.48100146435224861
0.89045196068437193 -0.32975098696821276 0.31362332870315507 7.5017091730963568 0.39119414162961602 0.90676574270638155 -0.15729917802967772 -0.19121737191146437 -0.23251333137698921 0.26275497035762024 0.93642798777286684 -0.49976615950653347
0.8914902602524678 -0.32907960713508239 0.31137072444725283 7.7704018865601645 0.39072452407949992 0.90635684127266214 -0.16078439775391937 -0.20025902019943578 -0.22930211982848195 0.26499790272011986 0.93658776918989417 -0.51091348869586961
0.89156680850943082 -0.33156652634308609 0.30850002361926571 8.0539331264855036 0.39168840294529078 0.90647813112289877 -0.15772632245159443 -0.22236007897970264 -0.22735175601361743 0.26145943548611211 0.93805657752227722 -0.52037312379931733
0.89116188243697825 -0.33514039874863311 0.30579635775788522 8.3418273837265779 0.39360650527042979 0.90632840305970019 -0.15376197454524593 -0.23504841520118513 -0.22562007512670595 0.25739024638447533 0.93959876690317057 -0.5406401617240465
0.89003198417385387 -0.3394802191276724 0.30429631606146701 8.6308602708151536 0.39553812912909647 0.90691007791818978 -0.1451333833943009 -0.25785687903188542 -0.22669948291208539 0.24953414874812316 0.94145634686688617 -0.55526939956265076
0.88854470173494993 -0.34460492050406211 0.3028791207447914 8.9277567477156268 0.39808796490543347 0.90727053161279869 -0.13559555547465446 -0.27274497505175249 -0.2280664052774965 0.24105524518545274 0.94333349540466438 -0.56398839234455667
0.8866992475880805 -0.35100184524918165 0.30093545646600278 9.2221670881207025 0.40054935044635209 0.90827369501840793 -0.12082678839815912 -0.2972664669802404 -0.23092133332314133 0.22767652397486576 0.94595916309689876 -0.56918809230211087
0.88466176718109657 -0.35794702439830189 0.29874317634453323 9.5125633076288221 0.40354168760103576 0.9087873153109215 -0.10611183674819584 -0.31528735220451726 -0.23351159298015051 0.21442841055785769 0.9484159386521841 -0.58438326284846387
0.88231247456272988 -0.36531384203513595 0.29676673339260906 9.7932764870668887 0.40635215683860842 0.9094049204327751 -0.088660111241013667 -0.3349955934151187 -0.23749236169528301 0.19881772433610062 0.95082537336054052 -0.59444045392339484
0.87918631076280973 -0.37340521871418469 0.2959729271475553 10.061968031887815 0.40988441607446779 0.90943186419484723 -0.070202919073052261 -0.3525352452823487 -0.24295307453615966 0.18303613584234357 0.95261302560343486 -0.59017803489678544
0.87536056501949921 -0.38321298496720235 0.2947739631671526 10.327769665862599 0.41376386011174093 0.90918288953706383 -0.04675405264216994 -0.38460022889578893 -0.25008668352028418 0.16289346679827849 0.9544225317961974 -0.58417916974999196
0.87163011277552416 -0.39366574014561395 0.29204148941294816 10.597823777515023 0.41795156343832979 0.90817237653483907 -0.023225527303343142 -0.41354106983769956 -0.25608091909078839 0.14230326607168411 0.95612360254464412 -0.58429738916149754
0.86735268785767805 -0.40429645332099007 0.29024764029726391 10.85233560264246 0.42169383497106472 0.90673375003504164 0.0028663731067421019 -0.44827008313614258 -0.26433619580651047 0.11990948410971961 0.95694727713029371 -0.56143789872583327
0.86249784632185311 -0.41437520217156415 0.29050070036996528 11.085951386220753 0.42535362024846746 0.90461010374827999 0.027474678124568663 -0.46699611316661727 -0.27417469400308908 0.099868673876253422 0.95648025862874508 -0.53790116163185453
0.85688371727979584 -0.427120468542878 0.28864926885836978 11.327208786183826 0.43098854131563263 0.90077238000424775 0.053460234530970187 -0.45781465119266879 -0.28284124931731985 0.078595322845545212 0.95594121310435309 -0.45836767220087993
0.85149673810324256 -0.43851985786043068 0.28749545954954775 11.550159837281194 0.43489835724139936 0.89691814933929215 0.080007826207886573 -0.43774846973494169 -0.29294491609903417 0.056904900033712923 0.95443444430923752 -0.39960165440272721
0.84631491723837671 -0.44913469733828992 0.28640720051465601 11.755679814093138 0.43706201393793209 0.89284581523306028 0.10864228547545804 -0.39236239458816913 -0.30451249043728656 0.033232121022510275 0.9519284475736749 -0.31465545894020225
0.84081065375814135 -0.46024890019818465 0.28497086586731718 11.94794904701943 0.43980413592638939 0.88772293501246635 0.13608935547975268 -0.30990099297537194 -0.31561014962901462 0.01090598547651544 0.94882627120666141 -0.24015389029262962
0.83569451700245923 -0.47107529383590852 0.28231674018633574 12.13603491115374 0.44188483355778968 0.88201077213916457 0.16369114729294088 -0.20338833112836308 -0.32611726130892099 -0.012044308526735966 0.94525259402367245 -0.16891445514854767
0.83059489087662253 -0.48146042811156353 0.27983563642302883 12.307436965882451 0.44326452332701588 0.87578077235310481 0.19111410501653892 -0.087119343870303984 -0.33708854861790394 -0.034697189212229522 0.9408333622121644 -0.10363995624900922
0.8254283252137018 -0.49072014027309896 0.27903731625940886 12.460086507021007 0.44343225356705829 0.86953181079994679 0.21744485853522907 0.036563570943535892 -0.34933639436987296 -0.055750999428850853 0.9353373239806807 -0.047369417814233539
0.82008662418791334 -0.50015502895923325 0.27803394727058212 12.616547058101805 0.44386848753121477 0.86263693642030626 0.24256603575138139 0.16229174939607829 -0.36116297513009848 -0.0755146537446683 0.92944006932399836 -0.005553346393195489
0.81445782230249719 -0.51011862764948279 0.27647322006892888 12.769525666581686 0.44495108824326285 0.85493391222829118 0.26665808593246287 0.29220457430871871 -0.37239358850738846 -0.094164703828116911 0.92328545087180536 0.045687028767305217
0.80930052485072945 -0.51973688360087966 0.27369002959768107 12.924406971692552 0.44516230419944575 0.84667680378533938 0.29149427584719784 0.40416071791857344 -0.38322732600399723 -0.11406998622200235 0.91658325036361987 0.081873840708743859
0.80378713141925462 -0.52860448673548299 0.27295337324884372 13.061592822188242 0.44461234871420013 0.83859924296424937 0.31475572921017714 0.51096279210008133 -0.39527978285721688 -0.13163816430999187 0.90907936230091979 0.11687246880003133
0.79901177632958997 -0.53567720132386942 0.27318513368860314 13.1858538797129 0.44325237445194415 0.83168823432889183 0.33439798656930336 0.62322978925534667 -0.4063342390561579 -0.14609797007733238 0.90196888489012528 0.15120318679236433
0.79511985730197432 -0.5425069606148375 0.27105462587555901 13.324149112056222 0.44163593941644058 0.82428625855999271 0.35427370910769956 0.71469668095422134 -0.41562255658210623 -0.16198259669983095 0.8949969434732914 0.1790305879287219
0.79255490995298716 -0.54718722170368428 0.26915211147902129 13.454672018864079 0.43800600576597476 0.81791340406031998 0.37305281445312355 0.79396446376609853 -0.42427285279917371 -0.17777459847419938 0.8879125736889798 0.21132330490482629
0.79060502427920532 -0.55097663747979819 0.26714872362774317 13.579843397986405 0.43436313502033047 0.81214908721696422 0.38954143177326084 0.86755884566806052 -0.4315928202829461 -0.19193385601322899 0.8814130883961877 0.24256939506520575
0.7893286667803896 -0.55455158943238914 0.26350102553254617 13.713555871350465 0.43132286984646723 0.80628014246476321 0.40481219573329136 0.9287471719185737 -0.43694489097150468 -0.20587585221441596 0.87561081293511211 0.27122646382683374
0.78959774621632906 -0.55589059539307284 0.25984811933825624 13.839171601643221 0.42758073399599966 0.80216542338555341 0.41677973731950801 0.98518569736004891 -0.44012511299122187 -0.21798229166198554 0.87107611919754369 0.30401333680755943
0.79050874236031965 -0.55630921531585154 0.2561561734695601 13.959747905882104 0.42432755112541082 0.79908380567514392 0.42592393788520594 1.0386436550493858 -0.44163566161239481 -0.22800247468479462 0.86774006126823022 0.33241400669273302
0.79349666082426562 -0.55325365530691506 0.25352207428600304 14.072378288079356 0.42146502253737333 0.80009086715695277 0.42687450037406405 1.0884270330235628 -0.43901057394818155 -0.2318728038851747 0.8680464957478462 0.35971343403867795
0.79619619477647618 -0.5509048303379801 0.25015092910829051 14.184806703815827 0.42028227336633472 0.80100054437059087 0.42633430381807491 1.1180783628393485 -0.4352406577027072 -0.2343117492322962 0.8692891199446916 0.39008489436316784
0.79969247490424278 -0.54847055809940626 0.24427851415884475 14.296982404710166 0.41964472524241087 0.80155552269683383 0.4259190634503543 1.1386197887095142 -0.42940685853599092 -0.23809408000269827 0.87116069637577209 0.41710518584504402
0.80468321388610453 -0.54424041211434071 0.23724944491303343 14.404172834559722 0.41864013605108208 0.80348781249087209 0.42325851635349843 1.1613774899675566 -0.42098142687897921 -0.24126688334756144 0.87439403544551519 0.43320051775077506
0.81096049658863945 -0.53821527954819237 0.22949375990115403 14.4945024086255 0.41528820001445338 0.80577168188910564 0.4222176069213095 1.171352972967135 -0.41216354023792884 -0.24709574971347273 0.87696345794569686 0.45429043927309315
0.8182039592918483 -0.53130709023530254 0.21967033678865158 14.580386564595472 0.41192433133758444 0.80829259350180416 0.42069160740643641 1.1778805622933615 -0.40107434005583992 -0.25372398222443082 0.8802065181495472 0.47609016715400609
0.82688646175972813 -0.5231562597381888 0.2063160373195127 14.667971059336402 0.40811755604056699 0.81064473440791085 0.41987518982216893 1.179041868231238 -0.38690934314119685 -0.26298791316993358 0.8838204103303855 0.489985418893847
0.83658387224242636 -0.51371843455168875 0.1903176153319234 14.754952865315875 0.40410083470200103 0.81321901817201436 0.41878078260169838 1.1793210937672984 -0.36990531233954144 -0.27343774151551797 0.88791996340767065 0.51145553787170805
0.85037435241894077 -0.4961435999266276 0.17522839096423165 14.836450123800965 0.39729619931173749 0.82378036229751039 0.40440282479902467 1.1910075209709614 -0.34499158070960995 -0.27427621651326056 0.89763765868787826 0.51857456708644578
0.86473504156305792 -0.47678110343739216 0.15783880162355285 14.911191609488766 0.38984288122202548 0.83535707295966932 0.38755785196117942 1.1998121565120026 -0.31663201962758958 -0.27360252203018243 0.90823225228202353 0.52854286247820481
0.87860461840086646 -0.45757079326164807 0.13668538209543094 14.99064655659741 0.38339547398418772 0.84651162169743399 0.36935888355313795 1.2009533973022499 -0.28471360180558264 -0.27211586408198735 0.91917959151724293 0.53378826885510278
0.89187651075974839 -0.43728049961465337 0.11550781017652242 15.056757928080325 0.37595483022669518 0.858756040221898 0.34813220048082705 1.2021495408878098 -0.25142445224009774 -0.26706521308318149 0.93030205674103594 0.54074857180920211
0.90408638937238461 -0.41705178470893867 0.093250251595875702 15.116824581856262 0.36826349615434917 0.87101931250800502 0.32512667475656004 1.1991064870918748 -0.21681742999994413 -0.25960193779933816 0.94106165363330363 0.53869565728871238
0.91567390309369356 -0.39585225173432292 0.069586622205905016 15.176624933285323 0.35908997617530691 0.88350947105335198 0.30077467242014216 1.2012531989026247 -0.18054277111969519 -0.25042365973664016 0.95115314142388707 0.53843326628731991
0.92589894238481663 -0.37520494831819823 0.043959017825881304 15.239899907119842 0.34972830303330055 0.89534044036754945 0.2757818157527625 1.1944422026429276 -0.14283298830496363 -0.23997237882719114 0.96021455667569067 0.52967083171054752
0.93436764075996648 -0.35589479996763562 0.017204745178316591 15.27122138217954 0.34065195717202956 0.90642079773178486 0.2497150005789408 1.1816006971495585 -0.10446700902926194 -0.22746478583567903 0.96816652246873769 0.49023589824209995
0.94099350919781988 -0.33826273872831347 -0.010465908254576007 15.214763108507594 0.33203025284205673 0.91678911589887879 0.22193158442860758 1.1703008068846359 -0.065476154783343191 -0.21231117859729634 0.97500607003106121 0.44817135958407434
0.9458827216833311 -0.3218017965856288 -0.041826792073927435 15.169875174413972 0.32362147488850534 0.92590373982070473 0.19486252994616826 1.1556269030313686 -0.023979529017945408 -0.19785314832040049 0.97993832147119497 0.42018444931162274
0.94872539528784727 -0.30792833946571813 -0.071416119257513358 15.112755120803163 0.31571619607740459 0.93421973776626677 0.16600230450912895 1.1486938130501132 0.015601534230059992 -0.18003782747470934 0.98353595399855875 0.39600386085144795
0.94990943610648559 -0.29587938620443033 -0.10063524241113579 15.055457330615532 0.30786994830966824 0.94129065846076854 0.1385207248836616 1.1311829558766333 0.053741586538366526 -0.16256471054254792 0.98523324992742545 0.37551678675174405
0.95102108917798933 -0.28138662492986138 -0.12798615256851925 14.984014033691896 0.29586592453580174 0.94850851554596405 0.11311476753884488 1.1152807165133498 0.089566972915724061 -0.14544127078437244 0.98530431548600295 0.35894182945849901
0.95110943673862469 -0.26591789065736171 -0.15709396797800815 14.923401829971807 0.28193942734006699 0.95519335789824344 0.090087781292655864 1.0965669009997523 0.12609916200312796 -0.12997432229258876 0.98346615441848895 0.35038205236902542
0.95039508318203525 -0.25107753091766938 -0.18360081517166274 14.846941172346757 0.26682072714879412 0.96145854274520726 0.066363922021315469 1.0835068113135797 0.15986208251865436 -0.11206044819894861 0.98075816107858604 0.34326027210314153
0.94885972234158289 -0.23822497450442906 -0.20715715976093718 14.773075701622963 0.25265789899798075 0.96646828049865097 0.045859010716618957 1.0633251576674574 0.18928606232837239 -0.095853660923018169 0.97723224583303359 0.32587259469670488
0.9464618069476135 -0.22609742255146373 -0.23041268086857392 14.700271510489568 0.23834421437683775 0.97082179727050866 0.026402147972226831 1.0438132467511663 0.21772019534840223 -0.079906154081173367 0.9727347650194319 0.31879068200313376
0.94316701633608258 -0.21799584562490698 -0.2508262159064984 14.631064071778908 0.22664105328176554 0.97396141394335001 0.0057443116909134248 1.0432727361737786 0.24304281981375941 -0.062265363082151623 0.96801508887889975 0.29878047402830582
0.94029316157741949 -0.21097796879968556 -0.26708999788816468 14.549413643719333 0.2157594172272195 0.97637681716633029 -0.011669823388428221 1.0359886022427767 0.26324255766974974 -0.046654127162614405 0.96360092790022944 0.27857561035203149
0.93604610554552869 -0.20655363917222455 -0.28487415192986437 14.494178152481659 0.20775640326712838 0.97782586367380198 -0.02634116990738045 1.0282400436875703 0.2839981781535848 -0.034527879681405561 0.95820293274971302 0.2644116518825575
0.93335678370565489 -0.20099346167109922 -0.29739997087441655 14.42203623233757 0.19941142807751472 0.97925491532287767 -0.035984624050695468 1.0030381148376217 0.29846305745053542 -0.025718459935464417 0.95407461141979155 0.24581100106890649
0.93029828163462613 -0.19780652952117864 -0.30889753004264864 14.36292983184844 0.19336313149085921 0.98008266911180031 -0.045262137452157528 0.97639440638543507 0.31169826205436341 -0.017622105023985882 0.95001771291213988 0.20696004337168084
0.92779001763466495 -0.1974425364248962 -0.31657878638274478 14.293544322014158 0.19046107589178149 0.98025324206864295 -0.053180447384913732 0.96850272919811842 0.32082746414173002 -0.010955648041903566 0.9470742906595917 0.19470268308900951
0.92611717781565039 -0.19802448456217395 -0.32108141719610678 14.22937277405989 0.18939316920650096 0.98017293673659334 -0.058234367405166479 0.95078718120986405 0.32624714621386763 -0.00687877918293289 0.94525947865348581 0.17287968406571674
0.92486219937359448 -0.20003812329826373 -0.32344189802365791 14.158349198740023 0.18995007560215862 0.97978240478534229 -0.062812483248044323 0.94136874463001219 0.32946757192259746 -0.0033449215775961582 0.94416096644114023 0.15500483321504077
0.92369210428099668 -0.20295506937760771 -0.32496482317764008 14.09468380967391 0.19227850253463435 0.97918501399369984 -0.065005275425895001 0.92772271643377835 0.33139383511463072 -0.0024388899295181496 0.94348936287799701 0.13887527398682808
0.92271913250165127 -0.20789549679762376 -0.32460570686090723 14.030047555706345 0.19611471214999626 0.97815104273692877 -0.068989544649773665 0.9321506274762732 0.3318560263031608 -1.981972349785074e-06 0.943330047121551 0.12412440696842274
0.92317380805713367 -0.20856124163676495 -0.32288129181515229 13.956334124905784 0.19713580164269442 0.97800898594216323 -0.068087437366036146 0.91056385131480333 0.32998120526475871 -0.00079492346335361731 0.94398716742798183 0.10898174978159982
0.92345601292240409 -0.2096168433762671 -0.32138726043579591 13.887064347624715 0.1986483053272671 0.97778152146392716 -0.06694883923035938 0.89380869090800741 0.32828012883520907 -0.0020187264938931948 0.94457825602502699 0.096693476007814305
0.92424952367949553 -0.21135914871586903 -0.31794673804322765 13.813019364061976 0.20095728998328552 0.97740293292337244 -0.065571901873920937 0.88084260677849391 0.32462129563662234 -0.0032889157624625747 0.94583835693648421 0.081988430737525139
0.92467266338477305 -0.21266288271264233 -0.31584009230187854 13.748823897670128 0.20304034851443911 0.97711053875996623 -0.063479224312711649 0.86582857957289117 0.32211035758578971 -0.005430779000971513 0.94668655011856873 0.071330505548273138
0.92586393343886997 -0.2131939048101506 -0.31196848512134068 13.68268878659735 0.2044367557256356 0.97698209765357236 -0.060922850990432972 0.85054202765407039 0.31777600549047202 -0.0073715545325356872 0.94813715807276178 0.051185898697267557
0.92671496519231744 -0.21382982272102574 -0.30899220087843082 13.618444269893821 0.20556293890485502 0.97683482412541178 -0.059477764960315774 0.84079062229641111 0.31455246213851307 -0.0083984100263336959 0.9492029368220628 0.035979597260932139
0.92789258300536015 -0.21242407360755494 -0.30641698281200552 13.549330057989351 0.20469312346433233 0.97713308954972133 -0.057546941825191385 0.83094513708650075 0.31163452891176296 -0.0093240688000700098 0.95015629352804643 0.022849758313319334
0.92957363773843982 -0.20788784220504775 -0.3044265052275395 13.479257751205864 0.20100926018478513 0.97809228438325235 -0.054136499239574497 0.81413894245226448 0.30901153593626457 -0.010868684063871778 0.95099618420108833 0.0086211162572070142
0.93060086070404813 -0.20489167038264391 -0.30331739393693652 13.410732359608469 0.19798216068629554 0.97873288634585631 -0.053712207505324808 0.81312574245481783 0.30787189236250623 -0.010066806490601266 0.95137456204179127 -0.0038362698065244768
0.93146995217909456 -0.1991994753853506 -0.3044393161102496 13.348405888236586 0.19215490328691329 0.97991859636774326 -0.053254461179030661 0.80794940983166808 0.30893400805070392 -0.0088945769361438998 0.95104188402554313 -0.017746789831550307
0.93240076981088327 -0.19092695402237217 -0.30688060004472639 13.288041806899683 0.18373368234423226 0.98157574718519558 -0.052449847569403581 0.79956622782803521 0.31124064392090744 -0.0074800244360497606 0.95030169462446767 -0.033401239021120591
0.93309191392831448 -0.17911971827045933 -0.31185831187945967 13.23032413249301 0.17121021970694708 0.98381863678110115 -0.052801047244109937 0.7919100070140862 0.31626972796885566 -0.0041250998638940215 0.94866034107135466 -0.048750028275678495
0.93414177971890711 -0.16555914186807952 -0.31617923070229942 13.157061704435538 0.15626610379361927 0.98619839362064365 -0.054714104445050364 0.79102162464249104 0.32087386959482156 0.0017026344197133062 0.94712040461985525 -0.066097569012570218
0.93430541073356643 -0.14973277709313396 -0.32350192416423046 13.087657473885159 0.13839972094025457 0.98868254459595983 -0.057899423614726164 0.79468387322518985 0.32851014705430537 0.0093231687336285986 0.94445442547913505 -0.082220843145463657
0.93394859454550316 -0.13416738216472107 -0.33126897879147238 13.016628416552901 0.11988205059256342 0.99076888459940393 -0.06328752843471748 0.81142714630397472 0.33670211863337207 0.019394093758636835 0.94141146818757193 -0.10272176843062031
0.93242774548293739 -0.11409925031263933 -0.34287003446160208 12.94484364154561 0.096648632969079065 0.99301892564924665 -0.067619930846047005 0.82295295193297024 0.34819181667410676 0.029912779551716867 0.93694593463052911 -0.11207584835328109
0.93022271692766334 -0.094160140705241313 -0.35471053665501057 12.878088307532554 0.072387333046668709 0.99461332237527578 -0.074191731129597302 0.84360403535584283 0.35978572918628537 0.043338283952931857 0.9320279084973303 -0.13056067789283049
0.92647093823569782 -0.071447079289955029 -0.36952255068615325 12.816402133024699 0.045037247199396134 0.99580726782346429 -0.079621176295429363 0.8603110510315467 0.37366194209387488 0.057124427444852674 0.92580427349398831 -0.14372028179719865
0.92211268088016185 -0.048308862786856387 -0.38389381023434277 12.750244187910203 0.016475094472323894 0.99617745199033148 -0.085784936953866339 0.88330280728766741 0.38657053046259088 0.072778691402714174 0.91938375396543726 -0.16189097088911841
0.91666287778547462 -0.024074359002771141 -0.39893557591252465 12.683823616490796 -0.01320690876931406 0.99581430009251692 -0.090440352122322334 0.9019268221179878 0.39944304481466575 0.088172019200290136 0.91250805419970549 -0.18003942311215318
0.91065375684177297 -0.0024050291763774551 -0.41316334661320803 12.617079096657815 -0.041845039202735315 0.9943044583837759 -0.098018553000274122 0.93789135022398296 0.41104589505806605 0.10654979996605707 0.90536645193154064 -0.20013052484350696
0.90326365024440158 0.019989919241506095 -0.42862008967835058 12.550945822670847 -0.07049017119885112 0.99225573721915472 -0.10227261471199584 0.96463253017785222 0.42325632176202155 0.12259263878549051 0.89767763200610851 -0.21485872349698115
0.8952485409391141 0.041977647926482314 -0.44358530974430121 12.484060693115211 -0.098404022994168852 0.98959676156383503 -0.1049518830747372 0.98964333157907436 0.43456495280331853 0.13760859921142471 0.89006582633989439 -0.22785775136377523
0.88625442507116481 0.06373385213985451 -0.45879307986628826 12.421771541610465 -0.1271036689104566 0.98593012251202683 -0.10856542208696503 1.0145660380716301 0.44541862488144812 0.1545308694560249 0.88188574032801137 -0.24702693752823723
0.87698545167467767 0.082876727547589638 -0.47331592576413928 12.363672824485494 -0.15261247397687802 0.98205393820284126 -0.1108128839393088 1.0363110324534028 0.45563795971979587 0.16941520147640998 0.8738950389898601 -0.26621725974248572
0.86865944952781915 0.10349082613622285 -0.48447952449166348 12.29076680363166 -0.17819875575279065 0.97775394721865327 -0.11064547955745976 1.0594014185687228 0.46225097533070014 0.18244688981724266 0.86777714201391098 -0.2832176140417067
0.85993448254705229 0.12037228189298656 -0.49600725748562263 12.215368408610134 -0.19984713748892433 0.97361039282701711 -0.11019947648108171 1.076426560892922 0.46965285835818815 0.19388996036694855 0.86129720532745657 -0.3054559755972428
0.85255695532381726 0.13686943618128508 -0.50439408736463176 12.131882114992584 -0.21954760635345122 0.96960712444249963 -0.10798552113509088 1.0882774249685021 0.47428418324191735 0.20280232165772724 0.85669465497152664 -0.33467225957433461
0.8467104606353002 0.14984452333556919 -0.51051739899546411 12.044805401789231 -0.2354848774416852 0.96596613416148214 -0.10703410741159132 1.1050370316643521 0.47710404352408531 0.21084602552445142 0.85317974962695298 -0.36722454789141346
0.84224201956378508 0.16176512623036965 -0.51425715786636284 11.950991592213196 -0.24866231022810312 0.96295305367296069 -0.10434784086861923 1.117856652647675 0.47832565889061318 0.21576250915669443 0.85126441467341285 -0.40440223883976756
0.83935223025430528 0.1693099762046098 -0.51654812508102099 11.858243985841758 -0.25627455399783128 0.96127623373796711 -0.10134769570030604 1.1306711952031989 0.47938626027488135 0.21744455479074115 0.85023918931764142 -0.44127746523220401
0.8388033202110079 0.17620561115436439 -0.51513160706823879 11.754949646112076 -0.26117014505076031 0.96043240824585563 -0.096745772647857511 1.1426103313353555 0.47770194194408949 0.21568767185164539 0.85163353789882112 -0.48259580061598634
0.84071668020623203 0.17923393157113476 -0.51095074263236562 11.649300455114453 -0.26129036745241863 0.96077941734785433 -0.092899166181928311 1.1628574697031231 0.47426027400531051 0.2116083858788948 0.8545753820033295 -0.52598263475196183
0.84539769056602576 0.17870706374500656 -0.50335527230105415 11.539766016057765 -0.25523631012438047 0.9629756581594725 -0.086788869023750922 1.1833273555154722 0.46920909068316369 0.20184565182329012 0.85970992902275467 -0.57010221776619863
0.85259224674527267 0.17481583810850876 -0.49246917013785524 11.426074705968995 -0.24416845131033785 0.966456384794663 -0.079648124110624649 1.2107380830803525 0.46202622022409001 0.18815280767517115 0.86667773294886885 -0.6150720666273608
0.86190580355890967 0.17008341287283754 -0.47769238894606458 11.305279325858624 -0.23033811148522051 0.97058813191002991 -0.07002165802678853 1.2394455350911795 0.45173304084258931 0.17038283616880626 0.87573223587474569 -0.66580552849095054
0.87248898615249082 0.16099335038780027 -0.46135031177350444 11.183022502946542 -0.21236307405525881 0.97526731172524195 -0.061282913263163638 1.2790504148363144 0.44007373679918621 0.15144243728602214 0.88509903082563024 -0.71485932879240233
0.88424444343791353 0.15003255071285296 -0.44226914653383853 11.057659582315384 -0.19104953215603057 0.98033606832264408 -0.049409203683746225 1.3145096924663673 0.42615940739603125 0.12818512734438142 0.89552036973793525 -0.76716396461767078
0.89649293663826746 0.13670659579944774 -0.42144005649987965 10.922873152382822 -0.16785518303304553 0.98509746908746043 -0.037518181278183668 1.3568865109596917 0.41003055018698076 0.10437568233265009 0.90607983359688327 -0.81623166723077112
0.90912850358929065 0.1202124225050832 -0.39879109498201754 10.784457589889456 -0.14192722134767974 0.98955475639148316 -0.02525961091385126 1.4000640090933598 0.39158910582653328 0.079563544280353671 0.91669384999547388 -0.8682443097646515
0.92130534536483 0.10270202808973231 -0.37503167070055182 10.640872030738086 -0.11488967842026562 0.99332570850733837 -0.010217563842822233 1.4378519107382806 0.37147923548252226 0.052500764229199887 0.92695568791645633 -0.92051739145249067
0.93306550727852389 0.082706269741139843 -0.35006918183778568 10.490931794557081 -0.086702766275444071 0.99622507485402134 0.0042697250831065948 1.4785582202276812 0.34910082991487801 0.026368033252508766 0.93671411720713271 -0.97440514143910029
0.94391664784701257 0.061528386310938689 -0.32440040011570687 10.335756963782485 -0.057801954346755183 0.99810463035274111 0.021120628355085595 1.5161754650794133 0.32508505962433037 -0.0011851355997977578 0.94568403785971544 -1.0282730290107918
0.95346095796456831 0.039724029261247296 -0.29888827868710283 10.17526432704582 -0.029601236089147404 0.99882693179142745 0.038321366756912306 1.5513727206826857 0.30005994144384257 -0.027690464556861357 0.95351836359523934 -1.083162337053954
0.96180028414356744 0.01654199177950386 -0.27325185439319488 10.010967750646515 -0.00084579734018011066 0.99834742677891464 0.057460421776898127 1.5827368465718317 0.27375079552069304 -0.055034334300384798 0.96022482992260783 -1.1380041399411094
0.9691273433517984 -0.0065010831277675747 -0.24647500539821746 9.8386403988990931 0.025790444956572213 0.99684139588876863 0.075113809592332645 1.6166097020337566 0.2452081673126478 -0.07915154679914374 0.9662339195673455 -1.1977414652527694
0.9748638813162771 -0.028274048965858778 -0.22099997977384481 9.6616765006531935 0.050138000199286444 0.99431297026713983 0.093956894875012686 1.6459957750788226 0.2170866044715333 -0.10267568024422362 0.97073740571042488 -1.2568142875520183
0.97926504742152043 -0.049952276239748246 -0.1963281360299515 9.4812634839928105 0.073191944262450112 0.99090046028796253 0.11295670452074318 1.6744528630395983 0.18889919585220485 -0.12498419059853917 0.97401029045222021 -1.3163995558775841
0.98217644463763532 -0.070276695682251297 -0.17432904991124812 9.315514984696863 0.093685107274060028 0.98709086662899681 0.12990273935781299 1.6981786569720638 0.16294947767336374 -0.14391944643306639 0.97608127769380848 -1.3709105164285911
0.98449997612219164 -0.087566386721340553 -0.15196027419023908 9.1244428270209745 0.10985359853774027 0.98330236155781736 0.14508153791274864 1.7267511633008004 0.13671863041924096 -0.15952615356545133 0.97768063416685258 -1.4386746334984009
0.98591981614416624 -0.10329030015363029 -0.13150372629103119 8.9310487720877649 0.12397606783919631 0.97924708257797044 0.16032805701331448 1.7507953798796156 0.11221430718667064 -0.1743739233850824 0.97826462887396115 -1.5088948900052788
0.98707651389576456 -0.11507717264323597 -0.11152219533269304 8.7304200122415168 0.13339617708875703 0.97568797531679896 0.17389202040436028 1.7712452012714335 0.088799862913686162 -0.18652136381295398 0.97842954022651329 -1.5825196996773851
0.9875671221550727 -0.12490525951544218 -0.095445562409825158 8.5302210065567969 0.14090244865983095 0.97255251198126169 0.18517049279137707 1.7888305525194594 0.069697053022430483 -0.19631680413127597 0.97806034231823891 -1.6601357290706829
0.98820070140169192 -0.12984529068902831 -0.081237763602192994 8.3258341898432544 0.14348735757578601 0.97035811062911637 0.19446468921686014 1.7994474276564694 0.053579398700644043 -0.20382673431660828 0.97753972318914195 -1.743003889439112
0.98902340223273688 -0.13147876039967205 -0.067424367996649928 8.1153010381454003 0.14253699377854043 0.96918938848769831 0.20088587468365665 1.8076407737208939 0.038934756202631648 -0.20829129796178983 0.97729157366306729 -1.8302932200240269
0.99001189647966026 -0.12890059682279648 -0.057105875069674294 7.9047626380952156 0.13796823974613773 0.96912878932393254 0.20433833346898236 1.8117172613997423 0.029003614431629757 -0.21017617810364628 0.97723321909749139 -1.924217883502984
0.99122448059420498 -0.12317760647312562 -0.047971932776367347 7.691643556337783 0.13051588632677336 0.96951887944453841 0.20736138940734231 1.8003740285147198 0.020967414887994223 -0.21180278483570153 0.97708748218813868 -2.0255180217122093
0.99268151824970441 -0.11403383977873896 -0.039745272810470564 7.4777860977715118 0.1198294503249375 0.97095766750716095 0.20707996219788319 1.7805157538646466 0.014976854151829555 -0.21032710546757946 0.97751634387632858 -2.1368280280663017
0.99423857971004781 -0.10238624238027912 -0.031728598887968744 7.2624682991674083 0.1067206048012893 0.97319124387837497 0.20373884104241949 1.7475057710748572 0.010017940257054013 -0.2059511112126079 0.97851100181004513 -2.2588666689167338
0.9956309373118083 -0.089493343822027532 -0.026645413848588029 7.0521937740403011 0.093016328383275199 0.97557494207991902 0.19900124381484999 1.7000423118310688 0.0081853113382982443 -0.2006102534700433 0.97963693625800985 -2.3880153455249729
0.99711683405725937 -0.072737183283520024 -0.021617617991061645 6.8363602542207191 0.075565392262504652 0.97779586383466099 0.19546130092691724 1.632539940775763 0.0069203129872613886 -0.19653129734423655 0.98047312988798918 -2.5184877554336134
0.99837945809231454 -0.054041008481421259 -0.017833313253775435 6.6180062664069812 0.056452129100446585 0.98006740202988463 0.19047583730861786 1.5649276611279181 0.0071843426507119624 -0.19117389173394861 0.98152989172005034 -2.6400515471480603
0.99925172324877176 -0.035579040200809736 -0.01516988736771591 6.383988301088336 0.03776489070968958 0.98220882115516139 0.18395555081234508 1.4973301401912971 0.0083550352509862945 -0.1843907902889329 0.98281749569417898 -2.7527026239006194
0.99981446039573785 -0.013664714536399792 -0.013576463465065561 6.1364318098611825 0.015834812845670877 0.98437902157275259 0.17534879694372843 1.4482631358786004 0.010968294567622279 -0.17553124355541105 0.98441275847591936 -2.8463810818955571
0.99986497436490795 0.0068785382397134106 -0.014923764603700367 5.8795529456018594 -0.004279766145655099 0.98583768995593579 0.16764764437379581 1.4135935375273596 0.01586558035498116 -0.16756113742162593 0.9857340151308418 -2.9178893618866941
0.99946574483345785 0.029591873048194346 -0.01387609289392969 5.5928448730954887 -0.027051200117215179 0.9872397536595634 0.15692642023070202 1.4095462750823675 0.018342777235734898 -0.15646721651420803 0.98751281140022495 -2.9694137744543307
0.99862692742083259 0.050648908798303895 -0.013377139737938847 5.3031404895316436 -0.048087245334061203 0.98759643680512876 0.14946870858475741 1.410677660455109 0.020781642529142341 -0.14862020739910983 0.98867596172175465 -2.9945796671249703
0.9972069804117506 0.072943739904605301 -0.016045218191340343 5.0147574892011386 -0.069991231882487223 0.98766064415227706 0.14009882031009771 1.4332797048827521 0.026066562444064842 -0.13858449697364578 0.99000751084065586 -3.004333876814
0.99543109838145083 0.093268246293207444 -0.020444133840490271 4.7346458049909508 -0.089838823438892754 0.98739414153005178 0.13031421670427029 1.4703750478352147 0.032340596441836657 -0.12788214693819328 0.99126194434985981 -2.9963691547625162
0.99322199981789372 0.11378622118448342 -0.023722456582313457 4.4428525769490399 -0.11016735136504981 0.98664568462451785 0.1199726956645811 1.5194765201327125 0.037056899100620801 -0.11654608050197293 0.99249372660419066 -2.9864422904883852
0.99041529655911154 0.1346955419364386 -0.030572067711821079 4.1980760909634585 -0.13048093693895113 0.9850180346921491 0.11275724556209026 1.5704545004123713 0.045301936352219137 -0.10768742876336672 0.99315212945906439 -2.9672679939845619
0.98808615716647441 0.1500078191456129 -0.034400584459661356 3.9323134759303104 -0.145761249970386 0.98387794583255106 0.1036235770053818 1.6272419269833582 0.049390323172255592 -0.097374749804539876 0.99402150584252624 -2.9484733821197255
0.98567315651215393 0.16425905649797229 -0.038306538472731085 3.6794774809901751 -0.15996240387763866 0.98239485856027742 0.09650062808095955 1.6827292118072055 0.053483248564892623 -0.088990472707635493 0.99459551471450824 -2.9166210779364876
0.98343655581982636 0.17677346252094228 -0.040046018848251048 3.4292196319315407 -0.17261216216476086 0.980813214478511 0.090611697794141008 1.739108771330536 0.055295408037591677 -0.082198426096169619 0.99508081912841073 -2.8831893455790394
0.98143399355272276 0.18731607896915414 -0.041231090923910439 3.1837694929159177 -0.18332578946625913 0.9793326596152151 0.085435336527470263 1.7953830206447421 0.056382366177085849 -0.076290421224494948 0.99549023119951419 -2.8422443650245275
0.9796918180104387 0.19604228358588074 -0.04208758450938372 2.9518808921959723 -0.19219107751076517 0.97796059198593166 0.081582291263344181 1.8477881209305969 0.05715357774148927 -0.071836645028558951 0.99577756802530371 -2.8021582011108692
0.97822332156694036 0.20332298882973329 -0.041700064219213052 2.7219315739036301 -0.19966870429668113 0.97672176122997223 0.078402867704603654 1.9029064622302854 0.056670465562114906 -0.068369315874632131 0.99604924325045696 -2.7504036051540135
0.97703879491827794 0.20885794692222831 -0.042113551643988591 2.5110986536450173 -0.20546360745305695 0.97592244571993647 0.073212607878655606 1.9721900455453585 0.056390595288712361 -0.062878755931151581 0.99642679751978536 -2.6949182440796187
0.9761191344230461 0.21357081736743713 -0.039735895387019687 2.2860385739239382 -0.21049878808884465 0.97508964702343426 0.069931684384419671 2.028216822962873 0.05368142720095128 -0.05989729740747262 0.9967600604643776 -2.6308092298420496
0.97552184812725262 0.21652015946866651 -0.038420624279841886 2.0837491583685499 -0.21359845827020196 0.97451597465409523 0.068515062348155353 2.0672042078838064 0.052276404342517138 -0.05863135413447354 0.99690999687101922 -2.5612202117017806
0.97504973129988415 0.2187434655901706 -0.037806318964237619 1.8939974882717745 -0.21593792895189201 0.97411084748823384 0.066924342699219486 2.0998979679448717 0.051466808061035492 -0.057090744147863214 0.99704153103100568 -2.4854152612208389
0.97493816463251459 0.21949998344257404 -0.036267511793526962 1.7045946762882083 -0.21689985756659999 0.97405663612982629 0.064560989761898002 2.1278372271790786 0.049497746722174475 -0.055076554723012421 0.99725450422109929 -2.4036075793593477
0.97510157791581842 0.21871249088383574 -0.036630029722471188 1.5382335405142986 -0.2160192696647589 0.97415357859340068 0.066033934057993099 2.1199403059484649 0.05012572073881056 -0.056477001027491543 0.99714480416605267 -2.3373863686825218
0.97502154918969774 0.21951905943918543 -0.033828407569040993 1.3552838012253068 -0.2171122439277236 0.97409029381891488 0.063327506065284506 2.1293889873332792 0.046853518036433707 -0.054401121594277603 0.99741930290971115 -2.2515860395499949
0.97512340324552815 0.21928527609484752 -0.032377710401841633 1.1889857079532802 -0.21703450958472056 0.97421585351632667 0.06164002276747655 2.1226634232774644 0.045059628185093376 -0.053079548278613768 0.99757315093298271 -2.1607237744346275
0.97524906499817166 0.21879205146674377 -0.031926469193536255 1.0328673658428951 -0.21664557416597136 0.97441422014552526 0.059846660495673658 2.1086344178350931 0.044203579204501936 -0.051448671442142893 0.99769688673080947 -2.0717895054472026
0.97546665942576272 0.21809790807490176 -0.029968297283874255 0.87317414573111007 -0.2161024587291753 0.97460548772966482 0.058684500666080795 2.0884295059364102 0.042006233822470256 -0.050768551097838691 0.99782665355234834 -1.9840916241005999
0.97555842209441734 0.21789204049294517 -0.028439827187792106 0.72059077032727892 -0.21599777534881626 0.97466275900637422 0.058115981024540714 2.059457757695605 0.040382250123204406 -0.050552595342902164 0.99790465926314009 -1.9019003015508689
0.9753614510349049 0.21862888716753595 -0.029520324032259869 0.58956730474976093 -0.21678596262806324 0.97463825557255213 0.055534828548547854 2.0409602457278218 0.040913154883347166 -0.04776693909366049 0.99802025695228935 -1.8191557901768034
0.97536919745230477 0.21861137660447216 -0.029393786424082861 0.45561439168136936 -0.21682666608466353 0.97470131262571902 0.054254474841345816 2.010083700901089 0.04051080764261291 -0.046544786870261201 0.99809441300878199 -1.7385683258488365
0.9751176360753524 0.21946913681802885 -0.031287278551609413 0.33350875914350014 -0.21769585209648964 0.97463627783641293 0.051890672622021274 1.9809237667762061 0.041882117840433566 -0.043788399257472556 0.99816254402560523 -1.6615347844660058
0.97482920513256699 0.22046118165072687 -0.033239858690626317 0.21733003504277662 -0.21867112328780208 0.97450046227306208 0.050316884538285832 1.9467963759492044 0.043485177482200293 -0.041781771321397265 0.99818000527188888 -1.5834978212963178
0.97416412446328826 0.22311267847961716 -0.034999875861578683 0.1058925533454096 -0.22130605086281818 0.97397017844354783 0.049048173810523177 1.9122276146831814 0.045032104771803451 -0.040035286989036641 0.99818299190856119 -1.5102169613522454
0.9732330354813965 0.2267386696047512 -0.037510456589254872 -0.0014117935523220615 -0.22497582087956983 0.9732775566741948 0.046007365648048179 1.8814467768902678 0.046939734417981209 -0.036336942361417372 0.99823658916741398 -1.4405031039086942
0.97198234646634551 0.23165461986020608 -0.03983033084472843 -0.11085446727349252 -0.22996018632917978 0.97225299547754662 0.042923484112856396 1.8482785581476695 0.048668581869888275 -0.03256147850391844 0.99828408745026731 -1.378291113923567
0.97053655520280357 0.23673479177613302 -0.044893578358006107 -0.19726823714248631 -0.23506203545172644 0.9711760132823607 0.039534677363946259 1.8197441394752791 0.052958800065398055 -0.027817073672314167 0.99820918444379292 -1.3135180663862758
0.96886756541198493 0.2426872645638361 -0.048974813028492901 -0.28673447844808181 -0.24108670034345295 0.96982113309225582 0.036389184178258517 1.7907877915690222 0.056328000232205543 -0.023449124209140748 0.99813691193326026 -1.2508972909018119
0.96722610469527814 0.24808442589426102 -0.054108964365562347 -0.3644491534508193 -0.24663895280413392 0.96857778570231712 0.032035917400262487 1.7665815051202611 0.060356353068082048 -0.017640597288957074 0.99802100176880537 -1.1911391286394963
0.96566721279101175 0.2532152771034677 -0.058041860599508756 -0.44107991791823542 -0.25192334079103018 0.96732122237413987 0.028710331054975308 1.736781972508439 0.063415017977804106 -0.013102525940209725 0.99790122723086216 -1.1370258332119607
0.96373896540680237 0.25901599254383356 -0.064171038351884188 -0.49425373268181733 -0.25785522900324886 0.96583639539013222 0.025898614161346555 1.7139803806544902 0.068686879622736716 -0.008412665827724727 0.99760279651841532 -1.0766860332367434
0.9620386999079763 0.26419313261794664 -0.068436310222620922 -0.5537987009710148 -0.26322445622201629 0.96446115509317787 0.022968804125529985 1.6852223173687939 0.072072363122035812 -0.0040827679151752222 0.99739104942853596 -1.0252108710923404
0.96050772878401836 0.26898369882813916 -0.071222698003512219 -0.61872890638112721 -0.26812452358526312 0.96314341096805922 0.021540885798589041 1.6482757077289945 0.074391819431589762 -0.0015936353237498849 0.99722781626271972 -0.98559140896961206
0.95925177336468259 0.27261703022434353 -0.074269712052564787 -0.67162778868655537 -0.27190758735766962 0.96212175226055341 0.019697658856160261 1.6256247596417506 0.076826422759639024 0.0012994840290574533 0.99704363600958579 -0.94089128748540263
0.95821105926108729 0.27560587686745019 -0.076635282643629843 -0.71693739948607793 -0.27510900155098289 0.96125959752357948 0.017176246226324268 1.6076194421110241 0.078400275352618717 0.0046245870010109469 0.9969112347745428 -0.9006998215095432
0.95779243456801677 0.27660886855153588 -0.078238009451355534 -0.75586365020754887 -0.276096903216076 0.96097041507771808 0.017503181992165964 1.5773406685275826 0.080025947784228196 0.00483685683034564 0.99678104541430701 -0.8637846190311057
0.95781267373538126 0.27666471064136977 -0.077791515717378426 -0.79472873054912163 -0.27621744801617509 0.96095063850203699 0.016667086546812464 1.5626698683976459 0.079365001375364591 0.0055234272199829945 0.99683032072085065 -0.82908770925792441
0.9580651715141576 0.27612766645339404 -0.076580930723979909 -0.83081935632214921 -0.27550534619134831 0.96111596540663435 0.018785772820373362 1.5373646088691797 0.078790426775929831 0.0031004611715887394 0.99688638058155365 -0.80215988419945372
0.95933927513907902 0.27195469069815825 -0.075556610451340669 -0.85034862542088441 -0.27114928679779221 0.9623099660111889 0.020918737643395927 1.5122051085019372 0.078397828060955924 0.00041895442909961692 0.9969220656764054 -0.7818445858250096
0.96116910553767032 0.26601893597654214 -0.073402154340476117 -0.86988694818058665 -0.26505438492386507 0.96396475869570764 0.02276218410780707 1.4982071897356144 0.076812261993423156 -0.002422745268183187 0.99704263033875296 -0.75585357871975523
0.9634330899130148 0.2594183621764809 -0.067073054398416362 -0.90244783166977849 -0.25811350743234213 0.96572056181843235 0.027590102610640745 1.4755065331644861 0.071931207008050391 -0.009268756484211221 0.99736652821898997 -0.73204539678943903
0.96631340106899988 0.25038248119219036 -0.059556897388167149 -0.9287141416606014 -0.24884083893739839 0.9680106888772414 0.032148765082663254 1.4618804817274695 0.065701200836772944 -0.016245594216616571 0.99770708771520467 -0.70859695059343142
0.97005377597511999 0.2375802819464049 -0.050510210321067416 -0.94934248253110287 -0.23583849005288449 0.97104463764952453 0.038111918105483346 1.4472062017801626 0.058102309127841215 -0.025058358333504498 0.99799609235289222 -0.68803976559746383
0.97424917410583045 0.2220218959725847 -0.039304255022147939 -0.97017823029272798 -0.22015533024519079 0.97434193643594869 0.046791254170804174 1.42582361984758 0.048684466914389032 -0.036933299486839787 0.99813113069890624 -0.66558364026992356
0.97886480584203028 0.20284234648362279 -0.026051379173897538 -0.99428374762425331 -0.20114919965314793 0.97793623952919739 0.056388925281391826 1.4061055006580596 0.036914649703637802 -0.049956920326520195 0.99806894288358028 -0.64527332561623685
0.983608908783144 0.18004920207723266 -0.0097877164744674238 -1.0205833428314552 -0.17897929984889027 0.98147793773685199 0.068318869731700829 1.3842609002998925 0.021907185762524435 -0.06544725026437638 0.99761552345821003 -0.61773028902596649
0.98772402918033142 0.15597448513780446 0.0085558264223112787 -1.0506571550795729 -0.15614850631341662 0.98433584241756689 0.081857151845076082 1.3646455903153956 0.0043458205048985711 -0.082188255353765519 0.9966073472165673 -0.59129299316235062
0.99117264919209369 0.12965171598904979 0.0276985926469464 -1.077213950664899 -0.13173334228951802 0.98666619029295766 0.095583238394677791 1.3521193209562576 -0.014936734005778732 -0.09838831980411035 0.99503599558175015 -0.56139047157484934
0.99396054193258154 0.099018125835644941 0.047305938708424228 -1.0961873419688475 -0.10373058669615219 0.98844035075489733 0.1105696087684475 1.3394862742401596 -0.035810703215112358 -0.11480890102919666 0.99274191499085362 -0.53758187706403926
0.99543506744427013 0.06683344240738251 0.068134554215908499 -1.1166909182665923 -0.07517292491513021 0.98888729461772917 0.12826125643908515 1.3197650254749123 -0.058805253693234631 -0.1327976261821259 0.98939715616049084 -0.51157924719167158
0.9953235125037343 0.033040097589599117 0.090771457014297174 -1.1404920893327406 -0.04635708562297329 0.98778512650746542 0.14876681237149278 1.2933226881687649 -0.08474742515128679 -0.152279006438512 0.98469740434730846 -0.48426442981511597
0.99367819928018042 -0.0041935253222695323 0.11218756892218308 -1.1549954996253617 -0.014815922370235627 0.98566326401660798 0.1680726581346465 1.2781300720837354 -0.11128398231379592 -0.16867229859552541 0.97936996633901563 -0.46291545360759917
0.98990842419161185 -0.040782062013413389 0.13571343018439222 -1.1778311867469222 0.014404141051733972 0.98169117060252564 0.18993411036884511 1.2585211982098872 -0.1409745808117249 -0.18606254050446852 0.9723717903075868 -0.43558906808459896
0.98396886605729816 -0.080170599675397594 0.15930456860241607 -1.1962277042039122 0.044986539967307476 0.97595354167540671 0.21328594823147656 1.2360200260325056 -0.17257312030465405 -0.20270017128487436 0.96391449761345427 -0.40925569105759246
0.97583882506570885 -0.11904309510633443 0.18321388867081326 -1.2169497075171509 0.073491260126736485 0.96851499072682534 0.23786077318969953 1.2097030903622024 -0.20576108033192597 -0.21864915788751979 0.95386315767814267 -0.38185535978315777
0.9654498939002607 -0.15995449065293224 0.20572083824429732 -1.2268533136350726 0.10285095289257908 0.95925186084807479 0.26316829016542675 1.1836519175243962 -0.23943304671048191 -0.23291721357483822 0.94256107906250264 -0.35630484941757085
0.95246076607189945 -0.20017760723122308 0.2296680531918025 -1.2450343395965209 0.1296198741307997 0.94847227511430243 0.28913497119825327 1.1580544090013454 -0.27571212763323649 -0.24562017201907765 0.92932962600644164 -0.32873712032337699
0.93752062065736708 -0.23922872613344109 0.25263551301192033 -1.2608119494214653 0.15437837826635592 0.93674134908614681 0.31413844278616337 1.1404969577162711 -0.3118050707831338 -0.25550980706195359 0.91514607376587054 -0.3040539000702529
0.92011221862466375 -0.27915830567035238 0.27470738161333991 -1.2705965374894654 0.1781119939434313 0.92292345448254054 0.34130399174271181 1.1119936084731499 -0.34881172966386054 -0.26510929357770946 0.89891458977348548 -0.27749246160253355
0.90060692258782837 -0.31698068242416805 0.29737252387668567 -1.284227263690759 0.19886361998577468 0.90889444306353095 0.36655716063717458 1.0925615658607035 -0.38647177339753375 -0.27098733981155415 0.8815925532970561 -0.25036769756558391
0.87898920085202015 -0.35243211928788826 0.32120022739682907 -1.30430217898614 0.21551377745788089 0.89449603728645177 0.39170224789330688 1.0747005148264603 -0.42536078393683868 -0.27507897152105681 0.86220633430493643 -0.22004106979185961
0.85528293685024948 -0.3866658797260894 0.34493563948722616 -1.3269702104241174 0.22918109945218396 0.87932743049086926 0.41744376105077158 1.0482889439101921 -0.46472262865789143 -0.27797979682339308 0.84069025863948532 -0.18716484496868707
0.83044004116515779 -0.41838935179779846 0.36785824488765945 -1.3457408441423548 0.24037335358531906 0.8647648109415994 0.44091095772648597 1.030075296061828 -0.50258331539731638 -0.27772679391689592 0.81870497679254628 -0.15964555078939474
0.80429717002173118 -0.44841289890437053 0.38991272663406779 -1.3636213802785058 0.24853493981137384 0.84986822314020605 0.46470892716781959 1.0047260578288184 -0.53975591334230999 -0.27685713895922542 0.79499287960290621 -0.13430292767413221
0.77747462387584898 -0.46799055327181777 0.4201405137301627 -1.3835932967285203 0.2535883224238748 0.84460325585215479 0.47152762690449496 0.98438071333145338 -0.57552252080987421 -0.260058036315507 0.77533453798239282 -0.10471985591933083
0.74960856174975221 -0.4845734961306381 0.45086087765429206 -1.4067765357322595 0.25510138187068276 0.84007165170979059 0.47875140204625244 0.9693116167012864 -0.61074568284936415 -0.24386091700253001 0.75334027108574864 -0.077287498367282575
0.71958848873262327 -0.5002429923781655 0.48161120778075545 -1.4319998420047151 0.25441982890917064 0.8352659367926083 0.48744370494631989 0.94890244757150088 -0.6461137342150588 -0.22822743790023425 0.72831948968029625 -0.044941691417695599
0.69039655746491801 -0.51402405818903341 0.50904995928048902 -1.4457066104191869 0.25053200681460441 0.83000132554044836 0.49832871998565931 0.92178617434230647 -0.67866509192829216 -0.21651112489656474 0.70180953669352975 -0.01894559642974648
0.66000049919227055 -0.52660952116061555 0.53580010571941927 -1.4600987746607359 0.24472715796436417 0.8250009118842786 0.50939386877424608 0.8962179466896435 -0.71028723712357289 -0.20507537056676498 0.6733766651483144 0.0046789041950597941
0.62842458953031266 -0.53825960556699637 0.56156845734827343 -1.4807337492229402 0.23661629025085848 0.81999459974458544 0.5211732798001435 0.87093773035450317 -0.74100962642976476 -0.19464185933292613 0.64266576082271709 0.03445472547311005
0.59591362442937745 -0.5489141908564994 0.58615711485556254 -1.5030307844449333 0.22774731655754551 0.81546590094448634 0.53211514186088926 0.85484070511740318 -0.77007669229777354 -0.1835989528106074 0.61096097461832066 0.064404039067745431
0.56435123914529239 -0.55859857699325088 0.60784480639081573 -1.5199701172983731 0.21735332966661144 0.81086687570462801 0.54337136469255787 0.83868356572778147 -0.79640769016754887 -0.1745352103907131 0.57902698674229269 0.088498602985857558
0.53196421412399386 -0.56826483857454235 0.62776520143385695 -1.5458315563272385 0.20435024901913684 0.805609780125634 0.55608799473801307 0.81010672323826183 -0.82173904046069179 -0.16753493786603749 0.54468063484666374 0.12024249322907458
0.50020840233145902 -0.5790714220771852 0.64379176941812144 -1.5650627213569916 0.19140683677162881 0.7990417151466761 0.56999628094623322 0.77784456007082747 -0.84448503661941121 -0.16189078290305636 0.51052560889435039 0.1485077419672704
0.46961813648037931 -0.5896915322207491 0.65705608795280268 -1.5837668307788493 0.17916443251731995 0.79239653495374851 0.58310191005864442 0.74900666424813223 -0.86449922614739372 -0.15611415124977621 0.47777553282908858 0.17223283776740436
0.43933132480977366 -0.60004029885051346 0.6685354342114378 -1.6048410327514668 0.16688683607241897 0.78576364673450816 0.59558733651432239 0.72155237342909184 -0.88268724415085253 -0.15009041017291419 0.44534941089834135 0.19486369414958918
0.41131852301356076 -0.60955872494952401 0.67768372672202581 -1.6246435573886262 0.15533676704691815 0.7794898094011502 0.60684934361270437 0.69773948762286619 -0.89815787110582868 -0.14433917651721975 0.41530547876590374 0.21789270033936803
0.38347073967356338 -0.6188892010232584 0.68551174218316857 -1.6489637580958179 0.14360231512294477 0.77318338436220546 0.61771014985795436 0.67563828611701193 -0.91232042995076057 -0.13843269484843121 0.38536712637621351 0.24648644018984503
0.35757141838078321 -0.62698709779674056 0.69211983063164406 -1.6782874206598488 0.13509120357619442 0.76804980526746403 0.62597912372933473 0.66290894003334067 -0.92406333520678674 -0.13033294220967742 0.35933309992467821 0.26312282843073886
0.33151150646412986 -0.63637750876220112 0.69650828237968399 -1.709052877321168 0.12455718286940236 0.76131541208202358 0.6363052345549397 0.63093808856961786 -0.93519282999685216 -0.12418739737989982 0.33165020888653962 0.29947715980743128
0.30880744383924141 -0.64437595499512867 0.69958387006390443 -1.7351638249015164 0.11620886929004665 0.75558449016080975 0.64466082316731343 0.60858503867351943 -0.94399865536334471 -0.11777821043191811 0.30821231613881395 0.32544589242764399
0.28465850708674756 -0.65203598334115642 0.7027222856658778 -1.7684766809862627 0.10563684989360159 0.74992079084225494 0.65303879165565948 0.57736794171877748 -0.95279084288615046 -0.11165967889465875 0.28235036005190595 0.37395434812502415
0.26311370053800387 -0.66084517444683544 0.70289034422129404 -1.7936362107678603 0.098609440384667263 0.74316690703933008 0.66179991428574436 0.5406324824479769 -0.9597121229078126 -0.10481700096800801 0.26070296786161107 0.41235835957740052
0.24376274791003061 -0.66732398773717483 0.70374598977323211 -1.8264950149019481 0.093553823055586821 0.73843053106381729 0.66780838043894963 0.51528111753067141 -0.96531207644110362 -0.096948678089821924 0.24243256566229154 0.44594409602717427
0.22070902434711015 -0.67214544346119476 0.70675881982901412 -1.8518383030450045 0.095112072654783941 0.7360069582758042 0.67025924164080697 0.48786574027766322 -0.97069110442357409 -0.080710967061190006 0.22637252392680007 0.47605527476178422
0.19854898540017329 -0.67626077973705734 0.70940091498812508 -1.8867229609796576 0.095346045854748221 0.73370569375782591 0.6727444436687765 0.45954344585010537 -0.97544217252301835 -0.065934154554181432 0.21015531239252383 0.51601840223833262
0.17917015987297447 -0.6803153288917233 0.71068214209028735 -1.9196649841910673 0.095829959321121067 0.73100474326345954 0.67560986095736941 0.42968196741877407 -0.97913976158034011 -0.052944486032730588 0.19616882701164562 0.5546251239073986
0.16251998788249522 -0.68437212264639113 0.71078973774467702 -1.9527958301965371 0.097268956109561988 0.72797021160881825 0.67867379586040333 0.39524051445830205 -0.98189918205283677 -0.041160281275585742 0.18487787192978222 0.58535485575220936
0.1485075088089467 -0.68944528021567664 0.70895043932258617 -1.981515505846118 0.097880120728923922 0.72362745558739627 0.68321503751469204 0.35592713840752982 -0.98405538553145067 -0.032070408610399607 0.17494709799853814 0.62036314406832727
0.13413277750505792 -0.6932055818972056 0.7081485855562627 -2.0216257846468864 0.097698793539034226 0.72037539899790803 0.68666893788755434 0.32164992851165125 -0.98613556052897522 -0.022919549410085584 0.16435130213978477 0.66379954660061424
0.12202741226640057 -0.69621077222412875 0.70738947638104466 -2.0608812772813465 0.099709172788233463 0.71770925621076764 0.68916725430861336 0.29429072191627603 -0.98750564125854612 -0.013564077132965027 0.15699880347976813 0.6998167506548576
0.11041861795060637 -0.69909323605149165 0.70645337858696056 -2.1006058595001864 0.10193625556342396 0.71501725213736522 0.69163525716062213 0.26931259438940686 -0.9886438836161312 -0.0043561970783033465 0.150214163564654 0.74031059226502793
0.099055366324730221 -0.70336380691140477 0.70389444487747577 -2.1376999527005998 0.10102227834239506 0.71082676751666862 0.69607456918085686 0.22933003678983233 -0.98994067179845946 0.0021590990945394542 0.14146662012755795 0.79122307196873376
0.08866939546917052 -0.70742275618682526 0.70120666164560042 -2.1739797947587864 0.10119993078434006 0.70673493602374404 0.7002030449896367 0.19475377138750113 -0.99090681313450291 0.0088754849191493759 0.13425689349554204 0.83347645268583415
0.079186404657823006 -0.71208722780611089 0.69761113330621061 -2.2047244620713062 0.10295184126696075 0.70190842393618635 0.70478754443247749 0.15889509675684174 -0.99152933980649816 0.016010758970981937 0.12889229573587047 0.86055473748778555
0.067389588122930055 -0.71595836606511154 0.69488291206072816 -2.2358957556429124 0.10313775159660332 0.69773388171733663 0.70889352832372166 0.13074373497818809 -0.99238160382396212 0.023896618276097473 0.12086233502107802 0.8990561902359876
0.055710947286514156 -0.71934501964012876 0.69241536166623463 -2.2620779169225003 0.10279920702799472 0.69393943903264288 0.71265726544354868 0.10190390699205841 -0.99314078225942126 0.031476938764814097 0.1126081211065233 0.93103340937185119
0.044427228905713712 -0.72256592125541674 0.68987296712660817 -2.2773561211019859 0.10321426239670654 0.69017923453776286 0.71623979242343938 0.078690504594305877 -0.99366646183196861 0.039384180240023194 0.10524185943415398 0.95371738463968014
0.031490377705534534 -0.72518003030474121 0.6878388472303506 -2.2970756103826813 0.1044035233659298 0.68680205754100165 0.71930719311447622 0.059960667521988448 -0.99403634763560966 0.049161543961325396 0.097339006439331133 0.96852514260644185
0.016955567604470034 -0.72897667374251562 0.68432851604073075 -2.3065826381108221 0.10383038267586422 0.6820102600232999 0.72393456669531575 0.039150429250972694 -0.99445048160307825 0.058779370209699991 0.087253798067231214 0.98868096158305518
0.00095664087372626661 -0.73140451260022854 0.68194319689125216 -2.3215861682392664 0.10428280880597571 0.67829829988834578 0.727348961748153 0.027214392913191558 -0.99454722392944983 0.070419140271675673 0.076921804825569651 1.0026335143638034
-0.017560700702260457 -0.73431631804991504 0.67858025821302959 -2.3311337725065617 0.10428255802659799 0.67363823097822495 0.73166705669720911 0.01624581847904288 -0.99439266383168534 0.083612671349167486 0.064746824691109151 1.0158203586815411
-0.037036203972326431 -0.73720711022278007 0.67465101810661965 -2.3392318468620146 0.10445924213663885 0.66855966912102816 0.73628543076514863 0.0094084851928356427 -0.99383931615103638 0.097742751453799376 0.05224718375837567 1.019869285620189
-0.060385180589328513 -0.74014652712737738 0.66972886181385127 -2.3425104689919189 0.10425409925230732 0.66260703082194272 0.74167580889120233 0.0048592801039041376 -0.99271582678744696 0.11460820689030753 0.037151664284446384 1.0262020773857856
-0.085708393807628624 -0.7401014608745915 0.66701116845388142 -2.343525144808559 0.1022815629968748 0.65940150791356222 0.7448007339095718 0.0033617476444094121 -0.99105628150061842 0.13205861945596706 0.019182490076923742 1.0265597480685391
-0.11428404428041561 -0.73984669939536385 0.66299775159249108 -2.3420786932734958 0.098605702442131529 0.65562705339102034 0.74861878303159224 -0.0066226893434347687 -0.98854239801275412 0.15093054116246452 -0.0019746077078055535 1.0399609735524733
-0.14307826047803918 -0.73724080261234148 0.66030645184042347 -2.3529609278462811 0.096851091903659522 0.65353889791837116 0.75067088321361575 -0.010095370595090568 -0.98496115526230166 0.17135608501349339 -0.022104631939959818 1.0385179366908446
-0.17410191751144533 -0.7346449613154179 0.65573264607819071 -2.3551263042687198 0.091821352864851144 0.65088996722038328 0.75359875910853036 -0.02299651128049094 -0.98043733174380199 0.19141324767558915 -0.045865097158702461 1.056082810603578
-0.20624911435115334 -0.73053627822453593 0.65098237228607669 -2.3649793027541928 0.08768613017968345 0.64881081664566898 0.75588072258636929 -0.036644251374287354 -0.97456269444478349 0.21298185462950461 -0.06975875712123969 1.0672490606732443
-0.24080292876205722 -0.72369901303408757 0.64674081982901277 -2.3854236182972377 0.081923815092980051 0.64881520656923719 0.75652317627758725 -0.048395747527060495 -0.9671103546236216 0.23515647186077127 -0.096948417840454715 1.0959488774666839
-0.27444463544566244 -0.71811899196243223 0.63951955048923881 -2.3947480085646333 0.075822820092355955 0.6468244038487847 0.75886038935953593 -0.074108041258685267 -0.95860890984193348 0.25675533873422102 -0.12306768057916639 1.115886109287636
-0.30959583545683489 -0.70904128058377647 0.63356994964715851 -2.4216453130507967 0.069620426147626521 0.64761543520377862 0.75878010276287777 -0.088653654275490781 -0.94831609441726095 0.27902456973166156 -0.1511352856061543 1.1476962675445423
-0.3441857703467468 -0.70088888747090228 0.624732681161005 -2.4385751120232122 0.061778599576274955 0.64703884946934376 0.75995008514492735 -0.11804871369277206 -0.93686688495496051 0.30015911563234082 -0.17940163092235317 1.1799089344313067
-0.37688182654701619 -0.6914396877411606 0.61633695900456209 -2.4655734462813412 0.055347022702087537 0.64740318210624981 0.76013540035753935 -0.1451914162119167 -0.9246062923734617 0.32059363377195799 -0.20572536569001976 1.2039537223598775
-0.40957507861573617 -0.6812394172481181 0.60676281310274571 -2.4974437049803808 0.047377483256134945 0.64832726624253545 0.75988626117781277 -0.17779239486044598 -0.91104534961615802 0.33997737017914131 -0.23326328195591994 1.2371016760747435
-0.44206900139768157 -0.66995885749818129 0.59643115886327447 -2.5286584312049496 0.037744376041495512 0.65044888928061795 0.75861162956472561 -0.21047888434556489 -0.89618656544298581 0.35787060747334637 -0.26225611189477194 1.2845949619423134
-0.47170655806247286 -0.66127162108312554 0.5832776064884978 -2.5553144948193731 0.026806268592809976 0.65043549208169193 0.75908833122672725 -0.26773724024102141 -0.88134802833215997 0.37370244017204751 -0.28908846252396869 1.3217645171281516
-0.50241851616733602 -0.64932078610907795 0.5709274484020731 -2.5904867001662999 0.016980892514898465 0.65278076512135841 0.75735653557421123 -0.30523894054020967 -0.86445779764058484 0.39020480444795014 -0.31694309691824363 1.3767114900636368
-0.52982499069616074 -0.6371581769140956 0.5597454214420331 -2.6337011055502693 0.0088891791584529041 0.65578566000562755 0.75489479440838148 -0.34495067763527087 -0.8480604116026772 0.40493780475832281 -0.34178781802429481 1.4234699991339856
-0.55586207316984271 -0.62546469046258935 0.54755025029294102 -2.6786261577591288 0.00079985958505380758 0.65828488597554446 0.75276846979719392 -0.3901134717496802 -0.83127415203166832 0.41887340555435348 -0.36541531752696055 1.4704174512690107
-0.58101124840697649 -0.61455998580701887 0.53361217477625422 -2.717739463939187 -0.0085778006195297036 0.66021462247770035 0.75102801119742479 -0.44052242960341242 -0.81385032442157235 0.43177850353104003 -0.38886369504930318 1.5293348212933187
-0.60397592737787642 -0.60370951450107657 0.52033441290088511 -2.7679122163627183 -0.018210394141449052 0.66314688860888815 0.74826772326057467 -0.49351827766734507 -0.79679449087782195 0.44246019733895309 -0.41151854524131415 1.5947519020129122
-0.62426089760127779 -0.59409581596017258 0.50729527218836235 -2.827563214113284 -0.025873622444732954 0.66473310077075021 0.74663274801021906 -0.54640494831315345 -0.78078735093982865 0.45296806311076798 -0.43033829299057835 1.6507056442033869
-0.64329704815030886 -0.58422525471571696 0.49482295782780267 -2.8962738184485124 -0.034486257520875564 0.66776174698720725 0.74357578450538364 -0.5878875706843194 -0.7648395948715675 0.46127551529747235 -0.44971690328888925 1.7205205293204451
-0.661840529961915 -0.57333711654809438 0.48296134802699126 -2.9736500552405007 -0.041630063226384684 0.67136944245516184 0.73995270765989662 -0.62075540212440894 -0.74848784274395452 0.46962498073011627 -0.46820756800668994 1.7990300222356277
-0.677698286323698 -0.56424630158597233 0.47154124301112316 -3.0542589796723183 -0.048131063069463298 0.67391810332080482 0.73723659077957626 -0.66213892896908411 -0.73376319986881766 0.47692819287922272 -0.48387091807137206 1.8720741273671722
-0.6909097583345698 -0.55681767473834043 0.46108327115289499 -3.1377936918588838 -0.053119206051023528 0.67516456707210715 0.73575210316983997 -0.70416617331091957 -0.72098686242300924 0.48384593050817498 -0.49605550066913162 1.931450873003236
-0.70415279799857622 -0.54768232488538582 0.4518992233661342 -3.2337436109471756 -0.05767494814522129 0.67844841173757797 0.73238060662964299 -0.73457850591016849 -0.70770222369809088 0.48964458908365005 -0.50931889711052469 2.0101396157127129
-0.71637587418832616 -0.53891639006013059 0.44314188631347995 -3.337550698854808 -0.063198030588802342 0.68264256922529221 0.72801451332455525 -0.76435021644047374 -0.69484646923662841 0.49352633891824804 -0.52308712179076067 2.1005310576304357
-0.72645374313763766 -0.53227781481326197 0.43467837183247876 -3.4374437541821874 -0.066928226738751456 0.68431313188905674 0.72611028775923347 -0.80753590205632031 -0.68394851527503309 0.49839328384500658 -0.5327462464168744 2.1692101791956464
-0.7355487477382634 -0.52543380978492149 0.42765330728941658 -3.5483945616150465 -0.072037837311807934 0.6883307670642751 0.72181112841805384 -0.84320271170423811 -0.67363090019394944 0.5001200522350705 -0.54415194905125563 2.2622582862879139
-0.74359505203996279 -0.52031587976838833 0.41992592661388967 -3.6556215553691804 -0.078220632679096222 0.6914210889057768 0.71820499193449761 -0.89103661798063627 -0.66403910367158925 0.50120680669479933 -0.55483673789488286 2.3602676172969721
-0.7505591855339766 -0.51578302549522193 0.41307236608319553 -3.7664982079613822 -0.083694691407382713 0.69427257567162315 0.71482920288731455 -0.94218728496079496 -0.65548158451690863 0.50194966010675379 -0.56426096008665838 2.4582678876027058
-0.75751105250984718 -0.5101398256932439 0.40735041864111377 -3.8833399146615761 -0.088920832502276254 0.69879713697005963 0.70977154557614519 -0.98586404730569155 -0.64673803883220449 0.50143785218520798 -0.57470861271026719 2.5652284104066645
-0.76458327072571741 -0.50357165378926105 0.40227852493802491 -4.0093598066128662 -0.09307701113150578 0.70387266307059337 0.70420163602531938 -1.0279775755925302 -0.63776883909861115 0.50097790737901748 -0.58504020733018902 2.6861559187377937
-0.76875469430774546 -0.49983311889288529 0.39897753475304309 -4.1431256769992952 -0.095850800087408872 0.70684760827636595 0.70084169596035362 -1.0970041015873309 -0.63232020693823199 0.50053302781314235 -0.59130182137872689 2.7777720569516871
-0.77394766912023716 -0.49523066500023605 0.39465376459217516 -4.2657529079401799 -0.1020949286685585 0.71264976156948445 0.69405110969950845 -1.14813552571399 -0.62496530383975235 0.49686709065743234 -0.60211416128347728 2.911395360925463
-0.77793655522876959 -0.49153576165236118 0.39141705514147984 -4.3991858693422952 -0.10537016379392732 0.71616651937802345 0.6899294493671132 -1.2292650932945086 -0.61944478738692765 0.49547765997953958 -0.60892531877099954 3.0151745153021063
-0.78145940015809456 -0.4877740851627182 0.3890985064841862 -4.5392367164205361 -0.11067396682119805 0.72206941426928328 0.68291070722670222 -1.2916626669562372 -0.61406227613541875 0.49060391643411033 -0.61825182426491976 3.1424314425832116
-0.78547047725158681 -0.48238663719539271 0.38773607211798788 -4.6800330228596794 -0.11436587415153925 0.7288348695164717 0.67507049987868839 -1.3590242226441331 -0.60824055783523612 0.48590417289032251 -0.62764684223857348 3.2754281522817363
-0.78818839193116563 -0.48023713429632703 0.38487836217149801 -4.8064031356996848 -0.11913064312545325 0.7326034177394487 0.6701493282731803 -1.4592981131369218 -0.60379379650132137 0.48235311459482716 -0.63464046841277821 3.3861183584713768
-0.79235925303578014 -0.47555025212963808 0.38212402676097007 -4.932372915356364 -0.12397065310120181 0.73882326071031734 0.66239826887080244 -1.5559619278852386 -0.59732578321904239 0.47748523237144413 -0.64436772232083905 3.5262678492333399
-0.7945579548915358 -0.47310466516559724 0.38059116137547033 -5.0430924065206701 -0.12946349442238289 0.74439824923367626 0.65506522587432736 -1.6572747997328947 -0.59322580855061158 0.47121462449332568 -0.65271733371581919 3.6448658162530796
-0.79759230370147227 -0.46739277007329366 0.38130108255733058 -5.1734556471478985 -0.13065640987737379 0.75099376760979231 0.6472536315612335 -1.7614166930131363 -0.58887640437882605 0.46642508454677112 -0.66005471051375975 3.752041039810512
-0.80151673661528022 -0.4611139549444776 0.38071622172039599 -5.2855160323745292 -0.13437887387427261 0.75928991484262742 0.63672689865793941 -1.8568137071659645 -0.58267764602898042 0.45918704878702521 -0.67054754868270772 3.8831073617243312
-0.80482147933788672 -0.456349021201921 0.37948380366548512 -5.3753383395407974 -0.13921204499075557 0.76669144288283764 0.62674096558285097 -1.9595351489896717 -0.57695961117383909 0.45158587473290301 -0.68057902172771345 4.0096850403359579
-0.80804522502846776 -0.45025424285752891 0.37991318889647219 -5.4640520031209165 -0.14242532040529388 0.7750567620249883 0.61563141874565663 -2.0499651943980872 -0.57164494436331947 0.44334877064015193 -0.69040852048314383 4.1313785965785419
-0.81137744537768097 -0.44527569855352811 0.37867689843725122 -5.5356034804806331 -0.1467983675468475 0.78230467594327202 0.60535083487418495 -2.159155734410052 -0.5657887241877213 0.43557886343917063 -0.70011011512980681 4.2481429360828038
-0.81445436936809457 -0.43970334355162621 0.37858294980986612 -5.6102918640651724 -0.15051377890185444 0.79024357950210311 0.59402078029003902 -2.2658500274577191 -0.56036566862888981 0.42682086959897325 -0.70979874802430665 4.3632314240741481
-0.81866595078239968 -0.43337487671258612 0.37679208758133614 -5.6410969260492534 -0.15522050283387076 0.79869037091020778 0.58137792090456542 -2.3344352148276477 -0.55289479698180455 0.41746845108303171 -0.72112927816084715 4.4854482405644429
-0.82283996057771169 -0.42786531267884842 0.37398619424077856 -5.6759979905105009 -0.16069878049682165 0.80644275124953579 0.56905710689166666 -2.4211737589190006 -0.54507825238520058 0.40814380206406509 -0.73233075561073169 4.6034024129969442
-0.82743122171780725 -0.42128825492765426 0.37131358659034919 -5.7002915189654679 -0.1654150199124475 0.81471878721931212 0.55576179154315553 -2.4836066063429012 -0.53665207025962502 0.39843381384102555 -0.74381116654306378 4.7341833243694733
-0.83081329653268332 -0.41582425636503811 0.3699181721988789 -5.7242686810710799 -0.16873237342009414 0.82157125478005533 0.54456410043184755 -2.5606250802462287 -0.53035709900454642 0.39001392428679837 -0.75273533622242939 4.8138494489654562
-0.83719996236230454 -0.40626531466930926 0.36612117818722778 -5.7435480343575556 -0.17305353281048397 0.83184560890898718 0.52733799191851072 -2.5829430411660317 -0.51879542962748559 0.37812878366435376 -0.76672676043173915 4.9596361755097425
-0.8411019483746236 -0.40100676131168894 0.36296155419372289 -5.7589252715192059 -0.17925713634878779 0.83980695974310804 0.51243648331775704 -2.6459018417950215 -0.51030813388426877 0.36594787572733345 -0.77824659378773253 5.0704720495025217
-0.84657130540549397 -0.39273505211410081 0.35927176858886711 -5.7873985519201119 -0.18230322762243584 0.84808668455535585 0.49750830011000474 -2.6842063439295609 -0.50008255124777179 0.35567984806682368 -0.78956271924191124 5.1706685495549856
-0.85182964607398404 -0.38588962033233976 0.35422514731344884 -5.8058595812321032 -0.18821848326483762 0.85655715746404959 0.48050352605843749 -2.7168535785268362 -0.48883540852413288 0.34263542857805906 -0.80227233933133602 5.2728238277755564
-0.85694115338411514 -0.37867790126333994 0.3496496914505931 -5.8271401993386513 -0.19224709517209518 0.86426658444485915 0.46484871238921216 -2.7263086219151589 -0.47821847939471573 0.33112885423473631 -0.81342533022926999 5.3454688152093395
-0.86214055883200036 -0.37379557380478423 0.34203877824129564 -5.8364579216210002 -0.19908577605817565 0.87069724272170645 0.44972343199808007 -2.7638988052798692 -0.46591684943577655 0.31962975537451122 -0.82508078931161033 5.4214092907006712
-0.86725260626091938 -0.36886161839235654 0.3343860394971877 -5.8575834854740592 -0.20590873775595639 0.87724090006722688 0.43364731633551068 -2.7818027201610849 -0.45329296117344686 0.30722875797394555 -0.83674128715176654 5.4817074940456729
-0.873245620313293 -0.36199786991177524 0.32618955958612506 -5.9022097185765947 -0.21112615176444144 0.88439035032746327 0.41626849062690874 -2.7856241112247275 -0.43916720579386481 0.29463748985321647 -0.84871721729219418 5.5403758266251062
-0.87907992296758874 -0.35708221393314471 0.3157701403361356 -5.9207244443623459 -0.21834121994264591 0.89050349169447751 0.39916242678125502 -2.7933432981513047 -0.42372821561616125 0.28195003772396898 -0.86078950709113378 5.5905526569872395
-0.88500164337796505 -0.35269586511131656 0.30393702958290791 -5.9493705412634412 -0.22539186541772585 0.89575831623283464 0.38316516791487554 -2.7974536970161226 -0.40739489223825476 0.27059686922264459 -0.87224236089809559 5.5940893619923733
-0.88997625837283056 -0.34907186509627103 0.29341283634310816 -5.9854564951685463 -0.23330872035672576 0.90140855320569258 0.36473231446243853 -2.7885410889643407 -0.39180262957030287 0.25614732714949567 -0.88367372160541557 5.6046145936727116
-0.89557533248378141 -0.34447390294299207 0.28157157888854467 -6.0318187224574364 -0.2409871687739705 0.90757926696833402 0.34383871023421331 -2.7937822492263416 -0.37399198966404579 0.24007832963523287 -0.8958193943573034 5.6500762667274964
-0.90114201078530121 -0.34145676119376811 0.26711487534932737 -6.0517809377689664 -0.24925258007954512 0.91220428959374156 0.32520222227172313 -2.7950417134099985 -0.35470583265787248 0.22647431263134302 -0.90713458648463319 5.6611074053722694
-0.90850138188597773 -0.33747896224523843 0.24644104599913177 -6.0202948312333628 -0.25718151924202526 0.91637117126167289 0.30679234449521992 -2.8173016282650707 -0.32936743201420671 0.21534118631229565 -0.91931782763415426 5.6740672488455823
-0.9138754581421511 -0.33517628308365732 0.2291037019860177 -6.0081436265497894 -0.26623951338900531 0.92078286821012478 0.28508846192212289 -2.8107507476175182 -0.30650965484933695 0.19953889061774413 -0.93071803604270009 5.6841373566824176
-0.91940715249336424 -0.32842044445066876 0.21640355729716995 -6.0682674819364397 -0.26989751119988381 0.92705367384587045 0.26024376891096351 -2.7542928540528209 -0.28608708707691249 0.18086320099926237 -0.94097963906353899 5.6885536489242163
-0.92512809718295475 -0.32705938888422009 0.19279564296250745 -5.9968527860034087 -0.28019129507611479 0.9308397105454419 0.23458531803002403 -2.6834610227333751 -0.25618517124575285 0.16300180800947711 -0.95278516393750934 5.7198344664582423
-0.92951469978464418 -0.32200170439755771 0.17977020122737661 -6.1205954192986542 -0.2803811491063839 0.93369850147749189 0.22269602503069025 -2.8200754622789526 -0.23955966711875215 0.15659505325441786 -0.95816969018342424 5.6642097602505981
-0.93411291344765202 -0.31865852651854759 0.16090310254114845 -6.1734979352660444 -0.28551830992026322 0.9374743527524324 0.19905057807422835 -2.7721206362087214 -0.21427169582242012 0.13999493350988126 -0.96668974286528364 5.6769584089778986
-0.9372764709511614 -0.31711159798341032 0.14475168885282547 -6.270703680725302 -0.29018578773363518 0.93987992559151357 0.18004980996241168 -2.7918703760555594 -0.19314508950202924 0.12675156762146525 -0.9729486186365417 5.6658020864951419
-0.94145590972518889 -0.31445759653734989 0.12156146603044078 -6.302110559495766 -0.29517987215139446 0.94304504833891445 0.1534108206096981 -2.6864786606473854 -0.16287913654057454 0.10854702567738951 -0.98065688703867715 5.6975395114141687
-0.94575754733991957 -0.31108527310126882 0.093640880544178379 -6.3118572839423983 -0.29872312067080159 0.94602118237603716 0.12573153809821325 -2.5685151015531948 -0.12769948639786213 0.090938855036523075 -0.98763503675111131 5.7173151613140591
-0.94710018388804817 -0.31187089020640574 0.075748198137578562 -6.4438440982444707 -0.30373045198778342 0.9472425886049276 0.10236840756958503 -2.5492095460398327 -0.10367764568373752 0.073946103175893715 -0.99185831629854171 5.7138528430339388
-0.9487205960809415 -0.31168206673173454 0.052759073623961324 -6.4772319250116484 -0.30752320682626472 0.94863632284486599 0.074287308759044463 -2.4558077221265076 -0.073203195525293682 0.054253260337105987 -0.99584028634499444 5.7069254069193391
-0.94961266112467557 -0.31219013228891235 0.027804947997521506 -6.5232582800115848 -0.31055785905654265 0.94918706590511082 0.050967932042250405 -2.405736830303618 -0.042303782454174071 0.03976474845737421 -0.9983131546614985 5.7101661509584209
-0.94898537814150941 -0.31529283270924319 0.0041450833283459285 -6.5599196052070452 -0.31519182217602731 0.94889231259293416 0.016046630032159413 -2.2458419827426135 -0.0089926251436013398 0.013921520901632865 -0.99986265254224471 5.6474751823030234
-0.94805846942148841 -0.31775493030464363 -0.014728979098243382 -6.6496481087421602 -0.31772130795696685 0.94817283277244691 -0.0046313780225486767 -2.2040959877669093 0.015437261036196999 0.0002888933445948961 -0.99988079665144913 5.6435082598281427
-0.94424343321104565 -0.32792309382315993 -0.029509038873969867 -6.8411799378015594 -0.32708013771084804 0.94451912021057083 -0.030036895174133802 -2.0905481051257864 0.037721643029845452 -0.018710320523611549 -0.99911310748735227 5.644768343458356
-0.94091245604766827 -0.3357978311683103 -0.04385848420777827 -7.0399750347124224 -0.33338602760716474 0.94123190881388197 -0.054187179543606245 -2.0271704587710335 0.05947694217644145 -0.036363586363767741 -0.99756713204480896 5.5734715454871475
-0.93512442944737795 -0.35113734157633736 -0.047380046448048524 -7.1994619932002504 -0.34686734069286485 0.93451606597624359 -0.079766975578525787 -1.9627525642629502 0.072286578362630152 -0.05815745681327282 -0.99568687889598939 5.522990923594814
-0.93167311776828177 -0.35920069109527059 -0.05440648072251314 -7.4394344278098172 -0.35343870883176282 0.93081975031895237 -0.093035861448688209 -2.0633054878614279 0.084061172530875222 -0.067449654801512007 -0.99417516733214129 5.2860405537967301
-0.92785765089996519 -0.3646742903067749 -0.078056656702986796 -7.4827441467629487 -0.35602951318316134 0.92848076842304894 -0.10567141719076971 -2.1164196434192477 0.11100975366587838 -0.070257559435228253 -0.99133279474314051 5.1167121339922268
-0.92432890359351072 -0.37033059309535116 -0.092039827244864411 -7.6287091524195656 -0.35802134214577469 0.92508346741822078 -0.12665424145136181 -2.052864073735289 0.13204846288297781 -0.084117953655133401 -0.98766764314880562 5.0296231939415614
-0.91738709465926949 -0.39089879724855603 -0.07482679240925072 -8.1127002994999842 -0.3790096931981638 0.91542044529413447 -0.13548823122073139 -2.1925973173952489 0.12146016225272621 -0.095935075166077272 -0.98794933591678724 4.871849614806024
-0.91267309034759569 -0.40182077984321046 -0.074618302322985969 -8.3530764927889667 -0.39172041829834209 0.91213830624913317 -0.12065995259875817 -2.5371753641364001 0.11654588814515199 -0.080893579220830764 -0.98988549074996635 4.7027669526129401
-0.9059160484775548 -0.41488005531795819 -0.084797717010429 -8.5257070733995466 -0.40523067360349002 0.90748176261229452 -0.11074724238979873 -2.7177062906122842 0.12289920374711368 -0.06596506822137814 -0.99022441673232575 4.5380240014999593
-0.90109726353440167 -0.41894050385515896 -0.11185962578338392 -8.435803256917433 -0.41093235554537028 0.90739816471064394 -0.088108852254972531 -2.9004990222296185 0.13841358609885993 -0.033427906146523051 -0.98981021123946422 4.4636849123676434
-0.90004086769901459 -0.41291282120717987 -0.13938952096313786 -8.4050685860009402 -0.40722142251135152 0.91075744785835866 -0.068495140107605545 -2.9771282451095904 0.15523256591139908 -0.004886026325829994 -0.98786587005894022 4.4394943256781616
-0.89558449496653325 -0.41264815293168677 -0.16628263366210813 -8.3745108701721644 -0.40304575277224697 0.91079620981753162 -0.089467230616978741 -2.681601579080271 0.18836807995993474 -0.013105955290865112 -0.98201104901529579 4.2485926141043207
-0.89002569245232044 -0.41655103489292644 -0.18530920674483631 -8.457785393082796 -0.40786559809254486 0.90911229435114593 -0.084619679461731587 -2.6994074070055918 0.20371529316028097 0.00026756163301668202 -0.97903013627946822 4.062486850509039
-0.88381444490202932 -0.42445536889969965 -0.19674772373457719 -8.5900749155330409 -0.41993185950631001 0.90513024082751192 -0.066305961354187204 -2.8452047766576798 0.20622623585298341 0.024018471053548391 -0.97820951370049536 3.9658691394545649
-0.87956993384445026 -0.42108755535816039 -0.22145428918708704 -8.5043894476335851 -0.42275244331150058 0.90526041079066444 -0.042236954545444787 -2.9586038943921968 0.21825925673617208 0.056469986520324728 -0.97425563250687364 3.8601911723330806
-0.87480909401043916 -0.42574729525976357 -0.23118886135718325 -8.6482601847856202 -0.42597647110917652 0.90326521573032159 -0.051536357195949754 -2.715668770624029 0.23076632141196021 0.053396541373494394 -0.97154295544321734 3.7351590547447073
-0.873710602620827 -0.43027633760037337 -0.22691861133270066 -8.9560660234816094 -0.42911743452721568 0.90144514312252932 -0.057051567249142079 -2.5537121679852448 0.2291026194802942 0.047528173139856314 -0.97224125735604106 3.6769641566561315
-0.86824178459798551 -0.44404957179972604 -0.22130562862834183 -9.316807512409504 -0.43745670741962739 0.89560478395313925 -0.080769425489038246 -2.1814275467584676 0.23406800851821705 0.026684241505628654 -0.97185395952457054 3.5380225358110513
-0.86755368552038603 -0.4473428302879956 -0.21733613351194206 -9.6385290812186195 -0.44041991237179845 0.89402773776150823 -0.082126152347819448 -2.0511246600473108 0.23104307720945136 0.024470314729595554 -0.97263574896804106 3.4484532071335576
-0.87046968063161589 -0.4456078578391649 -0.20908412692761705 -9.981874322414507 -0.43974648823771745 0.89486666807043835 -0.076398118164697063 -2.0092935368602678 0.22114601778844731 0.025441765042988475 -0.97490879337905745 3.3635232336617449
-0.87095999085939568 -0.43434554270805292 -0.22972297197243574 -9.9657260890059831 -0.42883393841784134 0.90017020752514709 -0.076125230674045516 -1.8658955700373567 0.23985442998461506 0.032210976603954937 -0.97027434543173152 3.1734177376624157
-0.86867502296438137 -0.42792139653418626 -0.24957360210179183 -9.8789450398941021 -0.41787462187361579 0.90354886187452965 -0.094764205263510898 -1.5474785035528271 0.26605357519081457 0.021971176424440832 -0.96370782010665046 2.8869208153606167
-0.86965508754994247 -0.41516909531965424 -0.26708547506362412 -9.8241873985844688 -0.40494832311016932 0.90938671254054193 -0.095040321258757068 -1.4068917545587263 0.28234178633132551 0.025503516349038483 -0.95897481006805929 2.7543715107611484
-0.86966974169829614 -0.40195007635352537 -0.28654960564239901 -9.7621240634407318 -0.39313503440022507 0.91502815655250713 -0.09037874442176308 -1.2673555026906069 0.29852870063287568 0.034053029755304443 -0.95379295765010341 2.6137616035552873
-0.86966974169829636 -0.40195007635352542 -0.28654960564239906 -9.7621240634407354 -0.39313503440022518 0.91502815655250713 -0.090378744421763121 -1.2673555026906087 0.29852870063287584 0.034053029755304463 -0.95379295765010375 2.6137616035552895
1 0 0 0 0 1 0 0 0 0 1 0
1 0 0 0 0 1 0 0 0 0 1 0
1 0 0 0 0 1 0 0 0 0 1 0
1 0 0 0 0 1 0 0 0 0 1 0
1 0 0 0 0 1 0 0 0 0 1 0
1 0 0 0 0 1 0 0 0 0 1 0
1 0 0 0 0 1 0 0 0 0 1 0
1 0 0 0 0 1 0 0 0 0 1 0
1 0 0 0 0 1 0 0 0 0 1 0
1 0 0 0 0 1 0 0 0 0 1 0
1 0 0 0 0 1 0 0 0 0 1 0
1 0 0 0 0 1 0 0 0 0 1 0
1 0 0 0 0 1 0 0 0 0 1 0
1 0 0 0 0 1 0 0 0 0 1 0
1 0 0 0 0 1 0 0 0 0 1 0
1 0 0 0 0 1 0 0 0 0 1 0
1 0 0 0 0 1 0 0 0 0 1 0
1 0 0 0 0 1 0 0 0 0 1 0
1 0 0 0 0 1 0 0 0 0 1 0
1 0 0 0 0 1 0 0 0 0 1 0
1 0 0 0 0 1 0 0 0 0 1 0
1 0 0 0 0 1 0 0 0 0 1 0
1 0 0 0 0 1 0 0 0 0 1 0
1 0 0 0 0 1 0 0 0 0 1 0
1 0 0 0 0 1 0 0 0 0 1 0
1 0 0 0 0 1 0 0 0 0 1 0
1 0 0 0 0 1 0 0 0 0 1 0
1 0 0 0 0 1 0 0 0 0 1 0
1 0 0 0 0 1 0 0 0 0 1 0
1 0 0 0 0 1 0 0 0 0 1 0
1 0 0 0 0 1 0 0 0 0 1 0
1 0 0 0 0 1 0 0 0 0 1 0
1 0 0 0 0 1 0 0 0 0 1 0
1 0 0 0 0 1 0 0 0 0 1 0
1 0 0 0 0 1 0 0 0 0 1 0
1 0 0 0 0 1 0 0 0 0 1 0
1 0 0 0 0 1 0 0 0 0 1 0
1 0 0 0 0 1 0 0 0 0 1 0
1 0 0 0 0 1 0 0 0 0 1 0
1 0 0 0 0 1 0 0 0 0 1 0
1 0 0 0 0 1 0 0 0 0 1 0
1 0 0 0 0 1 0 0 0 0 1 0
1 0 0 0 0 1 0 0 0 0 1 0
1 0 0 0 0 1 0 0 0 0 1 0
1 0 0 0 0 1 0 0 0 0 1 0
1 0 0 0 0 1 0 0 0 0 1 0
1 0 0 0 0 1 0 0 0 0 1 0
1 0 0 0 0 1 0 0 0 0 1 0
1 0 0 0 0 1 0 0 0 0 1 0
1 0 0 0 0 1 0 0 0 0 1 0
1 0 0 0 0 1 0 0 0 0 1 0
1 0 0 0 0 1 0 0 0 0 1 0
1 0 0 0 0 1 0 0 0 0 1 0
1 0 0 0 0 1 0 0 0 0 1 0
1 0 0 0 0 1 0 0 0 0 1 0
1 0 0 0 0 1 0 0 0 0 1 0
1 0 0 0 0 1 0 0 0 0 1 0
1 0 0 0 0 1 0 0 0 0 1 0
1 0 0 0 0 1 0 0 0 0 1 0
1 0 0 0 0 1 0 0 0 0 1 0
1 0 0 0 0 1 0 0 0 0 1 0
1 0 0 0 0 1 0 0 0 0 1 0
1 0 0 0 0 1 0 0 0 0 1 0
1 0 0 0 0 1 0 0 0 0 1 0
1 0 0 0 0 1 0 0 0 0 1 0
1 0 0 0 0 1 0 0 0 0 1 0
1 0 0 0 0 1 0 0 0 0 1 0
1 0 0 0 0 1 0 0 0 0 1 0
1 0 0 0 0 1 0 0 0 0 1 0
1 0 0 0 0 1 0 0 0 0 1 0
1 0 0 0 0 1 0 0 0 0 1 0
1 0 0 0 0 1 0 0 0 0 1 0
1 0 0 0 0 1 0 0 0 0 1 0
1 0 0 0 0 1 0 0 0 0 1 0
1 0 0 0 0 1 0 0 0 0 1 0
1 0 0 0 0 1 0 0 0 0 1 0
1 0 0 0 0 1 0 0 0 0 1 0
1 0 0 0 0 1 0 0 0 0 1 0
1 0 0 0 0 1 0 0 0 0 1 0
1 0 0 0 0 1 0 0 0 0 1 0
1 0 0 0 0 1 0 0 0 0 1 0
1 0 0 0 0 1 0 0 0 0 1 0
1 0 0 0 0 1 0 0 0 0 1 0
1 0 0 0 0 1 0 0 0 0 1 0
1 0 0 0 0 1 0 0 0 0 1 0
1 0 0 0 0 1 0 0 0 0 1 0
1 0 0 0 0 1 0 0 0 0 1 0
1 0 0 0 0 1 0 0 0 0 1 0
1 0 0 0 0 1 0 0 0 0 1 0
1 0 0 0 0 1 0 0 0 0 1 0
1 0 0 0 0 1 0 0 0 0 1 0
1 0 0 0 0 1 0 0 0 0 1 0
1 0 0 0 0 1 0 0 0 0 1 0
