0.99995661643473543 -0.0039790075442873753 0.0084221581175968514 0.24193268768969678 0.0039767661936043813 0.9999920526301036 0.00028285556987390771 -0.00039494431972977195 -0.0084232166680374369 -0.00024935034491158179 0.99996449299231061 -0.14288304283227066
0.99992228957450102 -0.0077804813558020394 0.0097405811920951452 0.40632934996278808 0.0077841010201500672 0.99996964773066954 -0.00033374947009270277 0.0039877279867163804 -0.009737688811821802 0.00040954520227361418 0.99995250371671729 -0.23289392836884629
0.99987070446664894 -0.010536419092213728 0.012147354530118335 0.5606738836314662 0.010539115990688975 0.99994444948876482 -0.00015802134650670039 0.0040702395268470944 -0.012145014759231722 0.00028602329342536126 0.99992620568078605 -0.31854178314865733
0.9998195023900186 -0.012341660193920521 0.014444585983451974 0.72393096541972357 0.01230214986727057 0.99992034643938843 0.0028209723814170435 -0.017737439192888768 -0.014478250903294715 -0.0026427637411052724 0.99989169216000084 -0.4166270763487025
0.9997316000124854 -0.012911562249552077 0.019235890848928232 0.85952437438865803 0.012825678677297999 0.99990725179531414 0.0045814597683426191 -0.024957352109534488 -0.019293260557579236 -0.0043335167494980668 0.9998044762500512 -0.50279950205980894
0.99963638414087619 -0.016876978169740181 0.02103014763649427 1.0339899703265214 0.016702086220360911 0.99982468228821797 0.0084643371359900046 -0.053906855062786758 -0.021169313112197625 -0.0081100120297187429 0.99974301092192464 -0.59075161754718286
0.99956936460124413 -0.021187135147550423 0.020302479033471561 1.2362340424423564 0.020957302016835568 0.99971460733531181 0.011467143174241372 -0.084942279044947055 -0.020539640767069382 -0.011036719831673005 0.99972812002689859 -0.6910730304417857
0.99940090583808361 -0.02248145147197525 0.026313755903161672 1.381043393782188 0.022235968233835463 0.99970680327946226 0.0095848418590224992 -0.067382395497310107 -0.026521521953346006 -0.0089939877958462641 0.9996077816107708 -0.80264496680082831
0.99924956474795446 -0.027399526410233035 0.027378336390632457 1.5817643012685501 0.027212774790858131 0.99960394468114278 0.0071706810053723015 -0.048316718064612803 -0.027563966318469541 -0.0064202593712180591 0.99959942378454814 -0.9319358378943785
0.99909663727195464 -0.030996654179678614 0.029070893029588846 1.7707376167210216 0.030815102441660774 0.99950282937218415 0.0066725960846266098 -0.03760806315265345 -0.029263267988766006 -0.0057707457632471138 0.99955508084344891 -1.0487840628858929
0.99896019041579243 -0.034369626896655688 0.02995441055050788 1.9657650462917107 0.034127441519190171 0.99938083575208725 0.0085593730385989629 -0.049787868291559026 -0.030230046308233643 -0.0075282055261743502 0.99951461741275083 -1.1830174068530861
0.99873185182331126 -0.035380308725332238 0.035817899269493698 2.1190200508746475 0.035175361751436159 0.99936106920164058 0.0063361889025900968 -0.0313518053871654 -0.03601919043003355 -0.0050682461122051803 0.99933824644216995 -1.3219419562842232
0.99854305218682293 -0.039149904008045064 0.037135669451145721 2.3138685546382334 0.03877917000480538 0.99919103022946421 0.010651811241305573 -0.051429637720670107 -0.037522645204760063 -0.0091962016693229402 0.99925346182622499 -1.435227328524707
0.99835437154223106 -0.041141172919496212 0.039949376882812776 2.4865018373840946 0.040763316811513829 0.99911648323134594 0.010227655545230212 -0.040927644635375716 -0.040334858683786889 -0.0085823555179120586 0.99914935937962901 -1.5764862485004782
0.99814714957842365 -0.044498616466609735 0.04149868577467803 2.6646780818453562 0.043899377381647751 0.99891968589730329 0.015241581031394578 -0.067944926522225238 -0.042132083427853052 -0.013391574193890062 0.99902229869339654 -1.6821833596083724
0.99789048647891621 -0.045107122131855804 0.046689661894831737 2.7909441790209453 0.044256874793080631 0.99883782429669576 0.019087424860172657 -0.092074790301713949 -0.047496379108532508 -0.016980821158736618 0.99872706265743771 -1.7970037859265073
0.99761065306825536 -0.050168590320511602 0.047498393972656205 2.9637268434630504 0.049158292497095413 0.99854413406218046 0.022205283352844531 -0.10534116492027376 -0.048543250442250017 -0.019817287283146783 0.99862446793639015 -1.9074791492300802
0.99733611848261827 -0.051642554310799844 0.051514205363966135 3.0871198761114118 0.050692990773086227 0.99852246293628411 0.019573239336833064 -0.082409127820922801 -0.052448903291723685 -0.016909689409129982 0.99848043293175359 -2.0280413730944749
0.99713570663566697 -0.05367183865596388 0.053288988426101802 3.2301042113537233 0.05267825265938178 0.99841365596897247 0.019878965552177497 -0.071799123277183269 -0.054271394389156499 -0.017014855566783529 0.99838124503673353 -2.1302775746435598
0.99679916061748042 -0.062270898488681892 0.050137496883059574 3.4264205724613692 0.060845529430585132 0.99771199541873257 0.029471948457521765 -0.12715519716935716 -0.051858026771159853 -0.02632697094204527 0.99830738535804608 -2.2011924429952603
0.99647593993313555 -0.068770723818032439 0.048023834498278191 3.6004436978899235 0.067441907856249705 0.99730847095845609 0.028764610534741723 -0.10672733648291642 -0.049872740039857769 -0.025424423298280669 0.9984319248205491 -2.313004177379566
0.99619445639362147 -0.070836266706023179 0.050782165863324867 3.7003042792458909 0.06918029627923232 0.99703617646862164 0.033659314008893257 -0.13005986275330336 -0.05301595662944053 -0.030018096741545694 0.99814238573997072 -2.3878415574811225
0.99589352750734372 -0.07462259076376801 0.051259641207121086 3.8202804805803718 0.072660505706062445 0.99658873965992523 0.039132274321601587 -0.15624141870751854 -0.054004932918381154 -0.035247027261104111 0.99791839059601273 -2.4578718980356506
0.99562358647857341 -0.077488703133174353 0.052241505857712298 3.917130397999852 0.075563477823462066 0.99642143618885071 0.037874560361424406 -0.13916523490828708 -0.054989406859555855 -0.033761255753997077 0.99791599984324708 -2.5434574403620505
0.99526605789995115 -0.081944929441560357 0.052254210654346177 4.0199900146312775 0.079818118684425191 0.99594230859351807 0.04156904958130124 -0.15373423232595657 -0.055448552027713996 -0.037201431319659743 0.9977682654734007 -2.6146447966870654
0.99531023388933393 -0.083204017685823348 0.049341967493166182 4.1360261694050076 0.081320542835688098 0.99592361597163692 0.039027175953281888 -0.13004605886164008 -0.052388048523193634 -0.034831632044976031 0.99801916303296245 -2.6921124861518475
0.99491475896176129 -0.085080817308144083 0.053906186344785466 4.1681301348254927 0.083049479930981204 0.99578715295004483 0.038868109072059787 -0.10963090425581999 -0.056986018313741435 -0.034193574627730816 0.99778925288405651 -2.7522930607197531
0.99471902123881395 -0.086439366672706866 0.05533809424724883 4.2307393937129705 0.084198108060800289 0.99557901212060196 0.041630628435661454 -0.12187717976752947 -0.058691970359478117 -0.036751415131769286 0.99759941163832611 -2.8051801314359559
0.99474085152464287 -0.085860604986122663 0.055844380374800898 4.2921289203109021 0.083652824427033284 0.99566171932619951 0.040742430386221981 -0.12133989952932794 -0.05910028150024655 -0.035856619748844257 0.99760786862713668 -2.8695090728359727
0.99486374989473214 -0.085124966357025086 0.054770970852334462 4.3574921177936909 0.082806993533126469 0.99562504740031854 0.043287028208439188 -0.13534302297616532 -0.05821615727095595 -0.03852927577607454 0.99756021068443512 -2.9076850314186222
0.99490244253000615 -0.086012909629732237 0.052639426524757962 4.4308367369846593 0.083823100377256307 0.9955745097545865 0.042486272724953866 -0.1310959218817084 -0.0560608391925441 -0.037857296574666584 0.99770938023308442 -2.9504669597139115
0.99521071140409656 -0.082567525360802557 0.052328230070825571 4.4739166524392422 0.080375484048312212 0.99584972376444303 0.042697883346624957 -0.13135808150097214 -0.05563651202718891 -0.038287484039509705 0.99771671685673025 -2.9738965824227628
0.99556757221083692 -0.079723647396006653 0.049893378399315881 4.5241303100686965 0.077695570025147431 0.99611927405128453 0.041349610179652899 -0.12672289999206035 -0.052996297613017558 -0.03728983654320632 0.99789822152857521 -3.0014922254720022
0.99593030298810936 -0.076633582582120788 0.047435488936470295 4.5729937581199351 0.074859261874741359 0.99646534308597301 0.038117068881579716 -0.1198077363717923 -0.050188868303455675 -0.034410958271798693 0.99814676448367801 -3.041467460870436
0.99656950999831795 -0.069041046833686601 0.0456349163888927 4.5981262609068905 0.067499160577909778 0.99712239133955771 0.034507970246877545 -0.10706562898583009 -0.047886063348223602 -0.031309272450673935 0.99836198565230805 -3.0553937165770795
0.99723445464653471 -0.061393303642896517 0.041884421132919104 4.6358159636902334 0.060113057087024781 0.99770476027649757 0.031171007190475601 -0.10520693572055594 -0.043701977455038704 -0.028567001757756994 0.99863610167923111 -3.0736227574341934
0.99770966226934132 -0.053794268862355603 0.041007395088709736 4.638747482605913 0.052659690338353729 0.99821245782331314 0.028263864912800012 -0.10466465063049973 -0.042454526588641066 -0.026039694389622003 0.99875900370821658 -3.0825026726603513
0.99815397862315158 -0.045821892937712598 0.039862125964102109 4.6490902989584759 0.04488922319897258 0.99870396495719305 0.023986413224459806 -0.10616623237000559 -0.040909566110702775 -0.022152753923305395 0.99891724526821912 -3.0797677238009715
0.99866154077034008 -0.030103126305546062 0.042058634937937163 4.6039237402614805 0.0294672695243655 0.99944310622056964 0.015657504748765746 -0.091812467786810556 -0.042506552588850673 -0.014397194685478228 0.99899244930690023 -3.1120733705420438
0.99910405741598107 -0.016177560160940983 0.03910714771193561 4.6133396280907002 0.015769592895775144 0.99981820445055303 0.01071811500094929 -0.096494812383136341 -0.039273431156769761 -0.010091808386567359 0.9991775382826934 -3.1117817221147059
0.99939254815224343 -0.0014805342517264009 0.034818712154461175 4.6398292292793331 0.0014295606362857644 0.99999786988103645 0.0014888216068008925 -0.07325464544854586 -0.034820842237845706 -0.001438141759062679 0.99939253584071153 -3.1307980087621616
0.99935996757849621 0.015096183046629772 0.03243085658643112 4.6466948772916119 -0.014963058529773947 0.99987861234702602 -0.0043436678533426022 -0.088399514190798126 -0.032492492685873973 0.0038556229598147454 0.99946454268805862 -3.1311405961242942
0.99919693983458846 0.030944329619167224 0.025454349129650351 4.7084018518752488 -0.030626884042623637 0.9994493346062201 -0.01276798844859592 -0.088345848970803428 -0.025835429143590532 0.011978147586506158 0.99959444505327377 -3.1475376749052231
0.99852045006193013 0.049719615105805672 0.022019779332479728 4.7382594906329603 -0.049266887040108794 0.99857222753424046 -0.020646555128694833 -0.088765302239355665 -0.023014878872106216 0.019531161538311415 0.99954432071792931 -3.1671257662284447
0.99725344906622171 0.071888203778472728 0.017822583511642159 4.7522953837081205 -0.071287823897165439 0.99693267141753672 -0.032300074679486313 -0.080642071251232558 -0.020089910142442359 0.03094082768444379 0.99931929866918423 -3.1973286706928765
0.99553055928928447 0.09328834657867266 0.014703398035217001 4.769471734570458 -0.092533541079531073 0.99466438333794449 -0.045610396777811618 -0.048536300880531284 -0.018879864841870726 0.044045986327520527 0.99885109089993418 -3.2195226351512454
0.99357028686270099 0.11293163756466591 0.0080330754093877361 4.8200780535036145 -0.11229412746101837 0.9920286263346122 -0.057177211110991437 -0.040578349525190537 -0.014426156845762142 0.055907510851631224 0.99833172654636004 -3.2527901412348523
0.99138397454409966 0.13093384351103005 -0.0037608031819075117 4.9134899597956858 -0.13087604941361408 0.98894356915432535 -0.069728593261224783 -0.040969496253674784 -0.005410610596706911 0.069620008989752152 0.99755891036130673 -3.2953050202587217
0.98856191933873161 0.15031709008612909 -0.012251696264669352 4.9686992114766353 -0.15081455955933626 0.98499293501116381 -0.083927865473968924 -0.023522335040193427 -0.00054795825258513334 0.08481562595496045 0.99639651210530722 -3.3439236648148709
0.98497501469184789 0.17128003871951167 -0.022076430169677991 5.0310452188224657 -0.17260890967765177 0.98047644456265659 -0.094191857172815127 -0.050156431118850972 0.005512234817779159 0.096587214443808952 0.99530926112103435 -3.3934654511422502
0.98083179689405564 0.19226512765358464 -0.031671862748011162 5.0882625311988887 -0.19460217828222495 0.97482526259364133 -0.10883795117995994 -0.060500771066392338 0.0099487893429901428 0.11291513670712623 0.99355482661653849 -3.4754077602214331
0.9765773785434384 0.21036515254784038 -0.045200954754847027 5.1644358707676981 -0.21436126484392837 0.96936977785900724 -0.11988111572758267 -0.08073473209050383 0.018597630272082867 0.12676251956750745 0.99175873668002557 -3.5115874034453971
0.97249361544906676 0.22418635655472227 -0.0632190275591272 5.2994170592804952 -0.2308964820896364 0.96360170825147706 -0.13475371020296797 -0.069499538811760006 0.03070801962733789 0.14564417389499035 0.98886035017135399 -3.5617742119935913
0.96728700690309888 0.24114207293700718 -0.078780371515291533 5.390749257541648 -0.25066010666888178 0.95631098714464602 -0.15046197789201593 -0.069268569166867328 0.039055821604327537 0.16528701257532544 0.98547189014843806 -3.6367682143660436
0.96271374319150638 0.25308606991282917 -0.095549410706068358 5.5007414503754504 -0.26610807520178159 0.94951230075923543 -0.16617124606653905 -0.070687981353538293 0.048669713196210045 0.18540181208117104 0.98145678819518933 -3.7081431226001258
0.95833057159551016 0.26086701612091867 -0.11640839937732612 5.6470219097645558 -0.27868039086330176 0.94330274455482876 -0.18032518366441438 -0.083259426860885055 0.062767470027873945 0.20525187457242819 0.97669438039276346 -3.7773963975023088
0.95398079553736881 0.26595608653804492 -0.13852076298972987 5.797354929838801 -0.28975678098305219 0.93651074513698485 -0.19745539272784868 -0.056432782276606641 0.077211719448724236 0.2285059830208771 0.97047584519318875 -3.8516498356143902
0.94958076542886982 0.27157281693520169 -0.15666708342661231 5.92765400367671 -0.29952964410869787 0.9334344737760939 -0.19743878916378999 -0.20266503572570616 0.092619448430869458 0.2344105122818218 0.96771553129219512 -3.9437011642499744
0.94673712422355272 0.27425313815611446 -0.16874250747348943 6.1151879432963421 -0.3031291900096203 0.93585280724464759 -0.17970035430244413 -0.58817828341463518 0.1086347632253551 0.22127977626488063 0.96914072705419585 -4.146880981168799
0.94275053884088622 0.26502681230851277 -0.20244063394686118 6.2956448456599405 -0.30456225536353898 0.93150844408346123 -0.19883121286428776 -0.59432600501330624 0.13587955741425264 0.24910400911827488 0.95889725128300851 -4.193069053273927
0.9409018168965394 0.24903099611658319 -0.22953721688208514 6.3426802067554302 -0.30090959777057891 0.92571721988595279 -0.22913106026065305 -0.43951255740913481 0.15542581809448358 0.28465978251204527 0.94594483099695381 -4.1966304435292257
0.93895587574894135 0.2280370474632134 -0.25760622737193073 6.4073151198626643 -0.29376875207615022 0.92113513392428081 -0.25536245877951341 -0.29337812694103937 0.17905804561694538 0.31545074105881804 0.93189540521738945 -4.1574485736701199
0.93414073096360928 0.21145134497725135 -0.28752290945607301 6.5682393692344858 -0.29034882919628252 0.91872162313391703 -0.26767169549754194 -0.36428380950063977 0.20755397403837317 0.33352497341802201 0.91960993903251498 -4.213087380072924
0.92833241230101804 0.19742219245637666 -0.31499747649320942 6.7097873198811797 -0.28895989549875595 0.91629596780426559 -0.27731548492464747 -0.46950295431826911 0.23388268654331953 0.34846259097837423 0.90767434227475974 -4.2966031512403475
0.92185182831810497 0.17557653256764236 -0.34548818769690337 6.8740330560382308 -0.2824092047779701 0.91484713836102716 -0.28861696847086837 -0.54573626009654674 0.26539451328774988 0.36363112441616341 0.89293793606980043 -4.3118414093270552
0.91164440608435426 0.15566326824341412 -0.38035959797918073 7.0503644205812623 -0.28389590906225515 0.90771693207884174 -0.30895482523354645 -0.5399720029700521 0.29716592952897686 0.38963947199578536 0.87170722848329341 -4.3261594345302239
0.91178285295610007 0.13182146214662685 -0.38894103817000375 6.941662636982878 -0.27254404952648764 0.90268944599389378 -0.33297373043370948 -0.3757164739633666 0.30719988626778222 0.40960330346417206 0.85898391350961811 -4.407308953248295
0.9069938927638197 0.11028336850770953 -0.40644760685692993 6.9424259000607202 -0.26660047815213944 0.8974600980632188 -0.35141081006908204 -0.3561809401578277 0.32601574124293964 0.42708658491569429 0.8433924267189421 -4.4716477747897807
0.89983200137269981 0.097005617076461534 -0.42531433030314952 7.0220475493899022 -0.26559028946483482 0.89526686961327695 -0.35771361494193793 -0.47101466890462584 0.34606959913807356 0.43484151415022315 0.83135352896583914 -4.5694690239709246
0.89325971143341687 0.082673432146180906 -0.44187350174802248 7.1191925497102533 -0.25862578001954351 0.898493828418091 -0.35471332961122937 -0.76224627218900032 0.36769524587512892 0.43113100550966271 0.82396981877314879 -4.7041323842463854
0.89367227585574027 0.062159811779417394 -0.44439399317089001 7.0026373079804412 -0.24803824066965163 0.89373204554353158 -0.37379146851430239 -0.64013920807182334 0.37393434521627672 0.44427377659290462 0.81412156150021742 -4.8490958421297181
0.88558197173505515 0.041256472711777174 -0.46264724661153483 7.1087491724590874 -0.24448387872552926 0.88830601905175788 -0.38876734631362586 -0.62472142513610873 0.39493316444833121 0.4573951464279003 0.79675433832708242 -4.9084743341309949
0.8811597015091962 0.025136666689871703 -0.47215011217190922 7.1386883295134265 -0.23902427522239619 0.88527042051701255 -0.39895322835144453 -0.65515576303308398 0.40795217402366218 0.46439684596835279 0.78607289303474492 -5.0148485059052961
0.87268495790534084 0.011135113966123921 -0.48815670996383426 7.2554069750831847 -0.24204557132719323 0.87812922495683887 -0.41267784733081336 -0.68362305089622988 0.42406945851669886 0.47829391958675671 0.76902537073863231 -5.0079794941817903
0.87218052670145829 0.0032383748145676751 -0.48917342709035944 7.2582773886886072 -0.23499704543268204 0.87981179530947684 -0.41316775463753841 -0.82329425238229226 0.42904255905524896 0.47531117992624111 0.76811572354460222 -5.1516844118295628
0.86346642166575083 -0.0032191521322843765 -0.50439605045568414 7.4727933288013739 -0.23774248119201896 0.87934092023920807 -0.41259915005914072 -1.0011794039189741 0.44486430660641491 0.47618188022268548 0.75851602860795353 -5.1948894540959412
0.86419166880488374 -0.01614168299229481 -0.50290377373649375 7.4038024814794685 -0.22841752503096016 0.87797613990671564 -0.42069386971197226 -0.93771853053086873 0.44832822109137954 0.47843217264799354 0.75505262223792036 -5.2139579634001834
0.86623188981617671 -0.022871116755809766 -0.49911844794982013 7.4543974594190221 -0.22318534047490629 0.87603873294457779 -0.427486189458746 -0.90894631926957214 0.44702417928183186 0.48169809050815304 0.75374818921056375 -5.2942809091919374
0.86940258976017382 -0.022472216279673819 -0.4935930878910102 7.5546111787476864 -0.22632383570927836 0.86989556587645511 -0.43824562274861523 -0.75248494241929298 0.43922278892168437 0.4927237602997866 0.75120345960857771 -5.3537491931493069
0.87172377083187946 -0.042022513174155868 -0.48819235527932719 7.6113317013057689 -0.20198628240930666 0.87691086812256225 -0.43615234848273154 -0.80247510506744202 0.44642939988884772 0.47881252882006148 0.75593607742971303 -5.4149417885017739
0.8750480884376578 -0.053531359908219792 -0.48106676919942998 7.7130458605812358 -0.18327995827459459 0.88321887622294326 -0.43166291661242345 -0.86145935604768653 0.44799475422873408 0.46589570741729075 0.76304776390058204 -5.4919175157718296
0.88157468493350755 -0.068994058212471079 -0.46697526146013468 7.7551367449111366 -0.15555182286355063 0.8915466473643362 -0.42538007237908865 -0.88845903287782069 0.44567892623301536 0.44764315643689478 0.77523280323203581 -5.6062400487838913
0.88313052183011265 -0.079880067114790995 -0.46227660149504585 7.8947149079687753 -0.14064540093632627 0.8949874908948291 -0.42333941741496067 -0.88034744804765641 0.44754815674688347 0.43888103857368316 0.7791560057991932 -5.5677975923054666
0.8895881714592867 -0.093113983227012823 -0.44717185882759014 8.0082232313222956 -0.1149485094170775 0.9018549830782524 -0.41646660091742899 -0.88364887115288671 0.44206303326846352 0.42188550060949548 0.79157621174019666 -5.6341952253695107
0.89625839978777055 -0.10067398139031765 -0.43195558832001096 8.1602520485524881 -0.08922507335851608 0.91306413430618472 -0.39793563917782598 -1.0398112574526166 0.43446492044126217 0.39519442824351592 0.80935875654202216 -5.7484065786143326
0.90543471450110613 -0.11329033583976053 -0.4090883493594199 8.2059708738661445 -0.058335796826502306 0.92137417649654085 -0.38427407106639155 -1.0724529438204495 0.42045797957098824 0.37179957865849628 0.8276352824308828 -5.8384377666294069
0.91507942701981415 -0.12650243348913837 -0.38291875974730566 8.2730731259181276 -0.027141298696020076 0.92805373424613347 -0.37145607581099066 -1.0267061500500614 0.40235928242080121 0.35030472545076113 0.84580943904444861 -5.9779130115234578
0.92369353319616609 -0.13774315964230038 -0.3575151447188481 8.3882332879134793 0.00078636576863333463 0.93381752725966172 -0.35774880490580091 -1.0146390891217218 0.38313135914521679 0.33016911992857029 0.86266952762059024 -6.0929232256917505
0.93178929326840332 -0.14642331100451497 -0.33215798491808757 8.5364073402661536 0.026962711646035482 0.94042675089640648 -0.33892556465855594 -1.0545697972627315 0.36199685790219527 0.30685133239551576 0.88022754710133588 -6.1823019540755002
0.94119524367139229 -0.16098967807581827 -0.29704180992478635 8.550515143436666 0.059420370272224632 0.94434785625527284 -0.32353724048829724 -1.0092549903621748 0.33259695261240774 0.2868613775660902 0.89838177696000987 -6.3257223087221792
0.94739887413169233 -0.17303225786339188 -0.26924934732084022 8.6657992788097129 0.085108418641414441 0.9471716611211094 -0.3092287202790775 -0.93042496110622486 0.3085318952237508 0.27004755527087237 0.91207586719629063 -6.4206978393456851
0.95558299939417379 -0.18472388465645451 -0.22964803005090945 8.6433397135242274 0.11520445107528368 0.95132419351179698 -0.28584998389290084 -0.985369319610779 0.27127304643343592 0.24669690974261918 0.93035023996458721 -6.5312540604532012
0.9579190656413813 -0.1926371246794126 -0.21279568105577595 8.9741718623260169 0.13027177644017063 0.952369664738277 -0.27571957846591899 -0.89228958168541173 0.25577397823833697 0.23639576959317671 0.93738823983159958 -6.5330126201292344
0.95710626174433477 -0.19268012998097031 -0.21638385161629195 8.9928926052302298 0.129344818932637 0.95242252674854766 -0.27597327471549732 -0.88895742083331086 0.25926342114742762 0.23614761919703606 0.93649174070170171 -6.4790198564394599
1 0 0 0 0 1 0 0 0 0 1 0
0.99575073158711047 0.040051904666234074 0.082923612296746843 0.1999777362875681 -0.043235766019333009 0.9983809446229942 0.036961573971076647 -0.01928832127538025 -0.081308972939373531 -0.040389780221050706 0.99587023078975478 0.14617679452764593
0.99083809543474888 0.057231797301055924 0.12232902359182918 0.29208238741293419 -0.064467240888056596 0.99634569970410891 0.056028756307907518 -0.045287335572837671 -0.11867537018067707 -0.063401640821199964 0.99090685155248515 0.20909554751093809
0.98434993985520436 0.074482047038798654 0.15971105339320082 0.37823715125348106 -0.086851806762033176 0.99362218891459997 0.071914597674808373 -0.056647989274932496 -0.15333610001961739 -0.084660323442975874 0.98454084225353733 0.26284588884963117
0.97632427751705297 0.089761914321932978 0.19680880028105041 0.44968315020115851 -0.10875592263183059 0.99017385461808405 0.087908400754789687 -0.077241565762448339 -0.18698410206031876 -0.10723122851122892 0.97649291303555752 0.2900793731176069
0.96780578212591051 0.10428694772231371 0.22907684435232245 0.53295805875751878 -0.13054003345080159 0.98612247977975864 0.10257560401812506 -0.092725182038768866 -0.21520052915901103 -0.12917696159835543 0.96798865945934442 0.33569664409367345
0.95821556352638926 0.11866351929254243 0.260272747334239 0.59049770669559998 -0.1522957253778025 0.98184869364520844 0.11304492389685918 -0.098922192795143638 -0.24213414845381301 -0.14795983230696813 0.95889464602543317 0.36970920244532557
0.94836509923238399 0.13120594796933421 0.28877090881080608 0.64580012979488177 -0.17324760659615945 0.97690011690702849 0.12510566891926414 -0.11864527675888002 -0.26568572668973561 -0.16867471892522168 0.94918909276752894 0.41709603673685447
0.93988428544367053 0.14142571778275254 0.31083162053702645 0.72575692099876243 -0.1902947670945668 0.97269817201502562 0.13283887900404839 -0.11787121837796512 -0.28355851528822995 -0.18400280570757846 0.94113630038335772 0.44366290958854265
0.9307216629359063 0.15282245354503193 0.3322686922270856 0.76542347144300615 -0.20842178506117853 0.96818133661045813 0.1385108622133969 -0.1244981015273722 -0.30052877674813955 -0.19816709396785145 0.93295887219887863 0.47624958183891192
0.92299604656139977 0.16249424449199093 0.3488178873552838 0.81097203972372789 -0.22402480027844537 0.96392394398981551 0.14374810977303937 -0.14487531853526472 -0.31287567321897852 -0.21082279456950614 0.92610073015718697 0.49958661617437006
0.91626320038287234 0.17210680113911875 0.36171949992472913 0.84698658512701397 -0.23749231669440599 0.96057523750822471 0.14454277082283148 -0.14327989663343754 -0.32258200063745068 -0.21834482381700154 0.92101378424921654 0.52092178532235911
0.91011098152617409 0.181099092326345 0.37269440573214674 0.86282600637910711 -0.24953287957955705 0.95759361348394911 0.14404101299104857 -0.14958844704056398 -0.33080408599985328 -0.22409281597884192 0.91670664146850955 0.54298089543912254
0.90643356572475164 0.1896199394576665 0.37738901611941922 0.87782650812203211 -0.25838918842851044 0.95578746127893721 0.14037576772798041 -0.15039423869507212 -0.33408564505343247 -0.22475454927995359 0.91535357886840474 0.55807309488981005
0.90435179306080415 0.19773574278259662 0.37821741156895905 0.88836180444192536 -0.264964605632802 0.95485311010382623 0.13434766796228334 -0.15193957288150756 -0.33457673581640768 -0.22171178171505687 0.91591609533798057 0.56557514779557772
0.90349589910383643 0.206116924233849 0.37578048625085353 0.88342115100366092 -0.26995828081172385 0.95466779583231209 0.12542697565457489 -0.14728894436565546 -0.33289290608802197 -0.21476781217177918 0.91818140905336287 0.56648930691615662
0.90424417751388719 0.21316977615536989 0.37000150535653659 0.88317202168789388 -0.27229381674445735 0.95530846731656471 0.11507306216492182 -0.14800852700089301 -0.32893547208376533 -0.20480326854605027 0.92187693126462644 0.56992922504864596
0.90691077429898481 0.21913512478762873 0.35985086431010038 0.90332734887025778 -0.27227117980939719 0.95662244150703646 0.10364318139808115 -0.15272348003034752 -0.32152955090569013 -0.1919721372736862 0.92723537810253887 0.57593534712085248
0.91027328598341395 0.22560576172568816 0.34713770337018979 0.92500970796411164 -0.27215339102208813 0.95793331663692616 0.091083986694462424 -0.16752398305668106 -0.31198569931991477 -0.17738602299265477 0.93338048097585213 0.58810272010383557
0.91452310687496319 0.23043627030034902 0.33248550693500789 0.94796295355994098 -0.2698982409478311 0.95979163257130717 0.077168397543109252 -0.18218254073970597 -0.30133440979256121 -0.16030953613609308 0.93994596977634803 0.6028067644281816
0.91934308786694174 0.2346878221158977 0.3158004321431076 0.97590387243058729 -0.26677506153449398 0.9617701385072277 0.06188107318926292 -0.19689028870183437 -0.28920469106593638 -0.14113761662393448 0.94680558713981589 0.61662667806327931
0.92418930204590388 0.23912285533622865 0.29781604060183559 1.0053377617497472 -0.2640537977085976 0.96341660367830317 0.045869812214900822 -0.21104559959347513 -0.2759523978869764 -0.12103184627531843 0.95352061660334098 0.63935110871919898
0.93030121194744497 0.24209531933515599 0.27555310088098095 1.0713128106849497 -0.25998130902985522 0.96515482973781674 0.029763628624361188 -0.22494349625529475 -0.2587457709881229 -0.099327795655470022 0.96082496585277544 0.66911227662026274
0.93554980046756664 0.24542584189636169 0.25399355695481418 1.1281260145280594 -0.25661710975763591 0.96644629766964596 0.011367176442349252 -0.23541392097595143 -0.24268133390257648 -0.075813652135325357 0.96713911115473461 0.6950318387724127
0.94093188786438131 0.24686209010107374 0.23174617768347497 1.1922259136656934 -0.25238843350130036 0.96760753744681383 -0.0059776342203715039 -0.25139827810837845 -0.22571499957851957 -0.052865508103509373 0.97275792313310239 0.73057320688493066
0.94540192146320201 0.24871420038869121 0.21060971824372099 1.2537533293395271 -0.24964609650678279 0.96807360329009828 -0.022590376531864124 -0.27359321260684066 -0.20950425626371338 -0.031220908666136735 0.97730917394110706 0.76655705048089462
0.94968367825554711 0.24835275910262189 0.19084501120314754 1.3138174548661445 -0.2447913994372001 0.96864818735134395 -0.042401178079540663 -0.27605168425870696 -0.1953921237322313 -0.0064495106070799543 0.98070399295421329 0.80193870582230986
0.95403376210452839 0.24712904937109151 0.16954885349544735 1.3848943307419905 -0.24077388152272439 0.96888228339028648 -0.057402603677060848 -0.31185961835802778 -0.17845873119901176 0.013941086376794993 0.98384863031335956 0.82800237461022341
0.95766844309744248 0.24671360962229963 0.14833592930391493 1.4832228546259731 -0.23798819733599585 0.96842760118395677 -0.074226674409206175 -0.32548866326259468 -0.16196533895893775 0.035782343302566806 0.98614748029069854 0.87676871188125827
0.96042826785894286 0.24648756423543758 0.12969742855874894 1.5841946997077589 -0.23619397719598451 0.96755110031745339 -0.089762316206902601 -0.3414216090386632 -0.1476141843923324 0.055576514390219205 0.98748230546902471 0.92424656453052079
0.96250661768027568 0.24568773632355861 0.11497194067197908 1.6685248939717114 -0.2343797296144903 0.96662361654767759 -0.10346461365185099 -0.36600026515432388 -0.13655457981156827 0.0726382829676879 0.98796585294229278 0.97946844980229664
0.96339205501690051 0.24704865160868247 0.10412834421350058 1.7479831701462767 -0.23502097598739877 0.96511844521376966 -0.11537559340729935 -0.38624649451647364 -0.12899957044984281 0.086679584946443761 0.98784905748665286 1.048908530152902
0.96417686070651398 0.24811665482045525 0.093814214694995457 1.8530250269982704 -0.23590117631266577 0.96377215251607495 -0.12447438711972859 -0.41592269875809507 -0.12129969617617438 0.097884440210068854 0.98777781918421781 1.1163575209674137
0.96419964878206132 0.25022130439642248 0.087797130446856719 1.9569528430342216 -0.2382619052785114 0.96281102065757662 -0.12738211410307695 -0.47976011885567682 -0.11640576352399036 0.10190307810104919 0.98796025268829935 1.1888109426412841
0.96388999358377059 0.2535513505038553 0.081411257985305172 2.0908543785899933 -0.24125156569695108 0.96085931007334191 -0.13618762166273105 -0.48504060166945595 -0.11275532057445672 0.11162929231636552 0.98733233451513114 1.2493482789876689
0.96286374727117052 0.25779937361829736 0.080205281328183692 2.2115305316979526 -0.24562697315512727 0.95975656261419284 -0.13614231736546623 -0.54824862966853072 -0.11207494925080252 0.11138592137699654 0.98743728016994958 1.3263382016850618
0.96158106726412362 0.26169457706727478 0.0829324991349535 2.3351643452211315 -0.24863197541140361 0.9582760917071087 -0.14102862427738624 -0.54626723376157693 -0.11637865733119661 0.11499078396171217 0.9865257866481032 1.405581927342989
0.96003634737817956 0.26605886168418957 0.08684983495710652 2.4803130315476922 -0.25233228990579298 0.95706911714924114 -0.1426433330726358 -0.55848175596167249 -0.12107281769109944 0.11502776672823545 0.98595638123491669 1.4861297934270228
0.95763203184654966 0.27257662290702489 0.09296707065434813 2.6291487552600805 -0.25817034181617665 0.95555927497257109 -0.14231846900670653 -0.57544761377415343 -0.12762823428993883 0.11228738423570087 0.98544536994880472 1.5828053772870092
0.95479980949882282 0.27902454827181539 0.10248231673182026 2.7760770815193245 -0.26481318685090127 0.95506592924451761 -0.13312793420682145 -0.65123781920600654 -0.13502333076502521 0.099971857330028183 0.98578614713897406 1.6835473955128548
0.95097146867763349 0.28711463024422967 0.11497153935137175 2.9135760868047149 -0.27277442944451852 0.95382565889220405 -0.12574069778743163 -0.70020078714313683 -0.14576479822756297 0.088214519998535884 0.98537851714917435 1.7782705113409332
0.94678868186277876 0.29461807619239588 0.12958156148632222 3.0638775071149214 -0.28010461380982832 0.95254801903968001 -0.11913721813954001 -0.72896796631129845 -0.15853263770904982 0.076501376486132602 0.98438556581084535 1.8913881869412952
0.94234043717529326 0.30145992529968008 0.14531487846255997 3.2304253098943416 -0.28758713958213722 0.95152894694385926 -0.10902431047649205 -0.77937099100978258 -0.17113777377084702 0.060947326161378899 0.98336020146360248 2.004079242790231
0.93674159611706764 0.30862686384328719 0.16512008060289196 3.3794774120945914 -0.29583564603008516 0.95022288233911567 -0.097763717283587778 -0.82749871484382842 -0.18707338838544257 0.042730934852869495 0.98141612711662185 2.1110974035452199
0.93102442762311466 0.31422177568796728 0.18562917565014553 3.5551573694477354 -0.30286898143144719 0.94901650852053177 -0.087395918910308706 -0.85518092191031547 -0.20362685298292441 0.025146416026947532 0.97872558079641003 2.2349850733258934
0.92454716615258981 0.31862397015227278 0.20902464735915521 3.7276092666737353 -0.3096070156809681 0.94786787897570468 -0.07543195508021501 -0.898664556192596 -0.22216217814997311 0.0050249030341274438 0.97499677791732076 2.3371801720195524
0.91797229376556877 0.32225068487979941 0.23126038133082932 3.9291073332585227 -0.31692116818670529 0.94649468497064049 -0.060899790455322185 -0.94309948893735673 -0.23851172095717732 -0.017386989872554763 0.97098396050049007 2.4618308534880629
0.90966753185234628 0.32636119297569399 0.25689171495620944 4.1120161822820478 -0.32489584279408973 0.94445931660898519 -0.049389174984068002 -0.95618420948622529 -0.2587424836179375 -0.038535321329535938 0.96517737032177187 2.6015868952505512
0.9011241455459269 0.32862375036669322 0.28281036934499504 4.316740796480774 -0.33335427274713858 0.94223449080743304 -0.032696990290906773 -1.0097863882827072 -0.27721869192994458 -0.06481199756053363 0.95861838174367586 2.7354421143255241
0.89185879755669673 0.32875569384564235 0.31065668990831868 4.5186393642850531 -0.34174723310160032 0.939697387217585 -0.01332850793766897 -1.0877526970937386 -0.29630510270348615 -0.094278917158155409 0.95042873056919008 2.8637175790209506
0.88275278953562397 0.32724965517906379 0.33712783295399712 4.7412530037575351 -0.34918186975105892 0.93704304007271122 0.0047289415777583867 -1.1637453740485524 -0.31435574498365526 -0.12189341342531657 0.94144700400994208 2.9728412142331648
0.87185084830761772 0.32539908698403613 0.36604853844161578 4.9562905776886819 -0.35768757821842539 0.93358144874953575 0.022028956828590282 -1.2216630100591694 -0.33456792239173971 -0.15013697992391406 0.93033498943434401 3.0929288301138649
0.86073897751981465 0.32040428999736986 0.39556226251934778 5.1770772556753899 -0.36544773199502473 0.92988351712567263 0.042007139365605718 -1.3282192630310923 -0.35436756025042226 -0.18071451388660006 0.91747800884429553 3.1852024116621376
0.8486578568902674 0.31459191274561676 0.42521967307907182 5.4064434894163327 -0.3734841234764491 0.92565692502264085 0.060571170276440316 -1.4334109216139987 -0.37455233472700045 -0.21021699644101868 0.90306110698992559 3.2599501610768717
0.83713768508084563 0.3066325584135442 0.45296464579285589 5.6555561505881107 -0.38148646905133005 0.92075363146003353 0.081736308235136737 -1.5634153746213795 -0.39200582922736188 -0.24122442719161979 0.88777373557559325 3.3150605633691619
0.82540020443423556 0.29562201223707363 0.48095959123488297 5.9212589545026466 -0.3889954111900259 0.91523323465820283 0.10502712149814288 -1.6951270472975495 -0.40914187342904035 -0.27378048151390644 0.87042930519887063 3.3552197862933895
0.81410807648981609 0.28353363895740025 0.50679060308339041 6.1890453679869584 -0.39613279533857942 0.90927903840440172 0.12763400321078128 -1.8191900435188584 -0.42462553885899873 -0.30466425109937201 0.85256838192063156 3.3888816254525698
0.80132454397902786 0.27032070083399745 0.53367189725281539 6.4254491529051494 -0.4037940383005959 0.90261708546518893 0.14910657818897416 -1.9470298449478087 -0.44139477777801128 -0.33497629129080797 0.83244311182407882 3.423929264830341
0.78938230904151974 0.25446881441658614 0.55867807605247544 6.6489628283533042 -0.41079489408351222 0.89522779032718769 0.17266950634323597 -2.111957937582857 -0.45620513496364168 -0.36580435469704004 0.81121146991243132 3.448005843511615
0.77684617943780876 0.23800627405820363 0.58297772427581773 6.8655722333157421 -0.41806180239085389 0.88727575755842603 0.1948488117254808 -2.2616372973395213 -0.47088676226306325 -0.39508827312140321 0.78877811428015476 3.4912579981942011
0.76460484770188064 0.22047346670717149 0.60561611384515335 7.0858670281531522 -0.42531629615935046 0.87861708500478997 0.21711302623052692 -2.3992745899202559 -0.48423700301822842 -0.42358407479012655 0.76556584072966372 3.5458708592582684
0.75213657789012023 0.20244740165072386 0.62714082769710477 7.3066528454827484 -0.43267027630998256 0.8695102003869577 0.23821931790028303 -2.5104177205438383 -0.49707846482983203 -0.45051865775781502 0.74158339977005572 3.6161787346860548
0.73939553200403774 0.18363925282786092 0.64774290584559169 7.5132261573711236 -0.44101734463453568 0.85905176570186481 0.25987259489221176 -2.6285157117312381 -0.50872187783106915 -0.47781449189547753 0.71616713297295165 3.6893085041633857
0.72868559716250947 0.16351076137044568 0.66504250345671467 7.753889720295982 -0.44735829542139049 0.84891453270225303 0.28145101116283694 -2.7183276011139932 -0.51854397692537613 -0.50260157887035395 0.69173968869181013 3.7758257708737384
0.71719297590698816 0.14469861486688887 0.68168654538965501 7.9606139968876741 -0.45423877730715501 0.8389107526905687 0.29982642013445765 -2.8024887045145448 -0.52848970519791516 -0.5246818653963059 0.66738862113769493 3.8459580692896327
0.70513281722706322 0.12654282976347611 0.69769235505692417 8.1528948465186026 -0.46172408173963086 0.82869590571863583 0.31634469837009205 -2.8868277954488999 -0.5381436447744411 -0.54520639035196727 0.64276855049718984 3.9174014487750872
0.6948888167086591 0.10840878648002659 0.71089877438856763 8.3499430876479295 -0.46814845556104678 0.81859570480827282 0.3327733397152689 -2.9688928572123228 -0.54586312933650882 -0.56404663555718082 0.61958440663688319 3.9859796505790679
0.68690320203589117 0.08987251768611873 0.72117052185845631 8.5544671865030839 -0.47349258029849955 0.80815054540790099 0.35028198977278474 -3.065764564437687 -0.55133362625102855 -0.58207871162040492 0.59767516766486195 4.0483234534726904
0.67744348601961879 0.072584982538388743 0.73198479735544253 8.7368930346418168 -0.47928732875888336 0.79843330841973392 0.36440075260225818 -3.136492222404585 -0.55799102120084387 -0.5976919543676491 0.57568250619887662 4.1205826896300097
0.66890109196823921 0.058512789296165948 0.74104492620385687 8.9173982912292349 -0.48417116347052491 0.79072988554006962 0.37459916254229214 -3.1834199299552512 -0.5640475278088678 -0.60936237297897777 0.55725028916110375 4.1819726969267803
0.66250526929046616 0.04417816843024483 0.7477533400771379 9.0991940635427291 -0.4884586225445452 0.78229482845437404 0.3865526813196708 -3.2528374402548601 -0.56788638143932668 -0.62133975472980185 0.53985365328768253 4.2470379254154214
0.65706776694830549 0.031601648835412451 0.75316882929954732 9.2910016371693871 -0.49033868034710848 0.77678827120969574 0.39518092092927315 -3.2951183397634285 -0.57256434415096391 -0.62896845509288901 0.52589804554213826 4.3236355642548263
0.6515525004208691 0.021428795162183493 0.75830082812378008 9.4522178764393914 -0.49513302960499178 0.76933532597630805 0.40369101946799629 -3.3583220376735978 -0.57473700262771998 -0.63848567951272406 0.51187245957140459 4.3918175509377093
0.6501085989841443 0.010038600382083747 0.75977499039468388 9.6321331268950754 -0.48983148719002173 0.76994817459732523 0.40895589321032955 -3.399329652457852 -0.58088202217325058 -0.63802745625608914 0.5054671516323288 4.4333900622563585
0.6484006741801116 0.0011505758345499275 0.76129839215515593 9.7922719666165481 -0.48688193595793017 0.76938299840608482 0.41351636267688413 -3.4451428270490112 -0.58525425770397821 -0.63878672335836106 0.49942864945901333 4.4861574302369256
0.64663136632841434 -0.0053135228245066767 0.76278413889870678 9.9356021765210212 -0.48598413438227195 0.7678899684055347 0.41733010621192995 -3.4949837122622074 -0.58795178136388182 -0.64055972625301727 0.49395945166956545 4.5474138031051741
0.64669202192808317 -0.007231427272548021 0.76271694306221449 10.078555553002291 -0.48596090743761627 0.76682717622396224 0.41930666372810343 -3.541493316785175 -0.58790426535021512 -0.64181289194280455 0.49238682610224016 4.5994351977417951
0.64909010029129255 -0.0075792218209124315 0.76067377837048467 10.219219988031337 -0.48605624577653017 0.76507836182548294 0.42237948128201103 -3.6018037061051071 -0.5851763560205292 -0.64389258084173084 0.49292086250382017 4.6478713620279555
0.6511702063485133 -0.0046100087728640493 0.75891772293388216 10.337747509857611 -0.48889539460415654 0.76230427714532889 0.42411493982266613 -3.6638311812198117 -0.58048139978717728 -0.64720239250566103 0.49413602139094015 4.6955702571348432
0.65574629859739886 0.0022545617486413494 0.75497795254373667 10.467068921693702 -0.49029652563245307 0.76170212277945282 0.42357902817068349 -3.7020594297664799 -0.57411332402980897 -0.64792344694770609 0.50058875143859027 4.736313869966053
0.66187157904768257 0.011777084344458358 0.74952472483118993 10.594006274944714 -0.49245758696400121 0.76067638404687876 0.42291484224954645 -3.7430360047826619 -0.56516505367062519 -0.64902445180263368 0.50926979399113259 4.7832140555805722
0.66983833447593844 0.023297243710513171 0.74214139091011067 10.718570758938123 -0.49468033174119563 0.75938151782679564 0.42264770172271454 -3.7884177127063965 -0.55372192936068676 -0.65022838204631228 0.52018753938028306 4.8233050840407188
0.67824684617655717 0.034537976949506596 0.73402203223049711 10.833782134157824 -0.49327132321541145 0.76179365295733292 0.41994503450718373 -3.8222924335238666 -0.54466927336216664 -0.6468984143296056 0.53372073614669624 4.8631850587734808
0.68859071683782402 0.045183659636437438 0.72374115648250259 10.948188543066673 -0.49001469154844074 0.76469873880298322 0.41847513777978906 -3.8601152325195285 -0.53453571139022904 -0.64280189465727733 0.54870510975710474 4.9030941693760246
0.69997336553657008 0.057803441116397042 0.71182585632618778 11.057256352930144 -0.48639011824481981 0.76841254764128242 0.41589278606538027 -3.8944122956045928 -0.52293588556647896 -0.63733893559277954 0.5659833396525602 4.9365403271497659
0.71202607745833046 0.073103271203895731 0.69833715120892237 11.159991504573856 -0.48259093509611223 0.77337509997684006 0.41109237903283091 -3.9151534640162415 -0.51002436645945037 -0.62971967293002873 0.58594221484932629 4.9694869255104592
0.72575668029055562 0.086994510808107064 0.68242889453985633 11.258895538586643 -0.47886987759904948 0.77608278336268421 0.41034029012065132 -3.9599461549110204 -0.4939239631177087 -0.624601847945783 0.60490631522642357 5.0109246079531236
0.73974778641040007 0.10394641489574055 0.66480700607863308 11.351077546798818 -0.47565957254191787 0.7796072563555646 0.40738249457602993 -3.9898481826806558 -0.47594241621245847 -0.61758211491919979 0.62615584943508695 5.0427040301986397
0.75456145491875404 0.12127928128533512 0.64492507059487603 11.436935329645145 -0.47191161098437762 0.78319333550269965 0.40485507362794065 -4.0184626636139384 -0.45600048483419692 -0.60983566241657949 0.64820060372997879 5.0798675421386772
0.77060235581206427 0.13984778986588906 0.62178340673141386 11.527239675505781 -0.46756078615032987 0.78703122306369799 0.40245343230906244 -4.0443294831314578 -0.43308073204817388 -0.60085310150858484 0.67187545716161723 5.1137652163139569
0.78689103550646577 0.15931260931633037 0.59617278598774071 11.607871620760378 -0.46349177713364742 0.79040229768477088 0.40054909854364695 -4.0738372570619008 -0.40740381781354912 -0.59150967898036722 0.69580056690368353 5.1412932333407344
0.80279535420855297 0.17974804659307156 0.56851583883576973 11.680142287795375 -0.46006132489375345 0.79326522944776368 0.39884063620221932 -4.1021621725964312 -0.37929302207945792 -0.58173955985059311 0.71952476531851906 5.1695441561020292
0.81893586120011264 0.2012261461200302 0.53744961936735081 11.750394873943259 -0.45669683718881798 0.79562885216544355 0.39799840263954456 -4.127962317507909 -0.34752273902891628 -0.57138670593528773 0.7434683437364773 5.2009451611881943
0.83490570648888252 0.2236348934221209 0.50291141935372341 11.821008309345505 -0.45263629898639113 0.79883209373538799 0.39621669179659585 -4.1460684883218928 -0.31313390444377359 -0.55843954056138689 0.76817474406894215 5.2182425774555119
0.85100710226260612 0.24429131456515546 0.46487489233839085 11.892693345500325 -0.44729169089322041 0.8010078402315407 0.39789016467548727 -4.1751841977220518 -0.27516732210872358 -0.54654203270712021 0.79093283616744803 5.2447910287477439
0.86433417758926878 0.26643718801617033 0.42654150359972987 11.940491779221107 -0.44385980161373945 0.80291426578455272 0.39789088744411399 -4.1955275676407817 -0.23646332900154801 -0.53323532013707475 0.81224699900696284 5.2639241846936571
0.87648193390153684 0.28859145749436788 0.38534969859271778 11.991729415931998 -0.44026623318151858 0.80433110290355847 0.3990202010200764 -4.2158910198928945 -0.19479492669055504 -0.51939045771290593 0.83203875448947651 5.2856604697206473
0.88766473459641915 0.30893153458631112 0.34148590877518736 12.047115857355504 -0.43501634817108775 0.8057974817462692 0.40180989937439576 -4.240191907775964 -0.15103673651717883 -0.50522443067365408 0.8496682757833921 5.3035032136920526
0.89612952598867446 0.32983689428049096 0.29691664793795908 12.088470378285558 -0.43071554472165807 0.80761585949182124 0.40279119036097633 -4.2533101214866784 -0.10693919854963886 -0.48883969424412244 0.86579429493666327 5.3157751551534655
0.90383614594130923 0.34781123143009801 0.24921390125961915 12.141582542295694 -0.42353739155305253 0.81000868389240555 0.40558847367168777 -4.2699533691840248 -0.060797197685392455 -0.47213692855989547 0.87942618874106282 5.3292034354074707
0.90873375692296166 0.36505922204939378 0.20232331409249682 12.183792009541751 -0.41711223048116808 0.81156368159395398 0.4091231818177653 -4.2914071273869379 -0.014844063180430547 -0.45617557487699706 0.88976597972384663 5.3379337990627445
0.91119036161049449 0.38149953162046446 0.15553209405618673 12.222418869198691 -0.41083837515985561 0.81326123184388233 0.41208979394760675 -4.3048010155893257 0.030723840973192699 -0.43939080117036755 0.89777044362282088 5.3485597893813406
0.91058129239297647 0.3969331923718043 0.11526383100289912 12.202560995250487 -0.40718398329502031 0.81354412235067908 0.41514716033795052 -4.3251510664362209 0.071013475425001402 -0.42495882363140974 0.90242289672075093 5.3401540970705081
0.90966600243598084 0.40970185142727034 0.068206722170245995 12.239654311756887 -0.39883979548129966 0.81583956429907178 0.41872738489945438 -4.3378319460674497 0.11590764233896432 -0.40810562145278967 0.90554691771661122 5.346408079807957
0.90758242396537014 0.41923219934783973 0.023205747975798212 12.274977117508579 -0.38888266456923637 0.81846862308327517 0.42294135081084039 -4.3463822975005098 0.15831745610220579 -0.39287844947024109 0.90585987163312698 5.355382418725374
0.90347694139762447 0.42822834415932298 -0.018705657469277229 12.294914141413445 -0.38041654345954651 0.82118431461287866 0.42536992711764154 -4.3479548599549593 0.19751625205305121 -0.37719597915717656 0.90482623938664286 5.3560561912689346
0.89831186660352025 0.43567794311904201 -0.056749627301507399 12.296473582409947 -0.37211328014709905 0.823123244787338 0.42895201436632824 -4.3612679390054412 0.23359686868078053 -0.36421539474646708 0.9015429269714279 5.3499075842057024
0.89291828290446162 0.44054326285697459 -0.092836273117130372 12.305397206878906 -0.36247387994924929 0.82574954865915684 0.43214623594766643 -4.3599417429332039 0.26703862344141355 -0.35222055084922221 0.89701229487113798 5.353878283407024
0.88750369439699184 0.44280635562019821 -0.12751362222935031 12.31978244217107 -0.35110688297663462 0.82904143024727206 0.43521749006673588 -4.3612359095375623 0.29843114642765206 -0.3414862198624069 0.89124969143667099 5.3475870996379493
0.88278278036053726 0.44224629617323752 -0.15847011144052583 12.328370959089105 -0.33821466428708491 0.83241704268237404 0.43896777548369681 -4.3631710911907051 0.32604509436593893 -0.33391627778978356 0.88441761395108032 5.3513808229588049
0.87831223700612415 0.44073288718314835 -0.18526234501512745 12.329934156435105 -0.32630953714163841 0.83584858244388449 0.44145128066068456 -4.3565933883183998 0.34941336593740602 -0.32727919179464349 0.87795138266451711 5.3455402174703286
0.87596846088695068 0.43575157029294781 -0.20688118454460011 12.325799868433009 -0.31202851313026608 0.83894480407533045 0.44588095127367888 -4.362625600895524 0.3678552195158607 -0.32602482221793422 0.87085610336765873 5.3463769680818611
0.87441134703445011 0.4299353538380451 -0.22485637126297611 12.33165380147731 -0.2981894676903043 0.84179411844313523 0.449961891178706 -4.3646789768976149 0.38273729572119219 -0.32640198172606072 0.86427652333574867 5.3522336771829107
0.8757623173681508 0.42026435453821198 -0.2375252318861015 12.3339376912531 -0.28227968114421803 0.84496441652592968 0.45426128650603043 -4.375107260064576 0.39161019533598052 -0.33077637024064355 0.85862008350570274 5.3521483593757697
0.87881905574838104 0.40807230322707894 -0.24729347462573864 12.351025837065333 -0.26510187833056409 0.84848721444510433 0.45802886484237465 -4.3802036155971464 0.39673424525635631 -0.33696652988410358 0.85384746669339884 5.3592424430695838
0.88352878752864816 0.39455955293241146 -0.25238787767627113 12.367163496918394 -0.24792282061748513 0.8511428030661049 0.46269882624212916 -4.3871818377974163 0.39738036768973262 -0.34623501841747512 0.84982948607130804 5.3649356650629327
0.88972590272782148 0.37938932099503192 -0.25387312014093144 12.385011307868433 -0.23055611214489641 0.8534539984732048 0.46739720970789816 -4.3983404601001554 0.39399453951519825 -0.35732340478203728 0.84681065606614758 5.3682954385421526
0.89707369282153027 0.36302764728349918 -0.25193196890301567 12.406170531580383 -0.21317356045778638 0.85494515935167814 0.47289090456772814 -4.4050538313247483 0.38706048980655883 -0.37051275525808958 0.84433670737553856 5.3805337885904194
0.90554959284671122 0.34451920846364165 -0.24756100237061046 12.432933532934189 -0.19467248535971376 0.85592330287583218 0.47905941493513976 -4.4172609823631053 0.37693840125281425 -0.38561874253427075 0.84214940899300061 5.3924995516144882
0.91498271591215419 0.32420481584669281 -0.24020380297536958 12.461329472737546 -0.17656071018770789 0.85699361027145859 0.48413662077135172 -4.4254152423718676 0.36281254829461235 -0.40056608610278455 0.84137617357770855 5.3986537012678237
0.92482404326315493 0.30291330807143668 -0.23009566878933016 12.492925950286791 -0.15829966052940478 0.85649123373789404 0.49128808657081785 -4.4406670256882421 0.34589262275837201 -0.41793096837080534 0.84005475964247445 5.4117250733476574
0.93515630230500424 0.27930944977794714 -0.21787363659693224 12.531219543093311 -0.1392702232263871 0.85542120932245536 0.49885705323647606 -4.4548408932771357 0.32570921875455711 -0.43616600727939409 0.83885202444307638 5.4273923122793279
0.94527806170918238 0.25441270505958163 -0.20426346113683058 12.574283508983639 -0.12049234128438177 0.85402300578102242 0.50608922265600154 -4.4662520568885391 0.30320122318872533 -0.45378285677294389 0.83794399404485664 5.4442973310138942
0.95544879287744011 0.22897388805227539 -0.18624865846299846 12.604502946497744 -0.10321116035081049 0.85036619461902474 0.51596975824964608 -4.4862234864510739 0.27652316461389248 -0.47375974252714109 0.83611401482844139 5.4696242232723637
0.96451881080507174 0.20317218598737286 -0.16859574859492357 12.649411614374211 -0.086307631059210313 0.84614442138183232 0.52591882547152802 -4.5069758810047702 0.24950842956525043 -0.49270750045591621 0.83365752115024172 5.4888808162257714
0.97249916564375005 0.17763314973769734 -0.15063809921953603 12.701670601118494 -0.070750794837976347 0.84152225948843118 0.53556942763313165 -4.522267356439329 0.22190019795395535 -0.51018305626485716 0.83094738175665794 5.5102264314966147
0.97989400349392752 0.15122261926168157 -0.13015168589103721 12.747869299693209 -0.05658162259303523 0.83616899029708824 0.54554554314950388 -4.5430811461702554 0.19132762973857706 -0.5272126127941027 0.82791340067028352 5.527698339871109
0.98621475667501568 0.12470842897059954 -0.10875781103040193 12.794923473614187 -0.043550788280908775 0.82971550137277128 0.55648496441668782 -4.5654161358705005 0.15963640736546017 -0.54407719537342836 0.82370882168277959 5.5524671683870812
0.99142050226587231 0.097394813191525334 -0.087175902922042484 12.848706494540334 -0.030840109534293399 0.82240140485843671 0.56807113720975344 -4.5909469288449554 0.12702076732093173 -0.5605088577803724 0.81834928057580891 5.5778275425794037
0.99519764147262868 0.071457180143740626 -0.066899370798402566 12.911794939739453 -0.019722581713490173 0.81580472583759511 0.57799106314163806 -4.6039193689812965 0.095878434373282612 -0.57389591452366284 0.81329625913019965 5.5983242317839785
0.99787875326440134 0.046496522346521865 -0.045563880356741353 12.972029995064855 -0.010749500676565034 0.80798605477411145 0.58910354227908968 -4.6254107187337441 0.064206245947637963 -0.5873641193503788 0.80677193139143444 5.6251722186208077
0.99941640856781655 0.022883945042829479 -0.025360744166605532 13.038831562754252 -0.0030636108320800516 0.79948675368185951 0.60067590677162275 -4.6495040889310131 0.034021413463829191 -0.60024766200837332 0.79909028756418055 5.6545083046605935
0.99998298855208101 -0.00036637078013354487 -0.0058213725958897186 13.109138734456556 0.0038569355295065937 0.79022637129441053 0.61280290971827944 -4.6787039167867519 0.0043756890623010631 -0.61281493771229179 0.79021434146812985 5.6877302777270975
0.99987515237799707 -0.0093605981675662312 0.012730234052145883 13.181994750641513 -0.00062098359012045898 0.78174660492971482 0.62359591087517985 -4.701963126165233 -0.015789047990865696 -0.62352596167506114 0.78164319294722473 5.7152857700363615
0.99939107220553436 -0.01826300565586968 0.029731253257911466 13.263685009699897 -0.0047444314744417562 0.77304244221181673 0.63433656122690452 -4.7258498029553593 -0.034568412833925796 -0.63409135395745908 0.77248506760360081 5.7445151725034744
0.99847190002407393 -0.027125896438579065 0.048146138004196107 13.335615986322038 -0.010243610177989906 0.76528904434460121 0.64360527270730816 -4.7452525377742978 -0.054304081916896403 -0.64311496977486893 0.76384173906551645 5.7755000299858255
0.99733440603928702 -0.035740766794584329 0.063613521512314711 13.420358050563376 -0.014544530909451205 0.75694701718457169 0.65331437286807326 -4.7722687036930669 -0.071502022005581117 -0.65249813085120401 0.75440947109961343 5.8078450494829434
0.99590213988449405 -0.045300774536612569 0.078273671179194371 13.508119295448225 -0.018000962116543805 0.74888913169922866 0.66245077838708455 -4.8010154029230865 -0.088627834997614632 -0.66114514915346567 0.74500483126921879 5.8435455082666081
0.99420825079921626 -0.054833716395134048 0.092429527690347832 13.595770830931615 -0.021495185884526945 0.74120782355942549 0.67093138194459878 -4.833543559193278 -0.10529915017013387 -0.66903230552836346 0.73573627281305765 5.8791328792181554
0.99242788389884151 -0.063636203805031502 0.10505869228841599 13.690425550532314 -0.024556852329852732 0.7352623149802251 0.67733764783420258 -4.8583927856434279 -0.12034889390317383 -0.67478867931761044 0.72813211850671566 5.9130809938290856
0.99047520741026096 -0.072818982220366757 0.11685999886184537 13.787390661379463 -0.027044214571056952 0.7292945526328205 0.68366517094139656 -4.8886272089685949 -0.13500916251808698 -0.68031378887134453 0.72037884110215267 5.952917809644215
0.98850523917453259 -0.081948108929223884 0.1270507755482983 13.890001178552609 -0.028551370881476079 0.72405062860124514 0.68915564747227476 -4.9228364865822645 -0.14846619596826885 -0.68486144194651943 0.71338810894887061 5.9942056973499414
0.98632853535514353 -0.090295865429404418 0.13785019778923846 13.986750297713806 -0.030939277681068147 0.72017142476332408 0.69310596596114915 -4.9566290748654716 -0.16186037637652717 -0.68789517780016363 0.70753193773746381 6.032781996285526
0.98429053216374052 -0.09749566746654717 0.14719627413108297 14.092446082446886 -0.032916308342715556 0.71775635396491344 0.6955158754392895 -4.9889790932140565 -0.17346084554707944 -0.68943484911066577 0.70327158615562313 6.0735542762511034
0.98238616459206507 -0.10475839796426199 0.15473558632083781 14.202505302127676 -0.033433126142773731 0.71617351412981278 0.69712102517086394 -5.0243496964876089 -0.18384681040043507 -0.69001534455033409 0.70005655099475383 6.1154956376050116
0.98053286215655933 -0.11126464783564578 0.16178839381449966 14.314727149669645 -0.033944391893973955 0.7155017571604132 0.69778579360668369 -5.0634479821986247 -0.19339877065279973 -0.68969371002088375 0.69779617501646918 6.1608320572462496
0.97870380460030681 -0.11674990569891966 0.16884407712495542 14.4213944590369 -0.034683261526781632 0.71664404064910592 0.69657619136171134 -5.1048938155513177 -0.20232630632408974 -0.68759783196387114 0.69733298161483415 6.2056004356323147
0.97735208483273417 -0.12151673139967403 0.17325295455791662 14.54209965820497 -0.033299093642987505 0.72019096420359263 0.69297629500730784 -5.1394769293995131 -0.20898342670093145 -0.68305099302280436 0.69983374332401072 6.2464851717497565
0.97617989107003855 -0.12550490012973867 0.17697836114596627 14.663328718445753 -0.03171491751245438 0.72440298920523172 0.68864684217507532 -5.1813872570086845 -0.21463220699062371 -0.67785605350542477 0.70316725353814991 6.2933822434579643
0.97526089978881636 -0.12765061757730781 0.18047575231936364 14.783229473762724 -0.03072388838685175 0.73022509423909487 0.68251546094275217 -5.223157580790474 -0.21891144334068205 -0.67117555942960039 0.70823805912903492 6.3414993489088705
0.9748803757343375 -0.12902798281277908 0.18154898143295109 14.911995952765695 -0.028042534046698087 0.73752011210798929 0.67474269208377402 -5.2646824524639708 -0.22095671361675484 -0.66288450267560495 0.71537561240246328 6.3915356956982396
0.97506771666261649 -0.12946906803779154 0.18022405040331649 15.040945116489249 -0.02305100077918534 0.74867031914105142 0.6625416248058037 -5.2853139335620227 -0.22070704403219543 -0.65017729401960966 0.72701986702971788 6.4368270949105009
0.975456583731516 -0.12835021855487727 0.17891527227085782 15.174409335759197 -0.019188597640749542 0.7599012573060524 0.6497552438151325 -5.3268331323469988 -0.21935416790072937 -0.63724116356493798 0.73878782372409368 6.4863963795984327
0.97680927872350531 -0.12146154170818416 0.17632562742136018 15.310336652757835 -0.018663704566684734 0.77208645324050873 0.63524339811944464 -5.3709629174977502 -0.21329627078669891 -0.6238025349486509 0.75191428917139524 6.5385138520019632
0.97838204429968934 -0.11356279289864324 0.17283537676361466 15.445926644357687 -0.018023049617589798 0.78573660438656578 0.61829859955328326 -5.4174630423977552 -0.20601879786670599 -0.60804726838966172 0.76670383742970016 6.5900722550615116
0.9802432479586608 -0.10589383252423223 0.16706187795180974 15.590262107362147 -0.015704350588696545 0.80028475633853013 0.59941444939604749 -5.4650435184375272 -0.19717136760707124 -0.59019556505069515 0.78281073497394493 6.6421869752606453
0.98230580821578251 -0.097059188487395309 0.16017119927036358 15.735150014245162 -0.013600912866892573 0.81600334315612377 0.57788715085838038 -5.5119021734894078 -0.18678949198154979 -0.5698403793065191 0.80024472994020834 6.6936777974998787
0.9842864028417373 -0.088239477436224928 0.15295120726118919 15.88111470696178 -0.011834743695670644 0.8312760991819137 0.55573373639770962 -5.5627271327280852 -0.17618233743066039 -0.54881129867257938 0.81716946983277938 6.7494793387870837
0.98642447986521442 -0.079417825647164111 0.14373431911731399 16.035513039546956 -0.0094611907495461226 0.84633926186787101 0.53256017471319428 -5.6178553542604366 -0.16394276864882426 -0.52669029114881538 0.83409837898016215 6.8091669748211583
0.98850711620073717 -0.069601088237656802 0.13419899305373464 16.192521922689117 -0.0080890207113752197 0.86208636259331195 0.50669682372653935 -5.6657296344897272 -0.15095777212331052 -0.50195895444425198 0.85161549955880911 6.8677010570793158
0.99057900815450828 -0.060845365635629291 0.12268280272433105 16.36062134990086 -0.0054946596334243354 0.87749033127381915 0.47956285014216438 -5.7181693664462889 -0.13683215016633832 -0.47571899268541906 0.86888917744395167 6.9240679960223375
0.99248332687229979 -0.052609156157710391 0.11049489838388596 16.535358581095959 -0.0031252738307264881 0.89169409646236752 0.4526277399780585 -5.7741786505831909 -0.12234001203193752 -0.44957081202246169 0.88482710539036369 6.985902217582165
0.99412431628096953 -0.044901136130691917 0.098492292861258338 16.709647071472585 -0.0011588651480918713 0.90543979467567359 0.42447312665143205 -5.8255028163362041 -0.10823816706903043 -0.42209319609755286 0.9000676824537639 7.048143288639471
0.995502146739772 -0.037448732974069095 0.087023377520883682 16.885915886762881 -0.00028840377732910637 0.91735712786835111 0.39806509112504584 -5.8858706387403528 -0.094738548963801406 -0.3962997506279391 0.91322018976392916 7.1183942051543152
0.99680516982113088 -0.030056925585558808 0.074000234068620302 17.074506361253331 0.00044242795987959894 0.92855496164301066 0.37119467596619349 -5.9459503661296145 -0.079870255260433023 -0.36997603224059156 0.92560168425308198 7.1862245430840037
0.99785399293318378 -0.023715205755354369 0.061032760082456859 17.267413528918773 0.0012047326717730714 0.93859828640995058 0.34500986271046502 -6.0097186008376333 -0.065467223910068886 -0.34419594094684725 0.93661261833760456 7.257395520960098
0.99863232001356239 -0.017484033928903107 0.049272690020972676 17.461593298310035 0.00085046428382935487 0.94773431820809861 0.31905945966407639 -6.0714213995137554 -0.052275865701409727 -0.31858118376357925 0.94645299049501908 7.3281922825222381
0.99925336963769262 -0.012995316617852153 0.036384406188897801 17.669974651604029 0.0016320259142355508 0.95509171727425679 0.29630583538892102 -6.1387158677166429 -0.038601033135554706 -0.29602522416191646 0.95439982549283553 7.4075901875971697
0.99965839414544766 -0.0092220876474021964 0.024455022264730678 17.883409751852504 0.0021419034422285104 0.96143974946845301 0.27500730970591031 -6.208337070768037 -0.02604817199323229 -0.27486098530250147 0.96113106884251176 7.4870100079565658
0.99987544465179179 -0.0065905194283055833 0.014340858971717184 18.097263285219238 0.0026887808355448447 0.96648888644231568 0.25669437633323999 -6.2842892166465933 -0.015552030092562237 -0.25662384424904433 0.96638622554486064 7.5699238611003716
0.99998253484771116 -0.0040902657784194366 0.0042661136187466748 18.321165724670383 0.0029389391405391044 0.97039520039291416 0.24150469496704238 -6.359268936948328 -0.0051276345691139372 -0.24148793920247416 0.97039027333515038 7.6602763623266821
0.99999218290227043 -0.0024877024164041786 -0.003073348506015797 18.54490040517522 0.0031245343854979968 0.97350355082129569 0.22865054957992748 -6.436018814902182 0.0024231011588155735 -0.22865836497932118 0.97350371376063982 7.7479183923399724
0.99995710711779162 -0.001799300770525014 -0.009085507215041054 18.772443297869895 0.0037520103100701029 0.97554892418313277 0.21975035595822243 -6.5148116693637848 0.0084679598044926137 -0.21977501914883213 0.97551383107308121 7.8353778652222639
0.99989193524115028 -0.0013886105600450593 -0.014635217812519634 19.01113957473936 0.0044876269769849892 0.9768420258949454 0.21391474388076753 -6.5922418068901969 0.013999251545093301 -0.21395730463382517 0.97674269526319246 7.9299509120272429
0.99984222428315861 -0.0017249089365204632 -0.017679118464074193 19.248962963413017 0.005424857861057085 0.97737536577685458 0.21144258154342291 -6.6741562286346809 0.016914415676971651 -0.2115051277433255 0.9772305170636999 8.0268821357921691
0.9997996487245755 -0.0035778491485164814 -0.019694197259238728 19.497347017212785 0.0077416822020687 0.97644561587543832 0.21562473326202206 -6.7691614005810798 0.018458839803669112 -0.21573399878810581 0.97627768232198975 8.1353391618268489
0.99979401810713753 -0.0052037789431263739 -0.019617391312195025 19.745838433572199 0.0094189056737945514 0.97514652460338525 0.22136065542423633 -6.8629006355600231 0.017977919042338326 -0.22149983349576227 0.97499467597944178 8.2387538927258355
0.99980598536448917 -0.0067823558326641333 -0.018493006210511607 19.999689364669297 0.010852015603036629 0.97318041598302518 0.22978710082260381 -6.9647842531169495 0.016438533593187185 -0.22994320515393613 0.97306520697065335 8.3421208528898596
0.99980959040474948 -0.010269986790003467 -0.016592477392486808 20.263578521290569 0.013955585290786526 0.97063844576287051 0.24013797959971003 -7.0572135632302011 0.013639082589331816 -0.2403238127576465 0.97059695056586137 8.4572241083971633
0.99982336518901649 -0.013112001221334277 -0.013465282993029867 20.518856677133112 0.016098349554278673 0.96719853413738266 0.2535110228454111 -7.1530599266023325 0.0096995651314327833 -0.25368301280627764 0.96723877478613884 8.5681132654205125
0.99981633754953747 -0.016994924642980958 -0.0088579741142498399 20.765985114537848 0.018756953539402099 0.96259371936314353 0.27029892366887137 -7.248372738775001 0.0039329204098268698 -0.27041542851510719 0.96273570005377951 8.6906039272041813
0.99983061799727069 -0.017277622159245363 -0.0063418520731836642 21.025237477453555 0.018370117784151922 0.95796504269821958 0.28629620280540696 -7.3465226561822607 0.0011287549743746776 -0.28636420995075607 0.95812017261483806 8.8043803039788084
0.99979108452089527 -0.020439422309585054 0.00013163655438024058 21.255996317119717 0.019435343867579592 0.95263142264494027 0.30350558478918643 -7.4372254840006198 -0.0063288799388950814 -0.30343961937282932 0.95282965039590972 8.908151359211038
0.99965533577632926 -0.02498129745972355 0.0080712100172909158 21.476756476308928 0.021020245667437942 0.94582711095407945 0.32398954528864066 -7.5211274636522187 -0.015727648457253999 -0.32370821886613937 0.94602623119685036 9.0266338317915125
0.99946046107558351 -0.02932085135997509 0.014801162863380823 21.69908692525118 0.02241262870066206 0.93825102505075597 0.34522845778691535 -7.6054913379872611 -0.024009598524513818 -0.34471046062852806 0.93840195945658578 9.147328894568755
0.9991623146826607 -0.033732939584166934 0.023168031962139939 21.905635512209667 0.022851229437547495 0.92956272242024085 0.36795511465376157 -7.6868440764008712 -0.033948346516146512 -0.36711746604279294 0.92955488051816415 9.2752631793438507
0.99873711668438947 -0.038808256426147408 0.031907538139358316 22.108711130401399 0.023288634442808483 0.9203395037388078 0.39042648138105879 -7.757269889049681 -0.044517538821698711 -0.38919033530005259 0.92008101363211015 9.4014088101155515
0.99819298090362829 -0.044082828933046388 0.040834753188780229 22.304068227741563 0.023332720223813757 0.91058780313252408 0.41265656053580524 -7.8011027026917033 -0.055374696763829431 -0.41095809637911168 0.9099709258975095 9.535129630906761
0.99742884278977839 -0.049823830217857919 0.051510091375045863 22.492731889151163 0.022442380214659503 0.89978355133026167 0.43575899339635316 -7.8186652611611613 -0.068059115049669619 -0.43348257946303259 0.8985882317061199 9.6689267280795708
0.99655353778619737 -0.055109233474430051 0.062000150900419847 22.677066832330077 0.020615314846612373 0.88850801642015409 0.45839776782931468 -7.7910128594471653 -0.080349580705745549 -0.45553976461224982 0.88658190131393222 9.7977967226137803
0.99545477369879865 -0.062269765610593081 0.072057406358231366 22.865683397044673 0.020173404448337227 0.87732723783269828 0.47946840512155942 -7.7295387299640961 -0.093074310490259826 -0.4758354695140431 0.87459578016310657 9.9024797769743369
0.99433938458719306 -0.067819390578281361 0.081790699473428055 23.056990559833793 0.017265614299198675 0.86269444172484122 0.50543070620999675 -7.6747861497705321 -0.10483838429522561 -0.50115749069394866 0.85898200371120192 10.008224046987987
0.99257763203764338 -0.08006516080546619 0.09153804893998746 23.244738761999443 0.020222703528247989 0.8508868097467891 0.52495969298693801 -7.5438763609002395 -0.11991950066837873 -0.51921210215491553 0.84619034876044308 10.088134643678387
0.99102330796681459 -0.086196859612553148 0.10219053018477753 23.417692440054292 0.016789755380759303 0.83858341465039243 0.54451442661103333 -7.4455303164127775 -0.13263071733488585 -0.53791073429168701 0.83250293378042328 10.150002371397907
0.98932089596779782 -0.091408042914195839 0.11352856245047031 23.583125394160671 0.011672760663851086 0.82609307315093428 0.56341279817779222 -7.353586277995448 -0.14528562027935957 -0.55607086255498195 0.81833812349016233 10.206325813915139
0.98763095623107044 -0.09796661208480828 0.12242400585966028 23.762866260129393 0.0084955436013753865 0.81307091138618404 0.58210267032247598 -7.2765168537147638 -0.15656602451687457 -0.57386255843561074 0.80384628132045033 10.253137597751939
0.98578809643857801 -0.10457042449161885 0.13147948601073695 23.935030631140073 0.0048440926883443324 0.80001439827936649 0.59996124650824734 -7.2060531382478024 -0.1679236841128483 -0.59079775631542975 0.78915121963196799 10.297276551860207
0.9837713578058549 -0.1113158977825366 0.14072201839688259 24.095380668851302 0.00091186794683771643 0.78737889202873768 0.61646869254200176 -7.1351197429745445 -0.17942431289452448 -0.60633592280885473 0.77470230711794219 10.342100998387416
0.9817502295721221 -0.11706999859945272 0.14987028445629147 24.244569424159774 -0.0038798237390975593 0.77557188615416672 0.63124733375676279 -7.0646625780507275 -0.19013530367303996 -0.62030868511991066 0.76096366632183465 10.385475114155746
0.97995515193256832 -0.12214563207495022 0.15737961991893337 24.394765102904412 -0.008460776187935358 0.76375591028018219 0.64544970739662444 -7.0054911297715279 -0.19903847735328642 -0.63384331981736719 0.74741309224269292 10.431436761915426
0.97855779237953511 -0.12539115571624887 0.1634065636424499 24.543176809256032 -0.013711846693037197 0.75192395715704419 0.65910723551904526 -6.9600008813070051 -0.20551552796214023 -0.64721512708019657 0.73408170324903743 10.481111982699794
0.97716986973970965 -0.12730147548548906 0.17009814817362415 24.672561041615158 -0.019995147332647501 0.74195785040021978 0.67014829874635262 -6.9127784187458259 -0.21151652360046128 -0.65824986332600366 0.72247344426994209 10.526949553035584
0.976171437421123 -0.12883952134801716 0.17461300782585609 24.80413728465598 -0.025233848798042118 0.73181023140476198 0.68104114272644822 -6.8806975206033103 -0.21552860051050349 -0.66921906947585019 0.71112112850896314 10.581813006701273
0.9756683362232631 -0.12879376804860299 0.17743579966616765 24.92751266691398 -0.029942675167580205 0.72342559802443351 0.68975273854244279 -6.8449629157904051 -0.21719745370316501 -0.67828280933164842 0.70196701964553021 10.638768451120201
0.97573266367066269 -0.12721723622364145 0.17821768670300867 25.051144061698469 -0.033838882793486937 0.71652302447518401 0.69674219436476192 -6.815020583591636 -0.21633469221889076 -0.68586480461134114 0.69483003010664757 10.691025310788621
0.97653584652656999 -0.12300147769887698 0.17677210450896366 25.158048696001273 -0.036462681753485049 0.71455359699872267 0.69862982319360734 -6.7899326571795999 -0.21224564374323299 -0.68868265079068136 0.69330223799721069 10.742566178162889
0.97754607013676253 -0.11993241280883023 0.17326250926852049 25.262281974040036 -0.036451655964452642 0.71359417195717278 0.69961034478215534 -6.7780867435581564 -0.20754507350843335 -0.69021704854821531 0.69319944341853712 10.803143612349828
0.97906154882254215 -0.11605040913903845 0.16724468946985024 25.365102633050057 -0.035450131364444616 0.71182602934600925 0.7014606133859107 -6.7771262551753813 -0.20045391441288563 -0.69270196079133217 0.69280749253482765 10.860910332696864
0.9810617572315069 -0.11085727642575523 0.15883479707322135 25.469792141612913 -0.03337967140812826 0.71099414663050742 0.70240523986787129 -6.7740527573647862 -0.19079734283923636 -0.69440477224787289 0.69382878741434961 10.908438542130737
0.98321106566689731 -0.10317638866386518 0.15050127299277941 25.551914128658471 -0.033502287460423628 0.70869778713701803 0.70471628563700228 -6.7770266085908215 -0.17937000051592578 -0.69792698710493839 0.69334286149461422 10.958972014058094
0.98569450420728755 -0.094409889156902793 0.13961775390304404 25.630032186841213 -0.032471655486957018 0.70648941821498212 0.70697828364115445 -6.7812114735776552 -0.16538420712234289 -0.70139822838358923 0.69331709141984699 11.003188765025751
0.98847254286549713 -0.084152941564935593 0.12585831091742228 25.71220335465928 -0.030698841092161467 0.70262248261813776 0.71090029404630495 -6.7915065593996085 -0.14825522977829894 -0.70656912566676244 0.69193963428747929 11.049987751275877
0.99127209515734382 -0.071542199753706431 0.11073096683751388 25.780560482878435 -0.029401414678732782 0.69881294339018174 0.7146999559012438 -6.7971862762725568 -0.12851143986921562 -0.71171776976885404 0.69061032863546834 11.09203897207516
0.99447725288629052 -0.052967995590471259 0.090605656196866044 25.83981258508836 -0.02738746087868664 0.70241986950204138 0.71123572317154726 -6.8137183820825689 -0.10131594385068562 -0.70978920699871395 0.69708992328808039 11.126923316116988
0.99721774445496425 -0.031801507927166732 0.067419835639906653 25.893744115623551 -0.025199996625208675 0.70736656198778736 0.70639755602045173 -6.8251620238473949 -0.070155044823898075 -0.70613115713381192 0.70459708955588285 11.164846870607656
0.99909084586189889 -0.010679856439499301 0.041272537859781223 25.942419962596855 -0.021296185854617723 0.71364329221840461 0.70018549252303308 -6.8399408998201316 -0.036931750337629132 -0.70042786362202103 0.71276704025852 11.19024244032941
0.99985475943038071 0.01088341361103061 0.013115309854771938 25.990654557249531 -0.016935607541541758 0.72068734217113661 0.69305334573285338 -6.8568013154424721 -0.0019092515848672656 -0.69317480201062875 0.72076698635267089 11.216971407825985
0.99925319064267337 0.034390799723289914 -0.0176162960019875 26.04755565180804 -0.012762750156085269 0.72407412543414573 0.68960406980036759 -6.8888044857302768 0.036471539573898218 -0.6888642346436411 0.72397230128640977 11.296199546579839
0.99711443838103808 0.055195624062997717 -0.052117558042978671 26.111068276040957 -0.0053295999727441734 0.73574760549498897 0.67723486057092541 -6.8898754598578087 0.075725769300797122 -0.67500289191431362 0.73391873103983118 11.310933322004887
0.99327879235043404 0.075054085985457195 -0.088114271510073006 26.176846225950612 0.002817245186435946 0.74536751807167811 0.66664782766707198 -6.917003057013976 0.11571215924189976 -0.66241538869545757 0.74014630244501189 11.334493520733044
0.98794673678882239 0.093225040354898606 -0.12357320550647261 26.207627617963091 0.010733361876125681 0.75512847496034907 0.65548896348214258 -6.9614363706891647 0.15442163129287786 -0.64891453840616409 0.74502609459935121 11.319490296290857
0.98052082761263226 0.10905512368693099 -0.16335815441987245 26.181120273958978 0.021264431618381621 0.76787039129204815 0.6402522050918249 -6.9693255519994581 0.19526067337225353 -0.63125434032141525 0.75059391634863992 11.261004555534313
0.97126279503109381 0.12274627540405347 -0.20391648992374256 26.14882767097459 0.033075276592401094 0.77883625809702184 0.62635461932659631 -6.9776923412550529 0.23570025258095018 -0.61509953255376604 0.75239481390119556 11.22570964072718
0.96122236129679806 0.13484333624685593 -0.24055944548660974 26.089735876417471 0.042646658213420403 0.78912885984464265 0.61274538358401531 -6.9854023002358776 0.27245703273403593 -0.59924362093401684 0.75277768835404046 11.194800321989826
0.95049767567042398 0.14517120233853942 -0.27473530999255324 26.013792686583251 0.050945863859803063 0.7993852662986054 0.59865492145332455 -6.9973341098889268 0.3065268136732901 -0.58301673907040663 0.75241796527130422 11.1591636418077
0.93817093427548437 0.15679331430768745 -0.30862785789535518 25.94276232069414 0.056992789191512308 0.80941893843178958 0.58445941183980143 -7.0017892249004055 0.34144856136881974 -0.5659123948955046 0.75043723337984625 11.125860789359784
0.92432501826869262 0.16876909124494607 -0.34225758493119796 25.880081095402051 0.061056780612630611 0.81992596961763942 0.56920424619620935 -7.0020033798277197 0.37668996554700285 -0.54702687154008156 0.74757358946746433 11.086904415915017
0.90915496285618203 0.18040957247393841 -0.37535268704745556 25.813783785965519 0.063917403780312812 0.83017231581832407 0.55383074268482535 -6.9984895829597464 0.41152377696550996 -0.5275095375522717 0.74322396946238878 11.052921674983667
0.89480281823318397 0.18883184702312164 -0.40456204719645661 25.756216102882675 0.067266206911066925 0.83878763376460741 0.54028748167190443 -7.0040603141564102 0.44136512536645794 -0.5106641156312115 0.73784753649845825 11.019029313371815
0.87951114742253844 0.19765965442091024 -0.43288659320160999 25.698941960403378 0.069818556458324341 0.84621785858743803 0.52824303590465493 -7.0129348507841929 0.47072870183744436 -0.49481915567396656 0.7304577280339617 10.998588316142332
0.86530523007497373 0.20289512804165422 -0.45834531286122854 25.641324043853675 0.072405443273862169 0.85422729457252766 0.51483315840339539 -7.008271607166515 0.49598821617979216 -0.47867452013268974 0.72447663398244044 10.963291264488911
0.85339967610040279 0.2070079317868497 -0.47838970412108439 25.571374592050841 0.073079211583671894 0.86118233672246447 0.50301531959925894 -7.0068994863876144 0.51610892422630761 -0.46423345322646309 0.71980475077578965 10.92063583093957
0.84185613802347481 0.20898268832761907 -0.49759871267072364 25.519437753722471 0.076054568997294125 0.86685013606144001 0.49273374569324835 -7.0101411425848346 0.53431633458732664 -0.45265558384893934 0.71386901950115478 10.889817636872005
0.83256611026077909 0.21111411185434908 -0.51211766599208997 25.454687775134762 0.076982119848417518 0.87145397134868496 0.48439831651673737 -7.0156037118386063 0.54855029420179902 -0.44271752573910461 0.7092910313366193 10.853954987892958
0.82405780586997657 0.21135491088765498 -0.5256023537127964 25.405723278542698 0.08050129089453803 0.87469367323292324 0.47794405548202928 -7.0222769946461492 0.56075687668460483 -0.43616519766020712 0.70378380600931667 10.83130397755327
0.81834776206891902 0.21009559053743213 -0.53494558896538225 25.343076754596375 0.082561251700462218 0.87815907179149755 0.4711902846493638 -7.0142623513395037 0.56876232297370477 -0.42976329236804678 0.70129375620957302 10.79413974424015
0.81446120388775389 0.20877118065866787 -0.54135712934078595 25.28679893566796 0.085931158288873752 0.87933247054730257 0.46839112104768799 -7.0240891048229823 0.57381946934279182 -0.428005841511028 0.69824223320821388 10.765080376461517
0.81182190420193401 0.20913681866178802 -0.54516693492724977 25.214901058969932 0.08779965444761488 0.8793194096360295 0.46806900828427428 -7.0466280319468977 0.57726633068006417 -0.42785414210612827 0.69548861712166343 10.732009749545393
0.81111337677551809 0.20671779159871914 -0.54714060775303908 25.155022400810097 0.090729844935414292 0.87966748099652703 0.46685460061481709 -7.0540420747290806 0.57780895220982176 -0.42831399406717174 0.69475458777356391 10.700005251526278
0.81155378298202097 0.20233869215791286 -0.54812362746318111 25.100912242732196 0.093395377025067519 0.88113461566408058 0.46355052866851365 -7.0448919813879334 0.57676490954106796 -0.42738839798751954 0.69619063221774646 10.661037108090422
0.81232613173211932 0.19927420532015669 -0.54810222294673439 25.040468499310901 0.09537315676926103 0.88177038200025726 0.46193609341010183 -7.0420432460540692 0.57535225442592786 -0.42751699910195434 0.69727971346215289 10.624556240502253
0.8139039962434631 0.19883559804819048 -0.54591637624066502 24.976132745972823 0.096240700644038973 0.88049573757960131 0.46418205872663632 -7.052684732163744 0.57297295960495853 -0.43033900712458356 0.69750292222223864 10.59623452617738
0.81590228698791356 0.19732587888546169 -0.54347580959042929 24.915962277719007 0.097321496818231851 0.87968026985058123 0.46550096572689037 -7.0572188481659968 0.56994033402186173 -0.43269518180549316 0.69852909409512787 10.564015033361544
0.81781318005815873 0.19602849802069813 -0.54106786125855866 24.858769050129084 0.097582077242584456 0.87934504510265921 0.46607942440578137 -7.0532223617335035 0.56715019238662345 -0.43396442206378089 0.7000110996681872 10.531079523174741
0.82008191446861722 0.19765827387894483 -0.53702594008919502 24.793149083822463 0.095585994156190193 0.87795289783742403 0.46910769222007281 -7.0632316125761907 0.56420649702273051 -0.43603889269888046 0.70109993065986953 10.497798415971173
0.82230860225439795 0.19701762068730094 -0.53384700036352495 24.73351900678259 0.094297971763934785 0.8780002634590871 0.46927969260024655 -7.0573574687403209 0.56117417543898673 -0.4362334174550232 0.70340880739146627 10.458168786113539
0.82363099800990935 0.19944820989798634 -0.53089772149227532 24.672638631925306 0.091852373772186593 0.87684687132983596 0.47191387526909262 -7.0589894801590027 0.55963838373508235 -0.43744711201191733 0.703878472211516 10.426268248198024
0.82423284819020892 0.20259808320892572 -0.52876670530993652 24.614427805408237 0.088577500864656517 0.87617619331164198 0.47378191672381498 -7.0602707604433173 0.55928010719569476 -0.43734345193907886 0.70422756743909343 10.391586374808632
0.824398840262619 0.20576128455316142 -0.52728440708282065 24.55605183162475 0.084832886773288693 0.87614196013654699 0.47452992214379874 -7.0541096898847178 0.55961588031019915 -0.43593297588863622 0.70483509208716244 10.354840682293689
0.82261109551314016 0.21045001925766929 -0.52822511766586611 24.504125297173118 0.080724783634875355 0.87635101889130729 0.47486040158689824 -7.0477220235297544 0.5628450007291298 -0.43326629349929163 0.7039075394337041 10.320922979145758
0.81923674518041634 0.21829874854203826 -0.53027993713809074 24.454085335097027 0.074933537481976981 0.87603041277398197 0.47639865748707122 -7.0480240375937795 0.56853858295337767 -0.4300190371135057 0.70131840658387012 10.291515694914649
0.81413824578192884 0.22904185791244827 -0.53359042727464423 24.398705096049049 0.065837320446102493 0.87658428690033474 0.47672364656675981 -7.0480014040892538 0.576926653909837 -0.42324911728607956 0.69858129142208902 10.256045562714059
0.80849998737516438 0.23951032568243211 -0.53755239214969019 24.338209984774632 0.055620070403987101 0.87824598323434389 0.47496357828890012 -7.0353463316131624 0.58586191050674608 -0.41390674894743618 0.69674028518031705 10.210183600834513
0.79967317175985064 0.25210581533461596 -0.5449453883115345 24.28531156436711 0.044696378218466601 0.88007147841256106 0.47273293375740266 -7.0244829740864132 0.59876961524587435 -0.40238892971750306 0.69250133364428268 10.169025170253166
0.79000174857110439 0.2657996826023003 -0.55249232210331567 24.227566438750877 0.030856317607627807 0.88275997457752808 0.46880989211788104 -7.0051446650784648 0.61232762873995383 -0.38740851308715257 0.68918032405844765 10.115308280949467
0.77667328122591039 0.28238634061881013 -0.5630600046724108 24.16872170054399 0.016320173871279042 0.8845615874018109 0.46613780153297973 -6.9835089717032997 0.62969219953449407 -0.37122601299626851 0.68240675635599124 10.0746356565386
0.76136392545050224 0.29913404035936142 -0.57519022846436285 24.117941789961719 0.00083259882074859413 0.88674275731350838 0.46226246779426095 -6.958952521807551 0.64832420886606246 -0.35242886977420046 0.67488488792376589 10.030061817521275
0.74400377960781461 0.31553250989505016 -0.58898014493581752 24.073441424426825 -0.015325826196367328 0.88930208589906778 0.4570633643894092 -6.9310854745688166 0.66799962199142393 -0.33103026329158669 0.66647990952797498 9.9839065288702056
0.72571939249931505 0.33076833163338532 -0.60326086740223084 24.032159484790903 -0.030851332282463013 0.89160823652854826 0.45175540710748485 -6.8974837069539028 0.68729874046648898 -0.30923625813109162 0.65726203146862117 9.9363293839888787
0.70597856352518373 0.34764814911159342 -0.61703730216430308 23.985983397334468 -0.048129853179531785 0.89277066714563014 0.4479330900003517 -6.8702021604487653 0.70659591357142371 -0.2865332446743829 0.64700920752376889 9.8883529089868354
0.68610661109808713 0.36362553816138082 -0.63010648798781976 23.940419852265201 -0.066224403196724443 0.89374594566653798 0.44365810375317549 -6.8416480595828837 0.72448053571420123 -0.26266833193491734 0.63728588621574866 9.8361243225633341
0.6654508869097111 0.3786416052104094 -0.64327727452068706 23.897022392151502 -0.083770221289681687 0.89423041128081726 0.43969821646854357 -6.8108242402899126 0.7417261402540406 -0.23871008848438913 0.6267853113464118 9.7845436881221755
0.64508478360339938 0.39210455653838283 -0.65583506974329564 23.854955083612111 -0.099486829918813829 0.8940915939501467 0.43669507931781298 -6.778026252996054 0.75760675329359384 -0.21645839870405598 0.61577412173167478 9.736028414360808
0.62319005518867221 0.40615942616985379 -0.66833275817313864 23.814311277237781 -0.11574779137561896 0.89305750646768811 0.43479965378709928 -6.754125309883884 0.77345756438579483 -0.1936047795770815 0.60355661326780585 9.6892998400627004
0.60225111233438533 0.41864494785012801 -0.67972789065298722 23.77367146201501 -0.13142802255522898 0.8918399542652552 0.43283734920102473 -6.7305395428218304 0.78741366039662908 -0.17134148247202496 0.59213328212917649 9.6409766195000959
0.58218642485942229 0.43120162643975568 -0.68929248078382066 23.726569143765921 -0.14753264891878673 0.88973290145698392 0.43198319593236856 -6.7106328159539288 0.79955805556095205 -0.14980160686937402 0.58160673514578831 9.5862696336374444
0.56494385559393467 0.44058626166448256 -0.69765477570154688 23.673418536659749 -0.16002674765162492 0.88795988627756961 0.43118288509398056 -6.6839897952123994 0.80946271073021192 -0.13195069683196747 0.5721530682805569 9.5283905794643431
0.5506494263057029 0.4500571291830367 -0.70301763120189498 23.610512801500072 -0.17447986177813127 0.88565591595076021 0.43031427628572144 -6.6535427392901996 0.81629773192327593 -0.11428989024819043 0.56621182771465683 9.4581397045780289
0.53858264856226845 0.45922395322849185 -0.70642911282650867 23.543662868551046 -0.18718218074588686 0.88268000813185887 0.43109028573554709 -6.6325395363937609 0.82151784026816266 -0.099946805979668055 0.56135467762867752 9.3866119312079981
0.52898731300386692 0.46730746722564642 -0.70837571510893882 23.476050662798947 -0.19715727715807857 0.87956370058122024 0.4330088967717432 -6.6163288304653225 0.82540985621966112 -0.08939478561426803 0.55741110642004388 9.3130215899269473
0.52249807545343807 0.47331994152816487 -0.70919954462705914 23.40615898131249 -0.20237039644305349 0.87684321173597612 0.43611031250822246 -6.5972873251890256 0.82827651408870384 -0.084345805967532841 0.55393483481791672 9.242966719757101
0.52113266572123218 0.47863267558362216 -0.70663392685459536 23.331669122975168 -0.20662301437736108 0.87407231434745558 0.43966409817142854 -6.5796864510494615 0.82808675550807798 -0.083116491473989917 0.55440416141760585 9.1627666592330783
0.52374223222281624 0.48275376981046442 -0.70188522702792855 23.255609044915744 -0.20882626893044334 0.87154584070621854 0.44362082565213379 -6.5570624585652597 0.82588477621932943 -0.085770888309937898 0.5572770326576113 9.077035274717085
0.53176128756845975 0.4860446960614096 -0.69353477668686969 23.177211471084757 -0.20732448737669837 0.86870868800559886 0.44984638746752248 -6.5355917577934619 0.82112513661288156 -0.095424152153231814 0.56271461790885957 8.988695985909489
0.54423152269895447 0.48739355919709926 -0.68283202045156111 23.098146228812023 -0.20450406731991314 0.8664483695610341 0.45546164419700391 -6.503074635654138 0.81362776264726233 -0.10823465867368652 0.57122248074756365 8.8924209435465684
0.55977234321015956 0.48865474830963651 -0.66923199320673032 23.017299778593916 -0.19878968321055174 0.86322656763948924 0.46402861417200864 -6.469214011920684 0.80444862211707213 -0.12671396874769639 0.58034988110462471 8.7948822613981008
0.57915365153690312 0.48716017532021377 -0.65364823222697543 22.936789578636468 -0.19098729095739206 0.86057457913220958 0.47216019362518996 -6.4278617040699402 0.7925306950549158 -0.14861479513628162 0.59144631207098852 8.692659238798436
0.6009397609630065 0.48514798882065407 -0.63521872818502378 22.852772926494289 -0.18195733208770395 0.85689286804650777 0.48231332346365385 -6.3894469316537341 0.7783077366911173 -0.17425854823883011 0.60321722900829489 8.5881999511468123
0.62490912826258938 0.48119420226752385 -0.6147688355131643 22.763685651065774 -0.1722329473067945 0.85303323614768667 0.49261558023414165 -6.3450118524819334 0.76146201039586059 -0.20195652435988895 0.61594575166354382 8.4793848759263071
0.65067302744777533 0.47557264579623998 -0.59199262657765483 22.668693222017687 -0.16283607851160947 0.8488457712023656 0.50293664436668584 -6.3000895739625937 0.74169334828277078 -0.23084955118480369 0.62976143247333516 8.3647584246451512
0.67740446040126723 0.46714707485218876 -0.56824009668934106 22.571816296563846 -0.15182568382571734 0.8446289898079451 0.5133720203778771 -6.2542370740725062 0.71977229646557073 -0.26148705519213317 0.64308036916673561 8.2490154181300248
0.70416917093687303 0.45717427572570851 -0.54326555230085294 22.468763378500419 -0.14056199344690296 0.83974279063601909 0.52447532980404687 -6.2080828518523852 0.69597995998470374 -0.29295686916251817 0.65558231223103136 8.1316412712601931
0.7312954554310872 0.44581564711177346 -0.51619314762610835 22.359703369512232 -0.12961772423634599 0.83386003680387022 0.53654140994450628 -6.16313957671799 0.6696313929540858 -0.32546251368131301 0.66758366498785138 8.0109713494477504
0.75733636337149202 0.43363998958700894 -0.48826016850263576 22.244207328503322 -0.1194276390010289 0.82705338858928523 0.54929020696315056 -6.1206308425318712 0.64201142650102683 -0.35768568863453237 0.67814620576108586 7.8891671456710588
0.78242583043481773 0.41970024149556823 -0.46006687248371575 22.125545700020282 -0.11026248936711343 0.82046802479575931 0.5609584688070165 -6.0769573511512922 0.61290456296796569 -0.3881802771603769 0.68823256906131669 7.7633250123386919
0.8063711285402102 0.40485432829681001 -0.43111318225742834 22.00130198445266 -0.10249392723010521 0.81359341971128951 0.57232922543186571 -6.0337852802342962 0.58246081236228908 -0.41732328027780591 0.69755335408872776 7.6336142082307683
0.82834620770474576 0.38987881432269222 -0.40228978401582355 21.871686545089183 -0.095726764998426334 0.80604183781931471 0.58406587141160515 -5.9933367261832604 0.55197730627635622 -0.44529885001782044 0.70500353724552656 7.5029327549381035
0.84810830531491832 0.37552526202269787 -0.37375537459499031 21.737814452407939 -0.090631501286989102 0.79786411898081921 0.59598555235628636 -5.9522055339065725 0.52201363337591467 -0.47158628608744063 0.71070960408870998 7.3713849797609283
0.86550907879612005 0.36116058216186708 -0.34706925593315358 21.601220553732816 -0.086792632585402832 0.79055395695207054 0.60621075549376313 -5.9146319640150207 0.49331640298127821 -0.49455785813181158 0.71557770473211924 7.2346133984252967
0.88029531040198894 0.35037314327227043 -0.31987314197627637 21.474457887662201 -0.087418866436676027 0.78247870382926599 0.61651035664017717 -5.8890557936090167 0.46630259303931881 -0.51474822828950162 0.71944155648504671 7.0868277974833855
0.89312724580161518 0.33839680336019673 -0.29632975936011174 21.331030297244219 -0.086979336970139223 0.77629280192416239 0.62434291909251938 -5.8536417813206558 0.44131430720865639 -0.5318431057711791 0.72276178170723049 6.9417233110748082
0.90378986971267417 0.32869056102406063 -0.27409193074301869 21.181778937830376 -0.089246296688861568 0.77110290299934836 0.63042478656323575 -5.8196101010479078 0.41856776026358167 -0.54530984594051291 0.72624940756482759 6.7935157484250821
0.91175578387269218 0.32253183258253998 -0.25431202792168744 21.027912178419225 -0.093746249942677731 0.76623639502380614 0.63568343344986333 -5.7910621360522079 0.39989127421885284 -0.55574724822698873 0.72885661476846875 6.6405763623667307
0.91731378304795719 0.31898762095554373 -0.23829041337697096 20.873099074313927 -0.098941589935378077 0.76231774778855255 0.63959535113042254 -5.7681575081833953 0.38567601067645468 -0.56313279879945843 0.73084571949556087 6.4861862835474886
0.92109478751081109 0.31821860595760032 -0.22432412095629706 20.713653494673196 -0.10609168543214824 0.7595071528284022 0.64178924818405947 -5.7500727458704546 0.37460505429395902 -0.56734980710748084 0.73333842778932867 6.3264523738314331
0.92271717937623665 0.3218976086182288 -0.21207295077361357 20.547843157994272 -0.11673837075503259 0.75766826746480298 0.64211443627311826 -5.7371992793884665 0.36737604668435109 -0.56773297072017004 0.73669132903803614 6.1601087196225883
0.9228870830158703 0.32747824944226911 -0.20257696844578624 20.379968432887875 -0.12779870085157205 0.75674075046569822 0.64110134038641831 -5.738000435042844 0.3632449917935669 -0.5657750725569648 0.74023755863239793 5.9904010942453301
0.92145268410009928 0.33589382155661324 -0.19519295992636812 20.209673012627654 -0.14023185796457291 0.75614571514156381 0.63920159846863422 -5.752994222852382 0.36229818792884755 -0.56162175715791784 0.74385551346368761 5.8175314393856645
0.91853047380902608 0.34622124765360041 -0.19087329922582277 20.041171118131867 -0.15263734996629991 0.75592090203862594 0.63662031797326069 -5.7852223874075603 0.36469659729620657 -0.55562076773127778 0.74718267805555705 5.6467494321225091
0.91436656094035018 0.3585491027045366 -0.18808597285254561 19.866749368559987 -0.16661972456216484 0.75659773488901549 0.63229560724999456 -5.8318572888387603 0.36901444364813851 -0.54681112690817002 0.75154902160036907 5.4727038570161355
0.90919855345501643 0.37268118591295335 -0.18565215878577943 19.684006235636122 -0.18143207430671301 0.75595308971384001 0.62898118299744266 -5.8948211315905823 0.37475377624257361 -0.53818552546367671 0.75492777626294649 5.3024371938799426
0.90250052330170782 0.38859840845961269 -0.18569890248140844 19.495262201877324 -0.19776369774044722 0.75693530806984288 0.62284705927959327 -5.9517310714355753 0.38259943190779655 -0.52539529531569662 0.75998516983159825 5.1300039992209632
0.8948112023463648 0.4063620668960759 -0.1848858640983734 19.28498399586606 -0.21689967800279614 0.7576711686007872 0.61553954377716535 -5.9842406204739707 0.39021460997473739 -0.51068999486877231 0.7661124508211552 4.9631994760578229
0.88623512703316165 0.42339883368802145 -0.18793809418034188 19.071501900585965 -0.23364544093956932 0.75887786472038032 0.6078767920932584 -6.002208956297781 0.39999638440949703 -0.49481088717717131 0.77146942803345786 4.8008703338134797
0.87751849361058609 0.43934311668976445 -0.19219500302747683 18.845911290063622 -0.2476809698457941 0.75842996355448267 0.6028582980759184 -6.005484160711914 0.41062809274044398 -0.48141626083886074 0.77435324836425612 4.6509128376104467
0.86771419576790554 0.45716292798908342 -0.19512593814074283 18.600595148665086 -0.26514684340639494 0.75774998438429542 0.59624836485916233 -5.9676246994467181 0.42043932486683677 -0.46563614382696739 0.77872572557189246 4.5060338468008521
0.85715677390683886 0.474207095499461 -0.20102212695020788 18.363121532617722 -0.28147300815544368 0.75813362392335848 0.58822304779459411 -5.8954292300968687 0.43134117659405757 -0.44761706720678213 0.78331586893133553 4.3643869919114993
0.84694237181327114 0.48975667049775151 -0.20694690751559372 18.120707538937047 -0.29592121858111847 0.75758288965088794 0.58180649506659565 -5.8105726612567272 0.44172304809776092 -0.43151659181446034 0.78655844014800058 4.2366518954009464
0.83621929059059597 0.50486708320841966 -0.21411801964520219 17.880915812029347 -0.30961262336572087 0.75690370854183953 0.5755317536402369 -5.7086816291805507 0.45263376088926111 -0.41497711296917655 0.78925070428540678 4.1210078256458642
0.82596297292511633 0.51857054006622683 -0.22106506357207423 17.63871097186561 -0.32308415390019024 0.75681753695043152 0.56819349280230269 -5.5921694080337749 0.46195432334301367 -0.39788416749062022 0.79264518695630415 3.9980224533775424
0.81586985911101584 0.53189760237741746 -0.22680677586731365 17.400668040682596 -0.33592928627013996 0.75525812998117381 0.56279363155900641 -5.4736726375592406 0.47064624466812172 -0.38297532255028527 0.79487232603563418 3.8905250733364483
0.80624038089637284 0.54291982799256222 -0.23497767677930267 17.185869859586887 -0.34584591514912277 0.75481147383380476 0.55736006489836121 -5.3505655046618505 0.47996567709237037 -0.36810012135472908 0.79632609493341122 3.7968999629960591
0.7971453335455807 0.55336191856893913 -0.24155724846132803 16.974159647237869 -0.35681499162626762 0.75447582593144902 0.55086231477185343 -5.2211089811870135 0.48707533191206837 -0.35292607605950682 0.79887471225467377 3.6947107346352168
0.78949898226708792 0.56223482467019059 -0.24613687031266235 16.765135729777406 -0.36648619253921161 0.75354916389593329 0.54575775603270338 -5.0890361005473519 0.49232024910351213 -0.34066942850778364 0.80097759819038372 3.6043402465672143
0.7835423376315267 0.56933977089000321 -0.24882449723015904 16.558292926085272 -0.3742243383119313 0.75210702759035286 0.54248609536485026 -4.9657825598332765 0.49600156224947517 -0.33194464046301886 0.80236849758322215 3.5256650792971409
0.77870428401525826 0.57471850119466716 -0.25163124297439587 16.364282152553333 -0.37978743719713304 0.75105058542095715 0.54007825422439593 -4.8429468770161455 0.49938075714180041 -0.32499486538004396 0.80311717505796709 3.4596461550882291
0.7750948998954208 0.579078957390886 -0.25277550764105305 16.172324780522654 -0.38614156441206293 0.75078661270202973 0.53592364607359599 -4.7070040700701377 0.50012257336528243 -0.31778455483943319 0.80553732894012486 3.3885654821354669
0.77167571335922036 0.58278100202733674 -0.2547212144434613 15.993372899378292 -0.39114130833104793 0.75065338447132146 0.53247344844492162 -4.5730651036627004 0.50152275155631232 -0.31126483909649005 0.8072107095508716 3.3321907443916374
0.76953640537918633 0.58545531424122577 -0.25506037681848631 15.810609049969965 -0.39549626291864787 0.75051048116462493 0.52944945337532179 -4.445009182075256 0.50139448223276684 -0.30655520333008679 0.80909052676309634 3.28401267797652
0.76810295273545082 0.58763645036501144 -0.25436441614638516 15.630712219803613 -0.39850185484158557 0.74962728508518195 0.52844602860049517 -4.3292796392176465 0.50121265515437441 -0.30453626328933142 0.80996514656797003 3.2537316938407734
0.76678122136968652 0.58943175523531754 -0.2541982778758039 15.449516448114492 -0.4025688543215637 0.75001817447082564 0.52479620377216318 -4.2041781586866565 0.49998487585629564 -0.30007156460361734 0.81238671827603248 3.2247874601827871
0.76573465605057922 0.59075583630969841 -0.25427933142339731 15.27781791704359 -0.40525572245770919 0.75018421036024563 0.52248583707259955 -4.0878168148676988 0.49941789709458889 -0.29703735858003388 0.813849231534573 3.2269104471800998
0.76532597901355426 0.59053226859400187 -0.25602301770771807 15.114243730781258 -0.40511227266218136 0.75105188413792123 0.52134932039023618 -3.9935122693275944 0.50016016673204522 -0.29528411247830505 0.81403138792829877 3.2383473570256767
0.76472393572702702 0.59122811839288336 -0.25621595217272619 14.943059904383428 -0.40782418122494363 0.75195067185808029 0.51792820380858406 -3.8960205355668323 0.49887547477739413 -0.29158103352891884 0.81615180055663494 3.2403905441954395
0.76555100028817513 0.59058703411733138 -0.25522268921525865 14.769547438094184 -0.40819634830973944 0.75248613904654982 0.51685621962922179 -3.8218545468515392 0.49730011782058559 -0.29149882619885537 0.81714198713584729 3.2570701126466624
0.76586153442167337 0.59020256149262518 -0.25518041950906817 14.601612938171638 -0.40865020392630846 0.75316173848662737 0.51551179085525067 -3.7568841115926856 0.49644850782761607 -0.29053112068648546 0.8180040018168544 3.2751681703591982
0.7664895505501983 0.58898719355034934 -0.25610125874551742 14.445196964421212 -0.40813165464958573 0.75456680458208658 0.51386524488018315 -3.6939552772787145 0.49590555690609728 -0.28934931010192944 0.81875188877534266 3.2974974781717745
0.76707908519975687 0.58913602057111425 -0.25398509073316844 14.269678143631053 -0.40921940489714959 0.75420872453612198 0.51352573303508253 -3.6438604340439764 0.49409427815420703 -0.28997922184050995 0.8196236302084301 3.3182186169896228
0.76721169550601154 0.58844810815274906 -0.25517648459495962 14.122802153141583 -0.40896293894482172 0.75528792866941097 0.51214203047190421 -3.5906555376958065 0.49410072743156846 -0.28856363044867844 0.82011920007635075 3.3472820856398422
0.76735274010789545 0.58772120611020151 -0.25642456227373128 13.978797810977678 -0.40844439298492086 0.75627519044140046 0.51109785184639844 -3.5475333582812194 0.49431058059491723 -0.2874571623932749 0.82038127093487589 3.3762128589605971
0.76689642516606182 0.58808818823361464 -0.25694776887067849 13.830966382434777 -0.4091368212696524 0.75647349489588933 0.5102498535044997 -3.5126161821387636 0.49444608861723188 -0.28618199520602888 0.82074535092866474 3.3991994061927735
0.76608905392804805 0.58845520943262841 -0.25851117566408954 13.690713341000786 -0.40988165844805896 0.75709626475880087 0.50872612666948869 -3.4756101901719894 0.49508038490683215 -0.28377052768015437 0.82120015836617433 3.4254663320270753
0.7641496185845239 0.59011347381464341 -0.26046391005193203 13.558285101782909 -0.41133055944996666 0.75683587560821541 0.50794352860817438 -3.4437991225930813 0.4968727515971309 -0.28100808781022668 0.82106755100024253 3.4552860466287076
0.76100857441775061 0.59277433472151431 -0.26359919908476415 13.431723587566429 -0.41400231152452804 0.75657907700580884 0.50615233506266277 -3.4085387735521602 0.49946775242753216 -0.27605558920714612 0.82117310961360934 3.4836341843886385
0.75739940978845521 0.59535965710814531 -0.26812872419823142 13.316879154984246 -0.41591317426628688 0.75644773603919724 0.50478020376488042 -3.3851914783890451 0.50335113541526944 -0.27080195961116038 0.82055099362983808 3.5100744416357941
0.7536580879596062 0.59818729617952182 -0.27234435030399246 13.202920785387604 -0.41811162407126012 0.75604502379862393 0.50356587633181771 -3.360288971829219 0.50713130081820423 -0.26564615690570681 0.81990850895186151 3.5415833621653285
0.74941029940220605 0.60117782562982769 -0.27743364093218442 13.100383305751627 -0.42065525828982225 0.75589103624899179 0.50167508906816205 -3.3349258736808851 0.5113055415532074 -0.25925655881658582 0.81936114130922966 3.5698086664309154
0.74430227080017408 0.60468396913163325 -0.28349854877391967 13.007287104013955 -0.42381445995744721 0.75573553778772362 0.49924452972033417 -3.3065849587554137 0.51613509201824459 -0.25143805280807097 0.81876948672224215 3.5989841668400731
0.73979158701449099 0.60872094675506572 -0.28664824570228464 12.904973354563969 -0.42791366967972788 0.75443016618808234 0.49771981640944474 -3.2892682078724649 0.51922856150621155 -0.24554823014438337 0.81860110407276587 3.6218914218320721
0.735010851628914 0.61205339718992724 -0.2918041928691355 12.818217581010549 -0.43059683751436867 0.75376876045011032 0.4964061031979044 -3.2690716621098841 0.5237799266012042 -0.23921391004239967 0.81757647576961501 3.6514428555851617
0.7306605069569021 0.61487769649930979 -0.29675013381831106 12.740818900551965 -0.43303930928647533 0.75339937415952418 0.4948397110466477 -3.254303844590277 0.52783726676521736 -0.23305536115640002 0.81674538165213084 3.6818644544325418
0.72731667003096656 0.6169405222747476 -0.30065736889427452 12.665522845677049 -0.43438807925481476 0.75298690645772037 0.49428505470481815 -3.2483714110542827 0.53133554190961008 -0.22889978304619238 0.81565153786713795 3.7075106314637192
0.72424739378040159 0.61941765596782572 -0.30296448649572805 12.592808980740552 -0.43637591067805109 0.7519236960299609 0.49415262817124084 -3.2398629372490126 0.53389303908385755 -0.22568234938507556 0.81487772088444976 3.7316787544360057
0.72132179007719843 0.6212718191663823 -0.30613102075666876 12.534644900095564 -0.43886620000088522 0.7519361317548735 0.49192327883349912 -3.2205033042277291 0.53580904588911993 -0.22048442228695311 0.81504311902633686 3.7525318100480343
0.72003698732885524 0.622287865972455 -0.3070904569370953 12.479850450874325 -0.43930553724457566 0.7513314043500624 0.49245483628817976 -3.2182990440992594 0.53717537343463617 -0.21967915854903275 0.81436090615558665 3.7769370641370053
0.7201405946312609 0.6218265058658532 -0.30778128690158857 12.432906529192882 -0.4384500351400698 0.75165289458360907 0.49272659026051502 -3.2138348973300688 0.53773514916713927 -0.21988570364338356 0.8139356158096589 3.8007093533457352
0.72078540172557448 0.62226793832773208 -0.30537029585186581 12.380619455024805 -0.43941067778146953 0.75091202494889231 0.49300039253410716 -3.2057716936845435 0.53608456507432845 -0.22116451730896608 0.81467760210561835 3.8129586522356091
0.72267396487853885 0.62063934107001439 -0.30421891591896594 12.35180820181794 -0.43725078030082626 0.75138061558621283 0.49420534765176566 -3.2035052324755555 0.53530747763603215 -0.22412937968383892 0.81437824476681997 3.8273086898885875
0.72692761436733733 0.61774758112423345 -0.2999402765307963 12.315537017190683 -0.43383157849869003 0.75169215992551563 0.49673842030171983 -3.205880326307597 0.53232171190695088 -0.23096931121183997 0.81442419678615974 3.8495850741357347
0.73315079972921504 0.61413458356686246 -0.29211062651599834 12.268792295215786 -0.43036462169468176 0.75156198605583224 0.49994087001305121 -3.207933021354997 0.5265702206258972 -0.2408179693938339 0.81531006884928414 3.8673447811129602
0.74092089903200464 0.60809801194597501 -0.28504916987242557 12.242671745031698 -0.42538337544950333 0.75336924299938857 0.50148157253653414 -3.1995345863436837 0.519697224611401 -0.25030299952234097 0.81686180175187895 3.8857354117007268
0.75166443850416753 0.5996511049019253 -0.2746254254036119 12.212774558727276 -0.41818971760881402 0.75530274804315134 0.50461383144412952 -3.199628708295569 0.51001758006413367 -0.26445474317615147 0.8185021422312595 3.9030509154367348
0.76379602381883105 0.59020084505048431 -0.26130173459094747 12.181147958546893 -0.41085803357818884 0.75678785322973741 0.50839730668856753 -3.1983309020137667 0.4978064987952725 -0.28095392452432422 0.82052031178488982 3.9177436026067265
0.7779212858305119 0.57801851783514002 -0.24644079632128882 12.152688716314429 -0.40122822984352591 0.75876216545734476 0.51312365356423761 -3.1984211588479532 0.48358492597312602 -0.30029080790152224 0.82217458611989302 3.93342945701463
0.79396317896753521 0.56388782255790915 -0.22727295046851823 12.113272274843169 -0.39123813463394308 0.76002497689752979 0.51893617767511835 -3.1954181069978467 0.46535491020501574 -0.32309837211414305 0.82404626659264257 3.955024145608919
0.81108507546893116 0.54723207055519796 -0.20658669199014004 12.08057671278957 -0.379526473333477 0.76109595894558424 0.5260157766795166 -3.1983028751790905 0.44508499906266419 -0.34823842727730703 0.82500263113326855 3.9722745968254078
0.8287331979238225 0.52916137718550615 -0.18217992083128462 12.037166870360977 -0.36918399735101359 0.76156929955262798 0.53264939507977149 -3.1916563069955108 0.42060012215747322 -0.37416632514706377 0.8264956735319674 3.9908575096712284
0.84717663538419208 0.50718780435584754 -0.15827911919079593 12.005955751841265 -0.35585567770001386 0.76286328468756381 0.53982066052010713 -3.1899580693166225 0.39453578431846148 -0.40099892766489464 0.82676561061997556 4.0060571474403508
0.86549357615149969 0.48288346957337719 -0.13320819964726519 11.982074204029807 -0.34183932384023852 0.76374726354427114 0.54757282082393965 -3.1862154258505413 0.36615126152580285 -0.42838495800087928 0.82608690913344462 4.0266671596877686
0.88332572296143941 0.45652467822708598 -0.10639964907980716 11.954240263983602 -0.32778756408677406 0.7638175965953824 0.55600179132923011 -3.1876755881030827 0.33509846311899055 -0.45625420250219001 0.82434284294484006 4.0460986939473003
0.90065468442133656 0.42744207404174639 -0.078194710619023805 11.92904993329843 -0.31289970807614498 0.76282115192236666 0.56586010891888905 -3.1922694841943047 0.30152099780241831 -0.48517745569917398 0.82078494404168389 4.0706931736981291
0.91660805857454419 0.39688367786744161 -0.048093795843307419 11.901711604748261 -0.29937629871353183 0.76113556343638011 0.57536639269336043 -3.1899110574347422 0.26495942845045362 -0.51298732958504634 0.81648055761323057 4.0933507809415195
0.93109197078994144 0.3644672883976755 -0.015209786933037976 11.865966813426896 -0.28747147407373541 0.75878431786490586 0.58447113748769774 -3.1852620624663772 0.22456155842970191 -0.53982400340327141 0.81127193457267355 4.11468501490205
0.94333192505785513 0.33130047052564932 0.019101764214974976 11.826950884049612 -0.2771591512324505 0.75490098699248831 0.5943965887569298 -3.1841951273570772 0.18250392887482927 -0.56600750707676173 0.80394515850149928 4.1378504309900022
0.95381511204940361 0.29574418642409939 0.052650814072824452 11.798526797515489 -0.26631665699627155 0.75143697070225002 0.60367037136847801 -3.1829232292861724 0.13896823461681382 -0.5898117116997369 0.79549354146297935 4.1595564705433548
0.96167214217188179 0.25965984309732709 0.088110480949858419 11.760881157067676 -0.25787051743577133 0.74719083064378677 0.61254278123185457 -3.1793510493717725 0.093217419015715439 -0.61178642391321458 0.78551122481319713 4.1781059822059223
0.96714847520066205 0.22235735637653742 0.12321133463392056 11.726450030035428 -0.24988254254897846 0.74247749332567969 0.62151901566571 -3.1801374609563839 0.04671768237287019 -0.6318895298784849 0.77364919710657931 4.1996650757579452
0.97018156362195651 0.1844742849163642 0.15721632171200184 11.700669917971716 -0.24237810705618104 0.73634900562800798 0.63169850018066875 -3.1909074524078882 0.00076604694244311253 -0.65096803309781659 0.75910475763022456 4.226634459338678
0.97027046002830286 0.14702006557066788 0.19225070797285021 11.671495676930215 -0.23752435466919039 0.73089461780215059 0.63982438106626793 -3.1934815368177398 -0.046447985267934505 -0.66646692190043821 0.7440863032451982 4.2527585123413694
0.96753191100479996 0.11061756888298804 0.22725702330580952 11.642591085014764 -0.23491012011719911 0.72536379931956629 0.64704296155912788 -3.1960921637992428 -0.093269698476637838 -0.67941968774175321 0.72779780932273752 4.2762527731302935
0.96212931092824305 0.073945315172687029 0.26237240597432526 11.610251576912717 -0.2337629304032092 0.71892528521293442 0.65460012729207839 -3.2075252879086045 -0.14022154407240184 -0.69114291188256627 0.70898476283516754 4.3076219947972989
0.95386180785474473 0.039337408589937943 0.29765789054131664 11.575557950454591 -0.23506395878831285 0.71462042251576219 0.65883426368257436 -3.2068842002641933 -0.18679557488025383 -0.69840548394813018 0.69089593514243053 4.3310588364802349
0.94287556420653962 0.0069086730751885279 0.33307347636601098 11.538666691881636 -0.23923001490010701 0.70983589254426793 0.66249679669171013 -3.2104239404270194 -0.23185053459738689 -0.70433321367959267 0.67093967963944667 4.3614814601912384
0.93021704489524359 -0.016342829450792386 0.36664582543907792 11.509446808231832 -0.24430042645233371 0.71795033746304604 0.65181639636626687 -3.2099452695841735 -0.27388601830244708 -0.69590245355383007 0.66385708109215125 4.3842586947922833
0.91550515266982946 -0.037443637501839107 0.40055996984923892 11.483693013468603 -0.25109273002176635 0.72474507129661725 0.64163620733362425 -3.2122184317437017 -0.31432905746241263 -0.68799895032034186 0.65410602198183376 4.4116099778331668
0.89796030927622594 -0.056844290864514771 0.43638974502233119 11.448508185461279 -0.26004007170195126 0.73145072911022635 0.63036417410363876 -3.211722453936257 -0.35503020163612675 -0.6795208293203594 0.64203192945988474 4.4357197520803808
0.87884658054126641 -0.07466732340172369 0.47122550725416568 11.420137085968932 -0.26987978709454835 0.73667464886591305 0.62006077301832685 -3.2168306929654467 -0.39343816336080645 -0.6721125296662056 0.6272727947846688 4.458818052612755
0.85703382995664712 -0.090046512653216892 0.50733089780619012 11.383701694076128 -0.28188805280963553 0.7422606516217396 0.60793770300686467 -3.2134244436272126 -0.43131443285964005 -0.66403369689577096 0.61075945297138257 4.4782557870863799
0.83381989543873425 -0.10548702647219248 0.54186425349583012 11.352241874315085 -0.29494525414303896 0.74459872797765958 0.59881552364025226 -3.2228109733843024 -0.46663870288375825 -0.65912458726716172 0.58974833567451235 4.505682273985653
0.80935403646584114 -0.11914482308546992 0.57510916771373244 11.323082407977335 -0.30789033049905007 0.74779993817247514 0.58821662408880304 -3.2227014421973332 -0.50014956567174551 -0.65314605074299781 0.56855135947176294 4.5261071147761438
0.78388554252919118 -0.13160338792079906 0.60679815795821535 11.295914165945058 -0.32061895555584097 0.75111246346951455 0.57709059302594667 -3.2171536952887068 -0.53172073643219642 -0.6469239642404081 0.54659166014446092 4.5431188244743463
0.7569107144711763 -0.14422840119230651 0.6374043760504351 11.257591655337613 -0.33368655073276232 0.75332354617551112 0.56670708539564263 -3.2143369509236557 -0.56190698178506826 -0.64163993256893204 0.52207158585210456 4.5637783936022185
0.72985397827446041 -0.15732588171583181 0.66525313778987905 11.22473432696399 -0.34649539596405082 0.75374692408609345 0.5583963780384581 -3.2188622082607816 -0.58928270886957079 -0.63805496736024947 0.49561249747585245 4.5884953316301091
0.70285504404558274 -0.17023381491988263 0.69066289557026672 11.190431408288264 -0.35794938947459864 0.75441110747246909 0.55021460858189208 -3.2204026108093675 -0.61470889178085264 -0.63394347475148427 0.4693065620525354 4.6087745108473666
0.67542918020515308 -0.18232846180905776 0.71452904387557115 11.153929550212826 -0.36990949835628578 0.75445556799306523 0.54218424815745292 -3.2229350768510265 -0.63793603562833479 -0.63051814243414472 0.44213627594690741 4.6317517113105975
0.64953332031352851 -0.19386907073440238 0.73520150245702209 11.121288467012956 -0.37932278095142424 0.75539398586835071 0.53431652975104915 -3.2171905107019052 -0.65895424245827661 -0.62593506813926414 0.41711460873449857 4.6465256061932907
0.62440909741886752 -0.20604195414297055 0.75343214173109263 11.085670048721706 -0.38802394206309843 0.75532187564225428 0.52813472198112499 -3.2190059889322837 -0.67790168862923517 -0.62212183477934047 0.39168063935356645 4.6669205852785813
0.60011678008643088 -0.2163423473294129 0.77010118751414369 11.046176193788098 -0.39592477569632528 0.75619776983342246 0.52096881373914594 -3.210368060187005 -0.69505641659401229 -0.61754426695659481 0.36815167540095917 4.6833382536363466
0.57584832754501614 -0.22901500161244068 0.78482535171849643 11.002449310596621 -0.40264776914449785 0.75602425355216141 0.51604467058952985 -3.2101370915527743 -0.71152897176894137 -0.61317163753499804 0.3431429224916086 4.7121328745820099
0.55407371410380257 -0.24169118604639445 0.79661012416784216 10.962648499464166 -0.40815180092598174 0.75514658960762193 0.5129968183184529 -3.2166598864190474 -0.72554422796966389 -0.60937590926411356 0.31976018274394269 4.7419860964222087
0.5320956118752358 -0.25312262583042228 0.80796237295794326 10.912811678230117 -0.41383457104566107 0.75476296633498663 0.50899293949588886 -3.2216552925481197 -0.73865770667513675 -0.60519567161532473 0.29685516911029852 4.7760104072765497
0.51206530527177363 -0.26488152563101491 0.81708439008239009 10.866569607002164 -0.41775040192087159 0.75437863659672832 0.50635706210283238 -3.2273880864263949 -0.7505156392986595 -0.60062521594239393 0.27563676304563789 4.8085459896984935
0.49427369084036354 -0.27516735091837102 0.82460684421826813 10.818665606865004 -0.41926319858933397 0.7555060399103406 0.50341731591954175 -3.2285423039889412 -0.76151946058632392 -0.59455323785810887 0.25805921510528118 4.8323030644022698
0.47550451479795397 -0.28435419624377989 0.83248912754781157 10.778476374286599 -0.41424299118868613 0.76246294270649784 0.49704426890408659 -3.2266375018448996 -0.77607873354306822 -0.58119958024580654 0.24476283881399541 4.8563980492721956
0.45705503474175613 -0.29221741451126931 0.84006528191180552 10.726277968910482 -0.41094178906689255 0.76825884656941779 0.49082093544013533 -3.2225214413437779 -0.78881400926689549 -0.56955010958139307 0.23105222669368397 4.8878068634058529
0.44141124868915427 -0.30059467472888934 0.84545783517294038 10.676695088744765 -0.40739146590992448 0.7723746036246425 0.48730859337737853 -3.2277274099881388 -0.79949252844191387 -0.55953580153579952 0.21847513305922495 4.9183790359393997
0.426769921102508 -0.30806670184472268 0.85027192218529357 10.621795501215937 -0.40488205912537661 0.77561866468006258 0.48423775689046777 -3.2327410522007329 -0.80866430157424052 -0.55091795597387405 0.20628003574028819 4.9523696806567807
0.41506070807598017 -0.31659091261088601 0.85293305872364478 10.573928852366937 -0.40128532398580363 0.77767518751296028 0.48393325105874962 -3.2415022626141394 -0.81651374597435578 -0.54313119665407594 0.19573912704422924 4.9835374022848455
0.40331144901440097 -0.32499759502094466 0.85540425432920675 10.518252917646546 -0.39893968470933799 0.77883826274719348 0.48400215747964132 -3.2511384212190548 -0.82352110055414984 -0.53645831498033059 0.18445995020748063 5.0217911551159045
0.39312556826277301 -0.33050777604979925 0.85803082552358667 10.460706078561143 -0.39592332281719705 0.78137811978773453 0.48238258298406078 -3.2469631301171682 -0.82987770787475756 -0.52935134257655425 0.1763239804590917 5.0492645517741037
0.38363173632270142 -0.33646769015650363 0.86000940946409232 10.404773688698086 -0.3922317024476018 0.78372597786564946 0.48158891516893088 -3.240009635358891 -0.83605082529777197 -0.52207574651508071 0.1686888627611085 5.0772490600929832
0.37372962440834756 -0.34398481160181793 0.86139457696624566 10.343160311538137 -0.39078334573018092 0.78384873482859674 0.4825655785564632 -3.246786979155289 -0.84119827896847332 -0.51696770720700724 0.15852395770232552 5.120304141570287
0.36631632898771105 -0.35101546991082616 0.86174270347955317 10.292521646447675 -0.38842492200320172 0.78388056725312505 0.48441442613708924 -3.260440489376915 -0.84554031665188734 -0.51217125667710084 0.15080509523893948 5.1423859846606916
0.35889088538561154 -0.35843587596137266 0.86181265667831519 10.245807396895032 -0.38490265959079278 0.78432805676432438 0.48649711408417734 -3.2680033004927984 -0.85032186554684475 -0.50631336363570556 0.14352526877463667 5.1656515816099473
0.34928786723247129 -0.36549861740458361 0.86279125313109728 10.197019987642491 -0.38159314775725467 0.78548748426229797 0.48723308759976075 -3.2664496105922045 -0.85579475073694011 -0.49941983615253405 0.13488948019943792 5.1917067820456797
0.3381791988483176 -0.37228693261614065 0.86431317777156169 10.154561058219269 -0.37958927445069091 0.78643790909100131 0.48726522332973038 -3.2687268558865363 -0.86113112369041001 -0.49286697490077291 0.12464081540110683 5.2243001954517325
0.32895625158070918 -0.37840757152722604 0.86521413208340314 10.124949359338649 -0.37505332655786383 0.78849657266348716 0.48745067148975646 -3.2734871114622281 -0.8666734026055315 -0.48485138414652529 0.11745785843164813 5.2361697563142924
0.31769954957675994 -0.38487051392207661 0.86656891457753127 10.097220665858023 -0.37165013642885525 0.79024482369766624 0.48722612277202237 -3.2777328826236287 -0.87232056738972819 -0.47685197507444721 0.10802324553753118 5.2541451166967867
0.3040948745675891 -0.39180298127690111 0.86834136785267513 10.070234013070161 -0.36888171058159996 0.79197078613704996 0.48652703676553882 -3.2803621825561922 -0.87832373921015894 -0.46826562736121852 0.096305302927147229 5.2737683063700702
0.28986976702574352 -0.39892136674455836 0.86996394253962905 10.049096964810539 -0.36501252087661873 0.79420467410136453 0.48580324745604725 -3.2849143970981043 -0.8847267249087355 -0.45836740589858593 0.084604630145541759 5.2883601653955044
0.27357867535375269 -0.40553816004724869 0.87217745277963832 10.031913740626567 -0.3598200549980482 0.7977815660593286 0.48381205119046672 -3.2784409540240298 -0.89201134320864317 -0.44618759911209693 0.072335261012145158 5.2961454815343334
0.25629203756401187 -0.4146696802932951 0.87313426672347694 10.021223169666825 -0.35421848019189428 0.80017456838741541 0.4839937276417518 -3.2872659184429596 -0.89935735932488592 -0.43332403158776001 0.058194706603764801 5.2991376384588706
0.23734769842877734 -0.42349327078654408 0.87425369295707134 10.019322558777322 -0.34771372216202379 0.80330502105150647 0.48352477762124019 -3.2907190266885027 -0.90706187080639278 -0.41875349879368606 0.043408176387096487 5.2955040480381674
0.21296632159854245 -0.42929480405245418 0.87769659739476702 10.018921942313572 -0.34342727531221501 0.8080949254346681 0.47858154797105001 -3.2909113596498871 -0.91471473828533822 -0.40334670285041785 0.024665458910844151 5.3059338593640257
0.18486638628975338 -0.43588950747681682 0.88080914873301908 10.012915949888578 -0.33863054306205381 0.81311836212445254 0.47346370978306906 -3.2964438715827078 -0.92257995562751427 -0.38579640543642413 0.0027127525998649205 5.3275949402822738
0.15603304236739257 -0.43923461237572481 0.88471839869007018 10.000959662123842 -0.33222976414890926 0.82016606119772706 0.46578000802199127 -3.2925967829596172 -0.93020270559869667 -0.36660685666058246 -0.01795380590046225 5.3346938551190872
0.12516855999248577 -0.44287649788011413 0.88780247758994957 9.9893802287283542 -0.3261346781857925 0.82674465135986674 0.45839879268220374 -3.2930237877321424 -0.93700000174709563 -0.34692029210367287 -0.040954946619977672 5.3511714215004611
0.093838054428979745 -0.44459743145812525 0.89080162970316878 9.9715537333560764 -0.31881404904571808 0.83421381315902077 0.44993879146586252 -3.2934985239847472 -0.94316065528204596 -0.32622145526547464 -0.063462906113868067 5.3583597290022995
0.058632952785402703 -0.44344975460154606 0.89437938929265015 9.9399345035884501 -0.31159461447980702 0.84302986788347478 0.43841696828881022 -3.2791423501352295 -0.94840443539391239 -0.30438948240732583 -0.088747224885937781 5.3803274158569394
0.024924706455073609 -0.44422535583251171 0.89556830685526567 9.9183840207696043 -0.30316084972894147 0.85030194377040857 0.43020937183177582 -3.2858002013314831 -0.95261338338265811 -0.28222409120368042 -0.11347820999866975 5.3936234249857797
-0.010371341722698935 -0.44182337646014153 0.89704210563620235 9.884443597401658 -0.29490932259490604 0.85853959648089662 0.41944994066161573 -3.2813053944624477 -0.95546895643840002 -0.26019582104211325 -0.13920204019602589 5.4105364335621271
-0.046405392725682004 -0.44035968799698255 0.89662137199220016 9.8509713920288426 -0.28834042220620593 0.86528681826334763 0.41004697665223599 -3.2880563646820318 -0.95640281286073292 -0.23950379397181301 -0.16712747298150954 5.4442292439558297
-0.08209238813610642 -0.43827300813011422 0.89508525300928277 9.8148698745644865 -0.28061391922521522 0.87194564851439038 0.40120644856966542 -3.2997093956592645 -0.95630364850667349 -0.21823738538893844 -0.1945656071134485 5.4719399515583813
-0.11827263449862935 -0.43446980520334394 0.89288721140764582 9.7690589797854148 -0.27365296223792807 0.87863942472261247 0.39128866273062879 -3.3092889824980993 -0.95452901484824482 -0.19806248935546836 -0.22281294873313406 5.507467489678163
-0.15404856627973884 -0.42852106504537546 0.89030260925122229 9.7169251493823356 -0.26664411158996559 0.88565713137839475 0.38014781781958296 -3.3133444362616609 -0.95140420273486048 -0.1788327219805424 -0.25069682999087783 5.5445964530717911
-0.1884226535251381 -0.42216172060606438 0.88672227066510156 9.6587524798364175 -0.25919448577821957 0.89225842904648056 0.36972031907601582 -3.3175632489194888 -0.94726718626832562 -0.16016983939067267 -0.27754369091884623 5.5767545095271531
-0.22319989161443399 -0.41378742124601747 0.88258811367583867 9.597500382290681 -0.25047981292490212 0.89937317505484926 0.35831237113566899 -3.3055850995663278 -0.94204122611508367 -0.14109522320167409 -0.3043853910575518 5.6115683457508867
-0.25509253980484492 -0.40529353462052498 0.87787524565322794 9.5327753242412374 -0.24329086371765099 0.90560600227437971 0.34740081214086943 -3.3029084880635908 -0.93580839479427269 -0.12495967125203873 -0.32961754927969089 5.6504619651368921
-0.28582693788432545 -0.39762251951316707 0.87189408390908951 9.4619137006578384 -0.23614414162869257 0.91101963194985092 0.33805202939252715 -3.3121031001076666 -0.92872972707570711 -0.10926830362899907 -0.35429018031540593 5.6932988838600744
-0.31619548291852118 -0.38995720246210896 0.8648432209538609 9.3896644889509293 -0.22973831229741493 0.91595497814752269 0.329008792997249 -3.3147277728369042 -0.92045680205246916 -0.094656527797595369 -0.37920893620884577 5.7442886047500945
-0.34378655170835559 -0.38154437230933613 0.85804119879149909 9.3073308628033153 -0.22409143455435576 0.92067023675341186 0.31960811021591334 -3.3154652139369913 -0.91191766943285457 -0.082402713034773284 -0.40201487169091132 5.7902211037383342
-0.36919593894925051 -0.37439838999297942 0.85059990843759592 9.2242778583646796 -0.21861356593413711 0.9245657897217594 0.31206763572299517 -3.3124072311522701 -0.90327319646546711 -0.070738575380369539 -0.4231945019730452 5.8360713859894249
-0.39321652192893475 -0.36706178586855703 0.84299846514516119 9.1286864154159311 -0.21332371382186924 0.92825779070121417 0.30468092674755026 -3.3053227076466705 -0.89435661791220467 -0.060025989017145183 -0.44330928327653685 5.8826998350371875
-0.41570124917025164 -0.35918786217911869 0.83556959680297582 9.0274458356993463 -0.20734739478401998 0.93194639658954437 0.29746087433483326 -3.288828672312651 -0.88555041037457205 -0.049598322017565727 -0.4618879486828702 5.9265355954144745
-0.43572323537285551 -0.35238033997819374 0.82823508628472364 8.9203609574217317 -0.20149828829937186 0.9350126564456549 0.29180433872521994 -3.2740230254339973 -0.87723640027568062 -0.039742021630664905 -0.4784107751170259 5.9668197367661122
-0.45395945583687536 -0.34726832371313393 0.82056414971759439 8.8152525562766986 -0.19682407321359002 0.93725746844604341 0.28776504660178115 -3.2660814607096098 -0.86901156301852511 -0.030873114316245471 -0.49382765632608794 6.0135451337221006
-0.47046288866378871 -0.34146210042880243 0.81367579806755608 8.7014966281129773 -0.19284835038764783 0.93959240630903995 0.28279961767857997 -3.249160689740203 -0.86108895251471373 -0.023869310361601323 -0.50789376042630696 6.0537252731688813
-0.48626086812958169 -0.33403783617342531 0.80744603047537622 8.578067516456791 -0.1893600447525553 0.94237260518008947 0.27581995297186446 -3.2120474894278428 -0.85304931954557972 -0.018777566686531241 -0.52149234070325234 6.1012348551382134
-0.49992504823514405 -0.326416835542095 0.80220134356766959 8.4457189497523597 -0.18469667037272117 0.94513026444029824 0.26947341834073779 -3.1769866555052677 -0.84614542845796892 -0.013447405463389468 -0.53278239571703567 6.1394320337839865
-0.51345708949984092 -0.31771102660499545 0.79713331433076651 8.3111133404961706 -0.17986433139871819 0.94814649635649628 0.2620439729079696 -3.1207078577295446 -0.8390534187600005 -0.008827514967446411 -0.54397742181698594 6.1874443545391138
-0.52547299818746462 -0.31217054836316455 0.79147184214633814 8.1747986925815326 -0.17863875574687615 0.95000162627603379 0.25609589027959606 -3.0892558775739016 -0.83184513169284391 -0.0068160698010025014 -0.55496596118265051 6.2460527241347092
-0.53748699709458458 -0.30554086346723436 0.78597233329548111 8.0390304064959786 -0.17833808781719471 0.95215488476698318 0.24818662705327102 -3.0429164580563062 -0.82419855276987264 -0.0067717181032387313 -0.56626044312310708 6.3159134929331744
-0.54746427477123327 -0.29925644790969763 0.78149116836575849 7.8892651623956986 -0.17700089408369643 0.95415271313972339 0.24137788527882328 -3.0074016550504394 -0.81789580714341603 -0.0061788666092668807 -0.57533318196037087 6.376402912625589
-0.5556768095896516 -0.29320434856256544 0.77798103657368678 7.7298782811715236 -0.17521534587233031 0.95603315099912245 0.23515993868329016 -2.9780590157119429 -0.81272557844275217 -0.0056412919345438422 -0.58261935255379527 6.4280271995116367
-0.56303100962323427 -0.28755689306424309 0.77479488605299995 7.5663878445048409 -0.17397473904696087 0.95774573890296466 0.22903250814405415 -2.9501444594961317 -0.80791637709368391 -0.0058423338191020179 -0.58926818576889328 6.4852123315096604
-0.56957017690241774 -0.2828404907283974 0.77174546994969062 7.4064195781830033 -0.17464652873788347 0.95913373723168949 0.2226231436840744 -2.9209048154919151 -0.80317395599157548 -0.007983164065189478 -0.59569108228036471 6.5459904261294319
-0.57577907067480893 -0.27777668044545234 0.76897241665326255 7.231709415993004 -0.1737996890015974 0.96060554747955862 0.21686551190644726 -2.9115326022126657 -0.79891935129636316 -0.0087805439582329062 -0.60137407008616206 6.6133212093910281
-0.58210215851700342 -0.27089663089024529 0.76666295881708035 7.050878225441866 -0.1747435252840186 0.9625175572997009 0.20742384689598889 -2.8764620457206722 -0.79411697968319472 -0.013227519122317441 -0.60762097998399445 6.688912126978634
-0.58850442020344973 -0.26485350489334708 0.763881645509769 6.8744967494781184 -0.17545124418661578 0.96414156572274956 0.19911780974853435 -2.8559665519884598 -0.78922709552724502 -0.016842273937766401 -0.61387045009043661 6.7706457810912957
-0.59470152862210601 -0.25849490198033337 0.76125585548139407 6.6884430766173697 -0.17722570221841438 0.96575688021689998 0.18948535243366493 -2.8478305762800367 -0.78416907764060761 -0.02222687481177087 -0.62014903346565142 6.8636637778137919
-0.60201084434935304 -0.25065193693270438 0.7581270011005169 6.5009024149313781 -0.17927739474179569 0.96764218399094581 0.17756187511914545 -2.8254296618689381 -0.77810189501142712 -0.029020859275980034 -0.62746731445272141 6.9758126763739519
-0.60521794782451832 -0.24224966752035881 0.75830490847505028 6.3064394034090014 -0.17899084419546157 0.96959237129358611 0.16689191479360718 -2.8227521019174149 -0.77567616524247718 -0.034723653545620146 -0.6301751776761515 7.0486047359635888
-0.61022792585896268 -0.23433749365572684 0.75677461477577368 6.1244590284777169 -0.17839925428932588 0.97136290470083875 0.15693251237446518 -2.830537937077922 -0.7718779596353823 -0.039243425414983969 -0.63455840471214153 7.135128369394768
-0.61536498194044076 -0.22610906377764453 0.75511630248527861 5.9530089445345258 -0.17703198080135771 0.97314611973172449 0.14712684127865966 -2.8553558337275393 -0.7681052120477958 -0.043143028737969581 -0.63886857983181966 7.2252212193647178
-0.62358824532690171 -0.21823817499874842 0.750672897648058 5.8232581077570851 -0.17890436504519774 0.97459901882051103 0.13472186415675708 -2.8646823767434895 -0.76100652326894724 -0.050287687233683181 -0.64679225417037656 7.3523079052366516
-0.62825585926830319 -0.20725013895415714 0.74989462939704365 5.6723988798667166 -0.17690177686882083 0.97667311044515048 0.12171851409727613 -2.8705216344277402 -0.75762809915927798 -0.056187322741677634 -0.65026352206426496 7.438126966480274
-0.63549504740982399 -0.19571332273754868 0.7468884388050292 5.539514497639237 -0.17667742703594944 0.97853500799011217 0.10608640305782797 -2.8628048985552215 -0.7516190068735239 -0.064540943910197657 -0.65643227759277534 7.5543106268888769
-0.64062688256006362 -0.18478457443390123 0.74528642708200266 5.4052767611584294 -0.17586968648191376 0.98012038261001599 0.091836207288569574 -2.8774401477573486 -0.74744033254710607 -0.072240547088721366 -0.66038947041741536 7.6504149211842094
-0.64846329277230152 -0.17413508220181736 0.74106162434271994 5.306477327140545 -0.17510431749401087 0.98150203573021755 0.077409507506476835 -2.8792875708756807 -0.74083320384676399 -0.079565865822002896 -0.66695984667304686 7.7722821666492843
-0.65727985725166405 -0.1625946841962512 0.73589819806978318 5.2228961958444691 -0.17501446226988557 0.98268648027991623 0.060804765203499492 -2.8786770103399149 -0.73304374170141806 -0.088827080027383737 -0.67435645070407224 7.9064468279333919
-0.66508484452495309 -0.15189670110948408 0.73115630461295722 5.1420048114696097 -0.17454086189750642 0.98359477042022281 0.045572087181353374 -2.876527989868499 -0.72608376728260149 -0.097307347071253283 -0.68068615609152805 8.021888605901248
-0.67047707035478554 -0.14331849070921845 0.72795625442006917 5.0481614018166523 -0.17414079105735134 0.98415526226835759 0.033367718522851829 -2.9091400240495378 -0.72120418954577958 -0.10439458784023252 -0.6848111323651831 8.1106652956197092
-0.67987598939524529 -0.12827026075389877 0.72202173045550622 4.993121735697656 -0.17070311800945823 0.98521888714199157 0.014289503859290498 -2.8672441133738196 -0.71318236415778391 -0.11353627008503721 -0.69172279912512069 8.2179392687293955
-0.69086691621274099 -0.11273633352727541 0.71413823814827682 4.9447941356576957 -0.17088760492094029 0.98524193737052845 -0.009785260893420163 -2.7977577131387097 -0.70249578686785208 -0.1287976861173934 -0.69993630101868787 8.352787536784378
-0.70054091542169816 -0.099849544240350321 0.70659216973804928 4.8903920561214624 -0.16719016952302065 0.98556883441941756 -0.026486219738086948 -2.7798071806049882 -0.69375058416911872 -0.13668994526352307 -0.70712515570361556 8.4543926448443543
-0.70868815091903503 -0.089214817097103064 0.69985842936788945 4.8206965127575341 -0.16553807239854434 0.98530763341839844 -0.042023970707315311 -2.7952028878546806 -0.68582669190804535 -0.14563510544427621 -0.71304429366533828 8.534189085328876
-0.71670634103298902 -0.082097137129231654 0.69252587012926092 4.791914163448058 -0.16551478623127591 0.98469690001539711 -0.054560705996916904 -2.8127195229329507 -0.67744879973465211 -0.15372727531329988 -0.71932680233870672 8.5887162209700243
-0.72783243599888503 -0.071329608174374462 0.68203521324460925 4.7440498747517728 -0.16369285570427558 0.98389609786937604 -0.071785218456131145 -2.8082863090236523 -0.66593137341569109 -0.16389190216452268 -0.72778764094039561 8.67827809798675
-0.73779081099055088 -0.060600156299053715 0.67230375595740655 4.7101332413848551 -0.16244847732753842 0.9826314030079466 -0.089699598865315963 -2.7735409242555322 -0.65519097325273801 -0.17539426124923418 -0.73482082284660799 8.7132812961007531
-0.75001223345178292 -0.047156625315802961 0.65974078421869131 4.6725801960650859 -0.15964732468463538 0.98087047955758344 -0.1113814798497257 -2.7151479053137804 -0.6418678846878908 -0.18886332365311487 -0.74319328817272812 8.7640006882953134
-0.76017075569843096 -0.037528084682838941 0.64863862438257147 4.6189672424525021 -0.15721355771151888 0.97928814150919252 -0.12758774694757583 -2.7101937517967558 -0.63041598921074637 -0.19896325982328847 -0.75032613028464312 8.7845008743969419
-0.77282081674611058 -0.027786375218764561 0.63401569582785344 4.592001392896246 -0.15475266252973721 0.97713428516781609 -0.14580878639347591 -2.6812106264443303 -0.61546697607900336 -0.2107996824043695 -0.75944973188117282 8.7942580428350841
-0.78307827534277386 -0.019785969890681699 0.62160834138681909 4.5554373732907356 -0.15308281974108148 0.97487476606703893 -0.16181730681807729 -2.68353595791804 -0.60278857403430164 -0.22187317521778346 -0.76643214254914471 8.773068986388104
-0.79793950069991859 -0.014983633819899801 0.60255127909607509 4.584724722584486 -0.15164943536036554 0.97252273523364763 -0.17664081693806435 -2.6976956955078668 -0.58334809674639998 -0.23232524652137057 -0.77828656538009033 8.7965861309485245
-0.81209727437560408 -0.0075051836716101671 0.58347381189713288 4.5843863519953212 -0.14884297253178902 0.96950510259400435 -0.19469367111462588 -2.7017741123658516 -0.56421962610282927 -0.24495617620759108 -0.7884495451569109 8.831039983621098
-0.82570277882290988 0.0075756818257328813 0.5640545453136605 4.5614091013162197 -0.14029356111636435 0.96573517049472368 -0.21834215621087918 -2.6288360429611557 -0.54638140319140993 -0.2594189459434339 -0.7963473945032935 8.8151578166947235
-0.84082271236692319 0.013501974677162262 0.5411421837629623 4.5972811656319879 -0.13550978392230562 0.96260743527625092 -0.23457200176536072 -2.6459696351826345 -0.52407467485966197 -0.27056352716265292 -0.80755254500251805 8.8400491303883086
-0.85111416485116687 0.027370303988889608 0.52426667341082922 4.5318239852747277 -0.12700274331911535 0.95824207109296233 -0.25620779921167308 -2.5914306591722136 -0.50938686828295865 -0.28464539280836049 -0.8120972963714721 8.7834643953091902
-0.86558816129867644 0.037574311989978286 0.49934487691179641 4.5615087804921624 -0.11897446999784325 0.95319597351631247 -0.27796134904159209 -2.516941959709885 -0.48641773251836701 -0.30000934510573041 -0.82060476621874545 8.8036070877797901
-0.87312442644275801 0.048704957424342728 0.48505830893955193 4.3925802048489793 -0.11058246421283356 0.94927232025899866 -0.29436980245723982 -2.5334629956459458 -0.47478969508364671 -0.31066040802199107 -0.82344693595275942 8.741943247424965
-0.88712514657024899 0.055501266458168039 0.45817964134633243 4.4066943803814818 -0.10398133262276502 0.94318453319422835 -0.31558013056778378 -2.4583301794803596 -0.44966304805788554 -0.3276011992724156 -0.83095162160415015 8.7359136141280356
-0.90079977802554545 0.062080503992179188 0.42977409290603497 4.4094321899067799 -0.094126539455445385 0.93828034513937308 -0.33282155653635376 -2.4094289133285054 -0.4239103141930739 -0.3402587323629121 -0.83935930361884581 8.7416747731312157
-0.91324179794028049 0.06954016896275643 0.40143938944183827 4.405720310524428 -0.085726297905666438 0.93046801775834331 -0.35620256845824178 -2.2613504761896932 -0.39829689973962079 -0.35971298674011026 -0.84378086422264653 8.7061839977196076
-0.92321798054572812 0.073129544584983844 0.37725406572475934 4.304244898993919 -0.078760044693197473 0.92487481685100248 -0.37202611267859975 -2.2170714229243944 -0.37611888513739072 -0.37317374353458677 -0.84810137447087608 8.6633652865102206
-0.92935346505927785 0.0789930429310228 0.36064142323201254 4.1431223248940912 -0.072649160467164409 0.91861359973026435 -0.3884213612483508 -2.2158022779780402 -0.36197270127142211 -0.38718103460668529 -0.84797795370821216 8.5591989406292299
-0.93890726630775712 0.079423550513723934 0.33488064276438717 4.117432160388665 -0.066075595629150274 0.91331123567361638 -0.40186639876280406 -2.2329501399896809 -0.33776790986822325 -0.39944271981865687 -0.85226659716729847 8.4847308877887819
-0.94859888899050104 0.079098042083919851 0.3064370205188634 4.09040739689567 -0.057989173738579994 0.90843002207178947 -0.41399535109438718 -2.2235093734678744 -0.31112281101697548 -0.41048555971816908 -0.85714887955812991 8.4488671087118821
-0.95281248201524527 0.074892099555330369 0.29417604854940749 3.8603184125652485 -0.064532175528511912 0.89696510525026607 -0.43736620615330635 -2.1914973025455931 -0.29662092380259725 -0.43571180083579741 -0.8498065981003684 8.1975063766975929
-0.95881524854219058 0.078589486145716841 0.2729414073209312 3.7241829884392499 -0.054491513621364257 0.89220972304826596 -0.44832185429821436 -2.1906230646313039 -0.2787543615914036 -0.44473082057070079 -0.85118182730147685 8.1088011993011921
-0.96713481151238612 0.077521724390561153 0.24215829246262902 3.7013970713801019 -0.044698052923829702 0.88572145684666781 -0.46206015295222663 -2.103545657493838 -0.25030449541652422 -0.45769846310527457 -0.8531469840803223 8.0334287994756117
-0.96713481151238712 0.077521724390561209 0.24215829246262913 3.7013970713801059 -0.044698052923829744 0.88572145684666781 -0.46206015295222685 -2.1035456574938367 -0.25030449541652444 -0.45769846310527484 -0.8531469840803233 8.0334287994756188
1 0 0 0 0 1 0 0 0 0 1 0
0.99996857723305388 0.0051389744971904834 -0.0060361815429359374 0.60151396943629232 -0.0051081298093945239 0.99997387504616064 0.0051143166714556149 0.40980117849837178 0.006062306190916928 -0.0050833223666003711 0.99996870364895163 0.36322180144282451
0.9998630524881944 0.012501307057216832 -0.010844057859095108 0.88277225045980889 -0.012499604532038133 0.99992185163016989 0.00022476439929772934 0.72935027284790577 0.010846020262422228 -8.9187183611274105e-05 0.99994117621493783 0.37329010658857442
0.99983983510800434 0.015379383793269962 -0.0091530697221235396 1.0610142708862562 -0.015380435566988215 0.99988171311371976 -4.4525754856765309e-05 0.97818233633819662 0.0091513022553335755 0.00018529682249531946 0.99995810878862279 0.54143040301393941
0.9999084781794465 0.013180897612954002 -0.0030494594570384245 1.13717425733324 -0.013179664597680692 0.99991305451776524 0.0004240825925210621 1.2179184568398647 0.003054784109546833 -0.00038385292686213767 0.99999526046425569 0.69767726320098067
0.99994550430786278 0.01006493665882565 0.0027722670411977741 1.1665661739882482 -0.010054443251455821 0.99994233308776392 -0.0037734162111547594 1.4915272997056035 -0.0028100863682702726 0.0037453369745830065 0.99998903787269078 0.83020199237945158
0.99984109170000479 0.0075628315576810922 0.016142952857911799 1.0858122068333949 -0.007451916429786906 0.99994829036496036 -0.0069199376959889168 1.7397431243012866 -0.016194452434895465 0.0067985421248264255 0.99984574787079572 0.90721622890667297
0.99967781219543106 0.0068638809872812881 0.024436835759745909 1.0505767315286747 -0.0064604585489896529 0.99984217363776917 -0.01654963113298101 2.0482974069532953 -0.024546573681333703 0.016386425879165546 0.99956438050153307 1.0452303943499817
0.99942726534552895 0.00092522173593310433 0.033827285565015811 1.0240579206636611 -0.00019479123909368752 0.99976689281523279 -0.021589860744061246 2.2970052668198333 -0.033839375590145604 0.021570906223757531 0.99919447189441302 1.2135670272556534
0.99936921196683692 0.00048021348051777456 0.035509823539360268 1.0891292127837833 0.00047851868319451169 0.99963570672125901 -0.026985641881543194 2.5958546415854302 -0.035509846418327544 0.026985611775577616 0.99900491868881436 1.2824863036117171
0.99915907563013107 -0.018467603443812809 0.036607228917034045 0.92563341851615366 0.018160954322096471 0.9997972968285892 0.0086916622320843424 2.7162831203724367 -0.036760322687005693 -0.0080195309892779291 0.99929193221933865 1.413441019088542
0.99859789776972707 -0.042668275711468154 0.031331403059740907 0.8204548480231264 0.041141334757198236 0.99800635843616314 0.047861248368433515 2.8234363328888699 -0.033311096413627055 -0.046505126263658984 0.99836248130973115 1.5448618428365137
0.99642668896718856 -0.076820996610331149 0.035105384112428847 0.59197106683849665 0.073857336926043099 0.99412774208189736 0.079089355828338884 3.0304249313671159 -0.040974959378608691 -0.076213954778269713 0.99624920868273581 1.8120959309678919
0.99434101679814024 -0.10128418554518033 0.032053955626256271 0.40603056695728085 0.096068927401850093 0.98608294087339143 0.135687858360067 3.0893885756210806 -0.045350893052933147 -0.1318406139129101 0.99023297714344394 1.9165064993026584
0.99371166028960645 -0.10809812003375123 0.029187885323238724 0.14331023827464198 0.10066608150088267 0.97664483504352972 0.18981887740173312 3.0892414203943388 -0.049025261240828399 -0.18568700177439793 0.98138517470578457 2.0273010920862506
0.9919352141554113 -0.12571344103724921 0.016145019697491467 -0.035508512169763508 0.11801707200083238 0.96255163070562588 0.24406214155884701 3.1656971267336149 -0.046222306679877749 -0.24018844470230952 0.96962519016199089 2.2254282771854452
0.99235919156388042 -0.12325215465508314 0.0056693290221275072 -0.26090507041151673 0.11590891732591578 0.94701403806905093 0.29954888513310185 3.2824347253485424 -0.042288979687569832 -0.29660296369562744 0.95406410902200622 2.5115710466826031
0.99228498539936949 -0.12384610411224388 0.005714039481163587 -0.27074967110880471 0.11640253956907047 0.94652791679082238 0.30089092960323205 3.2667510253312906 -0.042672667280637996 -0.29790442298134051 0.95364144112727744 2.5072942057043015
1 0 0 0 0 1 0 0 0 0 1 0
0.9977543597297881 -0.049172662496914016 -0.045478422390901448 0.29858328247380611 0.051514538917176854 0.99732575298221093 0.051842016922729307 0.01913232532424225 0.042807591854148154 -0.054068398361986514 0.99761922514465318 0.26234701404933219
0.9952789902170629 -0.072401284583524975 -0.06463579212138594 0.43378910912475954 0.076758508960945007 0.99474953332782357 0.067686758277891723 0.028637750831468356 0.05939581580040898 -0.072328555458633689 0.99561072570089926 0.38519034322014389
0.99203290099656982 -0.094658661109345496 -0.083129183908637119 0.57928281136986348 0.10084800749903393 0.99216774616810466 0.073707820800633345 0.052735521842754422 0.075501011409150845 -0.081503995857194408 0.99380918487177694 0.50559991292197792
0.98830619342352799 -0.11650130557156972 -0.098378421621897097 0.71893857819469131 0.12378677704413439 0.9897292324942093 0.071504406685526947 0.080081123673524088 0.089037642992847568 -0.082846195727644623 0.99257685142448038 0.61447969787748924
0.98442831713921575 -0.13650279968122819 -0.11076043559700414 0.86022826136450947 0.1441261471932902 0.98748857747278163 0.063984084396045388 0.091156609981692074 0.10064065833285107 -0.07895121936973927 0.99178534111488137 0.73759666794792411
0.98057366773918231 -0.15612721556554796 -0.11874163000513621 0.99253001638592386 0.16315320316729112 0.98523513635733251 0.051891794950657065 0.083049465485945315 0.10888670457305785 -0.070256804984978674 0.99156828656453222 0.84584106694989381
0.97589344273047007 -0.17651892136717034 -0.12834741460209284 1.1618679167502344 0.18134327737988964 0.98305367314925385 0.026834519874230484 0.11241418102877032 0.12143559686019248 -0.049462572791261025 0.99136615319874521 0.93448325268717203
0.97220708032525649 -0.19460966567677079 -0.13015556457799185 1.2865287959405978 0.1960511146019577 0.98059207955376082 -0.0017703049908957818 0.12319914492242964 0.12797403419745099 -0.023796040460678368 0.99149200452127872 1.0200393664192573
0.96962009722951514 -0.20991929500438719 -0.1255816731592897 1.3888637396896542 0.20754556276354591 0.9777068659021243 -0.031845309623374694 0.12100215798073091 0.12946700902464928 0.0048139331846881218 0.99157204459459458 1.1152991911532619
0.96659995189328307 -0.22665100883733857 -0.11964051651894331 1.5086914277740509 0.21939550570825403 0.97305962110010813 -0.070856092607012519 0.14362291130038748 0.13247696054379549 0.042240904080414018 0.9902855956478146 1.1841437855742145
0.96381942886458438 -0.24228450555690836 -0.11113202468321541 1.6378809774795933 0.22993743606170733 0.96660470652491182 -0.11315527747859318 0.16578138328974312 0.13483650855949439 0.083507842092426329 0.98734267418589372 1.2480594988372269
0.96170968855186167 -0.25375345926384241 -0.10355509092804009 1.7817583405341395 0.23656194396493591 0.95935326331027015 -0.15388230191762156 0.15775467085152553 0.13839408084528648 0.12349290703343652 0.98264773968061381 1.3035134784020108
0.95920672837483556 -0.26686165570812481 -0.093312962406960007 1.9328168164142521 0.24373883924566564 0.94786955533748785 -0.20526734837155358 0.20226508521280931 0.14322650063315814 0.17414982853000865 0.97424740530285658 1.335667566407273
0.95771260065385955 -0.27693106131605055 -0.078075359923518217 2.0547795621206255 0.25007293305652711 0.93535433920225552 -0.25015153065295775 0.19728637555711376 0.14230285556279876 0.22004873872366962 0.96505359948802605 1.371536128147788
0.95567268456580368 -0.28822771157341387 -0.060120763933460018 2.1887269593058032 0.25848121045052141 0.9190849008187173 -0.29743975680981488 0.21114100874228886 0.14098646679317531 0.2687149630523048 0.95284578228219874 1.4195423519510573
0.95556026101565272 -0.29172710027592452 -0.042425069620430779 2.3094447623410495 0.25943173961029997 0.90052090426342368 -0.34893734891432776 0.25769317513323842 0.13999914303477437 0.3224242545919685 0.93618525944406017 1.4534433237985827
0.95442855626450296 -0.29730727359670384 -0.025971446885978553 2.449520137608316 0.26311210219517489 0.87932791059184501 -0.39693128792350973 0.28053169457892346 0.14084797714306155 0.372009154081825 0.91748080994320125 1.4621076503213708
0.9546891303979087 -0.29755782227076261 -0.0052921362006364365 2.5538187459233748 0.26445087505359277 0.85635657920512731 -0.44353031907129159 0.31304122220203712 0.13650787150737465 0.42203406457011727 0.89624374439041543 1.4664362274323357
0.95592152008556341 -0.29311855375087276 0.017191884256897418 2.6406418318695564 0.26382593386713432 0.83174271220230733 -0.48846692551029919 0.36741824059692679 0.1288794943210142 0.47147171086433853 0.87241303394562675 1.4950200202806136
0.95552099165883519 -0.29308841362030069 0.032845339103925314 2.7877493318114692 0.26584488110207222 0.80773188969369514 -0.52620879274645094 0.35774284182017352 0.12769547247706708 0.51153531273352759 0.84972083070586824 1.5145244645282041
0.95647158969955937 -0.28618845846429181 0.057081208286354115 2.8605706847926125 0.26812537926003183 0.78460429182492497 -0.55902136474965969 0.33082845775821773 0.11519930162228383 0.54999297403852376 0.827186103252465 1.5761700911401921
0.95761211415569647 -0.27667076047598183 0.080201802472881931 2.9022900593200855 0.2696517076297692 0.76303442477126215 -0.58742354667338503 0.30939826284165678 0.10132618316410995 0.58415045742653571 0.80529575169235956 1.5853184223945811
0.95856826023277342 -0.26451629746460703 0.10572615026534077 2.9458931869517464 0.27203996389006563 0.73993217902025998 -0.61521917110654301 0.31506478038265195 0.084505316525090274 0.6184913086098669 0.78123450554430118 1.6430647457402237
0.95830636874682795 -0.25496107896606002 0.12901066557355267 3.0060259372354383 0.27708400039436432 0.71885837352055693 -0.63754772020989581 0.29449293052096676 0.069809457416058165 0.64671283196782336 0.75953219327651511 1.7039530669549416
0.95808522984654143 -0.24814312841400371 0.14317010920863024 3.1092406234536742 0.28170873091514975 0.72517430233925484 -0.62830121928335525 0.21063519205314793 0.052085346078101363 0.64229838786010229 0.76468287392633427 1.669306090686274
0.95839135349343418 -0.23748382615119604 0.15839016972530762 3.1724599130511133 0.28371966789077491 0.73133735446695192 -0.62020063206451859 0.15100925268861712 0.031450971383594033 0.63933332955342514 0.76828622929293733 1.6342850264051032
0.96012547954179595 -0.22760928762852123 0.16233630438036203 3.3658870036728641 0.27852925395253897 0.7287273087620838 -0.62560208132407347 0.25936756368973674 0.024093945863608884 0.64587190808209616 0.76306550185623889 1.6297366945054712
0.96172453404093061 -0.21410604069827141 0.17101030366695746 3.5156421789491352 0.27386808548035968 0.73039099858814349 -0.62571979426636093 0.30518739448214927 0.0090660012727367279 0.64860434204368755 0.76107175424068785 1.6627365431518453
0.96222004919546633 -0.19832734682489828 0.18654447305581273 3.5705167403235003 0.27199755060946179 0.73099487377062511 -0.6258305097896083 0.33930277999504027 -0.012243748965395039 0.65292630366869453 0.75732247595645019 1.6857777959632827
0.96216978941558651 -0.18625443393165558 0.19884310945256448 3.6922579009700192 0.27081581663960119 0.73364776197788562 -0.62323330687846412 0.33780837065550667 -0.029800835454595602 0.65350611870558517 0.75633435927542647 1.6848584835467639
0.96341629899938641 -0.17245815769753395 0.20515169671708144 3.874059631378922 0.26468951437635818 0.73236738528467016 -0.62735753279171136 0.41794058892716579 -0.042053487388473844 0.65870797536910697 0.75122254185001636 1.6949781108603361
0.96326773209328975 -0.15788623993053913 0.21722617602040145 4.0174385102621741 0.26166329546783001 0.73375520589444321 -0.62700527719287857 0.43783390866642385 -0.060395331878923229 0.66081406845148183 0.74811574694283456 1.7470565117918235
0.96300085833642346 -0.14089009757615989 0.22973751815559382 4.1333483669342028 0.2569742757347 0.73689827233225946 -0.62525607381644654 0.45734416395200883 -0.081200790968672387 0.66115876810242136 0.74583879954541832 1.7876384182041525
0.96269648461989155 -0.11784527897957678 0.2435733333571817 4.2064947118863802 0.24857454274504248 0.74078525063479783 -0.62405761684401606 0.48052878663110726 -0.10689328884264013 0.66132420390014868 0.74244469298139548 1.8042282916229697
0.96233000024416637 -0.094725447571895216 0.25484909301852893 4.3414894652941811 0.23880125843117189 0.74260187667208999 -0.62571272300855341 0.54297714970409816 -0.1299804970053251 0.6630004090084668 0.73724862024479543 1.8702946336417081
0.96067652284974125 -0.075734473269922276 0.26714211200007015 4.4610739880688506 0.23202227922969479 0.74745244960044643 -0.62247931493933983 0.54187727259878637 -0.15253288296753631 0.65998418552630456 0.73563210538202606 1.8938698442170832
0.95877268975180308 -0.056917675584113377 0.27841571003123072 4.5401971191582753 0.22326833543703239 0.75698054910319235 -0.61411049386132965 0.48624679973156959 -0.17580153519599739 0.65095378214242761 0.73848019183807456 1.8122149771747196
0.95520441073521578 -0.032692574349913552 0.29413556278417713 4.6429202454330696 0.21518303083066742 0.75905258585726321 -0.61443912240833931 0.54114974605129851 -0.20317676283108077 0.65020794172770413 0.7320852652251002 1.8671114794397363
0.95207861843298136 -0.013286685556730706 0.30556467123943171 4.8220275610574674 0.20755698374557713 0.76186722575974319 -0.61357838033261136 0.58450157663547042 -0.22464728536348633 0.64759693814908437 0.72811524010883555 1.8978830337709036
0.94923087837314235 0.0039119307330377695 0.31455593515445324 5.0451869141818069 0.19943189052961419 0.76582117674507311 -0.61134674799869138 0.60710971386102197 -0.24328514254416905 0.64304169541852518 0.7261609445367686 1.933673278004491
0.94671808403238666 0.017035071141522497 0.32161261747209208 5.3521638021247977 0.19379818789122902 0.76744239847563478 -0.61112554143321551 0.64386539904957751 -0.25722972560752549 0.64089154415795524 0.72325023117224707 1.9966821667572399
0.94150117349829399 0.035997397396770089 0.33508167315147852 5.5479403386174484 0.18768950146855237 0.7698027841599957 -0.61006255788894748 0.67767726958807684 -0.27990746924621634 0.63726592634486445 0.71801389107732472 2.0373754803559012
0.93512710578763181 0.058294162982941225 0.34948402908196746 5.7256095512757099 0.17976921123424652 0.77192053885694489 -0.60977185273101997 0.71508846586209629 -0.30532003981636063 0.63304065608215254 0.71136432370032021 2.0938330734570196
0.9351271057876317 0.058294162982941253 0.34948402908196752 5.7256095512757099 0.17976921123424652 0.77192053885694478 -0.60977185273102008 0.71508846586209562 -0.30532003981636063 0.63304065608215254 0.7113643237003201 2.0938330734570196
1 0 0 0 0 1 0 0 0 0 1 0
0.99861425805325943 0.035223524010923053 0.039100728496923753 0.39752031021567119 -0.035389607907065496 0.99936723876149303 0.0035633891751047997 0.06414062665853032 -0.038950471947363952 -0.0049422106876390497 0.99922892036239452 0.24687078965192163
0.99712257181904673 0.051245841536538807 0.055860903091357494 0.65815068646099006 -0.051375825963711895 0.99867899153113271 0.00089240176278255448 0.088207221330331084 -0.055741378485972756 -0.0037597339761989501 0.99843816189332013 0.30011873959856056
0.99515233278237947 0.064767333567235297 0.074006939271792291 0.9081569687812403 -0.065375133245317199 0.99784379982173332 0.0058174831741571731 0.059244580849548555 -0.07347058262287906 -0.010627495467656272 0.99724075820693348 0.4153930383368345
0.99248066639734567 0.080563848025967139 0.09214984112156463 1.1807790841515649 -0.080295305997115429 0.99674910876862566 -0.0066240473866101815 0.18110216080783867 -0.092383930758061658 -0.0008249607259311326 0.99572311853119611 0.44857119397660838
0.98928636519858282 0.094477025318072255 0.11129501030695238 1.449680077995575 -0.094230728950293413 0.99552226308292668 -0.0074828756333705053 0.1687036092314142 -0.11150362036128081 -0.0030847031131843896 0.99375924008435301 0.52909536158829229
0.98489073286148465 0.11165384718748395 0.13237697206010476 1.6747736064434884 -0.11098186628364382 0.99374423125647571 -0.012467084690316547 0.20038033896649676 -0.13294085030481478 -0.002412727234916136 0.99112103653767869 0.63181187600258781
0.97974650768040339 0.12686683198759097 0.15492445781569064 1.9001388421534329 -0.12535561143803939 0.99191971576895721 -0.01952557681161822 0.25706089225795165 -0.15614977223502002 -0.00029053444456422279 0.98773334671898561 0.74865681674860707
0.97618846761911504 0.13657350857708012 0.16853412842030008 2.2613804459777285 -0.1343897370464954 0.99062930384632675 -0.024351199919426542 0.27463614945622661 -0.1702805751224073 0.0011221033322673048 0.9853949800055275 0.80600884609288137
0.9710697416473727 0.14682504324731374 0.18832409174699138 2.5452828810563419 -0.1441959061815016 0.98916243392358283 -0.027662609328643398 0.28201522174673982 -0.19034468076991373 -0.000293240171207715 0.98171727931864461 0.86182810496818385
0.96654070469680753 0.15729216162007903 0.20262833478337036 2.8598178675974313 -0.15349877250836833 0.98754977539960676 -0.034403022347033116 0.31069194356854152 -0.20551689225614245 0.0021487207983393384 0.97865120957177998 0.93802052250680834
0.9627346634335191 0.16481578509741396 0.2144241702940034 3.2030776848263622 -0.16023491126253406 0.98632011538648556 -0.038696294353305336 0.32714266023535288 -0.21786863252023353 0.0028960260207516754 0.97597380702406689 1.0137281081683414
0.95814866729927339 0.1725006676634033 0.22846148692571011 3.525586378612692 -0.16804054266866542 0.98500885583207043 -0.038986279022446182 0.29784140992342534 -0.23176174699947094 -0.0010361409535721072 0.97277202829834575 1.0830946948797178
0.95534092157526906 0.17893888904930272 0.23516929550754895 3.90145255354363 -0.17431861599981816 0.98385742085290306 -0.04046721572559011 0.27273611403686066 -0.23861421516670689 -0.0023343989536577067 0.97111163462389927 1.1141051345086685
0.95245129853993593 0.18470972717975445 0.24231970740071998 4.2642457090825436 -0.1795740793406882 0.9827905178725771 -0.043312215467416641 0.26612540783674987 -0.24614969822962221 -0.0022615624980067629 0.96922918414404624 1.1695891029214713
0.94908314118932291 0.18988239586262717 0.25136799090511963 4.606910244374248 -0.18582537969516844 0.98176794276925994 -0.040007934360093617 0.18148561513799807 -0.25438183773877066 -0.0087396963381816094 0.96706437135102963 1.2320551720071569
0.94347062916176438 0.19894380089249658 0.26511230826868659 4.8533722153093484 -0.19394160653168618 0.97997158131797391 -0.045192400523298648 0.19873843485351306 -0.26879327589248403 -0.0087786044219056794 0.96315788474132868 1.2752664265542548
0.93996120156583163 0.20424624875374525 0.2734161835388339 5.1482532984022162 -0.19893207221779 0.97886949321273631 -0.047334405040908072 0.190082303336118 -0.27730663568341468 -0.0098987437316041173 0.96073047452367299 1.3157044373402733
0.93629269526010006 0.21052818221129044 0.28112963788506373 5.4289217044804605 -0.20281853594764618 0.97757948668001649 -0.056594952941838049 0.24211500888202486 -0.28674139965939821 -0.0040288605393084811 0.9579995501064309 1.28090570665419
0.93279786519495989 0.21593655010647878 0.28854730810707224 5.7006391810509918 -0.20630730978028686 0.97640739643323549 -0.063764332676593927 0.28580140730070686 -0.2955087758746705 -5.0185483605580157e-05 0.95534002368919468 1.2656267706196944
0.93167934301843514 0.22002491807021343 0.28907202773864688 6.0258437770744138 -0.20963000412400656 0.97549279555209345 -0.066851082242029597 0.28502411725338567 -0.29669658434789259 0.001685602016338023 0.95497031136163413 1.2404823836372001
0.92967866931083287 0.22146812770138136 0.29436276979414983 6.3370490911570299 -0.2152803904107109 0.97507485809519456 -0.053697063376391276 0.085353760690284899 -0.29891792407457085 -0.013449517577999883 0.95418404154747216 1.1742499734308083
0.92703670810226724 0.22766836876764326 0.29794304102226021 6.5842249147946061 -0.2195874528884737 0.97369655435340208 -0.060797784287461312 0.081674737166120753 -0.30394784481036247 -0.0090627756781642681 0.95264556563925862 1.0738671484781364
0.92715554177584036 0.22817556709300588 0.29718430634226484 6.8965447279032057 -0.22041499920643967 0.97356847726943918 -0.059846872868101593 0.013825834404123896 -0.30298486674943542 -0.010016518808982045 0.95294272643836064 0.99417791235376329
0.92774387413269854 0.22901042479251899 0.29469565545762899 7.1941076402340487 -0.22203357826733561 0.97334780604561677 -0.057403297710039144 -0.073055150237695279 -0.29998732328392563 -0.012176773075590855 0.95386546853652854 0.90905931874849111
0.92718960617693602 0.22977398372571806 0.2958434562404107 7.4508688562682703 -0.2244231893223009 0.97308126909523263 -0.052412554129885443 -0.19616038618386467 -0.29992276721160238 -0.017797756567189703 0.95379744892157792 0.84323935502351055
0.92845040866619566 0.2307199053345553 0.29111537906814228 7.7591218075573982 -0.22624132514807133 0.9728155538049621 -0.049444525181152062 -0.31840864351883075 -0.29460940487842374 -0.019955539520612967 0.95540937560797579 0.74200703717088179
0.92740429656808099 0.22743575325435633 0.2969751653736159 7.9496332431223129 -0.22411453041775811 0.97349224012898927 -0.045667665412959656 -0.42852807684903105 -0.29948947888480276 -0.024204060615231639 0.95379254321211981 0.62966149300191132
0.92730852303377231 0.23481403797801417 0.29148116693430376 8.1851099648263208 -0.22843118151080635 0.97193338903553672 -0.056255511654174667 -0.38327264050030319 -0.29650986226852688 -0.014417171926409709 0.9549209636043936 0.4858664661065426
0.9261179858676728 0.23237435641613483 0.29716600534481086 8.3353100856145801 -0.22883852017040862 0.97232189314610318 -0.047149419879734457 -0.56467631584101063 -0.29989732899547888 -0.02433710313420934 0.95366099714333097 0.39105892729465463
0.9267784332482436 0.23054206533937452 0.2965334581037804 8.5769844070293004 -0.22883272784024775 0.97260326450892942 -0.040969165670837165 -0.72717994381084794 -0.29785452545684449 -0.029887220941883678 0.9541432993472464 0.30042968858219321
0.92852155227397426 0.23133313440881798 0.29040094333063243 8.8186170330834148 -0.22957413975025939 0.97244349515490036 -0.040612351432165954 -0.81951403845956572 -0.29179349088123568 -0.028959103154502862 0.95604284894759251 0.12953954826943034
0.928997786895991 0.22925047277700789 0.29052940070476396 9.0246228060777511 -0.22784774770923144 0.97290997285835368 -0.0391355155400799 -0.91905668515994343 -0.29163078679416093 -0.029839662268125362 0.95606541551796698 -0.021803017586709661
0.92976592696369764 0.23005510392538028 0.28741950214837292 9.2605869041079849 -0.22792388081125223 0.97280095409246092 -0.041340153274217195 -0.97771425538154111 -0.28911247917250849 -0.027073102420671302 0.95691223292005501 -0.18618630018669144
0.92820216176639514 0.23290818001659661 0.29016293108105212 9.4063472844215816 -0.2301532404692114 0.97215498049246774 -0.044092854355451121 -1.032187779718565 -0.29235292506440247 -0.02585485612116804 0.95596092682768241 -0.34543951027466824
0.92706982271017568 0.23193049676034083 0.29453317044541022 9.5698311721063103 -0.23059507400480231 0.97223672596423782 -0.039770095939778607 -1.1641341307319228 -0.2955798634292317 -0.03104824244367119 0.95481335923640898 -0.47363293117991379
0.92641301511648355 0.23259323937151252 0.296073150456863 9.7530302630438808 -0.23264002691441621 0.97191125625731312 -0.0355967391426667 -1.329214691397598 -0.2960363884728458 -0.035901183253447794 0.95450173480248668 -0.62700995674903059
0.92826131127045575 0.23567767665638645 0.28772725057648241 10.093210663700905 -0.23566988995190016 0.9711957438013189 -0.035192757667767444 -1.455422496607724 -0.28773362849780598 -0.035140574099617197 0.9570655667630279 -0.79402857638825464
0.92601136050974631 0.23980631140717165 0.29154055158103692 10.275548685445353 -0.23951405940528953 0.97017777194442045 -0.037257296898185036 -1.5229538412613937 -0.2917806977064934 -0.035327380800827451 0.95583262165070793 -0.92671679651233085
0.92455969737787413 0.24210145294887425 0.2942384279195665 10.472898755011697 -0.24177044889549998 0.96958567006622531 -0.038087772881821795 -1.6384587627503449 -0.29451046844790141 -0.035923737031005439 0.95497281065605466 -1.0864433092385932
0.92449475945104875 0.24452538055002088 0.29243251873622916 10.777767457124844 -0.24341038489371206 0.96906514752849104 -0.040793680533617545 -1.7525885133409875 -0.29336125216777093 -0.033467568068973504 0.95541566745270934 -1.2416406613825697
0.92372954423138798 0.24576583428323887 0.29380756255266094 11.0493418752156 -0.24504168062341994 0.96869169866953053 -0.039886936282313948 -1.9519857819302791 -0.29441179302351678 -0.035150357434926338 0.95503201438531626 -1.3724459837669349
0.92088865630655126 0.24789987391111779 0.30084835914587665 11.177907302174976 -0.2464184694593041 0.96818644276634902 -0.043508044690346068 -2.0627198979285342 -0.30206294144639539 -0.034068527386651767 0.95267901984165504 -1.5104726805130002
0.91797775406341087 0.24899280103841676 0.30873844606031714 11.264040590133435 -0.24391589396528918 0.96820127236525277 -0.055599755947480831 -2.0541025806164552 -0.31276489527408569 -0.024266874981114257 0.94952053114339829 -1.6556882447935053
0.91797775406341076 0.24899280103841678 0.30873844606031714 11.264040590133433 -0.24391589396528918 0.96820127236525289 -0.055599755947480817 -2.0541025806164552 -0.31276489527408569 -0.024266874981114257 0.94952053114339818 -1.655688244793506
1 0 0 0 0 1 0 0 0 0 1 0
0.99999896783517095 0.00077640476810334912 -0.0012089351632005097 0.64119726146440448 -0.00077687276778924219 0.99999962346745419 -0.0003866958138365189 0.0097348578677942995 0.0012086344755234068 0.00038763460350901358 0.99999919447073493 0.055943924513419355
0.99996649820885708 0.0025817832691411059 0.0077676801599315766 0.82695629305925955 -0.0026908659226712824 0.99989745349292558 0.014065622593718855 -0.097553328659692809 -0.0077305692223805884 -0.014086053156008995 0.99987090236989296 -0.0045807831421704037
0.99994252019355589 -0.0023121493444765813 0.010469492555468189 1.0147800833084399 0.0020112245182022787 0.99958711200447148 0.028662876521688429 -0.22299070783656394 -0.010531442678833196 -0.028640172484973133 0.99953430618220074 -0.032304524337339914
0.99983121464896973 -0.0033061819694044977 0.01807239260172825 1.1198441175898031 0.0025111690373665805 0.99903551985785111 0.043837473608989784 -0.39062554136517114 -0.018199896802773053 -0.043784691652885815 0.99887519967873373 -0.13869836187147228
0.99988406747428427 -0.0011507803851921908 0.015183126014955497 1.3361073149122655 0.00032760969049968637 0.99853505591471814 0.054107622210565934 -0.53786879738639648 -0.015223149574633109 -0.054096375238048014 0.99841967023047606 -0.28592355261026747
0.9998707763198722 -0.0070226623268880035 0.014460735643061811 1.5252147519703581 0.0060144886004805422 0.99762485669309076 0.068618301020681227 -0.72469566901871119 -0.014908272481099208 -0.06852245998161946 0.99753817766023201 -0.44356479025921047
0.99999705196558597 0.0011388255868288496 -0.0021445597263649737 0.45825686937528182 -0.0011284831728310058 0.99998775817438512 0.0048176786003278167 -0.040529898156204294 0.0021500199686979543 -0.0048152442980811732 0.99998609532157201 0.1481520999994913
0.99999722471795838 -0.0021478754213481647 -0.00096808447743380031 0.66712761954444222 0.0021595607655585012 0.99992280956063861 0.012235653544401688 -0.094382685216080911 0.00094172909105549635 -0.01223771022426735 0.99992467296031151 0.1126561161530335
0.99995899763566243 -0.0042820885612809114 -0.0079791456331254011 0.97966199092499584 0.0044531653281257638 0.99975790744265558 0.021547524786916791 -0.19359715294361782 0.0078849455319396806 -0.021582173742136404 0.99973598385299833 0.14888462233097538
0.99989716118825334 -0.005334578673718309 -0.013311999025169814 1.2842615892245361 0.0058147266799463094 0.99932421336558852 0.036294703950923338 -0.32675899232671107 0.013109386000485791 -0.036368377082591399 0.99925246316787664 0.12354352099785858
0.99968545669505604 -0.0073071357068751706 -0.023991528508176482 1.6446054564750192 0.0086227657886149434 0.99843808743234541 0.055199940893038493 -0.49146941153617107 0.023550702379165397 -0.055389451452434166 0.99818704313632844 0.15993820547752424
0.99953872103371422 -0.0067422949664714127 -0.029612271322409785 1.9212915913166635 0.0082954303158554767 0.9985789202258637 0.05264338435570988 -0.419124021233519 0.029215252697207747 -0.052864747603041745 0.99817422701185032 0.21695671392048294
0.99898517543864129 -0.010037679475960402 -0.043907450900331657 2.2734432572000807 0.012174825070710252 0.99874019872411857 0.04868047952727781 -0.33913454144185179 0.043363497187435852 -0.049165642915007142 0.99784885963177272 0.25724940811514418
0.99933159551599871 -0.006139813688495247 -0.03603699337235098 2.4257195844954831 0.007954272274502407 0.99869620024696226 0.050424489733287815 -0.30123352679756454 0.035680411376992058 -0.050677433835484731 0.99807750497835523 0.30496444990870797
0.99948664171768231 -0.0024450804281536294 -0.031944868282860611 2.6004804806120854 0.003959918058545597 0.99886607235729075 0.04744353003823773 -0.21756995857625441 0.031792641866932952 -0.047545673569941369 0.99836297850426203 0.37161558568907332
0.99967563077496113 -0.00049829945526818601 -0.025463403785362826 2.7543554258058727 0.0015862111015275218 0.99908573070422302 0.042722203098038751 -0.084312470180117699 0.02541883492658429 -0.042748735663894907 0.998762448448135 0.43900584772297269
0.99972239581117595 0.0048514535083075544 -0.023056337792874255 2.9403857965340943 -0.0039711210002600769 0.99926697937379994 0.038075374340418966 -0.041649387944443166 0.023224157930131391 -0.037973244949812648 0.99900884438348081 0.39925091677600605
0.99990536498335247 0.0032293923748442327 -0.013372812060223907 3.0787904436955924 -0.0026472818422685657 0.99905771542464372 0.043320585745567769 -0.04088979344971419 0.013500110234970943 -0.043281084498667459 0.99897171869290813 0.37539657476462868
0.99993476247875623 0.0040442359468470558 -0.010682459555718258 3.2907434438620227 -0.0035534836658635853 0.99895500615066879 0.045566088710287084 -0.06798952324899124 0.010855576465106168 -0.045525156146064359 0.99890420792861145 0.35985542425047179
0.99992872769360719 -0.0013391545212636472 -0.011863650290368837 3.5464161681630295 0.0017238660031317376 0.99947099297865216 0.032477107018178512 0.072525577892680937 0.011813882471365458 -0.032495243643264976 0.99940206689876199 0.33932737852062872
0.99996855170035448 -0.0018968775739159395 -0.0077004847746801339 3.7470671775880184 0.0020956808518460355 0.99966256106158724 0.025891545599975425 0.16491788127239226 0.0076487732390698874 -0.025906869113383343 0.99963509862383249 0.37855493435338372
0.99998439170696662 -0.0014133284907287078 0.005405445867376713 3.8386980626476812 0.0012804395642382119 0.99969878424220737 0.024509207640696602 0.21771112138542678 -0.0054384572233473465 -0.024501903747050795 0.99968499033235469 0.49063095733835849
0.9998745261734987 -0.0023798283337321969 0.015661044870102305 3.9965038255549028 0.001897704037148332 0.99952597862028969 0.030728110624307269 0.19641473927123967 -0.015726748828311057 -0.030694535022610128 0.99940508048090138 0.56159533402716388
0.99979127348186347 -0.0051123637822289179 0.019780627039397421 4.1946448521865181 0.0044740065016446451 0.99947199276987864 0.032182587441517523 0.19801801978248978 -0.019934711819758713 -0.032087371428115359 0.99928624920965325 0.63107778600466768
0.99937571018154225 -0.0051446803893562699 0.03495314238848115 4.2984290877226856 0.0041960087728107227 0.99962227666569881 0.027160587329133824 0.2964937722165259 -0.035079672311989461 -0.026996967558901543 0.99901980978011995 0.73551215937535497
0.99862891042982604 -0.007030244308713459 0.051873643776954199 4.3785538731662168 0.0054313908038069181 0.99950775705548855 0.030898925221484325 0.30176902927007504 -0.052065336334982594 -0.030574813995613456 0.99817552639876861 0.83456028459726861
0.99864919093005677 -0.01196169579613169 0.050563932683522057 4.672360386059375 0.010298512315067959 0.99940142604289361 0.033026205769466521 0.30220093750150506 -0.050928715856963624 -0.032460860387727795 0.99817461320354617 0.88609886186071563
0.99893682902978187 -0.019305183485113554 0.041863128150324773 5.0423256871814734 0.017718118012877412 0.99912231805967089 0.037956051548488558 0.25197402765831267 -0.04255913417829555 -0.037173961931382435 0.9984021317346623 0.91579677093190603
0.99827848872420311 -0.022134654783428017 0.054314970386989403 5.2020399085490743 0.020277989334461885 0.99919897020663784 0.034499580961889709 0.29868542641618256 -0.055035098792248195 -0.033338791154044561 0.99792768420628275 0.98340945268828694
0.99831261951358041 -0.021527207298548508 0.05393044655719606 5.2116767909185278 0.01957346439936733 0.99914205477932772 0.036497039095654361 0.27259340397001935 -0.054669856514718972 -0.035379849028342993 0.99787748399860776 0.97882482200616272
1 0 0 0 0 1 0 0 0 0 1 0
0.99977074380223607 -0.0039086612041070619 0.021051893138508998 0.37238470775742061 0.0039821807646977332 0.99998611454887087 -0.0034515135534753413 0.038933271558387647 -0.02103811002635373 0.0035345547165181834 0.99977242652989529 0.14205563522625614
0.99963886160963844 -0.0061188437473789596 0.0261668895931726 0.6061753986966536 0.0058904394776084059 0.99994395669556668 0.0087969421264025849 -0.089231796907803945 -0.02621925022853925 -0.0086396307334171071 0.99961888122336073 0.1445515689996687
0.99874192985254284 -0.0045549151156352918 0.049938064667222684 0.67276620488783467 0.0035513296132295134 0.99979031919354933 0.02016694584806809 -0.18436387080876426 -0.050019452340030239 -0.019964227887651172 0.99854868884419123 0.21941354388572143
0.99879556817788284 -0.0025299924058556798 0.04900012374113398 0.97355373684491731 0.00068200134635538069 0.99928909343942329 0.037694065941195523 -0.328661363346405 -0.049060654932274378 -0.037615247858307936 0.99808724331401732 0.098549798658496363
0.99959953372844113 -0.0020730749697389006 0.028221880342262615 1.5005908761978801 8.6902513527050408e-05 0.99753313930269916 0.070197068605854451 -0.62376011462211511 -0.0282977846807182 -0.070166504495177293 0.99713384108107173 0.055742199285153553
0.99936400257387659 0.0005803340422528135 0.035654643062583757 1.7281076947536573 -0.0038276754939692457 0.99583648334777897 0.091077150448626076 -0.81251553414711641 -0.035453339191586976 -0.091155700018858962 0.99520535523792175 0.041657259790911373
0.99942771187162371 0.0009311318249433624 0.033813928144705276 1.9453447264638126 -0.005353387568826278 0.99137730477025354 0.13092891517157604 -1.2549033309458959 -0.033400448868071371 -0.13103500517034519 0.99081493601752846 -0.21591360238508639
0.99948686693069611 -0.0010713660719536995 0.032013356709360979 2.1652786879364108 -0.0031331651647081558 0.99137768085470535 0.13099800448555143 -1.2639713523345462 -0.031877674148400169 -0.13103108821148424 0.99086561541563378 -0.15917410742039614
0.99996823253675504 0.0033648423444711871 0.0072257700845736773 2.684912966953577 -0.0044667962216557817 0.98737055822066766 0.15836485876140993 -1.6312864960314029 -0.0066016398593431213 -0.15839210395409226 0.98735422202782097 -0.17545214857146421
0.9995060045578279 0.022462714916432387 -0.021981203138829866 3.2151297731694397 -0.018139804534916579 0.98346702219826265 0.18017647943035442 -1.838209278318067 0.025665041287370606 -0.17968873834234853 0.98338866322967777 -0.2021258772241655
0.99938702202827945 0.021383362694457297 -0.027718802306822114 3.3944105814368695 -0.015391227334519288 0.97952718972704056 0.20072268109654059 -2.0936491101552033 0.03144344641709209 -0.20017301612685881 0.97925587733344333 -0.21714546630695042
0.99919900612290657 0.025173948403338343 -0.031106566586200108 3.5295506807636561 -0.01851275817359645 0.97994826950897074 0.19839018844484113 -2.0655651176580423 0.035477090464151366 -0.19765541077380022 0.97962937616429135 -0.26032780526966676
0.99874912396632431 0.030973794981801098 -0.03925317058436438 3.6842412718910267 -0.02280399206768377 0.98079504576198739 0.19370352643800265 -2.0214122931732601 0.044499048554737339 -0.1925660983485056 0.98027451892036688 -0.23412781192641716
0.99813638116581527 0.036829491476926261 -0.048655453453455295 3.8226048935311456 -0.027007598657830159 0.981609457797469 0.18898005708882742 -1.9830625260542365 0.054720692685198254 -0.18731380333576572 0.98077478804868456 -0.25575728604411235
0.99773112177539292 0.04251180819010867 -0.052204930851629083 3.8958806736670626 -0.031448906044186306 0.97991433309907416 0.19692350315698884 -2.0466533584310072 0.059527934194291567 -0.1948349197433665 0.97902797666826458 -0.26386358630179579
0.99609247853249294 0.054489275817266015 -0.069503187206810688 4.1069494743216355 -0.036947582881402569 0.97190849491961262 0.23244086048351145 -2.3987965510534979 0.080216272228376156 -0.22896461806140106 0.97012398864566785 -0.22668229568770412
0.99323821867212214 0.077865473188709469 -0.086109285527915205 4.3651525144001404 -0.052642938067745969 0.96315833799793227 0.26373232076606851 -2.7145262931820495 0.10347251828686263 -0.25741597469885069 0.96074473921495696 -0.31082452203345873
0.99112230436683935 0.086140530875481278 -0.10127382054142388 4.4760014019037104 -0.054466238819523637 0.95793856118080467 0.28175723918242895 -2.8210966757832172 0.121284816095919 -0.27373988007475297 0.95412602492607812 -0.2476266458868342
0.98885240229750371 0.097831200228693585 -0.11224964468660571 4.5667688346510156 -0.058064315443519171 0.94754061283546842 0.31431723194801198 -3.0864408649202075 0.13711112917094465 -0.30429565111778728 0.94265831294709879 -0.15127605317372814
0.98510008402092497 0.10922440809830301 -0.13284522248670383 4.7085544476884582 -0.060480566771537327 0.94311072475475488 0.32693158595576927 -3.1616616173469234 0.1609966630243003 -0.31402577844523577 0.93566440830401565 -0.13756118158849884
0.9829584673219034 0.12561301193705904 -0.13421632818802162 4.6896951021512265 -0.06964603713356729 0.93016503618221258 0.36047529038164727 -3.4187756926270088 0.17012372271897955 -0.34498460356404809 0.92306204681591819 -0.092439581449342986
0.97715611320024998 0.14648942508473539 -0.15397005804286723 4.857186072354625 -0.076842522352159562 0.91900595233592308 0.38668241016330301 -3.60087012198015 0.19814428377810464 -0.36601763333135573 0.9092689013138936 -0.012130196196304443
0.97211479193983541 0.16068552113786921 -0.17080103801915791 5.0036327812854422 -0.07487802396246461 0.90290670767991943 0.42326440761548223 -3.9222812046334843 0.22222986482299587 -0.39867234732704987 0.88976078057952923 0.12416062572794559
0.96619439677071683 0.17437112992859305 -0.18990286121145294 5.1375349722248256 -0.073525312484525152 0.89236130226823795 0.44529241475482972 -4.1154804293680289 0.24710810604454797 -0.41627636884834107 0.87501518196287109 0.20778363687045601
0.96087485784539262 0.18584632530232684 -0.20537928554802781 5.2219522591241505 -0.074928702022265356 0.8882477454329627 0.45321256861048914 -4.163757817646216 0.26665557780375643 -0.42009175914897506 0.86742015005489947 0.17771787736226896
0.95704869955607963 0.1885025090223541 -0.22028297884833054 5.3755153073255757 -0.070204307431892363 0.88784958864230812 0.45474659225297398 -4.1735210185432443 0.28129902576444354 -0.41974982077418638 0.86294898230660966 0.082940694388240116
0.95159833805446403 0.19537209737596845 -0.23725586732238499 5.5541766782925173 -0.068249776265874335 0.88700850171560119 0.45668138337784525 -4.2187024720798716 0.29967077109995255 -0.41838458558025232 0.85740991800725075 -0.0074037123830300849
0.94470503317151078 0.19948813588825984 -0.26026310522285317 5.8085007961770696 -0.062138738024691192 0.88819783909912031 0.45523991021916349 -4.2099424667075285 0.32198008872772482 -0.41389501357165492 0.85148091006399318 -0.057027786146679978
0.94025452561099787 0.20774355237586173 -0.2697481112339713 5.9595857681004016 -0.0619499629696856 0.88343875200787481 0.46443317445981752 -4.3080151512039118 0.33478893224850181 -0.41997450862763841 0.84352699005241183 -0.071481166751942285
0.93396534259015573 0.21620355912671602 -0.28454307206711915 6.1764499160293571 -0.06020901216697376 0.88004576228332243 0.47105661139723243 -4.3822647115842015 0.35225504069399821 -0.42281849215485678 0.83494964458796139 -0.044751579173004867
0.92974676698402881 0.21998975616462058 -0.29525490083210615 6.3279332835760771 -0.059444448045198078 0.88105193112099511 0.46926948789002587 -4.3373528012368245 0.36336938076748815 -0.4187505245973982 0.83223235413558405 -0.067572398807324158
0.9269697288914589 0.21823237092076009 -0.30512580028768294 6.5534324977793617 -0.053929792903148949 0.88244850859393487 0.46730740109457236 -4.3053008236980013 0.37123940948708373 -0.41672444368268563 0.82977228134051184 -0.072907363412702153
0.92342340135772494 0.21786587915196082 -0.31594885745366025 6.8643529918620256 -0.047014467441449929 0.8812656959107531 0.47027695357324589 -4.3651859038395751 0.38089219167124827 -0.41941057677683719 0.82402421469978282 -0.011137172311856921
0.91947245770054098 0.21333118660125944 -0.33024264466211123 7.2889570684386982 -0.035799742119335412 0.88192281935697281 0.47003246607190607 -4.4216805306669817 0.39152110798054796 -0.42035930526247073 0.81854094368268293 0.093445764910214293
0.91571847882255708 0.20343439084663123 -0.34651712246837407 7.7863590454276874 -0.020917067501154039 0.88533251744484853 0.46448768535012763 -4.4525789438095771 0.40127564569763541 -0.41809183461965277 0.81497059701213681 0.20464052076077632
0.91551159941271454 0.19439170616876295 -0.35220785896054441 8.2109816635427357 -0.010394711424784217 0.88664231206992616 0.46233901027459412 -4.5055706446763208 0.40215725943363112 -0.41961562771194916 0.81375196691912088 0.32719860853319949
0.91866327446766904 0.18384527414741775 -0.34965512053736741 8.5808749592124336 -0.0032865907424046758 0.88863608615387246 0.458601248042806 -4.5053880214552695 0.39502782998876429 -0.42015095091977139 0.81696156089229799 0.46550595391978777
0.92603994716407989 0.17431468205531239 -0.33476022445371784 8.9442695297584223 0.0010211326289540289 0.88579668848733983 0.46407239085407437 -4.5714849965652702 0.37742412952075849 -0.43009140689488096 0.82010512019538062 0.66462979780017828
0.93560791269520727 0.1625291397620155 -0.31340407213426058 9.2385432732053747 0.0034314074088979368 0.88349913310046091 0.46842022506925152 -4.5890954481492772 0.35302416226840866 -0.43933308609636185 0.82605107609380612 0.87363419459025515
0.942890231795385 0.14672871763289472 -0.29904630779638697 9.5950863388612326 0.006596574619807412 0.88935658918186788 0.45716664629222414 -4.4702259855964535 0.33303828006421499 -0.43303064637575078 0.83759773358771039 1.018200236885402
0.95018063755536797 0.12860820150781252 -0.28393077769026787 9.996283479615558 0.010765029010999204 0.8968276813724404 0.44224905209002413 -4.2770036993959488 0.31151383623406964 -0.4232730093321076 0.85076382704348386 1.1882703598258992
0.96003948844654485 0.11137164894638531 -0.25674994923905942 10.325679435655406 0.011313839604833148 0.90121321962790979 0.4332282652381918 -4.169532268690622 0.27963579466279448 -0.41882106988409745 0.86394023738013692 1.3490291754654595
0.95900011465536228 0.11151137903255601 -0.26054556691154707 10.359473139688456 0.012290275872472988 0.90210922852606423 0.43133268937919378 -4.1561021312568514 0.28313906337695671 -0.41685027546394554 0.8637523479769259 1.3668588920913542
1 0 0 0 0 1 0 0 0 0 1 0
0.99863301793666248 0.029552192732913918 0.043113378334226661 -0.31807123657064262 -0.029875863899499668 0.9995299222229006 0.0068823932858252035 -0.20595093724824096 -0.042889721880329641 -0.0081610346010116391 0.99904648003547314 -0.17362573107297788
0.99717950841335978 0.040413606422907332 0.063243722347632828 -0.46832361910468739 -0.041071955413970171 0.99911434902374163 0.0091439626714996738 -0.24697599782267612 -0.06281816997464168 -0.01171571554619164 0.99795622124934802 -0.33800714983889341
0.99637316344637794 0.035547395245384507 0.077310425268044436 -0.62307265724218763 -0.036757274696329369 0.99922214816957988 0.014282904615962554 -0.32529544326750048 -0.07674256915660338 -0.017072823393877036 0.99690475812918333 -0.32058751902144283
0.99612331641476015 0.044963606996365313 0.075608283545759714 -0.51491586572821335 -0.047677093152660339 0.99826770615825877 0.034474361923623131 -0.54065125072162035 -0.073927216120804509 -0.037945498908366147 0.99654147220736533 -0.56131695730584208
0.9953773397550939 0.051324816246167575 0.081177057962022611 -0.53921684853090723 -0.056051448827821738 0.99679605997501564 0.057060055227690747 -0.77199111453527858 -0.077988374687350204 -0.061346377689168979 0.99506504076770952 -0.64606641701619516
0.99445658625349098 0.0593142819463508 0.086821161097061381 -0.57401032023124388 -0.066084101907608259 0.99481561014130926 0.077296787088723243 -0.97328727186795716 -0.08178624292702244 -0.082605797474289713 0.99322066666552944 -0.71886685366945247
0.99370222308075085 0.062338594590271489 0.093111714992708566 -0.64177284900208309 -0.070878880695332602 0.9932866149166576 0.091421468478604342 -1.1489226605042688 -0.086787534333857094 -0.097445370602801923 0.99144960720771491 -0.78994818942579403
0.99275203962463798 0.063932194188461813 0.10176474029530133 -0.71526980924381911 -0.075114085424869026 0.9910739489132514 0.11013765003975401 -1.3532824623573043 -0.093815041394793366 -0.11698334211221124 0.98869289249814607 -0.84663399601559941
0.99210697901045908 0.067836282200284717 0.10546080322083531 -0.66997738453341205 -0.078422927825276545 0.99192105575371037 0.099711902718561965 -1.213421612345889 -0.097844706499901568 -0.10719541953688055 0.98941172190360682 -0.99217844893361018
0.98919403040159237 0.069855538265386957 0.12890063611754046 -0.9358922522161377 -0.083663082123850444 0.99094559945337857 0.1050109880608789 -1.3117504547832417 -0.12039791903264513 -0.11466046702171263 0.98608180106671239 -1.0295695574680843
0.9870810409025903 0.065260824003520249 0.14632854656915145 -1.1562079923622126 -0.083746822461820344 0.98874726057215145 0.12395694590709479 -1.5401622362228162 -0.13659241713289619 -0.13461010200370416 0.98143906179667884 -1.0182689261854461
0.98391511999019188 0.064055227427396874 0.1667572022250034 -1.4131286266002117 -0.087633607452409237 0.98653172908555953 0.13811407731412934 -1.7518231116209011 -0.15566434241522129 -0.15050606415251419 0.97627687525299711 -1.0732100889827896
0.98319741545115302 0.061349561985325318 0.17192752395815347 -1.4785837282161931 -0.088579274294169702 0.98385932373570173 0.15548164928327071 -1.9172552786088377 -0.15961376637273791 -0.1680983710288011 0.97276224394338651 -1.1278905074049803
0.98257511448286172 0.060474845120232074 0.17575248933279783 -1.5478521878095457 -0.090390323831094882 0.98171194869233835 0.16754473776398177 -2.0498003002146525 -0.16240607672344368 -0.18051161431435805 0.97007207120962069 -1.2381575278994916
0.98196265326941257 0.057985129531499965 0.17996408624309046 -1.5531603414356097 -0.08934046745980441 0.98115110558564056 0.1713499019029156 -2.0762605201953543 -0.16663621592606739 -0.18433727990097482 0.96863416147715475 -1.3781250388342272
0.98076229888605548 0.054359487465337412 0.18748429055855667 -1.6053267922673253 -0.089401684061170023 0.97887876704819599 0.18385782090852298 -2.2016237168936041 -0.17352997427178457 -0.19708223041337236 0.96490721962503945 -1.4933331793779163
0.97885845035204111 0.052957038238207715 0.19756438513921915 -1.6724022674001713 -0.091283271483163245 0.97748035653334442 0.19026170644345913 -2.2612430325285198 -0.18303960916078199 -0.20427360253464694 0.96164899874423271 -1.5916989138238704
0.97762171648010021 0.054306185690385519 0.2032402953704408 -1.7087143498812398 -0.095486932866853391 0.97540174480137498 0.19867984772018107 -2.3467494041906516 -0.18745139401504513 -0.21364052619808507 0.95875945911767757 -1.7266895896748042
0.97465782469787055 0.055125057963766579 0.2168025662664223 -1.8291839111228552 -0.10179698573777692 0.97229695388590698 0.21041864736493612 -2.4782373301221523 -0.19919713464284045 -0.22715602886271338 0.95326839877413549 -1.8224837811430938
0.97017877064443769 0.057343553199727941 0.23550980849484265 -1.9582725712587052 -0.10941857667509905 0.97059315903121701 0.21442130192729952 -2.5287489596313448 -0.21628852967562326 -0.2337961431423381 0.94792332779741439 -1.8969749964224789
0.96626158145305885 0.064386996462174259 0.24938498530267156 -2.0158006133966788 -0.11949545484576025 0.9698035186181122 0.21260755289296218 -2.5093172565368445 -0.22816527448110641 -0.23523488253766445 0.94477783502707802 -2.0382180471047562
0.96189189542422104 0.069261019211759561 0.26451255685684882 -2.0256276990434938 -0.13041189757004781 0.9664756612656995 0.22117308415177506 -2.5310100922609613 -0.24032627507074372 -0.24724018160237848 0.93867756663928226 -2.0574924466007922
0.95937898177516623 0.074212396992188845 0.2721846605904143 -1.8415942130861715 -0.13744252855259104 0.96549425883590934 0.2212021417165041 -2.4345403535257129 -0.24637678598665794 -0.24962643347124103 0.93647483844431856 -2.1227625502281469
0.95365950238459007 0.077775375764236598 0.29066225148152242 -1.8354453389730474 -0.14701114205749766 0.96330204405287545 0.22458160217280104 -2.4080116277402985 -0.26252862248243758 -0.25690496851614963 0.9300959947925751 -2.1039987290602125
0.94784911043380315 0.08012643845423828 0.30848309144989966 -1.8542890291953105 -0.15530372006018853 0.9613156415281886 0.22749283920315794 -2.4093669825859969 -0.2783214299785674 -0.26353745694661024 0.92362610963571123 -2.1050509936445847
0.9441312697369566 0.078746836146535854 0.32002356366647861 -1.7627308268923754 -0.15898719062536032 0.95940049609536027 0.23296729665133672 -2.3954292961547332 -0.2886853282069205 -0.27083135691586235 0.91831974681435191 -2.1052566080302513
0.94028460814345205 0.076878881707455632 0.33159386791062023 -1.731692768495289 -0.16233873299920892 0.95751800624347583 0.23833884175209591 -2.4524672915330945 -0.29918387566298821 -0.27793687280915086 0.9128198635417305 -2.1136514541704345
0.93486055576115645 0.079169303289516213 0.34607508245840868 -1.7813724781826281 -0.17000249549200211 0.95561511712391534 0.24062190143612716 -2.4596899331702811 -0.31166471216426406 -0.2837815521504139 0.90682585861380705 -2.1229979253051767
0.93143237568576687 0.083299469737991932 0.35425263282823732 -1.7464044335988245 -0.17637146436970716 0.95481369401097804 0.23921520914272051 -2.4271600594117109 -0.31831876488899247 -0.28529284616071215 0.9040360368088578 -2.1682837498018586
0.93142648811495843 0.082864748787801368 0.35437004761431207 -1.588388166527154 -0.17543945067762343 0.95535677756079862 0.23772763136535152 -2.3998512133106757 -0.31885058629986707 -0.28359629930057495 0.90438235422814928 -2.2594468053874945
0.93307259981569357 0.083975563131434269 0.34974794962935962 -1.447849406496758 -0.17431804923108707 0.95611677380954185 0.23548658677789217 -2.3942795721329784 -0.31462476251155264 -0.28069346204853424 0.90676482021401628 -2.3883051282223318
0.93165263926574793 0.080602358573514901 0.35429736033669884 -1.4443654939450936 -0.17282590990865815 0.95602239445507142 0.23696494712221949 -2.4483857964165887 -0.3196162771409029 -0.28200078207830992 0.90461096295247889 -2.4229375051471798
0.92945138244708869 0.083139312270941707 0.35945511878718683 -1.5078265443746184 -0.17757962119711265 0.95481087292611555 0.23833101996500403 -2.4777488648386661 -0.32339697865423195 -0.28534899981808948 0.90221413339635192 -2.4191311099429567
0.92900391179861741 0.082695126774178132 0.36071213989921275 -1.5273297348223862 -0.17834292887072342 0.95410330588924253 0.24058404230752831 -2.5219929812521578 -0.32426151727375652 -0.28783397592886961 0.90111379454334195 -2.4041891313831707
0.93042716024472882 0.085749861228442817 0.35630360758520602 -1.5742103565060444 -0.17909930596751536 0.95462374413557827 0.23794315651962811 -2.5460217762998205 -0.31973229127018749 -0.28520250425245697 0.90356559999108166 -2.4598606799357334
0.93451818991037172 0.083190821641767748 0.3460564114724794 -1.5787008623205248 -0.17276451714769556 0.95609808798351714 0.23670417775989144 -2.5950457781195628 -0.31117225830939038 -0.28099062857830376 0.90786347669118383 -2.5045625519542178
0.93996464633286569 0.082829868488928093 0.33106748032755745 -1.5869640648293133 -0.16715381445213223 0.95750928192661688 0.2350225038979816 -2.6466330971582455 -0.29753330226788549 -0.27625203693453831 0.9138702020150814 -2.5546040112242299
0.94782332715503415 0.079027023076875841 0.30884570601575151 -1.5441706659821754 -0.1566479702168006 0.95921665414737756 0.23529730944757221 -2.7113540439357759 -0.2776550988685737 -0.27140033166876776 0.92154734335375599 -2.6056988738477775
0.95598766311871086 0.08740521035343464 0.28008555330094792 -1.5312907619572655 -0.1561869787643701 0.9597051548823986 0.23360574341528831 -2.8139059282654748 -0.24838119016802482 -0.2670699251043126 0.93111784403237186 -2.6964284554419424
0.9636672456061629 0.10005451008327737 0.24765810052939249 -1.5344715224816023 -0.158934669285832 0.95998120717156321 0.23059890020646559 -2.8754345678518347 -0.21467466232612206 -0.26158206530537148 0.94100457621934119 -2.7951815933159807
0.97030694492877989 0.11180433212235825 0.21448595278397842 -1.6105294136928967 -0.16090462740993142 0.96044863033419725 0.22726224800268879 -2.9594092480162151 -0.18059383572273102 -0.2550259198745059 0.94991981066357034 -2.8793404810471737
0.97583560637852751 0.12763693053492961 0.17735186293770128 -1.6775805422064336 -0.16682751402879187 0.9593873406278175 0.22747419898981366 -3.0425625849856943 -0.14111502360423883 -0.25156459330896636 0.95749767911283712 -2.9074651455176515
0.98108705528723794 0.14175636294966135 0.1318079038263642 -1.7039418705406653 -0.1687036863134691 0.96006657398735207 0.22318431785507425 -3.1065251043619284 -0.0949065654844954 -0.24119972445148455 0.96582370894095637 -3.0150551952342295
0.98428891586856881 0.15457872391738167 0.085327300498441117 -1.7744828467596185 -0.17010155556084602 0.95973677234749644 0.22354146953035409 -3.2438190450069464 -0.047336992870880425 -0.23454369724229152 0.97095234856807389 -3.1193102742219954
0.98530721330052295 0.16735248051605078 0.034100479220718252 -1.8131211293592138 -0.17073881492094015 0.96021756347762521 0.22097621561716968 -3.3181381150398019 0.0042370387478455488 -0.22355173462583053 0.97468285582974712 -3.2195529276341439
0.98342994356703406 0.18030823218384073 -0.018827838497248561 -1.8594272751666461 -0.17183130622497669 0.96019260464549427 0.22023660954782223 -3.4272156913489007 0.057788825016248407 -0.2133520644166346 0.97526475805926749 -3.3196009616493178
0.97805432767925182 0.19530357274249069 -0.07256890919605509 -1.9377901772655366 -0.17551321928519992 0.96000366724111474 0.21814689715821389 -3.5116418801452385 0.1122712873535882 -0.2006227139623768 0.97321410012306042 -3.4214893428925608
0.96942756054601764 0.20682998591178534 -0.13202864000484155 -1.9647098074497966 -0.17457430107916638 0.95946768637069579 0.22123646221449283 -3.6450518708481701 0.1724355481231116 -0.19142391631714892 0.96624161885383886 -3.5043519532162
0.95816830208517656 0.21241351871615713 -0.19181762678604522 -1.9448330164811436 -0.17047512696980074 0.96192158449995868 0.21364713046919012 -3.6831120245441218 0.22989505423962492 -0.17200977396563721 0.95789399293264721 -3.6565769333696481
0.94419962484847741 0.22300989065825988 -0.24239153678415715 -2.0878213230289053 -0.17417174719769818 0.96266318888989422 0.20722882819347554 -3.7004743200291448 0.27955548807722513 -0.15344762437043741 0.94778824410359386 -3.7867153717442128
0.92979775997948666 0.22872304871051832 -0.28837803752313518 -2.2307032830809477 -0.17416180401461548 0.9636196120425925 0.20274345688396014 -3.7490930117833372 0.32425883420425661 -0.13828597280798008 0.93580617553265111 -3.9634774903694385
0.91255451065700643 0.23162638403016839 -0.33703632341434731 -2.325719804852953 -0.17269097948955231 0.96531255063792309 0.19583029689975481 -3.7934812988644144 0.37070485656717606 -0.12050268794519089 0.92090010941224965 -4.1279151872312028
0.89165605617474464 0.23719035101074373 -0.38560370184206061 -2.4030058970675681 -0.17236653608538538 0.96547703091158787 0.19530458269090986 -3.9014241809866186 0.41861587968545355 -0.1076793395668133 0.90175712090652704 -4.245809405143814
0.86948508366035893 0.24198608636324381 -0.4306256184886581 -2.4931372336903856 -0.17293631448263574 0.96573693001228877 0.19350765655033533 -3.9821255741342099 0.46269722327381818 -0.093781213561354243 0.88154203731736935 -4.3552711269048201
0.84402072432323672 0.24573773573755375 -0.47669904777276317 -2.5351092971668834 -0.17205084527062067 0.96593411008106866 0.19331270424770017 -4.0826756078532895 0.50796409671801002 -0.081143454551023647 0.8575477923876792 -4.422766389767232
0.81727868380397128 0.24949823674818955 -0.51942870815848519 -2.5882085378586797 -0.16888134834393648 0.96553261294203174 0.19805520323098488 -4.2579388973475112 0.55093978181030123 -0.074144475214793337 0.8312448217065419 -4.4354590608174007
0.79019014020995071 0.2466645245525767 -0.56103133124829108 -2.5480722821680581 -0.15856040848277303 0.96654291773122791 0.20162684604333081 -4.3962073096289691 0.591995049959672 -0.070366188690706766 0.80286391145223945 -4.400277119673083
0.75999780825366603 0.2331751848652546 -0.60665695793642571 -2.3909347844518791 -0.14662865010934731 0.97087542476655919 0.18947545633000581 -4.4064913121717542 0.63316930628129353 -0.055047640707006469 0.77205335750572179 -4.3604613324557695
0.72514112201895276 0.21803643265767214 -0.65316955470307314 -2.1394726351251827 -0.13395984266405686 0.97509200398699081 0.17677766916116838 -4.4265449807734223 0.67544438239614935 -0.040690266582449112 0.73628743605668956 -4.204494092813376
0.69566132187138974 0.19267998401950112 -0.69204750487982813 -1.8370292967295376 -0.10539065646463151 0.9803085825361616 0.16699668420629113 -4.4061561222355046 0.71059702700060956 -0.043237793239092173 0.70226943437238443 -3.9913768922550878
0.67500337342433248 0.19139770920729793 -0.71255691897277218 -1.604456726977981 -0.10091423698634638 0.9806404961546441 0.16781100701395293 -4.4422602475918946 0.73088081288212425 -0.041365858044673416 0.68125039680648503 -3.8627476805107404
0.66371259995604492 0.19019951861556395 -0.72340149832440559 -1.460146971020299 -0.095548739068394728 0.98076590270307085 0.17020188764367569 -4.4972893936975007 0.74185984061817711 -0.043845036360326238 0.6691200114064253 -3.842572765656262
0.65099225168340069 0.18997043673005398 -0.73492878662954042 -1.3385655724490337 -0.090656542520783964 0.9807057418116335 0.17319826579925957 -4.5542146713769762 0.75365143106502042 -0.046124626245491025 0.65565390207590513 -3.7671202460070092
0.64562572501624738 0.19944257163082843 -0.73714997376282054 -1.2610544307922571 -0.091168125347861562 0.97851973755443444 0.1848986104246253 -4.6651430180058187 0.75819245321870732 -0.052170718201713706 0.64994032037142901 -3.7410505471654676
0.63463385324159871 0.19405682932438581 -0.74805201644824615 -1.1303689238528398 -0.091075032868963041 0.97999511268038308 0.17696021448472687 -4.6285138049933199 0.76742765828945614 -0.044176080803183936 0.63961180662745143 -3.6335734336200227
0.63478118396421812 0.20198889684082705 -0.74582392964962674 -1.133395327590031 -0.09779086879530606 0.97846761199804799 0.18176379796619749 -4.660354694602387 0.76647882845206161 -0.042445468826049569 0.64086549892383204 -3.599788416186247
0.63832994271805821 0.20839423116311112 -0.7410173605574274 -1.1860790862129413 -0.10577478294673504 0.97727133292045898 0.18371836365600638 -4.659311392302862 0.76246087081379577 -0.038891982076069587 0.64586440853174687 -3.5361887980635056
0.63566904095993482 0.20115147008302731 -0.74529387254190793 -1.1832291764101575 -0.11361231450648114 0.97931877616990093 0.16741259401122674 -4.5179086105565265 0.76355557254043871 -0.02174444123274694 0.6453759113244919 -3.3671340982776412
0.63550373493773904 0.1993889081960743 -0.74590821564624255 -1.1206724877645864 -0.12294459754515386 0.97988623460241708 0.15718649169428334 -4.4623161838331766 0.76224643575069873 -0.0081872171752258409 0.64723515097704765 -3.2234135763291176
0.64095575263050453 0.23429441554760902 -0.7309458598371481 -0.89146645852216799 -0.15674220457297333 0.97216125462885661 0.17416766721768859 -4.6377174787307425 0.75140375596310915 0.0029362972689493008 0.65983617185092291 -3.3117845365798217
0.65139258671582145 0.27781828644720113 -0.70604865107668879 -0.68052750778758975 -0.18677914049159233 0.96063135384456666 0.20567195892482992 -4.9101268340853874 0.73539190276266508 -0.0020980291456030686 0.6776388032165892 -3.4034093688849048
0.66081269119478614 0.30113155730214852 -0.68749281621896774 -0.40988522924288517 -0.19913611761203887 0.95349940562458668 0.22623812706076793 -5.1248197122891028 0.7236514311588893 -0.012596375285881896 0.69005067749502913 -3.418832956726388
0.66656684533439547 0.3240039034800804 -0.67134947026911618 -0.25138469363424587 -0.22064686588632659 0.94600113026086019 0.23748015100154446 -5.3112584220066354 0.71204185359815297 -0.010165238553309317 0.70206343491856971 -3.4739548692342184
0.67016498794626578 0.36173848726947827 -0.64809270614547976 -0.048050664169026466 -0.24672815956588048 0.9321100292816823 0.26513413320380835 -5.6252494002553828 0.70000293157115778 -0.017780892567328718 0.71391857774629608 -3.4689655977058189
0.67330982555831242 0.37603374984101001 -0.63659445315455254 0.16952301324406266 -0.2673580749772706 0.92657210453975603 0.26454450444720184 -5.7493911703771303 0.6893283242048619 -0.007921746605146331 0.72440576155883851 -3.3856985105776096
0.68854731423189652 0.37680264240632116 -0.6196146905453872 0.39660834882336687 -0.27125046405494668 0.92621311054223432 0.26182524631833154 -5.8836480428198659 0.67255169452914021 -0.012208297804893494 0.7399494412800709 -3.3220578596416077
0.70536783207969744 0.38827766143403819 -0.59304020023814763 0.49538795573864541 -0.284626582473399 0.92136820672163966 0.26470424286751287 -6.0376364055669924 0.64918713019952978 -0.017918852470631148 0.76041763834713527 -3.3520192570303804
0.7167880940822372 0.40629374869027718 -0.56669234859591655 0.56763216449876308 -0.30177803030573008 0.91340628827720372 0.27316473593869284 -6.2264972710985136 0.62860547930060851 -0.024785929695369451 0.77732927970223042 -3.3569216162725968
0.71999408260664044 0.43545619427382909 -0.54035768142960217 0.64214463967350055 -0.325558099653255 0.89957849277860025 0.29115366918578089 -6.4441396147166854 0.61287881735428218 -0.033711099043713388 0.78945748273081906 -3.2871846112614613
0.71025319202441106 0.4558408947271681 -0.53642285737417073 0.9142854534861441 -0.34006517568282851 0.88938938295535186 0.30551956037888217 -6.6713390595899709 0.61635710388292109 -0.034577509751763609 0.78670726214547215 -3.0721334141856818
0.70822890466265787 0.48053795111308972 -0.51719928087765721 0.94513636754842967 -0.36603198795780301 0.87637582906988654 0.31302713942041471 -6.8080971360129787 0.60368236879338355 -0.032383387131410458 0.79656695503008823 -2.9656627658690238
0.69633215113106628 0.51141507024598476 -0.50356346295822174 1.0822842455171469 -0.39371848453869901 0.85881103588235375 0.32776418288035813 -7.0452334180773679 0.60008940186753179 -0.029970495023825674 0.79937130245856014 -2.7808788626075263
0.69767752016936213 0.53579785330311203 -0.47556990889469264 1.0941288618269729 -0.4242152286139384 0.84390159979707013 0.32843801496168157 -7.1772284950554512 0.57731059029118237 -0.02739982218414205 0.81606478424321438 -2.7498381300478849
0.69866883040531758 0.55461462668942518 -0.451956282490038 1.2217868196925417 -0.44182011307633645 0.83133328156249853 0.3371645928144601 -7.3789973857813438 0.56272271422191478 -0.035883015880454693 0.82586654858399744 -2.651255538960072
0.69869773805093383 0.57139572858222099 -0.43049784227159787 1.2820521789209094 -0.46123310925008404 0.81976464361933565 0.33948482735339397 -7.5266995648162078 0.54688709051687145 -0.038637422658046879 0.83631433073715455 -2.5989915371551642
0.68773651918452261 0.59984242255591547 -0.4089101958648223 1.3937438100158568 -0.48912921076317534 0.79909762927419958 0.34956486389016139 -7.7301010580159195 0.53644300289793134 -0.04039860134465513 0.84296907277268818 -2.4395064323910134
0.67353017163314044 0.62899379599207839 -0.38823177678199922 1.4534156171659651 -0.52038742744804412 0.77651712276971219 0.35527184436633086 -7.9285343410623144 0.52493240827161658 -0.037255370739309339 0.85032817435225416 -2.3401648515126925
0.65796229751505098 0.6391004865690727 -0.39829158052347774 1.6158051372278808 -0.53960989225138845 0.76905154748748461 0.34260893375910417 -8.0027802034651856 0.52526829262117125 -0.010501684354413052 0.85087186778771795 -2.2114683818226193
0.63364402229222416 0.64912764571807124 -0.42086643080417541 2.0128873470982747 -0.55101372166518703 0.76054542635080702 0.34344509458361622 -8.2189949206511663 0.54302774473318705 0.014281247192856547 0.83959330299175516 -2.0081677751078337
0.6208504288154999 0.67934545995419149 -0.39119623091133926 1.9861087074353512 -0.57226660500036441 0.73381059893113154 0.36610509105677691 -8.5718627746970935 0.53577577198018833 -0.0034279638215668441 0.844353345006148 -1.865246439306675
0.61536545616815053 0.69613080521639847 -0.36976649034726311 2.0072907419012447 -0.58721984570418695 0.71779604963620258 0.37408780244457729 -8.7903523276357518 0.52583096919648509 -0.013066489789949721 0.8504887175491832 -1.7534921493541893
0.60253856968290642 0.7119797498943613 -0.36059965028385749 2.1070696239125648 -0.59763255602578536 0.70197151770800803 0.38739039263358405 -9.0634234930038922 0.52894479865347388 -0.017911562385193244 0.8484671920058886 -1.5892853440190025
0.58464886652642933 0.72106312574619136 -0.37182478610024577 2.3286369511845337 -0.59758655584722731 0.69273084044813338 0.40375028292580983 -9.372806395950235 0.54870393760206426 -0.013854651968022 0.83590193053900463 -1.370535001554144
0.55057894581592182 0.74097163987970627 -0.38447867732581376 2.5645740979115654 -0.60509478053784083 0.67153038334074422 0.42767657267624021 -9.8036594021656711 0.5750853249649921 -0.0028236756563082524 0.81808856236088368 -1.0523127704398292
0.53446580676055411 0.74460089216232583 -0.39989475214718506 2.8885434138650465 -0.62052179946711461 0.66693574672288292 0.41249170431571669 -9.8829952712420397 0.57384579617688602 0.027680699670691606 0.81849543741908348 -1.008896623299703
0.50868545612571148 0.75577789962247743 -0.41235770050820375 3.1536271450940179 -0.62017674614578511 0.65387716611480329 0.43338834222173123 -10.277066139850266 0.59717661563912849 0.035276310406708554 0.8013336830920601 -0.72948196743917126
0.48700133471628337 0.75708695135246473 -0.43548713881857559 3.4910237074284507 -0.61890063263520168 0.65095635128954621 0.43956550779098685 -10.404307291601571 0.61627242913204039 0.055454276729858844 0.78557820507194731 -0.45296033602772112
0.46306767227823475 0.76077473689196617 -0.45474182851127443 3.7929365467636416 -0.61448534779200081 0.64530915110751208 0.4538544445588763 -10.651105059897192 0.63873005897621682 0.069266869453310689 0.76630673529362681 -0.16356265416105636
0.44254933828256726 0.76147081410469397 -0.47361617629932851 4.051476974271992 -0.61449181028644562 0.64216752684097989 0.45828013546500834 -10.788865385983213 0.65310787644657065 0.088221690857033908 0.75210839310951516 0.1060637867954146
0.41939191152911315 0.76048135004856088 -0.4957605679884946 4.3239940550752749 -0.60902655416993245 0.64067670400285648 0.46756819530837923 -10.979619494974022 0.6731991390813381 0.10583703121476243 0.731847963694503 0.39997880753708281
0.41079021053235198 0.75004578278938627 -0.51834614559254033 4.6061208394162767 -0.60358997232425038 0.6498285809436688 0.46195450067982707 -10.955184088235082 0.68332316530350179 0.12310214908194943 0.71966333285155548 0.66135896551293871
0.39787141703062989 0.74588738430868606 -0.53418194039033695 4.8160652419384746 -0.61269657603287941 0.64940264374667356 0.45042103859879495 -10.980703567467669 0.68286253464926971 0.14808178896804841 0.7153813965629785 0.81221714090049291
0.39787141703062978 0.74588738430868617 -0.53418194039033695 4.8160652419384729 -0.61269657603287919 0.64940264374667367 0.45042103859879501 -10.980703567467668 0.6828625346492696 0.14808178896804852 0.71538139656297861 0.81221714090049124
1 0 0 0 0 1 0 0 0 0 1 0
0.99999851633779691 0.00043860022249614031 -0.001665818732560358 -0.0074350810309812458 -0.00043778946001314168 0.99999978556688973 0.00048703856452402602 9.7738950482637995e-05 0.0016660319905764305 -0.00048630856403990904 0.99999849391955931 -0.05361414978556607
0.99998844374345208 0.001865811377442451 -0.0044307028169885158 0.0449297749891776 -0.0018512621360211084 0.99999288891654592 0.003285566137564522 -0.087129006249981281 0.0044368015565718318 -0.0032773257763582786 0.99998478684813163 -0.13683320618048808
0.99998040840719604 0.0034021610504497463 -0.0052543412493205807 0.087376289375176858 -0.0033614905241208708 0.99996447390420906 0.007729897213721265 -0.19417264447260357 0.0052804529383145421 -0.0077120833544025488 0.99995631933955043 -0.21695372366020851
0.99997731136592827 0.0049009342222875174 -0.0046214280388323977 0.13425335891580492 -0.0049074354009060739 0.99998698340702996 -0.0013964577667836373 -0.23045174488195685 0.0046145239359254671 0.0014191054426248761 0.99998834608638687 -0.40090177470716248
0.99977361888558725 0.0091376030434300055 0.019214973094885606 -0.031897020011568099 -0.0087302524557820692 0.99973760900145348 -0.021177720371068645 -0.12826832645834116 -0.019403444861023782 0.021005174569080912 0.99959106086881733 -0.45567865637364285
0.99935175507697338 0.0093854877638668149 0.034756038957384432 -0.1268209168100646 -0.0077952886498831335 0.99892893729856513 -0.045609337886273867 0.018299432733739004 -0.035146878943057257 0.04530883850854709 0.99835454927273626 -0.46822567384757691
0.99778209049235067 0.013018712998785563 0.065279499113961859 -0.32374341968260867 -0.0089645360674352366 0.99803479883734414 -0.062017557214047003 0.089585913138298418 -0.065958600544660961 0.061294807459989567 0.99593795469026714 -0.55218944127299263
0.99650731175873297 0.02035081704294112 0.080987788320635967 -0.29343966353963358 -0.013897894129030183 0.99674130900023272 -0.079458237277709884 0.15843734108451268 -0.082340914193137743 0.078055154718873712 0.99354283585140457 -0.64467038216584471
0.99425646669339973 0.027846229493762656 0.10333763080958075 -0.30486293948231624 -0.017869673152466254 0.9951975070544099 -0.096242385330538263 0.20449452028074397 -0.10552134011554505 0.093843004297968227 0.9899791600455794 -0.67456729668001258
0.99161514997247013 0.041301697856718618 0.12244820986534612 -0.23699413364619176 -0.026366087791098426 0.99228072805457879 -0.12117667327529343 0.38966856721649762 -0.12650780118106397 0.11693214479187256 0.9850495671562447 -0.75974173483298479
0.98716922563772358 0.051412314421792796 0.1511743823523414 -0.23409163825196302 -0.027559438953767033 0.98739821456010057 -0.15583723306090638 0.6840775805718482 -0.15728126804667739 0.14967143952444761 0.97614602540414452 -0.8299907817832749
0.98280935417868132 0.070447300839359184 0.17065447882587806 -0.069017230413427666 -0.035499526706388937 0.97919837559083889 -0.19977568631814241 1.0406902218529417 -0.18117824632804463 0.19028326002229223 0.96486616896478605 -0.84360013487326402
0.97975847266657434 0.090252360466461082 0.17868364969491049 0.27535048254616129 -0.037541265020870115 0.95960215306397911 -0.27884469020515412 1.7078225443315433 -0.19663160645912017 0.26649243753849294 0.94356652763655102 -0.70596627169026493
0.97817785552089809 0.10956322533694438 0.17653323376152968 0.73305439899334979 -0.036552628179654108 0.92715589184805958 -0.37288853238546926 2.5416737269229306 -0.20452869808830471 0.35829855130211613 0.91092818585940571 -0.36556364135989605
0.97738014413394536 0.1269460916914312 0.16915301846842387 1.2677082916161944 -0.033408882081975309 0.88244841986426026 -0.46922130479881546 3.4326519173994257 -0.20883462464529409 0.45295637326716243 0.86672869080578974 0.10970847381622796
0.97740526307897579 0.12711534927786505 0.16888054856461235 1.2682729713143199 -0.033865481187533547 0.88281778216620077 -0.46849321518575621 3.42011218239027 -0.20864343001746982 0.45218851319899417 0.86717556909856974 0.10814856310772079
1 0 0 0 0 1 0 0 0 0 1 0
0.99951589810616959 -0.0025896801652161398 0.031004241478532618 0.01551883300090799 0.0024271752818212995 0.99998312634075348 0.0052778645230867798 -0.013739812823646107 -0.031017386304596849 -0.0052000567703274596 0.99950531822317823 0.017913244027472842
0.99931137285682381 -0.0012688282241088695 0.037083286719864605 0.010779268468029943 0.00082213776810722368 0.99992695725583558 0.012058368155627854 0.012447854063339772 -0.037095878052692509 -0.012019576865435528 0.99923942356347994 -0.026111407740994533
0.99900076236667312 -0.0024513270559969897 0.044625864545916771 -0.059713705282116288 0.0016487785782636237 0.99983641376486421 0.018011863840678464 0.06984735822893752 -0.044662717337907616 -0.017920287538982695 0.99884138128859801 -0.062265955855224521
0.9991978674611498 -0.0053535222795663738 0.039685784108327821 -0.058539734267767707 0.0041051998803399324 0.99949626086167176 0.031470174093567643 0.08679851958565972 -0.039834269103788962 -0.031282012766751209 0.99871650966739689 -0.086351869337839948
0.99942710273686275 -0.012746034978255742 0.031352909072899088 -0.050403205741049978 0.01114201674381449 0.99864601734496639 0.050813261102960555 0.06206987840577715 -0.031958125381207118 -0.050434815686886056 0.99821591230993156 -0.094940105345721656
0.99970129777964944 -0.014295453103568865 0.019823098603608372 -0.064889322421615422 0.012862712285688522 0.9974210404173397 0.070610330444257643 0.087688324137385532 -0.020781382300999962 -0.070334260167825208 0.9973069868382074 -0.11214293962896581
0.99977736074774404 -0.019123487704612654 0.0089174634446570946 -0.1012248560191594 0.01820918301748866 0.99547362321228006 0.093277495369736202 0.12456770904284525 -0.010660890680936071 -0.093094348413999259 0.99560021479671346 -0.085905005079052008
0.99958586585725029 -0.028717058816677493 -0.0018512999029409805 -0.18632741679932641 0.028729046729744523 0.99216466820268301 0.12158911564881174 0.11808889829816485 -0.0016548874316096303 -0.12159194752605719 0.9925787926630355 -0.077062671614677614
0.9997655301141013 -0.02082561985376092 -0.005931134240318145 0.08733007032855182 0.021144033055693068 0.99797734659608806 0.059951193042100601 1.0833812219816157 0.004670616855383683 -0.060062544391143564 0.99818368855609541 -0.23549323533341221
0.99814700564533143 -0.050080910597175732 -0.034560924684045792 -0.31154432502134999 0.055620875272321194 0.98126445083303049 0.18446245082751123 0.04937382188441377 0.024675359271943413 -0.18604295182862693 0.98223171742704973 -0.017381866337618207
0.99715947625240964 -0.053691000942794234 -0.052822867564918927 -0.61175736264867797 0.065848436835475158 0.96190510311358746 0.26533479977259528 -0.52668463130333976 0.036564494887042179 -0.26805941323109628 0.96270825730947995 0.10215304031149269
0.99473354510248679 -0.061781510188866212 -0.081781533652908994 -0.60421054891270742 0.083763716048923909 0.94984791440658756 0.30128488075429732 -0.5563377883798758 0.059066184247114802 -0.30654850268144995 0.95002063208240217 0.16445864007757538
0.99087851731654919 -0.066628850851284921 -0.11713394108794567 -0.56879221646296718 0.10258788656602105 0.9365914386908113 0.33507044408749853 -0.57325897590384345 0.087381287759304038 -0.34403062829537939 0.93488364909448074 0.17810709058507396
0.98672122570874266 -0.068993721733045035 -0.14704111362901121 -0.61428832316275361 0.1192217511463065 0.92246796767384576 0.36720433367444449 -0.57418179722188134 0.11030592363715015 -0.37985880926616372 0.91844427606330448 0.18777916816753004
0.98017375112966387 -0.071507183153551562 -0.18478674290610847 -0.56752322152473533 0.14005335763559976 0.9097369614776738 0.39084999416190908 -0.52958200161020041 0.14015874789465901 -0.40898090869723247 0.90171511116859271 0.17772628012312142
0.97268697329819886 -0.070852556290446553 -0.22104290814929611 -0.55359344689217993 0.16046822184228041 0.8933243933036672 0.41978742013954101 -0.53535398230981912 0.16772001000109002 -0.44379211754575354 0.88029458401690186 0.16612424973266804
0.96420810674625979 -0.070676763389507541 -0.25555336429320769 -0.53981325615581632 0.18228216227333738 0.87662450268258585 0.44531190710946161 -0.53170814353125451 0.19255113658908912 -0.47595617068517204 0.85813156531207813 0.14788835404271169
0.95579990477870935 -0.067450452040318742 -0.28617648146653618 -0.5499457328935049 0.20220882397695303 0.85739394659191881 0.47327287250949801 -0.5456417801944331 0.21344351367719677 -0.51022157624613507 0.83313612909418455 0.15701261989959034
0.94848119952765675 -0.061872034780892697 -0.31073343150464106 -0.61146112813618181 0.21768833170014878 0.83985880443685945 0.49724136880542735 -0.52209044210505984 0.23020687301682252 -0.53926713224705347 0.81005910629648226 0.15326240165834654
0.93896311236804064 -0.059025127691169743 -0.33891637303789768 -0.60071580409514236 0.23859002235811405 0.82146683775342422 0.51794501223831102 -0.52784564198525175 0.24783679073793091 -0.56719332574743031 0.7854098652196142 0.13992695565019964
0.92925692007899174 -0.057567824587127898 -0.36492125459832031 -0.58486706049740922 0.25974788865445264 0.80421859756118885 0.53456850045271909 -0.51184550071164747 0.26270251392946453 -0.59153900370898649 0.7622788179308928 0.1204271958983054
0.92154903482623673 -0.050616582637339806 -0.38494848742779714 -0.59458451239893673 0.27477946976419659 0.78549185591762027 0.55452573184947829 -0.53772527549622451 0.27430570429165069 -0.61679859423413885 0.73777765942311624 0.12065190606503201
0.9126535521386977 -0.046263947165398986 -0.40610730227526642 -0.54858322132948079 0.29292003116566828 0.76698040055491479 0.57091060640570213 -0.54552168752255537 0.28506376323644039 -0.64000055652889853 0.7135390238327397 0.1263866867040051
0.90653770119836818 -0.039889591249241518 -0.42023590614790013 -0.52019528189851783 0.30407688181672526 0.75221758566837937 0.58455620239276551 -0.53437847537676952 0.29279113075808083 -0.65770625990726506 0.69404310343681219 0.11076502590779774
0.90188784565486413 -0.035607820732754751 -0.43050017068834251 -0.49892242338635306 0.31433266111250147 0.73768872635428484 0.59750340682520509 -0.53847986018818217 0.29629932841294349 -0.67420132461487881 0.67650519722289015 0.10178658202435555
0.89977792449672744 -0.030180058780826403 -0.43530317095140397 -0.48703692900361939 0.32025361199463981 0.72326257111802905 0.61182422085442545 -0.5546283631377632 0.2963735996892235 -0.68991334040712959 0.66044096794151708 0.089813605367169119
0.89697318208399468 -0.026246229769278852 -0.44130516204210807 -0.44231085741018317 0.32744865398191092 0.71010376012056131 0.62332176992952459 -0.55681372435370702 0.29701260853295075 -0.70360769274187063 0.64553832193519989 0.094021784981704604
0.89776663331300965 -0.02279199740793518 -0.43988134418724884 -0.41335526914559151 0.32883331665463428 0.69912015872631206 0.6349012943130683 -0.57742765394059792 0.29305924651465481 -0.71464083882510732 0.63514151928181328 0.075417557718559416
0.89897523197207263 -0.020733991725385745 -0.43750843864763334 -0.37130244333935652 0.32981042823844414 0.68933518681535455 0.645013241448123 -0.59220245148623407 0.28821626207751078 -0.72414577386419376 0.62653354616388712 0.062334010688716614
0.90273279927310701 -0.014880205338585013 -0.4299442668598128 -0.35853503792272062 0.32413600178620416 0.68063650479277471 0.65701582986221052 -0.62441134777226104 0.28285923259210444 -0.73247015490909717 0.61925610752325166 0.048217291502561155
0.90659303798088009 -0.011699473681877721 -0.42184379312746273 -0.32038580638582537 0.31861030244964389 0.67446012903709363 0.66602628289896604 -0.63934291327983139 0.27672466217803027 -0.73821856970333255 0.61518843022899983 0.035013927431746868
0.91042833940429535 -0.010546496783926029 -0.41353235691433377 -0.26275345165404523 0.3135915084973433 0.66954861002936905 0.67332386308974723 -0.65341348878504546 0.26977880681754446 -0.74269336217131132 0.61288332101532628 0.019933883582785469
0.91521194496120606 -0.0080512530324379737 -0.40289238404930672 -0.20083236171372804 0.30590486976397224 0.66470134083516008 0.6816115742463793 -0.68194095702390911 0.26231528063575249 -0.74706579684559782 0.61080552447439307 0.0060235692963403189
0.91980058976014012 -0.0080878372410945493 -0.39230276823603977 -0.13021509489997637 0.2990212017616371 0.66181833775505572 0.68744658607644649 -0.69960891512557422 0.25407320987055032 -0.74962062051406808 0.6111593321926605 -0.010820069480623629
0.92527067022278431 -0.009163273605656835 -0.37919681069638145 -0.063020373736377755 0.2903478002423952 0.66039624550948295 0.69251350442527904 -0.71837490911982071 0.24407445937639941 -0.75086139422253328 0.61370581302959137 -0.027999159541466548
0.93097583497759473 -0.0093663700265039559 -0.36496063595995804 0.0051670418341851548 0.28062308820372178 0.65780602617625727 0.69895773426810814 -0.75035812979490035 0.23352660887953772 -0.75312914101017736 0.61502993415483098 -0.034458444740685178
0.93642033795161284 -0.012754334965875712 -0.35064836747112549 0.087117528865185964 0.27197168654580622 0.65778926077890731 0.70238500134994941 -0.78019405040974732 0.22169427684993795 -0.75309402822191929 0.61943605987096539 -0.050918515910218856
0.94224801002719172 -0.01508467928072065 -0.33457606018780689 0.16687009110877177 0.26137370168423629 0.65774641702558778 0.70643714437866412 -0.81747312948429929 0.20940982705612707 -0.75308837684630314 0.62370299100719695 -0.066566874913743829
0.94787860670489787 -0.018619751840177248 -0.3180871764038779 0.25144292279091573 0.25092838427719694 0.65885896614632922 0.70918249322203775 -0.85617373963670274 0.19636978615667153 -0.75203601480913163 0.6291905430907101 -0.085961537196458049
0.95348721985656848 -0.022618717100553288 -0.30058362431595809 0.33911077153879865 0.23985640149298149 0.66088940915536964 0.71112171639537491 -0.89839606337901945 0.1825678729487463 -0.75014237482160107 0.63557484945833009 -0.10442756372676405
0.9588081211341587 -0.026699430697703891 -0.28279697177940755 0.43056944083519749 0.22871181072001895 0.66298397909088258 0.7128416030970629 -0.94888300236428191 0.1684573966448335 -0.74815732561356296 0.64178089847424302 -0.12033396414874424
0.96349295771257604 -0.030768364070078578 -0.26595982442978722 0.52663244789580133 0.21794052657917751 0.66712198827116476 0.71235537454245312 -0.99351651132106189 0.15550963736265019 -0.74431281094549151 0.64947301110189182 -0.14106171756121164
0.96684883333218263 -0.034521326838160192 -0.25300516097014764 0.64922107373563964 0.20960943234866977 0.67316461728775456 0.70916379201302948 -1.0265452576541465 0.14583284731042537 -0.73868645312146064 0.65808442058764038 -0.17010875547759807
0.9702664046157754 -0.037797852828990008 -0.23906991947021383 0.77009642475637607 0.20056248476683991 0.67847605097450059 0.70671418406467401 -1.0684658523434334 0.13549093614750626 -0.73364948754535697 0.66588334987917186 -0.19377308415513142
0.9736209224170973 -0.040333618983594666 -0.22457849098114166 0.8831398405494244 0.19054331071377861 0.68517736282589281 0.7030115420198928 -1.1158831873982662 0.12552109852097748 -0.7272586751979252 0.6747883173080621 -0.22366331572664372
0.97697818124515645 -0.040514947821024272 -0.20945685086424337 0.9904746193656907 0.17907170126622143 0.68939533384884599 0.70190269943423034 -1.1832638621693832 0.1159610243854691 -0.72325141733044529 0.68077928005556609 -0.23790795911261237
0.98009041784063033 -0.040594948580454052 -0.19435746192706096 1.1064113379865732 0.16755592329703572 0.6942845128353754 0.69992430148196971 -1.2506238168010468 0.10652598474107873 -0.71855484507913214 0.6872635223756951 -0.25470316906227047
0.98280092387047746 -0.040651410318414141 -0.18013829931044634 1.2284701261096795 0.15677375950945105 0.69917903278860671 0.69754617656328766 -1.321000751693975 0.097592686040547258 -0.71378998518325565 0.69352687380048861 -0.27181342903502687
0.98455844370231582 -0.044014687398446377 -0.16943251821209163 1.3912448126813011 0.15066671271873572 0.7058558463338539 0.69214670834646663 -1.3794310008932109 0.089130312537338691 -0.70698672652995109 0.70158788180630682 -0.30140896328070438
0.98687139745690744 -0.045559803642514024 -0.15494885986513812 1.5226350942896441 0.14074956550500708 0.71313481122631861 0.68675199368283946 -1.4425299703813854 0.079211139946363376 -0.6995448844136154 0.71018487029726218 -0.33767279784367998
0.98904627013797164 -0.047486547365686083 -0.13975873262681243 1.6575947149191836 0.13126575946594554 0.71597730826348793 0.68567178332172818 -1.5283084858884997 0.067503895576439987 -0.69650665601346329 0.7143680439458 -0.34439403286315895
0.99117378852354088 -0.047763382091421391 -0.1236655985918476 1.7957344737778944 0.11980859909897335 0.72205804578874055 0.68137954041318749 -1.6043690079578903 0.056748749112492142 -0.69018174261779341 0.72140747267493244 -0.37998141888961268
0.99293794996442997 -0.05041335193464188 -0.10739050920425496 1.9442484131499564 0.11027371266442805 0.72602115736435746 0.67877314866936367 -1.6811464890945327 0.043748552154767251 -0.68582196888553582 0.72645322710985938 -0.40086155771252285
0.994542502266474 -0.051918545843539367 -0.090496827474960628 2.0986197537820965 0.099547917058622801 0.73186937134154606 0.67413458263274084 -1.745047424682419 0.031231768999370555 -0.67946426535147708 0.73304357900164951 -0.43940112369660816
0.99598404653329564 -0.053687131934906283 -0.071648244331357844 2.2487365225830711 0.087959117646981499 0.73604964713252241 0.67118858048901109 -1.8282149439142215 0.016702475083844679 -0.67479523473472547 0.73781597875444538 -0.49197931245780663
0.9966922070456018 -0.058368453255374396 -0.056548811474180102 2.4269607451391271 0.081215717884731226 0.74055246697890231 0.66707274777188241 -1.8845823376850375 0.00294135734567166 -0.66945886155613543 0.74284330857922398 -0.54869635920069926
0.99723422390344996 -0.064188698726474827 -0.037466166490391604 2.5623678621937263 0.07279699688254461 0.74194882893944147 0.66649270999784693 -1.9999827163846629 -0.01498332141304737 -0.66737676479721197 0.74456950910458319 -0.62805086856486025
0.9975179658617076 -0.069273805361192348 -0.01261141046436556 2.6439773134731919 0.05993474026970607 0.74134839730731261 0.66843876362661814 -2.1662247387100737 -0.036955847871804316 -0.66753553740655536 0.74366025280864478 -0.71177982119265581
0.99718038123158315 -0.074203347656255664 0.01118706768725967 2.7490445392013743 0.047770211217518926 0.74266234169971446 0.66796006852305945 -2.3245437029176079 -0.057873087070486412 -0.66554226719097376 0.74411302661304779 -0.81691302547263112
0.99609456228830173 -0.077861155838850712 0.041632480001973018 2.7904489364947116 0.03013873947667587 0.74304988092932012 0.66855705129306686 -2.5059760201015382 -0.082989634066150328 -0.66469129290397777 0.74249458299384585 -0.93016368801386007
0.99363205327707982 -0.086250231461587057 0.07249993291856964 2.8673101107224221 0.01549967605382954 0.74196551298727886 0.67025885863578893 -2.6947322131126481 -0.11160243161598578 -0.66486696045926874 0.73857756677755415 -1.0369132588793288
0.99057808717472928 -0.093906857269865793 0.099682272079600662 2.9714897775286397 0.0032872776661450383 0.74397296051806583 0.66820163710030678 -2.8442868201001867 -0.13690963083289701 -0.6615782162191266 0.7372720100543072 -1.1694004490881482
0.98545899213431953 -0.10478969286368664 0.13375236480580599 3.0452920854228056 -0.012461378969437437 0.74048702547802958 0.67195511690356224 -3.0260411639871418 -0.16945586108421051 -0.66385095116918691 0.72841377374125393 -1.2707837376955797
0.97919440875181818 -0.11171539892609936 0.16940478007411613 3.1206702169358418 -0.032500276214486812 0.73770298456095418 0.67434267150747829 -3.2049697752420987 -0.20030487241991704 -0.66581827566734997 0.71872385647910542 -1.3935707504357235
0.97104930238347653 -0.12010134910665496 0.20649193273182609 3.2009858232864419 -0.053466775916843873 0.73321548793196123 0.67789110639523376 -3.3821768826012253 -0.23281871963745013 -0.66930614385306342 0.70556695613309506 -1.5106768755026312
0.96022830031683082 -0.13204103937862563 0.24602189981882186 3.2751083310566855 -0.075005626855183652 0.72674770682224887 0.68279713427098054 -3.5772035536774132 -0.26895309481526913 -0.6740941585182405 0.68793989435187863 -1.6380802873459206
0.94804677072493604 -0.14247696700822787 0.2844426732931557 3.3424578769824413 -0.09686305913047126 0.72237676515825144 0.68468193851991399 -3.7519231058500844 -0.30302618417210647 -0.67666248826991793 0.67104620457495767 -1.8053837019227201
0.93394437251471341 -0.15604217281136284 0.3215567591458886 3.4302895888981948 -0.11650517867069349 0.7176183923581686 0.68662244814176254 -3.9109451039152536 -0.33789710325927336 -0.6787301991613357 0.6520359379324161 -1.9898999234892725
0.91759947556326726 -0.17193529717844855 0.35839845986021696 3.483129295907144 -0.13593675141546954 0.71153092218532643 0.68938011748868111 -4.0729437591851632 -0.37354036202347102 -0.68129435661706272 0.62952807529221189 -2.1928342116964794
0.89812486758415344 -0.18678890973374856 0.39809750743683936 3.4821364940855388 -0.15981441032902122 0.70475112936364881 0.69122008066306118 -4.2255140892482856 -0.40967191321609309 -0.68442366182149139 0.60310295527440982 -2.4092792793832443
0.87573290135755444 -0.20379912110354076 0.43767316997652955 3.4497803448709807 -0.18406470113461909 0.69713607674576694 0.69290798544665622 -4.3698461929869525 -0.44633179505397458 -0.6873625016953897 0.57299277481217192 -2.6336216748171752
0.85340655771264129 -0.21939161468502477 0.47282614845094806 3.428056231548219 -0.20490082460937892 0.6928824401535798 0.69132450860736716 -4.4813361053873457 -0.47928373572181321 -0.68686333686747225 0.54635689538965693 -2.8956919281988061
0.82781781626029916 -0.2385433147734449 0.50775461598977789 3.3919053553501892 -0.22472821937444745 0.68829320894688295 0.68974610251482593 -4.5986648778300605 -0.51401837564314745 -0.6850909030884148 0.5161739668044879 -3.1552458816102478
0.80148001267805724 -0.258939443206744 0.53905487107470118 3.3540929943632971 -0.24307032909665771 0.68252395213678319 0.68925892803244038 -4.7463514413232373 -0.54639418407448659 -0.68345549929118843 0.48408881013529803 -3.4228138792739329
0.77601845257613222 -0.27801494634551865 0.56612988869149428 3.3383689705632853 -0.25839251310861938 0.67868193232621798 0.68747664971500155 -4.8879073062891969 -0.57535091068908317 -0.67977829057895733 0.4548327222471944 -3.6760414004330118
0.74914782710591032 -0.29735241976981286 0.59191137140582961 3.3187529293618816 -0.27348050897083664 0.67502714577858947 0.68523482374662115 -5.0437090078211844 -0.60331247654556686 -0.67521840238477493 0.4243750283951766 -3.9107041666188378
0.72372403501335136 -0.31506034434589486 0.61397109098445302 3.2985600768824139 -0.2865667220845583 0.67215173411305795 0.68270898640820654 -5.2065601409089561 -0.62777626184629254 -0.67003658538131727 0.39616655501548825 -4.1394240474576698
0.69793152870902864 -0.33152898124078622 0.63480714853514753 3.2708659340125155 -0.29920638542612266 0.67034854895691309 0.67904960189340791 -5.3645893511920528 -0.65066667361569475 -0.66386847907458868 0.36866179940031696 -4.3486364088822507
