0.99986244797711099 -0.0021454196640996962 0.016446346089142961 0.17652039275656381 0.0020899968687234918 0.99999208219929403 0.0033863626221975114 -0.0043744696127134049 -0.016453481039211723 -0.0033515240093403408 0.99985901518589471 -0.10500409776811281
0.99984643213864022 -0.0061640128724638537 0.016404788475920896 0.3527778352587555 0.0061213055731733218 0.99997774725447885 0.0026522846637223544 -0.0029252007716069907 -0.016420772141146237 -0.0025514586349144452 0.99986191461677487 -0.20084203195821104
0.99983439093126225 -0.009132112719107334 0.015741512900525376 0.53552520069050524 0.0090927659290806553 0.9999553591073026 0.002569319042968143 -0.0043088826049754187 -0.015764273496448822 -0.0024257596482600663 0.99987279359489423 -0.30436633988687667
0.99977971562095713 -0.011845588497663616 0.0173263460089556 0.69755874346325897 0.011754611884671352 0.99991663607585568 0.0053432198331577023 -0.031546479440940127 -0.017388195200157351 -0.005138378332579868 0.99983561035591872 -0.40215529058596255
0.99966390180603781 -0.013552281268767355 0.022100205843849981 0.8388862665518958 0.013424195242980023 0.9998922847295445 0.0059337947731482547 -0.033518744646741087 -0.022178241769957235 -0.0056351229572837672 0.99973815120822995 -0.48780821486526404
0.99953419928375042 -0.014963627418002078 0.02659838936265135 0.9836098065007427 0.014802279453892113 0.99987088999248919 0.0062526689178749777 -0.032468051685315934 -0.026688517852456163 -0.0058560396278451634 0.99962664521045863 -0.58649207778584922
0.99945078988610547 -0.018651642228330767 0.027390415079481364 1.1723810535985575 0.018470694485147293 0.99980597444841701 0.0068444797090545803 -0.04038563034713899 -0.027512761425859837 -0.0063348006628195491 0.99960137968056351 -0.69332126505423652
0.99921396862023737 -0.019925557261682072 0.034269769214376626 1.3072377039311012 0.019686636345443632 0.99977958423035129 0.0072951563100558722 -0.040394725303449633 -0.034407575671608494 -0.0066147656041101828 0.99938599330409128 -0.79461163860473683
0.9991516179552985 -0.024181370962113542 0.0333362510744959 1.5181257315601993 0.023990831961998527 0.99969354410301037 0.0061039217339008654 -0.038739819459697025 -0.033473636179541758 -0.0052989788785283371 0.99942555325735227 -0.92233832887495359
0.99896473386131934 -0.026411485108855562 0.037039086864123653 1.6862358159619975 0.026140319606970733 0.99962795854640263 0.0077864101610993124 -0.04677308547247136 -0.037230957444428128 -0.0068101355857391041 0.9992834822316814 -1.046121251230463
0.9988529511150992 -0.028652402758369243 0.03836433063184308 1.8750389943381209 0.028292276130736409 0.99955069376131278 0.0098973588709514379 -0.056177398338644026 -0.038630676411361753 -0.008800591880688078 0.99921480194328094 -1.1622976746609761
0.99856854212645396 -0.029969230545405321 0.044302504398336919 2.0230600953345186 0.029469771614628815 0.99949501900292015 0.011884424653047313 -0.066132059438789956 -0.044636299537819384 -0.010561827913230067 0.99894747036803766 -1.2889554883615506
0.99838098162813838 -0.033534527332969341 0.045943998517642706 2.2131194705613613 0.033001648810476479 0.99937950375008311 0.012308479192309632 -0.060663148110941527 -0.046328249470758115 -0.01077232383433931 0.9988681846671178 -1.4200224100832843
0.99819083204226122 -0.036403655843883949 0.047852237857578347 2.3970360521613929 0.03573157117943479 0.99925143549402218 0.014826445433245877 -0.063655129875848288 -0.048356154187726569 -0.013089786260137582 0.99874438163517931 -1.5382945783847253
0.99790981754075037 -0.04090157995551677 0.050030558790889926 2.5728417147291376 0.040075446669107805 0.99904503650483734 0.01740613711653978 -0.077677322970616108 -0.050694719942590873 -0.015364758123405526 0.99859599917972408 -1.655890707601994
0.99778696368690611 -0.042184824652557511 0.051396650333438251 2.7345657614691028 0.041460939539910147 0.99902646198054157 0.015070459684739386 -0.062257646918877835 -0.051982358439500005 -0.012906154798173454 0.99856460260685831 -1.7978285895116732
0.99753144313613662 -0.045690260452910247 0.053323728812619202 2.8908802406606968 0.045240872311355124 0.99892993090146054 0.0096050310624639125 -0.0045746075602792185 -0.053705525109100191 -0.0071689084907300129 0.99853108280303793 -1.9190945164311515
0.99727249819617625 -0.048941071935530142 0.055247948553397937 3.0386924284321193 0.048174039968320509 0.99872433340971845 0.015131679630637903 -0.030997152420570218 -0.055918031212555216 -0.012428891065371346 0.9983580001443354 -2.0107813246844919
0.99707814123737293 -0.051286309243517431 0.056611789856916908 3.1758703514895172 0.050497780422087975 0.99860737920183973 0.015273387838839107 -0.0090502673876241783 -0.057316266792839972 -0.012369991423251216 0.99827943426333321 -2.1064399020742162
0.99683222494132351 -0.058658484220038699 0.05370938044269527 3.3629086700764925 0.057333925374883923 0.99801955679640719 0.025880209678638508 -0.075034741578036482 -0.055121105936274062 -0.022718857385672454 0.99822117649319153 -2.174388944352458
0.99657652842672506 -0.063745287216872906 0.052647519852079765 3.5161521517430896 0.062527915427440489 0.99774351456959487 0.024456878922125679 -0.055027347201671219 -0.054087732261905767 -0.021081211823589418 0.99831362793804101 -2.284620139835329
0.99633760277538153 -0.066620203670068712 0.053601583547172711 3.6330899275102784 0.065229842345756101 0.99749716593083493 0.027285007375849761 -0.063025006345478779 -0.055285160426228087 -0.023688655996297804 0.99818956046120588 -2.3657167879030903
0.99610703504658737 -0.071396697805274356 0.05170383228735749 3.7839808285141334 0.069730363157245193 0.9970083328580005 0.033347573609922666 -0.087830529034858704 -0.053930058266754739 -0.029612425672559152 0.99810553202611374 -2.4193186263470512
0.995883243708652 -0.073422258920087483 0.053157659799931443 3.874317184079068 0.071568638771326479 0.9967867172896191 0.035974576848161258 -0.10169342773435855 -0.055628183906658295 -0.032022056930442654 0.99793792042651153 -2.4995279710251181
0.99565583046828221 -0.076020761675759843 0.053761613152439103 3.9610561162448721 0.074226500012262844 0.99664024810000251 0.034621417693313415 -0.086050239730093639 -0.056212934013843578 -0.030480480006106456 0.99795342896758099 -2.5769806434018117
0.99559443603877629 -0.079188815485615446 0.050208071369215526 4.0889609920979755 0.077288808092338651 0.99625658280722029 0.038720296447029422 -0.10335077916140319 -0.053086336022527839 -0.034669189711692749 0.99798791987300017 -2.6250125895162499
0.99537942375934541 -0.082112909115955396 0.049772210248575213 4.1796160938959925 0.080205338505551227 0.99600782551009459 0.039185650407553778 -0.10056398783338576 -0.052791158651079702 -0.035012593151149601 0.9979915890873573 -2.6963789674312761
0.99517350665352633 -0.083381369710828782 0.051742041321056281 4.241584480543044 0.081183395438796296 0.9957615712879524 0.043222094479284788 -0.11928339857419652 -0.055126653806954778 -0.03881288872648201 0.99772471739891955 -2.7415555104447868
0.99507009164962623 -0.084591861242637151 0.051766105860020228 4.3092009505940005 0.082349480143408177 0.99563084188419604 0.044020334040957523 -0.12053318941878939 -0.055263693547525569 -0.039540405921961466 0.99768856888059598 -2.7946897599286831
0.99503657460488115 -0.083532792772843714 0.054078532988183124 4.3499844916811483 0.081121668775443731 0.99567214069520249 0.045346037296770038 -0.1224902709108401 -0.057632369842581153 -0.040734024782753946 0.99750651585406991 -2.8270086408901469
0.99527889079196497 -0.082518692615846573 0.051093981180637196 4.4211873329244176 0.080536321000154898 0.995960126409137 0.039715583879074853 -0.08096992164192611 -0.054164846013589736 -0.035413161000781193 0.997903841802534 -2.8832234590532608
0.99555957546783025 -0.079482434333227742 0.050434852302526922 4.4635884197045881 0.077778288689828723 0.9963596423478247 0.034899869756153487 -0.058812612418152971 -0.053025178008142763 -0.030822163015903924 0.99811739027241975 -2.9385905225571243
0.99598592769689154 -0.075405000739091829 0.048229842352012449 4.5087003518063202 0.073850244264866638 0.99671499803385566 0.033246866264215393 -0.049832604488958952 -0.050578387200284909 -0.029551625300626924 0.99828278968952955 -2.9654965064170002
0.99645343993757385 -0.07132441911058067 0.04464716424493443 4.5612860602717333 0.069996597014044162 0.99707684388358453 0.03063076554060325 -0.044744722412908902 -0.046701375172787163 -0.027396982127382889 0.99853311759164121 -3.0017775696940703
0.99702221327380502 -0.065233121982725337 0.041125977617438976 4.6042764684796111 0.064210448072610019 0.99760495531232418 0.025717143982377955 -0.028137785007837653 -0.042705088653670627 -0.022999846362151698 0.99882294851009479 -3.0278378284922223
0.99743782855475416 -0.060002827487426906 0.038954317623224009 4.6403103485502735 0.059142601603253075 0.99798746445305953 0.022872985597690271 -0.028414128333894315 -0.040248364483241067 -0.020510521399207431 0.99897917279008219 -3.037764048753604
0.99790507714029286 -0.052744871663962252 0.037462454948631263 4.6523860575213023 0.051994742680435031 0.998432305651764 0.020723845311568252 -0.031744036884019444 -0.038496801831079723 -0.018732579749052541 0.99908312302066438 -3.0388513470391576
0.99839588766006104 -0.043131897006159887 0.036678208300415842 4.655352519010628 0.042471990604777361 0.99892478797711026 0.018584885766479015 -0.042078736387783769 -0.037440372828624204 -0.016997277003549322 0.99915429792245714 -3.0274594864789188
0.99899108469189501 -0.029467083426176547 0.033889581001625431 4.6556389478528093 0.02900023507412371 0.99947874040866558 0.01418569126806722 -0.041092772088467316 -0.034289926680536154 -0.013188573291380122 0.99932490335364976 -3.0209910158472635
0.99934348842827203 -0.015263027111135748 0.032857756153103539 4.6475897958115961 0.014994941206519839 0.99985236882350581 0.0083900116946984769 -0.03449034731862937 -0.032980962299864622 -0.0078918034332400213 0.99942482236751851 -3.0129899184025857
0.99957034429992875 -0.0013906051366014526 0.029277858758387055 4.6688631747016727 0.0014625911053645572 0.99999595983590517 -0.002437445204571567 0.0020802759518131798 -0.029274350947211664 0.002479219478149948 0.99956833975841719 -3.0369734390830865
0.99953924794717464 0.014730218415154685 0.026538886160471575 4.6856116875432914 -0.014403832520311794 0.99981877347128889 -0.012447884281846353 0.023156960257837523 -0.026717436664535021 0.012059887222079105 0.99957027651799812 -3.0526204204188283
0.99929110441148561 0.031113853809828111 0.02119473390194002 4.7308114421703662 -0.030679301654246684 0.999318449457819 -0.020528444247633136 0.016720606788335 -0.021819007632821835 0.019863652089207817 0.99956458832413519 -3.0725494400478386
0.99866391436621116 0.048971639796556332 0.016497413081853009 4.7686783610732926 -0.048480022730289389 0.99840345559372234 -0.028986673741304429 0.017695052321211414 -0.017890599174638581 0.028148150101748138 0.99944364929045493 -3.0964594350088972
0.99724206550561578 0.072718158878658359 0.014843589707054931 4.7605241016012743 -0.072133704291802644 0.99671935839224834 -0.036704894922715864 -0.0055479936445287101 -0.017464005589668086 0.035532942116338215 0.99921590186171527 -3.1121557900144441
0.99530759032295668 0.096064928572679995 0.011590088172025217 4.7658426299391801 -0.095416773914940675 0.9943090059327292 -0.047383963286464062 -0.0022117303087974107 -0.016076066097603738 0.046055729495837631 0.99880950630209353 -3.1435552459251488
0.99319768651164086 0.11637009083022444 0.0040444366838445055 4.8154409072017081 -0.11592307984973996 0.99145923960661175 -0.059752956050977239 0.0096121516908604064 -0.010963351042228189 0.058877654155413829 0.99820500237931109 -3.1805814894124378
0.99068728151519958 0.13604332142102163 -0.0055610197590289052 4.8869224922012933 -0.13609605523111343 0.98819685822620096 -0.07031950755228232 -0.0053368079716383798 -0.0040711171136969112 0.070421474626724226 0.9975090184639156 -3.2200556950079418
0.98729112342307179 0.1584430512666995 -0.01233033313851877 4.9069161362538267 -0.15890835750945162 0.98320905052272256 -0.089711185946094368 0.052429179802338695 -0.0020908188963015394 0.09053045054292197 0.99589149308588754 -3.2791199668454092
0.98309850200308813 0.18246874516984257 -0.014916178982139346 4.8878421410094699 -0.18304225270921479 0.97804550504206333 -0.099611865709619746 0.017425416910035383 -0.0035873503341768958 0.10065856696356458 0.99491456106261777 -3.3270444885232204
0.97973914677011775 0.19799523377314823 -0.030151147395713708 5.0073884528985673 -0.20018915029483728 0.97262339706157452 -0.1180170817832481 0.057414325363914331 0.0059588917084243513 0.12166188758818103 0.99255371477723464 -3.3925268597751854
0.97521446236534448 0.21678407660650967 -0.044287882353246821 5.0947228985268858 -0.22078739138369713 0.96653019369988102 -0.13066105951067664 0.048846658814277036 0.014480338374990964 0.13720076091747224 0.99043741397637663 -3.4497298784948245
0.9702047737711893 0.23538393030466057 -0.057420399736731471 5.1544080495709119 -0.24133913675457988 0.95981578410681545 -0.14320992161848733 0.03088038160255592 0.02140369178785578 0.15280073931021995 0.98802521022699652 -3.5072169291000699
0.96401785669764695 0.25610074868789956 -0.071287996812734331 5.2001232383008826 -0.26423879755821261 0.95248941030607648 -0.15146544529948958 -0.041844259900854143 0.029110648104517411 0.16485244849949923 0.98588855373751805 -3.5669762810932242
0.95847357642106634 0.27044452123633733 -0.090488475707454608 5.3171592612715584 -0.28205659366955022 0.94582748112726167 -0.1607932023189714 -0.096980257352271074 0.042100846430215458 0.17963890691525511 0.98283130894988879 -3.6055193676065098
0.95368455001742669 0.28034828962558606 -0.10904409916206843 5.4271333532638408 -0.2958979144498613 0.93954106193838427 -0.17235723702797001 -0.12340951480927419 0.054131352119461136 0.19664035556238643 0.97898026909739966 -3.6599043091875632
0.94990206994080995 0.28427255374203236 -0.12990447533148353 5.5939728156216439 -0.30436964948054623 0.9358173019010857 -0.17777821558802318 -0.21227871530523498 0.071029388264676141 0.20841087460004468 0.97545872970166725 -3.7357937462027064
0.9438354273461067 0.29509077395641065 -0.14864764112557821 5.6847032459905735 -0.31933469886845595 0.93019168398090823 -0.1810214936170694 -0.36077042078813587 0.084853026964184855 0.21832284850324005 0.97218058900414517 -3.843857968295489
0.93718150224270191 0.30109066060495882 -0.17616823195622436 5.7682386951202123 -0.33421877106810594 0.91967104100815156 -0.20616253150538258 -0.27401579333592901 0.099943208472800096 0.25209044096802313 0.96252883834860248 -3.8656661635760803
0.93435238060793901 0.29114041436696736 -0.20548208674847487 5.896448721071148 -0.33479769683799682 0.9146963334743643 -0.22636501434746339 -0.25346363231477315 0.12204970726818627 0.28029961942675752 0.9521218369016462 -3.9284372910887035
0.93184177071708962 0.27891462640377346 -0.23211537115168063 5.9325707675883796 -0.33374676360598826 0.90984818756173624 -0.24655501084575884 -0.20230298405743663 0.14242195100955318 0.30721801179075936 0.94092140006589564 -3.9305561147500172
0.92936392994471262 0.26225695800421855 -0.25981526840448183 6.0058649831388289 -0.33066538984759786 0.90430250411032198 -0.26999514998743457 -0.1150358418698566 0.16414349111267101 0.33683567067366055 0.92714542833752345 -3.9522731370443451
0.92682348794285008 0.24142530094980214 -0.28759702060130427 6.1063981635009119 -0.32481838292759768 0.89973945984657433 -0.29148228506599705 -0.058170890603904728 0.18839118957570725 0.36356942728493014 0.91231904026714128 -3.9772024651346789
0.92323397175616906 0.22194509422146511 -0.31365491953156777 6.2660560498958571 -0.31913618727001164 0.89753974654444124 -0.30426057475082152 -0.1128699150475997 0.21398861504783223 0.38100233401380251 0.89946989616437167 -4.0734602414927528
0.91665428377241143 0.20207075508143563 -0.34483667725824324 6.4232432598812252 -0.315744846519185 0.89510054707734332 -0.31480184643425618 -0.17606095028584851 0.24505125165618652 0.39744486480851549 0.88430055043467948 -4.1164124889905596
0.90298818391934388 0.18021259839772472 -0.39004584228111655 6.7059275013176096 -0.32108389078989358 0.88625145926154514 -0.33386147731058397 -0.20455403370597181 0.28551265256949471 0.4267104057033555 0.85813795795734893 -4.0932666812935139
0.89968438530839834 0.15805092604926801 -0.40692494591413081 6.751884070078626 -0.31294972063474397 0.88340552885732782 -0.34879384160122545 -0.2161385996001059 0.30435255738515682 0.44115142112348887 0.84424815336122649 -4.1894206319905694
0.90045349277405728 0.13946163970103764 -0.41198781341551693 6.6334751956255875 -0.30236762718377697 0.88159767985826154 -0.36243530305391425 -0.1795711786864673 0.31266167878755668 0.45092791211060351 0.83600639512943831 -4.338023638294966
0.89408341229594135 0.11959430814232627 -0.43163879959661178 6.6894787868327903 -0.29874821775675958 0.87724216684100498 -0.37576014038646816 -0.20499681283453849 0.33371298183379899 0.46491223061569031 0.82005625635046386 -4.3998251293264694
0.88691152038902932 0.10113724565202063 -0.45073186324370645 6.7435776223427428 -0.29589207689773939 0.87367224626267703 -0.38619254904706618 -0.25197165870464638 0.35473346872033762 0.47588660797741639 0.8047956899222225 -4.4780772645046572
0.88496732501376474 0.080197230901755054 -0.45869514692622632 6.7125574360213038 -0.28952791592535504 0.86626494165083945 -0.40713466662345077 -0.14070314135448089 0.36470045182026073 0.49310592677675091 0.78983550529191793 -4.5678799181456107
0.8768250932221453 0.057396943622266404 -0.4773712881592258 6.8381060021403739 -0.28653821244239897 0.85965854168822087 -0.42294567560479446 -0.097667872974783854 0.38610051632481773 0.50763449702054708 0.77021659858016911 -4.6165232140645367
0.86819695290195509 0.03481276542620048 -0.49499709325928448 6.9346398450931872 -0.28509948851304695 0.8514527789559363 -0.44016638542466241 -0.037771064313826395 0.40614324150644121 0.52327453269922641 0.7491538098461803 -4.6236408563679694
0.86205397650484938 0.01864236948008682 -0.50647349748268622 6.9971411758823958 -0.28731643153287206 0.84120225046012198 -0.45806990950295196 0.047711436519037038 0.41750713738018064 0.54039914496693475 0.73051800412831236 -4.6338521783938376
0.85464942644490405 0.0073613201334784438 -0.51915331920665697 7.1382659002012199 -0.29248102907365481 0.83297884488063589 -0.46968190471140947 0.066260922739584241 0.42898625328722656 0.55325586752172273 0.71405793850595456 -4.647123354499116
0.84686518578242176 -0.004260354185587195 -0.53179056638108735 7.294418127693838 -0.29800713702730802 0.82441654327194591 -0.48117471822647034 0.106097236682919 0.44046691520532116 0.5659675013300226 0.69690005312652925 -4.6437150242789613
0.84055023764941672 -0.018513698226600522 -0.54141715983655669 7.3818517626503732 -0.29666645515835871 0.82050471537130254 -0.48863179024417908 0.12714805110929236 0.45328171413733731 0.57133987698342237 0.68418304027305821 -4.5683708983157238
0.83829969011499927 -0.026538934877328196 -0.54456341640682493 7.4722003965898738 -0.29610160923903228 0.81651343162603596 -0.49561038425393211 0.15429755417287033 0.45779631558057732 0.57671613546861311 0.67662473538217383 -4.5648200614655181
0.84604018758648103 -0.020372884303385762 -0.53272971249386203 7.4718800796036815 -0.28774036254884761 0.82377328364340685 -0.4884701228484879 0.052640473557014504 0.44880004985392974 0.56655319497865331 0.69108320230677744 -4.7603863794429131
0.84883730194477747 -0.034937314925470322 -0.52749845388674754 7.5398999278055898 -0.26884751066248469 0.83062127940455399 -0.48763644881297286 -0.001787095796256642 0.45518814883265124 0.55574065374609805 0.69566951560073687 -4.7833289867161515
0.85137143821474826 -0.048180127639191134 -0.52234600552968946 7.6338034994043191 -0.2503336282821042 0.83775038538666824 -0.48529101200785302 -0.040572158822735724 0.46097695033837466 0.54392367762872773 0.7011756443085938 -4.8148787713820429
0.85661443335738574 -0.061795948117755822 -0.51224308034372956 7.7106299272850114 -0.22816883853227546 0.84507764439641964 -0.48351086447383052 -0.028949070643876203 0.46276418799064106 0.53106029388161391 0.7098057977896044 -4.8659315071585727
0.86613606988004888 -0.074242579484450968 -0.4942634397203966 7.7315767153681261 -0.19955003743916386 0.8553023745752879 -0.47816067446403654 -0.0098156594445999931 0.45824457553883979 0.51278249525248909 0.72599312775801095 -4.9627529881792283
0.8711984956997294 -0.085133266386966472 -0.48349302791748144 7.8693410800410879 -0.1757361817690021 0.86550826107384438 -0.46905462840716367 -0.069276765013767408 0.45839936246441371 0.49360690530746826 0.73906849988685308 -4.989249726321054
0.87443481843081172 -0.094855254913503245 -0.47577960121380547 8.0405742569255878 -0.15454158035509294 0.87514953144923591 -0.4585086668161607 -0.17208177059009017 0.4598702515462636 0.47446367428864039 0.75060214063330455 -4.9353642379173364
0.88127197019126391 -0.10330838507672802 -0.46118010812267962 8.1513605009573684 -0.13024485466461727 0.88494058700663181 -0.44712015756589496 -0.23391907265602543 0.45430825701125083 0.45410079832697553 0.76641794901359328 -4.9345106140989259
0.89440866077464642 -0.11328960112094529 -0.43266455113535762 8.1856638744271741 -0.094563425561415573 0.89761573313058285 -0.43051568401457441 -0.26936754777876915 0.43713945838530066 0.42597119845630804 0.79212223299709406 -5.0848486156409285
0.90494329624945791 -0.12395306405277477 -0.40707894625624474 8.3008052485493664 -0.062293804956581607 0.90774045069936071 -0.41488161688384412 -0.28917173836006183 0.42094787377678639 0.40080283441618791 0.81373212759897384 -5.2325171622091338
0.91343115514002038 -0.13270348604257054 -0.38475097090419069 8.5116781057011881 -0.034865528682647917 0.91636042462352152 -0.39883325725606045 -0.32256301777817487 0.40549712665966892 0.37772126889539687 0.83240538398955821 -5.2902971717012646
0.92335655974783215 -0.14506885278379578 -0.35548233644253197 8.5905221345001923 -0.0051564711419897213 0.92110225147867986 -0.38928659510220581 -0.25971667231891554 0.38390894021370475 0.36128336561887303 0.84975776274835513 -5.3437472055336244
0.9329003283762155 -0.15558354260686946 -0.32479337829679616 8.6787179338138891 0.024160159788436119 0.92687235524631839 -0.37459834991513219 -0.20649409212690845 0.35932334184484388 0.3416158637271387 0.86843844782195956 -5.4519873789371021
0.94413568727401376 -0.16940897409443958 -0.28268074485520817 8.6316240484732205 0.062687433110695495 0.93441770563745008 -0.35061921955482683 -0.24741728823959103 0.3235399353180653 0.31331158754108229 0.89283691644491769 -5.6342859648958177
0.95083872705237726 -0.17958952099166162 -0.25229609407876369 8.7488040177406976 0.085460610141246451 0.93521093184621484 -0.34362333603761602 -0.11266295702777815 0.2976612155651131 0.30516899728727359 0.90458260200104412 -5.6384848823658036
0.95719276019180444 -0.19006713677359074 -0.21830369523918722 8.8728857173654063 0.11222409952730739 0.93889737852474209 -0.32538817446958984 -0.10766913549503612 0.26681036584375761 0.28696026923261758 0.92003588656109703 -5.7453617552045042
0.96211734608456223 -0.19555927552003854 -0.18996521292404134 9.120339272628291 0.13056816543082655 0.94217702277527227 -0.30863313485488292 -0.092627508656266788 0.23933693099734321 0.27213788327317034 0.93201867253203208 -5.8790281348905893
0.96615917493168546 -0.19513589595653263 -0.16869626790349004 9.4908168720878372 0.14106692160898546 0.94724747247394059 -0.28778872375319964 -0.11543010576507473 0.21595502384313539 0.25425225269596408 0.94271905659954625 -5.9860099406039033
0.9660484742826092 -0.20000563179309189 -0.16354844110320646 10.043038926377283 0.14942992144995551 0.94894015845614088 -0.27781877950328399 0.025727629928094922 0.21076300413427157 0.24394737735888933 0.94660901811044285 -6.0363435650006885
0.96866768196239328 -0.2004322872291841 -0.1466622656230343 10.49977978400694 0.15560064570082993 0.95002630661284537 -0.27062604420314157 0.12655589437978659 0.19357520755274529 0.23932595968601858 0.95144717354211417 -6.1005439666874421
0.97229485649472713 -0.20568197111120987 -0.11107492423452428 10.727300999269454 0.1697683669749879 0.94796819601027782 -0.26932322760516852 0.22403326640382787 0.16069042786844434 0.24300458043589837 0.95662289345312523 -6.1889555070695677
0.97519622026905661 -0.20924180291811445 -0.072181714336267841 10.880881809955273 0.18346716925476272 0.94656779680566583 -0.26523424337010498 0.22582079637071778 0.12382297758731969 0.2454124568192185 0.96147833894444312 -6.2912134813506686
0.97537296071056245 -0.21734344432905398 -0.037542172578247546 11.105645059614337 0.20072498852594237 0.94524455568570065 -0.25733676171080333 0.17045289737076633 0.091416992380912498 0.24346366700952707 0.96559224124384013 -6.3819687586718032
0.97532470225921897 -0.22076059228614922 -0.0025467737305428311 11.339942876242906 0.21264712356715734 0.94245550090267849 -0.25798997976064009 0.18987961315977395 0.059354241647755067 0.2510824360877319 0.96614423575709951 -6.5005630519401647
0.97401962970249945 -0.22424479637513287 0.031623286560398062 11.582287899664763 0.22488784397737641 0.94132149534885745 -0.25167300217821981 0.12102102659072374 0.026668681733693928 0.25224613712179261 0.96729554311064658 -6.6242666450366157
0.97206813079940113 -0.22507837829947774 0.066507689076043264 11.837746159520275 0.23465263035045844 0.93766223565685314 -0.25637409169532538 0.13853977404654366 -0.0046574836306281439 0.26481928827989321 0.96428681023913276 -6.7470880861733207
0.9694200014504919 -0.22224483956125343 0.10407733699572201 12.069650809525253 0.24214814441709487 0.93515224668496166 -0.25856247151399669 0.14033181230282524 -0.039863980522347985 0.27585776553952818 0.96037146784379879 -6.8433077239789935
0.96542832922773969 -0.21610520217070162 0.14576241874809567 12.255808297834166 0.24825642208898707 0.93276698774746725 -0.26137041810444234 0.12551640788201388 -0.079478865216544833 0.28852086261356646 0.95416917882554442 -6.9547475185666681
0.96100878244468346 -0.21356558368218273 0.17564697985070976 12.598052046808808 0.25543192032113166 0.92891726563179444 -0.26808067385063261 0.14189852092789784 -0.10590870665458098 0.30249372733602065 0.94724911759109864 -7.0860825836295698
0.9559262151903527 -0.20778991782484446 0.20743293172057278 12.907340584785931 0.26100128737706946 0.92497585287249029 -0.2762209253302898 0.17045600758761617 -0.13447452955619446 0.31818708593083023 0.93844210223512814 -7.1979382463860491
0.95041514266592153 -0.19998714916733024 0.23815162556497502 13.182350643347071 0.26476622274617878 0.9220550338804131 -0.28233554821968665 0.19335506976377811 -0.16312542378193806 0.33139048668257537 0.92928490865409463 -7.3626166145529792
0.94374028012886879 -0.18956952647808048 0.27095696760401011 13.418606034212019 0.2671537938753778 0.91996855677066691 -0.28685659304134598 0.19939180292173672 -0.19489262192365417 0.3431053033460319 0.9188556016782784 -7.4980456900442052
0.93565682755786617 -0.17422864315206693 0.30690500313572489 13.664661433485598 0.26828252398937447 0.91615006920034014 -0.2978146034466792 0.27985801662816284 -0.22928320559133913 0.36098951592754297 0.90394456745099028 -7.574092566560771
0.92486653855262069 -0.16417951568058403 0.34302619797412376 13.865030340365719 0.27455213645016791 0.91240184452815143 -0.30355229940205608 0.29997403676490048 -0.26314066625351212 0.3749239399298423 0.88892577250923588 -7.6797285778307316
0.91550352614840413 -0.15308294125918862 0.37204691465630257 14.156631682629081 0.27745460802787786 0.9099137140647009 -0.30834392071367062 0.34544437068996653 -0.29132839561899032 0.38551607755373513 0.87550278117984726 -7.7980591931152921
0.90039483989915126 -0.1418789931852199 0.41129002367639561 14.333481775702118 0.28191578327421474 0.91028556810658923 -0.3031561901689459 0.28719840417061515 -0.33137987781980321 0.38890941848920607 0.85961435585180868 -7.8677141261388401
0.88605127833543462 -0.12473027613986844 0.4464924303660861 14.519541643182867 0.28144244459721635 0.91005535205285482 -0.30428507452567782 0.32717352890339557 -0.36837926453491504 0.3952741003582535 0.84146010187452647 -7.9490971556295538
0.86968083755112857 -0.11350218581239924 0.48038785851869231 14.733069386482716 0.28388158281609849 0.91116417509564906 -0.29864877860137323 0.306587854423433 -0.40381491767169048 0.39610238554958616 0.82464320310527806 -8.044961365172588
0.85029158647158054 -0.098084554835882742 0.51709151808774578 14.888371741648413 0.28420600541073604 0.91249169339778358 -0.29425474672215252 0.32806787773542584 -0.44297986914093002 0.39716285020466374 0.8037602291437369 -8.1043369782257244
0.83436823561659113 -0.092889626764093527 0.54332418005614669 15.155393302001075 0.28673421073687316 0.91497760425807395 -0.2839004686492394 0.32992587190461919 -0.47075804803227639 0.39266716306024718 0.79006288310934991 -8.2377470343426396
0.81458501281141138 -0.086715428554530863 0.57352566756304524 15.357247317494632 0.28957902209207892 0.91752503281034481 -0.27256522912978282 0.34702097657375996 -0.50258854629530503 0.3881085526202428 0.77251310960772201 -8.3271638309421885
0.79059613488809966 -0.084070400106443108 0.60653929742922696 15.521919695023204 0.2909350597406965 0.92315922952574703 -0.25126445820112836 0.29854574782061494 -0.53880844695835561 0.3751122562212168 0.75430514562672391 -8.4319042337854917
0.76633714959155375 -0.082844522466370668 0.63707468812786128 15.704603350884682 0.28736049636128258 0.93112082175261013 -0.22458397188967297 0.23623182236865625 -0.5745879552226012 0.35517713946151308 0.73735871956399013 -8.5166868348309155
0.73574895533513729 -0.078166702320259324 0.67272835630113736 15.839979485500722 0.28467964736368706 0.93699586495405052 -0.2024753008045613 0.22834610020780047 -0.6145168615263058 0.34048306229148428 0.71164619804539986 -8.5441825985690958
0.70789493867326425 -0.072651557579592782 0.70257135365885404 15.983651975517027 0.27692294398496214 0.94360556295990095 -0.18144482534872672 0.2529513609749271 -0.64976798851242046 0.32300200112752792 0.68809248533328393 -8.602908625658003
0.67776870138442569 -0.073426585430526645 0.73159970200628355 16.119355555795597 0.26809934473129443 0.95117919501931703 -0.15290807799803979 0.23077316999037592 -0.68465489757856834 0.29977771016941479 0.66436510723190645 -8.6575177589280123
0.64799696476075019 -0.075856243505262155 0.7578560311709116 16.269734185020233 0.25835864612310389 0.95792459202807778 -0.12502514131676692 0.23343830188224765 -0.71648499191140913 0.27681457026159434 0.64033034447587833 -8.7163146048360396
0.61822651128630057 -0.074914191203968555 0.78242178184085898 16.400110552593961 0.24396083979605887 0.96457294691045159 -0.10040985377187245 0.2641505122075376 -0.74718076085293528 0.25295630856877704 0.61460069684835728 -8.7685818671355396
0.58762293374512109 -0.080365738331286601 0.80513392416370366 16.530442698314822 0.22788495008929749 0.97121327047566586 -0.069377465900388194 0.24209742763842471 -0.77638118038729897 0.224245694171434 0.58902133355761932 -8.8105949989119914
0.55640153581521412 -0.08774051988212439 0.82626807521123902 16.646759947872425 0.21132488195600757 0.97665360271460866 -0.038594488866351612 0.21954349685420371 -0.80359139194540319 0.19608503633727384 0.56195331951671879 -8.8446183194050221
0.52615208918029599 -0.093682682302441644 0.84521448998927473 16.755070227465872 0.19329149124622633 0.98107298639993223 -0.0115842465498771 0.22333809851597786 -0.82813186055302812 0.169467844716743 0.53430166679886182 -8.882943560632274
0.4957540115480481 -0.098102103705425714 0.86290436160827677 16.841683514017014 0.17293954615529572 0.98485172534029142 0.012609221619571977 0.23755954623534328 -0.85106984050054213 0.14297921647155937 0.50520992690916189 -8.9061600613746545
0.46781875821120245 -0.1061428314462021 0.87742766584961973 16.936717984781733 0.15255283575254938 0.98755952982830464 0.038128825698590392 0.22651054821521288 -0.87055915466416434 0.11601669870273384 0.47819126283583946 -8.9372360445098789
0.44153332844237414 -0.11769932312460339 0.88949153408596815 17.036102128725961 0.13205795622419642 0.9890870614373658 0.065325960345675685 0.20065544494015938 -0.88747338893765537 0.088620845364997328 0.45225803441653356 -8.9666316645269593
0.41707225122173497 -0.12185695931039142 0.90066731856355253 17.099945103613294 0.11151647812391455 0.99034466289366807 0.082350007801246849 0.21602554083444825 -0.90200599353201238 0.066093344185723713 0.42663433697567632 -8.994279358869818
0.39604456779271147 -0.12822148683474111 0.90923481600506961 17.175229824611375 0.093161676036618957 0.99070376593521503 0.09913097538020442 0.22554190508763242 -0.91349307739026275 0.045445555070556157 0.40430817340785552 -9.0329960449669819
0.37599814762344907 -0.13449879089860348 0.91680721432073653 17.248197292324779 0.075069688533945481 0.99057887360822949 0.11453399942579361 0.23230861420387836 -0.9235745421172844 0.025759860400728318 0.3825526038925674 -9.049687154240095
0.3575964837598109 -0.13785154524910961 0.92364587709524926 17.299945279135553 0.057477980427130128 0.9904190570247472 0.12556421961780767 0.24084131941768708 -0.93210570031978568 0.0081879762239074703 0.36209380066043517 -9.0548799502725714
0.34351511686732716 -0.13889982970491879 0.92881871309291097 17.33981498965894 0.042546542665285889 0.99028857004097925 0.13235686515411083 0.25215151627228111 -0.93818290124626436 -0.0059485589966839798 0.34608880140074649 -9.077042094793093
0.33284165131863175 -0.14079293336780102 0.93241288336293193 17.383475399407359 0.027692001127218743 0.98982396488877789 0.1395767588297904 0.24185901586412853 -0.94257603842929116 -0.020636580277490279 0.33335348105786178 -9.0847790550627217
0.32428331732975291 -0.1378483275023451 0.93586225947327173 17.409813448509311 0.014522244012920411 0.98993427223336528 0.14078082641690445 0.24450266965081024 -0.94584852620831439 -0.032062053312344033 0.32302103678701244 -9.0857221613578201
0.31950505296167964 -0.13320030142122541 0.93817599672622698 17.432070283337382 0.0059840067592521837 0.99033487101409334 0.13856779898881369 0.24340165920576542 -0.94756567729897223 -0.038659060448926433 0.31721406691719511 -9.0867313335455435
0.3191849706278117 -0.12711617968337272 0.93912854891544417 17.447977072435624 -0.00040160261657002982 0.99094519955074722 0.13426634054247602 0.23889994402916434 -0.94769235157864473 -0.043232954444894035 0.31624376422200695 -9.0935433096132794
0.32041726666668069 -0.1184874950476177 0.93983694795384276 17.452021591473756 -0.0064005599706960931 0.99185292239671319 0.12722740728774243 0.22511125091786754 -0.94725488019535431 -0.046781340836281514 0.31704841601188438 -9.084876294310261
0.32408863367216101 -0.10659413215450812 0.94000225984554919 17.450019873461002 -0.0097819932363797119 0.99320112016687745 0.11599934270323826 0.21602417193624404 -0.9459761467039407 -0.046789164231552077 0.32084249091676997 -9.0825419097614546
0.33059283808103079 -0.091275533560577105 0.93934932393799131 17.463531113754815 -0.0098550206337973748 0.99492414328266299 0.10014403467789063 0.22417798064687461 -0.94372202156028795 -0.042364207610801542 0.32801527393655339 -9.0888464039755519
0.3401415158025165 -0.074367519242498778 0.93742904868010313 17.48562126297864 -0.0088142687487304684 0.99657212002456552 0.082257633421878917 0.23557328809741565 -0.94033295055208599 -0.036241987686378804 0.33832005621090333 -9.1057428582204416
0.35032389331906788 -0.057463106772593288 0.93486424743371799 17.510274770616054 -0.0067954889775734915 0.99793404725580748 0.063886294752470457 0.23047503986430473 -0.93660396705295135 -0.028733755196378354 0.34920965080161892 -9.1124633161831348
0.36167330100481443 -0.040104344333138281 0.9314419278226046 17.536536518508345 -0.0050937412148343237 0.99897445516217065 0.04498990702235954 0.21785922120823895 -0.93229098308452885 -0.021016172321651195 0.36109810766636463 -9.1196255635232522
0.37823409119198992 -0.022289205980085554 0.92544160461746428 17.583849515298944 -0.0005233717431644433 0.99970477525510748 0.024291735511350887 0.21326930580265405 -0.92570983485225444 -0.0096723124904175336 0.37811076158832058 -9.1632155675477414
0.39442912118886164 -0.0030343710193850479 0.91892135732645763 17.643914932955227 0.0031620583016014345 0.99999310949564135 0.0019448260939209092 0.21514170355265338 -0.9189209268187768 0.002138586859362592 0.39443599823135489 -9.1924065193808566
0.40873794247709228 0.019776361537803773 0.91243749917674877 17.694866088298635 0.0061321696798524918 0.99968311842014235 -0.024414324500120044 0.237701755967444 -0.91263119104850399 0.015574282330359228 0.40848714894753246 -9.2063703091728257
0.4257178524810612 0.036326516359571452 0.90412648135539719 17.771595156276302 0.0095678434440518313 0.99895723912520251 -0.044641805196285564 0.2175670062040963 -0.90480537490155521 0.027655354066270454 0.42492636413939489 -9.2407396199657104
0.43864249435249314 0.05636660989962864 0.89689217157730061 17.832288767320556 0.011134938894638669 0.99761346839042464 -0.068142357031731576 0.20847452567570413 -0.89859266371589952 0.03987697298504992 0.43696802141748758 -9.2479075785318976
0.45316942158124252 0.072727523362295848 0.88845269018069228 17.901491137855611 0.013097283463073419 0.99601553046959124 -0.088212948195073693 0.18383999617414404 -0.89132818675817183 0.051611727436364344 0.45041124883979577 -9.2781392315789741
0.46740670997467582 0.092048568599730554 0.87923718557019082 17.987175447541293 0.015521107611727676 0.99355674486466539 -0.11226793822118265 0.20614189518823978 -0.88390613907199134 0.066121522613070652 0.46296639355159974 -9.3138973038075701
0.4779456648479502 0.10966019364812739 0.87151740279933954 18.059116057443333 0.017671772640203819 0.99077535907098635 -0.1343573455733294 0.20751464460481342 -0.87821162022874877 0.079616768251501602 0.4715988976963188 -9.3330074834188022
0.49169364720643371 0.12384737553510052 0.86191599641142691 18.167331814025914 0.019178839597613389 0.98805357114689674 -0.15291276158500736 0.19821964692933061 -0.87055702249107392 0.091716782089931989 0.48344441508258607 -9.3859380430317074
0.50310757797321615 0.13465520220431854 0.85366898825319781 18.280153164372042 0.021281516577938288 0.98555707444876695 -0.16800104183049136 0.18186750699893681 -0.86396172486868139 0.10268996797789773 0.49297556576227108 -9.4350575484514909
0.51138836325247272 0.14537217327927476 0.84696450525746225 18.386375601836086 0.02050797677585452 0.98324249468254876 -0.18114529952223182 0.17191026824334193 -0.85910497892778981 0.1100051266373462 0.49983748088251978 -9.4773522142607867
0.51853918411599453 0.15315148033713907 0.84122633019114523 18.508109472759841 0.019255944093708597 0.98148734258031589 -0.19055656633055104 0.14544732359163226 -0.85483701554938463 0.11500965361730565 0.50599056949853183 -9.5310932885185853
0.52319183851970097 0.15865298970077638 0.83731686294101393 18.635636884786663 0.017525448448540058 0.98030763430795198 -0.19669723123171867 0.11565690375338605 -0.85203471687663812 0.11758473955642368 0.51010848871626835 -9.5804225695213479
0.52632566434275185 0.17269948467665566 0.83256001768435806 18.795091799727238 0.015190402499585377 0.97709022744596719 -0.21228268676811263 0.18815361023798793 -0.85014736765225685 0.12437674791537848 0.51164428839959974 -9.6434219164944395
0.52597336792817184 0.17670480473397493 0.83194196204676663 18.933436300841134 0.012017098798416932 0.97653695576177146 -0.21501433293620492 0.17626959387181079 -0.85041613670412264 0.12308934159974975 0.51150895243169991 -9.7012708111614501
0.52353211051129711 0.17971201279977794 0.83283715198052943 19.083046337050501 0.0072119611704668666 0.97653181916472631 -0.21525239551490719 0.16631475391547712 -0.85197542034947393 0.1186979301179376 0.50994968821056696 -9.7505312539523352
0.51793381744240496 0.18004906353987016 0.83625767289033193 19.233369305032049 0.0026793336271218643 0.97725188482709691 -0.21206502487020606 0.14951583000474492 -0.85541649617063864 0.11207626118095813 0.50566938780080961 -9.7946124124847458
0.51128649068842802 0.1821548802867852 0.83988435157896546 19.397947820113849 -0.0028799219738816907 0.97763745117279344 -0.21027772139194442 0.1620197277192838 -0.85940550992470177 0.10509335684081464 0.5003774134181046 -9.8431534301468417
0.5030196777956969 0.17725824324250225 0.845902310525805 19.566973387606268 -0.0096710511100168636 0.97983526268350296 -0.19957286582193007 0.11916689801633727 -0.86422084823310119 0.092208314183334708 0.49459069165798775 -9.8966192026014284
0.49304389303746343 0.17421489488830275 0.85238306525735263 19.743729344574763 -0.014783327317888062 0.98128184450176315 -0.19200884064185622 0.12066314114226671 -0.86987882648784753 0.082067728433746573 0.4863904965949174 -9.9548675547400762
0.48141725095553867 0.1700842121793848 0.85983067591807294 19.933410454742663 -0.022237031881596456 0.98304574529832134 -0.18200707970835836 0.12063332788524052 -0.87620941840150812 0.068501265814478685 0.4770373483138457 -10.008160361439279
0.46699802174250726 0.16202471245781558 0.86928754750171544 20.124759795184584 -0.029571947806583732 0.98538140672106889 -0.16777658713697835 0.097480250701531379 -0.88376373969037092 0.052644808304044409 0.46496255394076746 -10.048755626217286
0.45286267378141776 0.15174683056384086 0.87857173759993812 20.317146069944283 -0.037254113789862146 0.98776957971784918 -0.15140471719783216 0.074532571197009345 -0.89080162196825707 0.035835133568224729 0.45297716664404875 -10.115259453750042
0.43603970933585268 0.14205076247023177 0.88864557207242689 20.538753188280516 -0.043061018728335794 0.98962587337756625 -0.13706341381917783 0.090204752301830379 -0.89889661282506961 0.021499107500430562 0.43763302872189835 -10.174474238837412
0.4201461333881672 0.1285862162253408 0.89829995635969073 20.750372345722582 -0.050028223567467785 0.99168637532310111 -0.11855509202566097 0.075213628216054415 -0.90607637837306843 0.0048701124606506455 0.42308613609874379 -10.259499606914364
0.40179973447866013 0.11432513379760952 0.9085630067062147 20.965439848677303 -0.057893734204786246 0.99336266507491744 -0.09939281249206619 0.070372172597356578 -0.91389566631684171 -0.012664099550151546 0.40575156397712142 -10.322590786498232
0.38460162117853325 0.098375928062173712 0.91782556608799593 21.189270099502288 -0.064536012287737393 0.9947374756203331 -0.079576741039604243 0.070027533065318767 -0.92082392242211064 -0.028627458399118292 0.38892643587285991 -10.416656697891042
0.36693868907124338 0.079016261884902531 0.92688317970519574 21.423363585581221 -0.072131117790727853 0.99580286859631262 -0.056336034131052426 0.051118707879676734 -0.9274443920305615 -0.046185249302038628 0.37109813046951745 -10.517400680745794
0.34633318181385275 0.058394230008320822 0.93629239080344351 21.65729155984058 -0.080133884804150624 0.99625438402205002 -0.032492504105420997 0.03693509708893912 -0.93468277382269549 -0.063775514255715773 0.34971530721507049 -10.599102748571028
0.32548595829995319 0.036003791337062038 0.94486116332449543 21.885677204641421 -0.0884927366599432 0.99604880918160588 -0.0074702935911998792 0.011887292415542813 -0.94139679546299471 -0.08118187443796844 0.32738597519555235 -10.698583035365523
0.30385323422779409 0.012808723677945513 0.95263274594517866 22.117605366299244 -0.098370839325485848 0.9949870545177385 0.017998314157560591 -0.014361430818416841 -0.94762671449242541 -0.099180128754992228 0.30359003942888907 -10.800540250312483
0.28255298890579195 -0.014688578355552139 0.95913922562175302 22.340395640531849 -0.10665257794525108 0.9932023765586776 0.04662903404346707 -0.078702032101797673 -0.95330427255836603 -0.11546984395974333 0.27906572533701979 -10.938164993556708
0.25964733757094982 -0.043291067837820732 0.9647326798330087 22.540554894643829 -0.11265634364156306 0.99081594547474783 0.074781751987337636 -0.13439100951239891 -0.95910990419744457 -0.12810013910391677 0.25238570885041389 -11.102397162228863
0.23947554093722323 -0.073141795388971115 0.96814345169510008 22.747882609463666 -0.12159130849962843 0.98704848054027472 0.104646312694156 -0.20753351313684551 -0.96325854213195161 -0.14277806144647284 0.22748056220128943 -11.287661770278801
0.21884516829860645 -0.10405755910658807 0.97019524669271273 22.952893349032937 -0.13000079757431812 0.98232399306514517 0.13468246091674257 -0.26411942097042368 -0.96706079692147384 -0.15560076169905998 0.20144929390860755 -11.489295056554104
0.20023196803600829 -0.13634377235590189 0.97021520020879359 23.152301924670315 -0.13732208571810911 0.97658893942823577 0.16557985433156427 -0.32798866312924735 -0.97007721535476532 -0.16638635498800902 0.17682131410932622 -11.704130714635511
0.18044946356230707 -0.16750047918065947 0.96921699354392532 23.340969110563897 -0.14655953034127406 0.96981346066070195 0.19489011156920785 -0.39418221818489196 -0.97260387371540991 -0.17721580345884105 0.15045352717107241 -11.897453706428482
0.16227161153562042 -0.19937615872595019 0.96639384901877223 23.513370584003415 -0.15499840085947533 0.96206593511231686 0.22450975975994611 -0.49167985910965478 -0.97449649554046025 -0.18622106172006439 0.12521300392217216 -12.094210263599226
0.14413601740031945 -0.23167995514432502 0.96205467977256809 23.69048509070624 -0.16342644907943457 0.95328336896087174 0.25405238476325614 -0.59172453846215112 -0.97596957136442619 -0.19384327908631269 0.099539835863859616 -12.271175993318204
0.12719317457981583 -0.26549484272752638 0.95568529591356322 23.879544388119506 -0.17205377517752668 0.94299892419083009 0.28486931639279484 -0.68653046955387476 -0.97684154026508818 -0.20066269573596182 0.07426363681174819 -12.439288683245787
0.11046469524813585 -0.29669941397542743 0.94856049298417167 24.075907296279286 -0.18080176831974426 0.93247752955391594 0.31272412354898255 -0.7500839603542131 -0.97729640932328732 -0.20604638949436535 0.04936206742171878 -12.592831857055181
0.094425690406305329 -0.32829883478423921 0.93984236128757448 24.271866953857515 -0.19069269397295213 0.92061484380370473 0.34074125936495914 -0.81426908623715843 -0.97709778704929573 -0.21139580044927841 0.024325502991270009 -12.73351896636515
0.083516500968883967 -0.35608455510533549 0.93071412564833778 24.495243030040069 -0.19473063228045911 0.91013914741662627 0.36568663250300693 -0.83202130238811456 -0.97729472264899053 -0.21177941815760082 0.0066710664260719588 -12.921789844659218
0.069005089408565312 -0.38405640211940478 0.92072741765780708 24.690211053262232 -0.20319307534021319 0.89817005781671244 0.38987577685117858 -0.86604606887182634 -0.97670408608211645 -0.21398884838379215 -0.016059296307000981 -13.052331854309895
0.055555390671107707 -0.40926538000261192 0.91072248643519205 24.867803678444357 -0.21169568154322727 0.88656534776406004 0.41132325798566227 -0.89390478398072604 -0.97575536738637991 -0.21564724175214683 -0.037386229301201945 -13.186328293870059
0.044030203307300009 -0.43531534341842182 0.89920069671971425 25.050009333463272 -0.2196193282452843 0.87383802699444357 0.43379079432319473 -0.93814749580969281 -0.97459155129613562 -0.21658174983816073 -0.057128397310203693 -13.311948795517432
0.03321669758549195 -0.45927259544327337 0.88767411479456448 25.226376025125393 -0.22673951454807492 0.86154363567949377 0.45423755498930635 -0.97264618780974221 -0.97338884498643075 -0.21635906936146479 -0.075517610932971158 -13.436308242696533
0.023693872918747805 -0.48234634681696975 0.87566009507024678 25.401517235113701 -0.23409517612886607 0.84887703399159631 0.47392745191097063 -1.0182369108439728 -0.97192491937356218 -0.21621698100277353 -0.092801768446193256 -13.554494918993717
0.014760430005887892 -0.49986862754349565 0.8659754528298268 25.568082627033771 -0.24092361398398196 0.83877528909551868 0.48827433541773052 -1.0277685758054587 -0.97043183270693401 -0.21584107486878204 -0.10804947231962925 -13.664520648403695
0.0086860814106433093 -0.51865717373125486 0.8549381779560643 25.740859120127165 -0.24588888069242773 0.82761130020301521 0.50457724297484885 -1.0657624941521819 -0.96925910382185898 -0.21460259064927784 -0.12034333278194453 -13.780791526475829
0.0033744834950675262 -0.53403485820992913 0.84545572508431377 25.905301699762191 -0.25055275792933479 0.81804100259131407 0.51771829557530791 -1.0954323739390983 -0.96809706556478414 -0.21357829547053372 -0.13104344069336604 -13.889972921928168
-0.0014654712913844126 -0.54599528027557465 0.83778696952786924 26.060005458024079 -0.25519908831058497 0.81025161441252724 0.52760377810184378 -1.1143017329755447 -0.96688741729290306 -0.21302928263196591 -0.14052489822792835 -13.989866244110418
-0.0075396105413123582 -0.55297614072274848 0.8331629744919421 26.205891694604698 -0.24981964079744381 0.80780838346298878 0.53388740636837362 -1.1141397343285568 -0.96826303313961215 -0.20411517189637796 -0.14423486144823183 -14.107580424958879
-0.012254279513337574 -0.56047552293111136 0.82808032269140841 26.353608552821154 -0.24776336693776285 0.80401951042253272 0.54052376530877377 -1.135339561300778 -0.9687430756590073 -0.19854423954123723 -0.14871798246251 -14.201339767692508
-0.015132022801054301 -0.56546897076575142 0.82463074462881281 26.492022409227637 -0.24692323790000822 0.80129497955384421 0.54493602406776187 -1.1547298563050943 -0.96891688831959399 -0.19537450919433208 -0.15175264309444336 -14.285447307669882
-0.014775612611002575 -0.56892397457910659 0.82225737602108606 26.629327280849132 -0.24682923645784946 0.79897260149459082 0.5483777075069709 -1.1809751628027312 -0.96894633974312772 -0.1948545437244868 -0.15223237989441474 -14.37082202106593
-0.011161159320548286 -0.56937999362048575 0.82199869305696427 26.760920200806865 -0.24649125168147917 0.79824898266947208 0.54958222725234729 -1.197628200227558 -0.96908074553523116 -0.19648151193404589 -0.1492565713829459 -14.462281458018177
-0.0053169722744534909 -0.56909513359003761 0.82225449754316959 26.886613867822533 -0.24810177022366756 0.7973071308632822 0.55022436395205521 -1.2226270329167999 -0.96871938218336251 -0.20107726872697093 -0.14543276997838706 -14.540726056954295
0.0032325991496282569 -0.56635062950279891 0.82415806418703541 27.006659954474383 -0.25027674053089111 0.79747437297877843 0.54899560798911429 -1.2390407821744951 -0.96816894365186656 -0.20804227672251549 -0.13916647456963727 -14.616876895200832
0.014686738803594057 -0.56063251913056256 0.82793446491653833 27.119422154010984 -0.25132793048179591 0.79937018528899273 0.54574864015476854 -1.2482796093486312 -0.96779056156952303 -0.21609832337239643 -0.1291624696751601 -14.697227600351516
0.028173395368906173 -0.55419589223365684 0.83190935373075858 27.231460787686846 -0.25324702409167538 0.80113091763646627 0.54226856592989414 -1.2613429308450499 -0.96699131567046548 -0.22595611485041625 -0.11777788238717779 -14.769374605314134
0.041482542788125909 -0.54608982778642323 0.83669892950333469 27.34053549261218 -0.24957449332079212 0.80521028026519359 0.53791168126275002 -1.2773746817846343 -0.96746667690804811 -0.23113265572705871 -0.10288792217289555 -14.846399201972147
0.055685584991374881 -0.53748988756067917 0.84142957898696247 27.447947664544554 -0.24545812665607217 0.80950452730895894 0.53334109941461527 -1.2964857622505097 -0.96780650115746791 -0.23623513929199325 -0.086853527740861303 -14.913649620544831
0.072684739982391999 -0.52659447367207857 0.84700365339927486 27.550586529793765 -0.24043298344934932 0.8149519675049659 0.52729998210641926 -1.3116766148326813 -0.96794055036625948 -0.24197427747141143 -0.067376108516680411 -14.984456135000576
0.091523589590065013 -0.51155128271091432 0.8543645110287339 27.630899356768939 -0.23362126923217233 0.82298982215014116 0.5177922896293724 -1.3089516646596546 -0.96801060692065677 -0.24698793046239584 -0.04418627722499946 -15.061310577670621
0.11325953503667496 -0.49804727833549473 0.85972157485193013 27.729152666113102 -0.22821494365020606 0.82911365751236232 0.51038072301097603 -1.3257331950624143 -0.96700062937829057 -0.25400679413960486 -0.019756804218066248 -15.127102156512002
0.13685444881473585 -0.48272559189615449 0.86501263734590728 27.817494384678202 -0.22270835424734928 0.83587994392253162 0.50170280873890138 -1.3363606898664138 -0.96523150010142744 -0.26130580222523336 0.0068868668765402763 -15.190110598852035
0.16232263019366144 -0.46594206143203126 0.86979845890613139 27.904203087592943 -0.21644398396697909 0.84320750426491853 0.4920905471108234 -1.345212663035025 -0.96270627167974454 -0.26814007559444852 0.036021303817178829 -15.246084291280521
0.18995047361705675 -0.4477062585946765 0.87377223782162627 27.983505683659608 -0.2105632491433331 0.85068960847277897 0.48165372223894692 -1.356752042323573 -0.95894834880866164 -0.27547467406566911 0.067318409559012582 -15.302085864142414
0.22041902317710349 -0.42808896655352469 0.87644468789352981 28.059469396505122 -0.20543753348586233 0.85801369207797595 0.4707525082694361 -1.3674522487052436 -0.95352549732919933 -0.28381744294855366 0.10117699847913952 -15.357127669297716
0.25215931207946241 -0.40717492009915002 0.87785207510939056 28.128044328545968 -0.20062022981010927 0.86545979664568329 0.45905431463057988 -1.3735412815252721 -0.94666108229004076 -0.29186970523208344 0.13654622091140256 -15.403138334949539
0.28701352274224334 -0.38533817709403673 0.87700497549154932 28.196613357968964 -0.19598023683120327 0.87253858276333507 0.44751331640626768 -1.3809531562081017 -0.93766464396108784 -0.30031801621480453 0.17491170516043586 -15.448475501309774
0.32319880774879695 -0.36195587158619491 0.87437433499276185 28.255197320753545 -0.19143730409359941 0.87985203846843796 0.43498522848978355 -1.3826795766396542 -0.92676549853300605 -0.30797457269588419 0.21507527357103751 -15.49214707913627
0.36147863749137932 -0.33823168472359605 0.86886852980552487 28.316675962463325 -0.18747305269431108 0.88648390325963167 0.42308408593924229 -1.3892342418792842 -0.91333840888843187 -0.31582529460226266 0.25703566705525904 -15.530340545837953
0.39956026276124423 -0.31382418663673878 0.86131642054703383 28.36533186354454 -0.18401883931656898 0.89299326582395699 0.41073116995140074 -1.3950835162057571 -0.89804713862845098 -0.32261030218338194 0.29905506136228288 -15.561642698101508
0.43893924736897427 -0.28889391835223494 0.85080705277886048 28.415043379498826 -0.18097724850601882 0.89906946091313089 0.39864939480270484 -1.3997446097910768 -0.88010202399628035 -0.32895958474022963 0.34235364605212926 -15.593273848640919
0.47872813994784613 -0.26484098815877483 0.83706548072009246 28.462760144492091 -0.17746144060338317 0.90454858980488939 0.38768451836636175 -1.408375237695751 -0.85984115109771742 -0.33414233445205604 0.38603380060026216 -15.628061283151975
0.51809159852505693 -0.2394324513231835 0.82112922051959802 28.504053703851067 -0.17542841556620245 0.90986474997664091 0.37599336132686773 -1.4114135794816618 -0.83714154511031347 -0.33884839973551018 0.4293900271862412 -15.655197574698713
0.55737976067594841 -0.21576492815063641 0.8017314376828274 28.549349832598651 -0.17170306580265493 0.91481020803772228 0.36556851678440322 -1.4175309108990721 -0.81230896805513098 -0.34142023819646372 0.4728491951638264 -15.682967506666841
0.59535758868293254 -0.1922441559312516 0.78012276348528931 28.584893260617029 -0.1691212445603667 0.91921492175867159 0.3555867436428865 -1.4258686989768246 -0.78545995839125804 -0.34363659893334975 0.51474900838906279 -15.710454028990496
0.63164950935155817 -0.16960462792879258 0.75647416844269799 28.617610482973401 -0.16578248877865701 0.92365376329378424 0.3455139533616326 -1.4292303928084542 -0.75732097802073994 -0.34365388945618791 0.55530796906882585 -15.73796443133436
0.66564747797182777 -0.14740485547546037 0.73156356091046781 28.643725823695092 -0.16315474110955477 0.92783773749671639 0.33540671330557564 -1.4288942147147667 -0.72821285729051721 -0.3426206961922077 0.59356304889838607 -15.761837042331662
0.69922485645461241 -0.12749187774638573 0.70344183926229986 28.676147194914687 -0.15881426978903859 0.93168224391643761 0.32672040658980295 -1.4333042567614434 -0.69703846940280212 -0.34016763144004797 0.63120785379545663 -15.791292851015838
0.72944697787126311 -0.10990672821378435 0.67515007040496 28.698829723070137 -0.1546526981462964 0.93495270555294152 0.31928980775355992 -1.4405995942504641 -0.66632548310157824 -0.33731876537271993 0.66500105345546057 -15.810919949055823
0.75678629622401161 -0.093328646096539805 0.64696542849315331 28.718098734835412 -0.15070087085086611 0.93818023218168956 0.31162012044844228 -1.4400365890815814 -0.63605325985512662 -0.33332809026737897 0.69593723486128323 -15.825834019060702
0.78085089027402121 -0.080359724784907161 0.61952740196924505 28.724883093146211 -0.14619794190280871 0.9406479543058236 0.30628024396564046 -1.449525618434552 -0.6073697794109052 -0.32973283229421246 0.72275736617870967 -15.835476791621291
0.80231405112353549 -0.068352070955251684 0.59297568058552719 28.730077986462543 -0.14140697864643287 0.94337778115505022 0.30007070568961142 -1.4474701132810002 -0.57991053599656928 -0.32460184290774191 0.74721978950043177 -15.842690992606119
0.82186981576141949 -0.058476681825153642 0.56666611300042469 28.732415409557142 -0.1358303021313069 0.94591319029079923 0.29461562323950202 -1.4466837227269242 -0.55324509483881401 -0.31910611732870631 0.76947459407064878 -15.854472945202234
0.83825536425031322 -0.054096869852967328 0.54258775601526965 28.734872927617175 -0.12794941793600662 0.94777001096737745 0.29216596783460996 -1.4530229140510349 -0.53005366780677199 -0.31433347735010397 0.78755163275913531 -15.851281572285096
0.85181034196311689 -0.050338999506795282 0.52142605080043014 28.719482859281683 -0.12066550683621451 0.94975151675133451 0.28881116995105832 -1.4506625449140986 -0.50976364796309026 -0.30893048013621849 0.8029339833748278 -15.852380506199705
0.86323624559273937 -0.052197078456208627 0.50209426335658136 28.71895751622781 -0.10957400120310129 0.95154972985972353 0.28730932784062191 -1.4516361042666586 -0.4927643681875693 -0.30303230290601629 0.81569277356133418 -15.852236316591545
0.87235947808693926 -0.057334482181205432 0.48549119265430146 28.726462358788964 -0.097244757346082789 0.95290088816686858 0.28726878441538772 -1.4537409876606271 -0.47909539567875675 -0.29781312006660499 0.82569664366255568 -15.853720637923091
0.87886882773002251 -0.066382716153231283 0.47242239430468957 28.729849649560062 -0.08324992743423458 0.95373629212676903 0.28888844674454717 -1.4615811583479641 -0.46974358242199621 -0.2932241805793 0.83268274072238779 -15.857869292735781
0.88249313855407296 -0.081323766306574327 0.46324108781356543 28.745403001172807 -0.065650901584686602 0.95399541298211299 0.29254522920431536 -1.4730962330879165 -0.46572075273290064 -0.28858135255556844 0.83655542759048496 -15.858500965365744
0.88384802307551569 -0.098194538259952391 0.45735162048627026 28.757597680184436 -0.047966624167584133 0.95353964347888287 0.29742453039406597 -1.4838873990410579 -0.46530836557219596 -0.28481569649525934 0.83807406830091813 -15.861470471199912
0.88372794811640809 -0.1164164453083901 0.45329033188423706 28.779383118464178 -0.029443041969718368 0.95281839078036323 0.30210961830151722 -1.4894258306905619 -0.46707389243837272 -0.28032895935396623 0.83860458712672792 -15.87326951820571
0.88137950337103033 -0.13651781811194916 0.45225330996620544 28.801878574919808 -0.010149213423012629 0.95164144563337694 0.30704324193785909 -1.4880615341725154 -0.47229986714409528 -0.27521163545673227 0.8373717162675729 -15.883493399264546
0.87687697440943768 -0.1598806512196454 0.45334859558195673 28.826627305050785 0.010866317777630835 0.94942314835700259 0.31381142187917999 -1.4943351187181155 -0.480592025410853 -0.27024778024890278 0.83426461172821831 -15.898213621497934
0.86998854195118436 -0.18415634209146886 0.45739083784127366 28.845647786747147 0.031314069886083963 0.94639820220212023 0.32148074887271916 -1.4953496526254817 -0.49207658540192895 -0.26536179931573561 0.8291222766052625 -15.914508752410454
0.86102934685588906 -0.21214129570367168 0.46219534237169502 28.879887985891393 0.05377761297214953 0.94172541927630127 0.33205602393555872 -1.507821783200413 -0.50570389774643687 -0.26105421916920241 0.82226167517282434 -15.928372192003136
0.85045428051435534 -0.24032925090027477 0.46794162874927364 28.919582428441689 0.076446512245119377 0.93655992855176562 0.34206933653379168 -1.5105413715728941 -0.52046464579293672 -0.25514182603568625 0.81487373321687617 -15.950491646348077
0.8374814348407027 -0.26868762616399622 0.47584851144404605 28.952042624130339 0.097934517461018861 0.93047276745371466 0.3530286947497368 -1.5146335972008262 -0.53761852329215298 -0.24905298346613333 0.80556746138345403 -15.969230042685522
0.82197199005577182 -0.29895259297759108 0.48475704710269957 28.994827645373526 0.11942145372315342 0.92270532324887622 0.36654249799830241 -1.5219867335768258 -0.55686673805714315 -0.24339727525213087 0.79413928403362322 -15.983073967290016
0.80561861807736279 -0.32877429264587721 0.49283476612585203 29.044566003383814 0.14118826780568866 0.91445959485639083 0.37924862875047388 -1.5225827355024366 -0.57536468021694676 -0.23594726925796089 0.78312474797350262 -16.01031686978606
0.78751140052447255 -0.35809280474424837 0.50159280022183472 29.093686999944861 0.16086326369237688 0.90509752546055988 0.39360066031373481 -1.5302603094002363 -0.59493596667054904 -0.22927715236274379 0.77037859716259682 -16.0375528240222
0.76688397337310643 -0.38777811932355788 0.51138742803999504 29.138556439939187 0.17906180408247691 0.89445871933591359 0.40973219268527822 -1.5445999847803231 -0.61630012307495552 -0.22264709649542211 0.75538230633233194 -16.061199028225086
0.74589809781505889 -0.41641802719960214 0.51983848866649762 29.198103336938136 0.19671689808297527 0.8833804614260381 0.42537209873160742 -1.5480862164147824 -0.63634777416479527 -0.21502322431289012 0.74082826844120853 -16.091951364627167
0.72325007891070614 -0.44540228865731196 0.52775574332685959 29.254154616595411 0.21307622791580752 0.87085446363099339 0.44295713592981628 -1.5619644612714143 -0.65689256690331665 -0.20791658046630968 0.7247501991130243 -16.123290466083478
0.70024574635836967 -0.47293826508341957 0.53477592702635268 29.312437045560877 0.22775311210083773 0.85793932150570684 0.46050911016255763 -1.57450720366034 -0.67659767560596373 -0.20067266389374649 0.70848152222227667 -16.157041384029071
0.67744495134001625 -0.49813665871952367 0.54122842418305384 29.378439136101072 0.24080082226744598 0.84543320752869011 0.47671548706023031 -1.577766146186353 -0.69504194254681118 -0.19262025035675651 0.69268617515672681 -16.194606343379391
0.65430488347306937 -0.52237621123285316 0.54681643483101605 29.447526620514555 0.25193512332304518 0.83234730939416468 0.49368679360551754 -1.584689460492696 -0.71303142504345152 -0.18525941401803153 0.67621382448024558 -16.231929586372143
0.63157084891396842 -0.54493100712318643 0.55151469633890904 29.517284326511991 0.26131523484214997 0.8193315964619563 0.51030391246637907 -1.5915649850036717 -0.72995384158279575 -0.17817388280781138 0.65986472601867951 -16.273732934579755
0.61663815916553455 -0.55798180389675545 0.55535005823450101 29.587878624344462 0.25878481246820811 0.8099007068473163 0.52639459142739276 -1.5957911291752664 -0.74349700839797284 -0.18087883117805739 0.64381289745928871 -16.314789360935702
0.60224351122633735 -0.57162090875921157 0.55727218650769372 29.663410407243479 0.25692249603928152 0.7997066766925246 0.54264174395483378 -1.6065526940461619 -0.75583965509538986 -0.18362670808651749 0.62848042758911038 -16.361027992044225
0.58736938429533803 -0.58407638598274514 0.56022493851117594 29.739126228402586 0.25394267000238469 0.79026712141625022 0.55766566790554151 -1.6134139165002843 -0.76844669739974514 -0.18529072331287655 0.61250062947691375 -16.40190444148967
0.57317960405675339 -0.59614891368038125 0.56220246727584267 29.820376584899854 0.25159711192336082 0.78098426644175578 0.57163140995072748 -1.6185996535736693 -0.77984872556487994 -0.18619894813917195 0.59763359757187229 -16.448369198056213
0.55946696815934793 -0.60824846560458634 0.56305462934625938 29.906771535710252 0.24995420961576215 0.77150414843473036 0.58506772432203202 -1.6282933065241956 -0.79026552792966176 -0.18658819104559626 0.58366535131733255 -16.498913300934273
0.5459974391921123 -0.6191398762686432 0.56440465094620274 29.992557233798767 0.24744151254697844 0.76280620362284079 0.59741057371205997 -1.6360634712917528 -0.80041207778501144 -0.18652750287439765 0.56969114123999021 -16.548166004411236
0.53387032135550361 -0.6287360272155188 0.56539675278251977 30.083270436182609 0.24550123799911147 0.75511271397989355 0.60789302621992891 -1.6411443761161397 -0.80914252274656473 -0.18573044248901693 0.55748774032812509 -16.604088049039667
0.52154456480145595 -0.63781612950451583 0.56672908154597013 30.175233905574302 0.24375523018303094 0.74791984329718209 0.61741339130337647 -1.6476326759221873 -0.81766414540719456 -0.18386542074625492 0.54554454664062502 -16.658882687739858
0.50990230629250111 -0.64637506458275529 0.56762568116957801 30.272961475433821 0.24296259322855446 0.74119906316944362 0.62577402235023727 -1.6563103583554428 -0.82520834722465364 -0.1811718097342358 0.53498407362124101 -16.71708350318745
0.49885945626150652 -0.65302200723228954 0.56982585143953024 30.364763622114463 0.24091426330830468 0.73605070400530637 0.63260546857256117 -1.6663273460461592 -0.83252601198586629 -0.17830204486658149 0.52450816977746373 -16.773460539060846
0.48941191591581057 -0.65810845972762166 0.57216189299406606 30.464974357659759 0.23965551906916152 0.73234852710191112 0.63736242988691461 -1.6714068931135941 -0.83847552661917713 -0.17481101248662448 0.51613942028689774 -16.835744669617544
0.48006989797140376 -0.66287668235935238 0.57456713884974697 30.567792172624202 0.23961396241917185 0.72915939212829528 0.64102396982084742 -1.681798620298163 -0.84387086812824019 -0.17006200297348414 0.50888198343932056 -16.898787965702379
0.47143743030369423 -0.66652911347138144 0.57748219903621589 30.674593905040009 0.2397304324470329 0.7270149934553416 0.64341162489489423 -1.6951082115459402 -0.84869079709126571 -0.16488826576255772 0.50252939291787513 -16.961781407482537
0.46328007748402422 -0.66873588746401857 0.58151860041112025 30.781541067917395 0.23993669484901786 0.72632678000157025 0.64411162939158284 -1.7108104972684997 -0.85311309465470397 -0.15887643459702275 0.49694700548289061 -17.023604781734289
0.45728415540391054 -0.66911393218536031 0.58581374768093097 30.895972507615081 0.24143937938939258 0.72738688199028134 0.64235142250058219 -1.7190515791521999 -0.8559195215068981 -0.1522986200328211 0.49417294851043925 -17.094352393404151
0.45249405229816675 -0.66747339528323069 0.59137838920936248 31.010398710304152 0.24269240163726563 0.73029495635258934 0.6385684574996684 -1.7309961122547548 -0.858108111383595 -0.14542538745021694 0.49244484550316314 -17.164569628941937
0.44881577538209982 -0.66460508675475816 0.5973813509207202 31.12861540960996 0.24442162703542261 0.73429921006083199 0.63329514315317059 -1.7473043279163751 -0.85954782764283744 -0.13821992896734692 0.49200892596653201 -17.235492400146168
0.44681186898638392 -0.65905401378241579 0.6049850912627367 31.249426028087566 0.24646170594855507 0.74075380135522007 0.62493234296099542 -1.757274681209914 -0.86000917508700025 -0.13012153048238598 0.49340916699135118 -17.305990702050458
0.44602462030767054 -0.65211174581857312 0.61303532446740072 31.373297252387047 0.24972256826323749 0.74841085993286582 0.61442641840545986 -1.7701966834241143 -0.85947697873730822 -0.12096055431421084 0.49665668959613118 -17.380249845792374
0.44696303389378489 -0.64261529109799376 0.62230991795045676 31.500615569407326 0.25353478192304052 0.75814239792203886 0.60078300477648106 -1.7818907748750679 -0.85787187894679229 -0.11075058519060611 0.50178695398768469 -17.457218992083678
0.45258923814782415 -0.62970930119624524 0.63137087159585437 31.633725493314248 0.25431325395189969 0.76978292163078399 0.58545625150814717 -1.7979967620137445 -0.85468576118779982 -0.1044052180329646 0.50853888747107678 -17.536746522507418
0.45901849862258381 -0.61457877698349694 0.64155665751649593 31.766227632039357 0.25525307210576448 0.78290989385829735 0.56736052671943882 -1.8127498536255497 -0.8509687932602692 -0.096669669391483873 0.5162432449116432 -17.615878013703743
0.4695567718518433 -0.59592668359592893 0.65145055513556327 31.893652430590166 0.25806258995955927 0.79826552236388926 0.54422041074225735 -1.8120710403204916 -0.84434598220838375 -0.087427361755142499 0.52861736515658952 -17.699984680378709
0.47883938947840643 -0.57623348531562069 0.66232002044703397 32.02956294581405 0.25959332012117886 0.81363469747046591 0.52020177548774926 -1.8232395148916014 -0.83864423162173496 -0.077159247489564334 0.53918670541328628 -17.785637825348488
0.48817212481304417 -0.55580670708144586 0.67287954413758 32.171991346303578 0.26116505848353122 0.82869301677565144 0.49503605542885815 -1.8368510382449517 -0.83275493921249799 -0.065930177540710608 0.54970212197756618 -17.867623026917183
0.49895350107160641 -0.53449461248487662 0.68217366776578803 32.321114477463816 0.26334674092681648 0.84344625184533051 0.46823809572832437 -1.8529791872778565 -0.825647562711603 -0.053980825046536215 0.5615978745647856 -17.95821023529917
0.51018528336766478 -0.51095382363480468 0.69183608372795113 32.471415817025836 0.26427474120789973 0.85861733362443704 0.4392438224484892 -1.8631017115836694 -0.81845576410368892 -0.041260932037887589 0.57308611716984692 -18.048657689045751
0.52195542363958203 -0.4863881876786057 0.70070612001034072 32.624750960735327 0.26513441103517554 0.8733086356128551 0.40870009915467859 -1.8766653289376263 -0.81071960616371874 -0.027541928958134773 0.58478642454404672 -18.147311570242568
0.53343543547378403 -0.46266354663022097 0.70808832697654311 32.787467891992229 0.26660367487228881 0.8864379317918416 0.37835204984933446 -1.8919629806489699 -0.80272605334913949 -0.013047440367661303 0.59620520592692494 -18.247801331440037
0.54547095019210112 -0.43882372872246816 0.71406944872794853 32.95546064995672 0.26715698988961595 0.89857274110885044 0.34812953291734183 -1.9081370800462687 -0.79441084159875752 0.00087409738394127353 0.60738015336699747 -18.350398522912439
0.55745179268282841 -0.41648831027424993 0.71818172229568822 33.134363169211653 0.26918935710385872 0.90900126126551561 0.31820401795029712 -1.9251141767416269 -0.78535634514321717 0.01594347586324624 0.61883860312741157 -18.458976981780239
0.56952589609385673 -0.39396299618989528 0.72141070917444128 33.316386313129655 0.26882855966794772 0.91866603364028843 0.28945452862665172 -1.9457874195104612 -0.77676988818140114 0.029083952081878982 0.62911260084817311 -18.568781916196777
0.58092022760565176 -0.37118089811981481 0.72440073856227227 33.499894350592072 0.26805792797427963 0.92756639243409689 0.26031814165926082 -1.9640272933061065 -0.76855490136276783 0.042957286899462439 0.63834006226579854 -18.677951958591166
0.59173269372058135 -0.35006687545493542 0.72615811080742154 33.691062551706736 0.26789916119532781 0.93498897524798541 0.2324341962697439 -1.9803167315630927 -0.76031734072887258 0.056998235709018172 0.64704616721918295 -18.792048008056362
0.60209894737151037 -0.33112022198741431 0.72652340372841728 33.891021092846373 0.26811198357445098 0.94096156704132194 0.20665743058238453 -1.9980444696762085 -0.75205905475427437 0.070361409466732902 0.65532926855128504 -18.91021357017399
0.61176032552717374 -0.31285974505915187 0.7265453076253463 34.091158577540476 0.26706731110246829 0.94622348611488549 0.18258194233026012 -2.0171717537450826 -0.74459677373151711 0.082340113226273243 0.6624165987522509 -19.032050480585447
0.61988751823877319 -0.29828596405014751 0.72578574550789354 34.299204507399402 0.26697115921201392 0.94992489596968188 0.16238562795390024 -2.0433759916318643 -0.73787930237998145 0.093103037907810091 0.66848033587501199 -19.154914012928383
0.62742823036504503 -0.28521003644666892 0.72456128163950206 34.513824033599285 0.26669242520015018 0.95293823450571036 0.14416612486295838 -2.0635769991225272 -0.73157977424328124 0.10278110880521575 0.67396370643449344 -19.280843870501723
0.63425981399472631 -0.27279922707226845 0.72339136714516306 34.729017367464948 0.26551510543042228 0.95562831865785225 0.12757838910817976 -2.0790957196665492 -0.72609656185637383 0.11115348976950434 0.67854895517745351 -19.408307548998138
0.64202213370516081 -0.26296430534816051 0.72017869584251937 34.970678306934801 0.26425510221220572 0.9576788295715738 0.11410740705684849 -2.0819642364489317 -0.71970606554863026 0.11705141393071675 0.68434066495374268 -19.540644037639506
0.64636078684347886 -0.25866760475608624 0.7178501260575415 35.203179120145194 0.2645345084401271 0.95840422292543714 0.10715801100724676 -2.1062056202173793 -0.71570889827877604 0.12063339391908881 0.68790141531773474 -19.676275302786195
0.6484502497304121 -0.25872579172743981 0.7159422031976993 35.441760007864623 0.26532862457874745 0.9583137556901391 0.10599748409377731 -2.1395165610964395 -0.71352154459673911 0.12122586502091832 0.69006615265944893 -19.807987245847997
0.64919325556956964 -0.26108814150521653 0.71440961589856533 35.683941547140925 0.26638825198361094 0.95779977697347474 0.10796706180441416 -2.1733597670036691 -0.71245029028564499 0.12021884043241311 0.69134796902644213 -19.944637211455493
0.64903831580563565 -0.26693317802361749 0.71238749503791532 35.932801505043962 0.26887115731174288 0.95647357616233264 0.11343103133218185 -2.2099381996027483 -0.71165832067223678 0.11791936470932216 0.69255863148510521 -20.088731991088419
0.64772752504219056 -0.27415784154540346 0.71083509425314939 36.183364823043703 0.27087440860410328 0.9549197976644952 0.12147112739979354 -2.2504656115077966 -0.71209276647505393 0.11386684305611094 0.6927901803478016 -20.230481297559582
0.64512892009065514 -0.2834550815609424 0.70955048671672738 36.445172297705454 0.27346148892856059 0.95278405458516069 0.13198999735296682 -2.2803823987811751 -0.7134616251317516 0.10888416811245319 0.69218259686214245 -20.373347768224153
0.64173639091901091 -0.29472459811056634 0.70803376744249102 36.699267680382228 0.27503789729692946 0.9502429690763341 0.14626159704952232 -2.3175323024700902 -0.71591099979028539 0.10087472919199482 0.69086592721722473 -20.510199989269992
0.63786490711895949 -0.30852878513459081 0.70564746793954758 36.960620799141502 0.27784150259250967 0.94673382066181522 0.16278566353404228 -2.3501818572172088 -0.71828438637022995 0.092222890642483554 0.68961038183766266 -20.637675695986477
0.63329111254674042 -0.32194613363124241 0.7037705974315821 37.205360965457331 0.2794683010496094 0.94313818958472617 0.179966174753174 -2.3854755951909459 -0.72169234129077242 0.082710594162654208 0.68725477236284371 -20.769308851512385
0.6282080063387353 -0.33709606004840642 0.70122817047787867 37.450849944912846 0.2812496596053275 0.93871152923025303 0.19929699912965892 -2.4204769335882039 -0.72543320143470069 0.072020213760034202 0.68451425044783398 -20.891412456270682
0.62126811529328085 -0.35397562643871533 0.69909025512250833 37.711734735177572 0.28615400390467888 0.93302561827344799 0.21812629757727803 -2.4234988727785431 -0.72948051034229544 0.064532561802312371 0.68095061017519831 -21.000302059861557
0.6144883919325812 -0.37252954595618493 0.69543206251206846 37.953982051264028 0.28849444090413079 0.92654656497167287 0.24141752319706744 -2.4612585052813136 -0.73428534899419295 0.052280018447513059 0.67682481184099941 -21.10933114472914
0.60685006379624917 -0.3911102896098872 0.69192900028236892 38.188808323538574 0.29036178735811563 0.91947187251510387 0.26506887424925807 -2.4923917083026823 -0.73988041771132773 0.040052677998340495 0.67154504723992459 -21.205852343201574
0.59902830526419448 -0.40935360805123339 0.68818218014399668 38.41693045153697 0.29106034246637641 0.91197287978481756 0.28911821730970605 -2.5207454925790049 -0.74595507005158346 0.027112545295930872 0.66544416997364508 -21.295096826323004
0.59065498340096112 -0.42943371166727978 0.68316423930653314 38.656241567333332 0.29141384607339949 0.90301008267414495 0.31567508755925439 -2.5308110637160999 -0.75246572074767604 0.01262845487371664 0.65851033494333489 -21.355447283549985
0.57993414347335404 -0.45013702448301263 0.67900887212422123 38.882784696950011 0.29250516615634742 0.89295947422359412 0.34214632128107125 -2.5113864373030315 -0.76034013244447052 0.0001912691876323011 0.64952509297980399 -21.408608229348157
0.56939963685518946 -0.46905758060674763 0.67510668758687542 39.090145416665166 0.29216313064204691 0.88308860935950206 0.36714467599699596 -2.4461326510926837 -0.76839101936619281 -0.011810761823241941 0.63987166468170631 -21.450812977707152
0.55896909961017482 -0.48886152455846332 0.66975215974819036 39.289025126400375 0.29243602227061727 0.87204455875931219 0.39245313149064776 -2.3500746650630417 -0.77590896280396815 -0.023509516044605206 0.63040668151267165 -21.500567177794395
0.54899522640813214 -0.50867626186660031 0.66321391872796642 39.475827581639585 0.29125069891543115 0.86017631224497348 0.41865229276084337 -2.2353442547764431 -0.78343938614442699 -0.036676592890560668 0.62038500608217761 -21.5467695341306
0.53969300523251307 -0.52755093332416314 0.65606514375624558 39.647152143743639 0.29096289209236648 0.84816542415955765 0.44266918651006598 -2.1072746192728689 -0.78998231342755054 -0.048014851963137969 0.61124669198500636 -21.613171584106979
0.52935091839646975 -0.54377875424858646 0.65122367249714563 39.79034283721365 0.28712014476658604 0.83711715110357332 0.46561453778576539 -1.9764171424026395 -0.79834179876919187 -0.059494048072834524 0.5992585673829609 -21.664173194088441
0.51934214023975411 -0.56028399469051249 0.64526396665615338 39.934988392133846 0.28343082893485771 0.82526985789657614 0.48846353687523542 -1.8540289026533825 -0.80619520376921816 -0.070791997718716942 0.58739917132943087 -21.726054534642451
0.50905763421945038 -0.57995024810850715 0.63601732269001721 40.087560219371561 0.28406390144272126 0.81072276281992839 0.51189481511611556 -1.7369528988497758 -0.81250724608463432 -0.079914401483732328 0.57744754176934598 -21.822876386197791
0.49880979944624404 -0.5953892124762441 0.62984162266661592 40.216363909277334 0.28095994954288445 0.79853933997291315 0.53234991243399687 -1.6233320152430963 -0.81990870877754296 -0.088581082532006708 0.56559977111752813 -21.89380582327637
0.48903351880809898 -0.60984939305973496 0.62364247391180916 40.345114449013863 0.27628769723616697 0.78645459392510964 0.55240771179449244 -1.5200851494920571 -0.82735199633415091 -0.09784114409983069 0.55309654191933921 -21.951663325107063
0.48034788457419753 -0.62282833271268523 0.61753605381016441 40.468319878705643 0.27285032129860859 0.77526091476878778 0.56966939201532363 -1.4116063638906566 -0.83355780360592846 -0.10514457666565179 0.54233385109677723 -22.01948024723443
0.47317247150088648 -0.6350212105468892 0.61061925483013246 40.594485672784536 0.26838012123943567 0.76408041691743589 0.58664574234096623 -1.3222263329314292 -0.83909470427196042 -0.11370654615650251 0.53196888877443826 -22.085215951675103
0.46765850789426278 -0.64648282369427801 0.6027897466466936 40.724429914024888 0.26335442916208235 0.7528955068176193 0.60315238576544983 -1.2455649388661654 -0.84376534927361513 -0.12332199512703898 0.52235210431572021 -22.14353897757254
0.46271644849503202 -0.65568065517364216 0.59663755054740564 40.840635454612922 0.25668835347807323 0.74328535779774296 0.61776853761922601 -1.1738254932013472 -0.84853083472603419 -0.13270175324593372 0.51223594876247724 -22.190498299304977
0.4602954963302287 -0.66451841039229176 0.58867931703756193 40.970302150320514 0.25263207247538755 0.73373341869774023 0.63072363697812783 -1.1114210729493699 -0.85106115644817149 -0.14159997364345936 0.50561285134900658 -22.246528882328381
0.45914768154520358 -0.67107195562863253 0.5821046614659835 41.092823191205291 0.24843905476681746 0.72611036138139839 0.64112540049599143 -1.0524603772331458 -0.85291350241289698 -0.14975370934750751 0.50011237131111597 -22.294150956005762
0.45993601137103879 -0.67564109095459157 0.57616662664353391 41.20773536665552 0.24457740565300792 0.72016604297021913 0.64926324645451838 -1.0003428576987394 -0.85360456775262394 -0.15770220913578228 0.49647684250682855 -22.341463090722314
0.46354663841983235 -0.6757213417107637 0.57317116323684547 41.321083872148492 0.24247192384688432 0.71891121371497391 0.65143996879286881 -0.95746511482387087 -0.85225106638575931 -0.16299489302266024 0.49709233014890464 -22.38016726547588
0.46796165154106439 -0.67433287097988159 0.57121543379270656 41.428732826540603 0.24221202089304206 0.71946920178150986 0.65092042879509138 -0.92016887609199161 -0.84990895372496711 -0.16625055429654179 0.50001552333325083 -22.414743131271106
0.47417303945597733 -0.67348542151734547 0.56707787441998103 41.538086777373508 0.24295532988335181 0.71917410730284437 0.65096951623438459 -0.89639251227720351 -0.84624620314324128 -0.170897602056789 0.50463984511420379 -22.453137679848066
0.48230195983054824 -0.67130879296183277 0.56278710365087381 41.636752994755668 0.2441217344500313 0.71999624739131241 0.649622954113797 -0.87155586061289869 -0.84130220391528787 -0.17592586005063374 0.51113666807686986 -22.492779531632348
0.4921341237187572 -0.66866450410806588 0.55739733154858728 41.725415326440846 0.24356527449449952 0.72049779750134668 0.64927565860436165 -0.85459085828435388 -0.8357511360040083 -0.18376807323804334 0.51744500570242924 -22.519538569585773
0.50414500575769705 -0.66598517346352348 0.54981957212919597 41.815773797498416 0.2437922321985494 0.72050047279553975 0.64918750467107122 -0.8457699431305904 -0.82849451458004242 -0.19324289748439413 0.5255987270557414 -22.543717848591061
0.51898268977658846 -0.66312065703085876 0.53937738359261911 41.904401426505672 0.24465007924667953 0.71984515518304804 0.64959163424730693 -0.83993314571393063 -0.81902582769827881 -0.20516809395823626 0.53581969615225367 -22.575668529277298
0.53568355752841801 -0.65930008478322699 0.52760451514228723 41.985593361117928 0.24580300025360158 0.71950467229283577 0.64953361084327799 -0.83222111771983764 -0.80785147846620065 -0.21825770262148522 0.5474847614193159 -22.602204462665377
0.55842682297962487 -0.64595090005196099 0.52048719302106206 42.051175548764199 0.24665549906881723 0.72834438955009984 0.63927733808575238 -0.82481293385424514 -0.79203569878888391 -0.22860858455656044 0.56605438511776462 -22.627502786733555
0.583732812895849 -0.62955242904025743 0.51275700115962486 42.110438907801523 0.24669234629401146 0.73917664716773823 0.6267062873163286 -0.8211367849543153 -0.7735624664037517 -0.23933579625992579 0.58678742931318162 -22.645793367973344
0.61131261864681607 -0.61129636777992646 0.5026068374209024 42.168482803572786 0.24821596410375077 0.75115079783048488 0.61168726820383601 -0.81521078493813226 -0.75145573219399819 -0.24917710500303794 0.61092147850201428 -22.679438703756727
0.63858738507053259 -0.59190712321167394 0.49178461659557798 42.220180893236495 0.24951655222582553 0.76378857042373949 0.59528859375549703 -0.81594677060343357 -0.72797502827646243 -0.2574353844780094 0.63543637055533986 -22.707884982011983
0.66606513064075523 -0.57171012353590656 0.47906656780772366 42.272858882291857 0.25087084561334394 0.77656196802872723 0.57794059264996767 -0.82865840171215921 -0.70243936433386156 -0.26476224137499027 0.66066625082285835 -22.730993663745789
0.69387628395440548 -0.54936482810476472 0.46554697744378881 42.320770109505617 0.2508059318941217 0.79040203451707358 0.55889266264461912 -0.83518712891742708 -0.67500524967762032 -0.27104042036695042 0.68622518420337819 -22.753265450668877
0.72112196174303256 -0.5270899500823466 0.44962128598863027 42.371561232460365 0.2519040641283854 0.80404613089212529 0.53856676640227774 -0.84715150257532623 -0.64538938538488733 -0.27511089385844517 0.71259142382779539 -22.784970045529775
0.74685845334626555 -0.50643469569233668 0.43095980051999572 42.391127666657582 0.25422048486252224 0.81629425070534933 0.51868645764243393 -0.87911787311134348 -0.61447082578547885 -0.27782655608203238 0.73840233544735567 -22.821787265445185
0.77203526602173211 -0.48434227923736645 0.41155085294761135 42.329989972435072 0.25729509809864598 0.8302571744579339 0.49444135825751484 -0.89268207828815793 -0.58117190272170038 -0.27583614847274995 0.76560671279878256 -22.831839473293112
0.7950429254026028 -0.46478726470664194 0.38971726332533613 42.275210514795411 0.26057255617343938 0.84192073007919199 0.4725160602901875 -0.91539043646353524 -0.54773049005556662 -0.27412092738322313 0.79047392584072662 -22.815196619589283
0.81648288618680054 -0.44602270010634093 0.36663257841321351 42.22442274222626 0.26543732790713159 0.85389328766137063 0.44767094862228612 -0.92534528172278097 -0.51273650300870321 -0.26819769625540174 0.81558032970744287 -22.806044730788379
0.83586658263508018 -0.42719363026217422 0.34472113120227721 42.159418890285643 0.26756511462472482 0.86540135535283969 0.42366189773134655 -0.94450884422924297 -0.47930779825683067 -0.26188947366569143 0.83766218615459564 -22.784492397480115
0.85462372780166351 -0.4086537576747839 0.32034417462577225 42.112257937537329 0.2700310280670245 0.87673220269936136 0.39802498493309668 -0.95265999343687136 -0.44351045958292135 -0.25365872957224433 0.85962533766306637 -22.784060137626323
0.87248503178699643 -0.38684256353627677 0.29853425321782684 42.043221877530314 0.26569496200383058 0.88831389119121895 0.37457258025981865 -0.9644294854431158 -0.41009274130789841 -0.24748992252897276 0.87782269381303668 -22.760956754920535
0.88831195817072972 -0.36681637779195236 0.27631071270306451 41.972172123544475 0.26137726375175879 0.89854474953213148 0.35256100051180173 -0.97582654846729433 -0.37760268929726559 -0.24096281470764491 0.89406550708750754 -22.730950135743427
0.90226944472816129 -0.34877309575653148 0.25350971734105349 41.915707433843338 0.25688092000576263 0.90703627471577586 0.33361263358380255 -0.99766999536980305 -0.34629762061979075 -0.23588667623698639 0.90798426964729884 -22.705695973135136
0.9144238978841368 -0.33090065739462438 0.233095881375427 41.845732924330562 0.25092883574635644 0.9153201718594034 0.31499794027620287 -1.0162785882678866 -0.31759038771562309 -0.22955116624203328 0.92002315607139074 -22.669271046652486
0.92512645174776231 -0.3143881088845446 0.21284070397505031 41.784165924082771 0.24498208164301505 0.92260774916809296 0.29795758229795122 -1.0380385494385205 -0.2900428036522375 -0.22350628216447294 0.93054828670121392 -22.645257685536368
0.93278677877494665 -0.30137405462263989 0.19769295521836106 41.702066443715985 0.24018806778183993 0.92871402378175283 0.28248885664098711 -1.0551063913734622 -0.26873503202575794 -0.21601838169798412 0.93867861450589085 -22.615925393302085
0.93901955602655018 -0.29235040707728388 0.1810345626709082 41.650293316636663 0.23871188373093472 0.93315923778891807 0.2687572761709609 -1.070966050660412 -0.24750537360899724 -0.20915323667338218 0.94604228955354785 -22.601115017206606
0.94403208561187035 -0.28356797498883146 0.16850111244747229 41.584554911749613 0.23528593219819166 0.93691355554069611 0.25852179705726747 -1.0950599954497855 -0.23117947885772688 -0.2044069299334651 0.95119601321191694 -22.578295539522948
0.94746264618999432 -0.27859965766145034 0.15715204365701463 41.532975756422971 0.23491546502674251 0.93950977192706508 0.24927116308314415 -1.1133698435526684 -0.21709274139390952 -0.19925767037802283 0.95559778276720608 -22.56033872561483
0.94950473684002568 -0.27578311791933752 0.1496142593105432 41.470059523778097 0.2354036880940302 0.94144130352969146 0.2413987896408013 -1.1249026073884381 -0.20742675418104153 -0.1939895457982313 0.95882334023057325 -22.540774117802776
0.95088006985704632 -0.27423008490175571 0.14361390351715417 41.410881171546983 0.23588555182900817 0.94230824096171095 0.23751460050693823 -1.1502383349772591 -0.20046221386331867 -0.19197145504064406 0.96070904089770859 -22.520080317181453
0.95094039587811019 -0.2754275954436331 0.14089713678894039 41.344765883304042 0.23870669879951137 0.94292852663812887 0.23217430004263348 -1.1554616800355679 -0.19680313878447761 -0.18715083040207386 0.96241523847266253 -22.502177240723274
0.95075267958358567 -0.27693932784928105 0.13919034073893224 41.284131594644741 0.24096556367842301 0.94287502537302192 0.2300484376146969 -1.1740659207444644 -0.19494855574169173 -0.18517908958144186 0.96317379812576753 -22.48479125767799
0.95002193779078625 -0.27913608265262413 0.13979043271120803 41.220879842874936 0.24355249799463907 0.94283454898484853 0.22747569971561507 -1.184074937370702 -0.19529592529495007 -0.18206059596157742 0.96369779545317247 -22.469981913548132
0.94931444289823774 -0.28061030355866273 0.14163313892420668 41.151253061426161 0.24475326932996433 0.94262042956975889 0.22707391508056832 -1.1980389552292146 -0.19722557049506131 -0.18089937339426687 0.96352347716516962 -22.447359465394253
0.94807871466901661 -0.28381725730704493 0.14350789262703331 41.088328254933231 0.24759072975694291 0.94188008514503774 0.22706989176374981 -1.2077240355525578 -0.19961358002393007 -0.17974890726200046 0.96324698235091655 -22.427962828215652
0.94684048828592571 -0.2865752591455592 0.14617698378378638 41.022909212609214 0.2493577614927987 0.94086121135949674 0.2293488341859205 -1.2259128023540948 -0.2032579556272528 -0.18070639669031069 0.96230525389266885 -22.40252719931215
0.94586542753112846 -0.28845132471508189 0.14877643049713879 40.958826685397455 0.25036793884208358 0.94016978274289853 0.23107720531704914 -1.2383730243269326 -0.20652963032292071 -0.18131909134805788 0.96149305713114352 -22.37908594436696
0.94517694260098439 -0.28917647498248072 0.15171523816730495 40.894340998360512 0.24971157554203932 0.9394057332727711 0.23486378463815927 -1.2604243706606357 -0.21043924590191762 -0.18410278273549796 0.96011535201416198 -22.357601270737849
0.94489848583046265 -0.28859096273563728 0.15453836967762083 40.829747778009938 0.24775830881138994 0.93897882614799433 0.23860969062604034 -1.282714318860434 -0.21396885729053874 -0.18717377025922394 0.95874047991973732 -22.336555810833303
0.94459982234479778 -0.28776846878000178 0.15786223108200903 40.760969758994733 0.24581390363328937 0.93894658839161893 0.24073809197612164 -1.2946834227671267 -0.21750103541532953 -0.18859642765374107 0.95766627123936388 -22.31522985036074
0.94493217671079321 -0.285643239215222 0.15972201259450039 40.697483827240731 0.24293076666587018 0.93924034128932055 0.24251231701060699 -1.3080723565968297 -0.21928936140117425 -0.19035630061901307 0.95690995124458245 -22.298198781497806
0.94585146684807664 -0.2817455646884276 0.161196896495376 40.62818644782346 0.23850036268422459 0.9400786528464482 0.24365899011097542 -1.3146324589957561 -0.22018760106063015 -0.19201969492946852 0.95637119211023847 -22.274079064322343
0.94766254515368564 -0.27545395165692294 0.16143364280540878 40.557918397758755 0.23214795880176958 0.94160813661556197 0.24388817577640173 -1.3186024053888123 -0.21918719336907128 -0.19364719872994471 0.95627283590355883 -22.251383138502817
0.95044507988712845 -0.26730928950103489 0.15874474436907174 40.497366110145641 0.22470243569541304 0.94352638233907504 0.24344769709875322 -1.3230014928016607 -0.21485568531202237 -0.19571333520378584 0.95683505627276833 -22.234957341503236
0.95435365804548344 -0.25600347994564515 0.15385484597803228 40.436927833619585 0.21461249337733754 0.9460189508897674 0.24287779281726457 -1.3290022315118017 -0.20772716014418199 -0.19877213791963774 0.9577781915064103 -22.216032354207215
0.95865328921918047 -0.24191819093968697 0.14986480561397847 40.364465529739157 0.20201717357649046 0.9494314062624406 0.24035196355072835 -1.3322254174940509 -0.20043186535432067 -0.20013893597946822 0.95904716967185388 -22.200654119699781
0.96423014222486503 -0.22409808628079772 0.14156369785471418 40.297188603335826 0.1867705058909514 0.95337243930337801 0.23706068865580568 -1.3310312748772406 -0.18808777460072929 -0.20214113807439321 0.96112535568662127 -22.180667682464591
0.96966288913774268 -0.20461250562446384 0.13374454744446401 40.221332186894543 0.17019632858254041 0.95784542897866065 0.23144188022419249 -1.3210670499175854 -0.17546250643960853 -0.20165777130268073 0.96361146325018676 -22.167224222778653
0.97583649482501689 -0.18169476142476085 0.12136782538392972 40.156314791291202 0.15073979386402014 0.96191184606325397 0.22804191489508144 -1.3198380569781412 -0.15817917028944592 -0.20423666192430312 0.96605731507636772 -22.148095517249274
0.9811616472597765 -0.15905747818642452 0.10964734643144312 40.085535508718756 0.13180267390143449 0.96609172724394021 0.22202438988375225 -1.3045245103322218 -0.14124403385245671 -0.20339000266432813 0.96885635143569693 -22.137389410790387
0.9864658976615327 -0.13341450951869355 0.09531842109850984 40.021238114138669 0.11050556983305225 0.97042306033055759 0.21463364837449742 -1.2868468636656569 -0.12113443683238402 -0.20119555817304069 0.97203230171879562 -22.130928491682674
0.99110023229132849 -0.10623532801843319 0.080214616080179144 39.951220336435028 0.087582982822216854 0.97418675476652983 0.2080610197932819 -1.2663268914148218 -0.10024744720958183 -0.19918388970565135 0.97482112585319414 -22.118480583218794
0.9948757753712939 -0.078552578393775052 0.063652839740711384 39.885591776978899 0.064189803865037129 0.97715256430159425 0.20261425211121437 -1.2510274544950246 -0.07811440750037682 -0.1974901478720103 0.97718768966578606 -22.107465544975728
0.99759635645573574 -0.049990451507796962 0.047984000919964236 39.813296908499368 0.039627882843285021 0.97965325709091122 0.19674635135759924 -1.2306557917532837 -0.056843121726374291 -0.19437193889349258 0.97927953561952119 -22.097985057230819
0.99926923927405209 -0.02153945041196129 0.03157593255325758 39.742587486106579 0.015124643314139402 0.98149631950768623 0.19088273876253417 -1.2079479111842752 -0.035103170872120219 -0.1902656744366058 0.98110485704939121 -22.090030027901413
0.99988159292333956 0.0041590994125194347 0.014815600735776199 39.676073382299002 -0.0068351041668488098 0.98263146150457115 0.18544188365204542 -1.1812429274962599 -0.013787004174710248 -0.18552119219503524 0.98254353886350465 -22.081214253678066
0.99953186365101798 0.030575184192350051 -0.0011007533451057603 39.608541851652127 -0.029866240180752002 0.98289778786144888 0.1817139133763179 -1.1633090274943798 0.0066378643996792032 -0.18159597112456596 0.98335082347427627 -22.076657336226194
0.99836277774819726 0.054776684362816228 -0.016470545137305198 39.543018605102503 -0.050982187512166363 0.98271536273078919 0.17796441332291041 -1.1453116394294813 0.025934158235383545 -0.17683334160477143 0.98389907446521785 -22.072956790188538
0.99638556136802159 0.080949635601656911 -0.025748195923045135 39.447225452299897 -0.075309304239243868 0.98202033168268499 0.17310279274705628 -1.1302604868416806 0.039297859895082887 -0.1705380446052677 0.9845671401940439 -22.085393432059661
0.9942201387888433 0.10036835325886867 -0.038111799889222163 39.369390372719607 -0.092361307759645073 0.98058623262518385 0.17297407093225534 -1.1184765827993355 0.054733028927890469 -0.16845424913029566 0.98418873265971041 -22.075990700612714
0.99174942016850232 0.11894824486400739 -0.047795424877403903 39.282807061061519 -0.10900106370564065 0.97870515198686425 0.17393962626557494 -1.1127170604159553 0.067467441825507873 -0.16729477134130988 0.9835957522149944 -22.067451093455023
0.9893283140660093 0.13489440923586712 -0.055072546193307835 39.187819882301731 -0.12361146447347079 0.97715645070311308 0.17287416435088987 -1.0973581431097743 0.077134252041693413 -0.16422170747559844 0.98340303942776564 -22.058660429978815
0.98716850422119684 0.14786245995341535 -0.060291269767766255 39.089047398088468 -0.13538483820615069 0.97521751249031974 0.17499071094228832 -1.0927603493735294 0.08467165911672761 -0.16458279457075017 0.98272234831294181 -22.050706716093799
0.98580209045645206 0.15566165984672758 -0.062957812108195108 38.988307102913332 -0.14239954676511302 0.9737141272303671 0.1777727974497077 -1.0867227310107472 0.088975319795882232 -0.16628363144268313 0.98205557194155479 -22.042080871955978
0.98521122627413882 0.15982076581364071 -0.06177509561424472 38.879596157130955 -0.14627372954314197 0.97225699690340461 0.18253856583723016 -1.0817741890477359 0.089234722327956054 -0.17080297066244038 0.98125608764681715 -22.032625124600738
0.98537678524126748 0.16060748069232034 -0.056901917834559855 38.763132313952227 -0.14746442960899567 0.97114554241939655 0.1874315273347299 -1.072511787839558 0.085362949267692306 -0.17629966700082558 0.98062816312184276 -22.025251445175726
0.98659340154634623 0.15576609736234417 -0.048686578619931746 38.644150578178746 -0.14358688820007356 0.97030097122635961 0.19467622036140633 -1.0623533626319579 0.077564589615556276 -0.18507552012540171 0.97965850493326623 -22.018452415464921
0.98864461363415868 0.14591983028012967 -0.035905863910833162 38.518492874218161 -0.13578154310535662 0.96980494981002496 0.20258759062663007 -1.0424921072301117 0.064383231389029377 -0.19541177665379592 0.97860565963053459 -22.012213281922758
0.99091213527470012 0.13279436515817375 -0.021419541254938109 38.390395978206826 -0.12529511134789945 0.96917190665983088 0.21214841600555379 -1.0184695284289056 0.048931331860596929 -0.20753667609265025 0.97700268824541237 -22.006919538498714
0.99320900568179193 0.11630229216771154 -0.003106101917608997 38.254337819304411 -0.11268496715006804 0.96827421958917959 0.22304065516706442 -0.99108320456469501 0.028947697852755024 -0.22117597635254493 0.97480419483787828 -22.001925845626861
0.99528777539342161 0.095451772685363978 0.017064678245884344 38.116464419017191 -0.096776235392335458 0.96686387505796023 0.2362384544717317 -0.96455607985784386 0.0060501583203444245 -0.23677670113236812 0.97154525853671481 -21.99678818188687
0.99662074164698367 0.072431866523800917 0.03873915371938895 37.9716625623184 -0.079835242024033942 0.96510903114282087 0.24938101799762061 -0.93318923569964818 -0.019324374504239024 -0.25163104482246212 0.96763029398194023 -21.989269863335959
0.99701500872175197 0.04576160707911768 0.062184786733583859 37.82144773790661 -0.060611649769568524 0.96282001324531563 0.26325624400287545 -0.90183326057071522 -0.047825728387302424 -0.26623954892507379 0.96271969040442773 -21.981317012669827
0.99611018058671863 0.016880170203894471 0.086484495635821335 37.666992465933092 -0.040531425868566909 0.95925989826243374 0.27960266647978538 -0.87483018840678695 -0.078241367885254362 -0.28202040252335075 0.95621272785505818 -21.970243227462234
0.99360565166375714 -0.012718905266971042 0.11218751459342637 37.503435658257104 -0.021206440865465723 0.95492771717512293 0.29607995851885671 -0.84739057503362269 -0.11089678015010147 -0.29656581802277587 0.94855185400315456 -21.956658475219676
0.98955018883990165 -0.043808136641107727 0.13737274449813208 37.337337322255571 -0.0014466873454917065 0.9496634858323314 0.31326852821901818 -0.82120252543884897 -0.14418158988802779 -0.3101936666678084 0.9396763050628345 -21.942295875132551
0.9838988913973582 -0.075465609594480662 0.16201207756085004 37.166417472871331 0.017861986477463156 0.94346443000000058 0.33099217326676028 -0.79704697553288617 -0.17783115853564127 -0.32276897479979011 0.92962157244793109 -21.924511367829119
0.97654855877289326 -0.10782549709066111 0.18635067624169463 36.990775182251269 0.036784578259962585 0.93638480879958452 0.34904209581596635 -0.77526016085520355 -0.21213157982917524 -0.33400172458614247 0.91839155092621627 -21.90516194512092
0.96760011842776661 -0.13993100689522825 0.21016499263164573 36.809987346913339 0.054537804499938246 0.92855901386631623 0.36715635041211092 -0.75325667149272213 -0.24652715610840653 -0.34379859085938941 0.90610534168174928 -21.883978437272887
0.9576304803457496 -0.16911561891160937 0.23311750374631302 36.62237412053252 0.068702931489619548 0.92021222785503243 0.38534317550828695 -0.73525220730508023 -0.27968512709384746 -0.35300051437104324 0.89284201656075601 -21.860441255908238
0.94672442820014424 -0.19771171575584764 0.25421041383465937 36.43256269673207 0.081966009700754253 0.91129864422797702 0.40350508581923344 -0.71800894282240435 -0.31143928830968926 -0.36117150840165951 0.87895432828789477 -21.83628442945642
0.93701816209445765 -0.21808613950639474 0.27282851694850735 36.245167983405125 0.088041299567388653 0.903366916234419 0.41973437341204439 -0.70773241558979338 -0.3380025051321513 -0.36927855395123271 0.86567179468669109 -21.842174645650957
0.9256175736254415 -0.24036156056951674 0.29233273439068885 36.042153488684136 0.095520113590955774 0.89579121179614274 0.43408986715698522 -0.6923300157423834 -0.36620761228478227 -0.3738775535778856 0.85211945150623913 -21.819796888242376
0.91443093966157774 -0.26168220480892734 0.30876929943888948 35.838256881343661 0.10268954349059264 0.88791824891296278 0.44839273065587437 -0.68198706790655828 -0.39149829405418574 -0.3783168076277823 0.8388119448475837 -21.796354556355944
0.90402726820168366 -0.27739426541829532 0.32524931953940411 35.62556402949847 0.10546447307155005 0.88207413883930785 0.4591540683807927 -0.67217946290462571 -0.41426071895310251 -0.38078555001987369 0.82667431412166237 -21.773819373784921
0.89496297466405017 -0.29012068243695227 0.33892663454321775 35.40908766597412 0.10606161910493757 0.87626278332419805 0.47001539072010051 -0.67066168104060053 -0.43334998203912956 -0.38469926459930581 0.81499341646631684 -21.750642083969929
0.88810059370466377 -0.29745977532845885 0.3504212001619858 35.188900833168674 0.10378232263011417 0.87244604242362855 0.47756374712581257 -0.67273069660177798 -0.44777959418772384 -0.38775712130261503 0.80569091462432818 -21.729809084870332
0.8828905874927262 -0.30059305409040671 0.36076034475722341 34.963789787155818 0.098863812742366719 0.87003263496539196 0.48297946190828778 -0.67985397604262043 -0.45905354485810379 -0.39075187770217917 0.79786139963368963 -21.710626827235302
0.87895946632711497 -0.29979056113369301 0.3708852598973148 34.730520879060769 0.091070576848094151 0.86890934441032386 0.48652101828078981 -0.69540817224762719 -0.46812007710256209 -0.39385552002170376 0.79103819298560085 -21.691496427768172
0.87699770073604444 -0.29501199097175868 0.37926634188465835 34.495279966331438 0.081577527767188976 0.86928373158962868 0.48753553814773753 -0.72224620640180237 -0.4735188907182955 -0.39662793544642 0.78642618277650544 -21.678078989504929
0.87683824853538983 -0.28623921961794169 0.38629236991934196 34.257436534837673 0.069472522707911877 0.87046130104834041 0.48730964690413142 -0.76420629209737034 -0.47573969194717047 -0.40045503184470327 0.78313952331386583 -21.668236125822332
0.87759492952397489 -0.27487227556243637 0.39277521790578579 34.01809186831786 0.055853493858173245 0.87234521154812961 0.48568942660190156 -0.82200237007474708 -0.476138138461565 -0.40430070988829214 0.78091831140406653 -21.660301771914881
0.87964973096514942 -0.26098321134009161 0.39762308058204243 33.778880014466466 0.041447677494329344 0.87488880352510812 0.48254706661291702 -0.89877645595523403 -0.47381266429177094 -0.4079918441158083 0.78041284862034122 -21.656629411264589
0.8822557122443071 -0.24469831457711103 0.40217855867190572 33.537469016762664 0.024834708709003801 0.87730070113524872 0.47929815045641472 -0.98987004345570007 -0.47011498110103794 -0.4128755437546795 0.7800805662966156 -21.649284475172347
0.88636907004150489 -0.22634948132444377 0.40387595122501813 33.310287629758328 0.0083703976692568443 0.88003321285116221 0.47483837326159695 -1.0810842040589284 -0.46290367045057706 -0.4175014450070999 0.78192885565143788 -21.632735124265821
0.88976035675917231 -0.20649232728334141 0.40704720403523209 33.057614224636879 -0.0093896761827807346 0.88334061519776319 0.46863759081322093 -1.1662977769969667 -0.45633139440649156 -0.4207971914297276 0.78402256483080912 -21.602228276990619
0.89315417322023427 -0.18430202344153168 0.41025405179551483 32.798357202685075 -0.028585963587334715 0.88707378065600639 0.46074173932740575 -1.2271418879369766 -0.448841247597704 -0.42324091464320485 0.78702519821599104 -21.552479614494406
0.89724392965169186 -0.16228349262886074 0.41063048927639112 32.537611869816814 -0.0461941455309266 0.89040070302533403 0.45282743840303952 -1.2680722318762294 -0.43911209459756106 -0.42526539486792186 0.79141007847131517 -21.487953052644567
0.90025783603291032 -0.13811663681135494 0.41286756144950632 32.265746449343801 -0.066963879894139711 0.89312676138060842 0.44479256614213891 -1.2787461500415576 -0.43017632135075129 -0.42807520687573819 0.7947955396247699 -21.390365840310977
0.90315692680944182 -0.11443078276785866 0.41377912164735875 31.996319519930967 -0.085980348578566082 0.89608218559596808 0.43548145346944606 -1.2624015445070598 -0.42061258328113871 -0.42888496431174661 0.79946403432104374 -21.290122163719651
0.9063169623549141 -0.091636095127238026 0.41254380351375186 31.739346056959331 -0.1035290966215244 0.8983146684943919 0.42698065825109899 -1.2291565092314389 -0.40972099030985998 -0.42969010046502409 0.80467081944225194 -21.175171605597829
0.90937503309561563 -0.07058546201190595 0.40994480327833632 31.491029488961402 -0.1191035657436683 0.9000568405497088 0.41918018131445545 -1.185243308501037 -0.39856165120278664 -0.43001787908439554 0.81008223894754439 -21.049703490599942
0.91162203272294406 -0.048176674930602618 0.40819637118269247 31.235321504379741 -0.13559044371541767 0.90226785646727503 0.40930177956979974 -1.1208912457427522 -0.38802126362757949 -0.42847604738022382 0.81599496064269705 -20.924341690944669
0.91264074681064045 -0.028728841081517541 0.40775178840935744 30.983674265647526 -0.151807782298605 0.90236192781842961 0.40335759377677105 -1.0660380789602797 -0.37952768607111631 -0.43002047034288987 0.81917100204510662 -20.783398367057043
0.91387315343852782 -0.010202725933525923 0.40587161000474825 30.751149681723561 -0.16591958446846386 0.90300909177704236 0.3962893786840791 -0.99683325481210372 -0.37054898584955459 -0.42950027305174848 0.82354293423861036 -20.651374213203191
0.91472662402844618 0.0075782570105054634 0.40400219468983628 30.529817700867326 -0.17885139181719265 0.90414431240574278 0.38798871373971638 -0.91594432097933554 -0.36233600833835805 -0.42715996109774762 0.82840025633530323 -20.528929529145948
0.91465430677963555 0.022535130824492575 0.4036083088443389 30.311488670004451 -0.19104709743179882 0.90399858027892521 0.3824755853862733 -0.84257721459909873 -0.3562422008302063 -0.42694113731568512 0.83115146610906021 -20.395914727480676
0.91394420129943876 0.035287827526680936 0.40430281490434639 30.096847219362058 -0.20178263867891369 0.90386234732476167 0.37724875588442564 -0.76415089970576344 -0.35212180227714657 -0.42636560170470977 0.83320022206194533 -20.265506648772043
0.91405811778920476 0.044859016726687122 0.40309481009059284 29.910571602167281 -0.20897594103992514 0.90387350017037826 0.37328508107909558 -0.68540545756290427 -0.34760151520114813 -0.42544137587694036 0.83556736551986166 -20.136441288529422
0.91278490147353963 0.053426121557393222 0.40493131908667579 29.718708907605464 -0.21650302275400968 0.9039559677716964 0.36876828696121988 -0.59843456435843179 -0.34633822310036383 -0.42427497907049683 0.83668427579010485 -20.002154243040088
0.91203362807113697 0.060001135253501307 0.40570250804707891 29.547660961727495 -0.22208034196707988 0.90390529910154438 0.36556193998819464 -0.51494394823658962 -0.34478251547777766 -0.4235033341361536 0.83771710200781835 -19.867696045091268
0.91068446548174919 0.065503615646547955 0.40787630559699106 29.375564132593198 -0.22729403364925591 0.90391280617377257 0.36232452456672976 -0.43546505908349514 -0.34495104956743017 -0.42267116671507787 0.8380679317513845 -19.730630060563684
0.90974470045915512 0.068882138903237883 0.40941400919679966 29.21441548143973 -0.23150957286132895 0.90275381822700063 0.36254497838218164 -0.37503898893047449 -0.34462718647844248 -0.42460663515386399 0.83722237650654463 -19.591801278213037
0.90853625615146971 0.072862263023142124 0.41140364836182169 29.067953312835687 -0.23523402218882192 0.90298394708806595 0.35956215889067894 -0.30288831676951244 -0.34529237764992704 -0.42345139263958437 0.83753333784898187 -19.445969600919298
0.90775926003189489 0.07299224603006893 0.41309231153076748 28.939111115274308 -0.23623637733671168 0.90269975072694619 0.35961859526495021 -0.25326779619349138 -0.34664895766347475 -0.42403454111309752 0.83667748152668209 -19.287162877643656
0.90696733867390866 0.073449107466603242 0.4147474836465278 28.814655308284628 -0.23674067333067159 0.90331726162724146 0.3577314333927088 -0.20813274853171476 -0.34837350669892753 -0.42263832464486839 0.83666764391344262 -19.133326828898319
0.90595552700870385 0.073671542888621502 0.41691376428560345 28.697653755502646 -0.23753259484707978 0.90360135874346192 0.3564868172347786 -0.17245137292530741 -0.35046091004218255 -0.42199181063781249 0.83612203791493611 -18.977067669022144
0.90452105002972938 0.074971871489734596 0.41978671791570848 28.58177366993365 -0.2389558363145671 0.9044577311625579 0.3533501391417358 -0.13912304358026939 -0.35318802123560433 -0.41992312513792923 0.83601602295056132 -18.821763744078016
0.90431512490603749 0.074685627828079984 0.42028111052259215 28.486120198359526 -0.23874656193772514 0.90467108238538729 0.35294519667870222 -0.12665199469187932 -0.35385623355975199 -0.4195143498041245 0.83593867973633629 -18.668561901104127
0.90399371673115037 0.07529618756277523 0.42086321322861187 28.394982679987763 -0.23888283213141007 0.90533909854435035 0.3511354569959857 -0.10847608880699992 -0.3545847608449596 -0.4179612431618685 0.83640782312883011 -18.520344077461534
0.90397110014084225 0.074237688869295243 0.42109976924892883 28.30839567347688 -0.23803236511376988 0.90547961605145555 0.35135061985665217 -0.1119090207738726 -0.35521379937792441 -0.41784618039017002 0.83619837733928026 -18.372976116374428
0.90403782856053694 0.074703603316595854 0.42087406214099954 28.231416822496602 -0.23797833845126362 0.90586606474425668 0.3503897589438511 -0.10534425526354285 -0.35508015286625794 -0.41692450683099808 0.83671502953168231 -18.229511389707849
0.90405931786095861 0.075206433960795599 0.42073832970110858 28.158217854560693 -0.23796895913456315 0.90627417116917208 0.34933923507107356 -0.10391853657256485 -0.3550317229166865 -0.41594605294741127 0.83722240579208018 -18.091888184966848
0.90425038524262469 0.076787516169260439 0.42004156716820357 28.08315593233138 -0.23845452818208435 0.90683076167247267 0.34755921462965506 -0.1059138042192882 -0.35421840547609107 -0.41444136743944687 0.8383123965306114 -17.964071284867813
0.90402954087516563 0.079880966221057823 0.41994002007504305 28.006440894942532 -0.24047438261133935 0.90723286750352239 0.34510954120254528 -0.10347059963289133 -0.35341570498880281 -0.41297403714631548 0.83937463871047546 -17.833771100318142
0.90474836607117126 0.083006044597049702 0.41778031386351672 27.948279538329196 -0.24186198886187024 0.90748381479244988 0.3434762062116139 -0.10734645078967045 -0.35061827167922455 -0.41180471397264884 0.84112050570330199 -17.711424283175255
0.9052001486454756 0.087948817787141545 0.41578563748890252 27.888253883870043 -0.24484269751555632 0.90759401022627506 0.34106475349219828 -0.11268425409847664 -0.34736831226453957 -0.41053394262987852 0.84308785875687531 -17.592024005688053
0.90581876818258811 0.094158499765977385 0.41306965045861099 27.830873153972842 -0.248533074704304 0.90770083405094115 0.33809836829131634 -0.1189655961638328 -0.34310883111077672 -0.40891731778569385 0.8456139528347143 -17.482046328530231
0.90655495137240261 0.10019621123645793 0.41002297422954215 27.780970585172845 -0.25181133993144156 0.90799513902119688 0.33486695357381763 -0.122145870366889 -0.33874646747104642 -0.40682372935675282 0.84837803130924538 -17.376647691190563
0.90730050155646813 0.10773506042794399 0.40644674513393353 27.733298249698723 -0.25614010079956606 0.90818538169735596 0.3310461617865641 -0.12444826035955328 -0.33346371412459497 -0.40446565889555458 0.85159232155792441 -17.279451654254604
0.90786908611392148 0.11585742239384249 0.40292776046696976 27.688440419149391 -0.26118599179228175 0.9080725019461392 0.32739304956086213 -0.12761109368278215 -0.32795670471901495 -0.40246911544307812 0.85467128824145666 -17.184270734302178
0.90864335210546798 0.1234087960963373 0.39892045287324046 27.649649368904672 -0.26536574906998134 0.90827065233690796 0.32345856198903666 -0.13456308792586361 -0.32241010823959332 -0.39976829682897624 0.85804255777635718 -17.097892322359794
0.90883563249688359 0.13025155999272692 0.39629827683633773 27.607837165377148 -0.27004391731412508 0.90778799389565645 0.3209318321085361 -0.14111684903249913 -0.31795294593010381 -0.39869222372446728 0.86020371710194776 -17.007241022066673
0.90952849519378454 0.13644303012080505 0.39260822197450584 27.582319235837421 -0.2735104015222985 0.90772547180028229 0.31816116686997786 -0.14898307811911185 -0.31296960984996747 -0.39675907976555236 0.86292077036883941 -16.929812039629176
0.9099175734876439 0.14154271348962241 0.38989186926166186 27.549179060788642 -0.2769346946817477 0.90709368497293408 0.31699877218019423 -0.16759064817725025 -0.30879958604228297 -0.39641733935363899 0.86457857290121209 -16.857160121926036
0.91083882160568397 0.14585245482267423 0.3861343062694233 27.531031980687629 -0.27908662455374172 0.90685735513842469 0.31578535974066291 -0.17660089653279035 -0.30411066579646268 -0.39539448510764647 0.86670635401806728 -16.791820447349952
0.91100693047077874 0.14971080645260806 0.38425648604222601 27.50977771833778 -0.28148881770785394 0.90669968528788047 0.31410145845616994 -0.18606410176096905 -0.30138085231089962 -0.39431250947715085 0.86815161505936711 -16.728836371807649
0.91143308048998539 0.15061345353830513 0.38289075126176741 27.495519776408191 -0.28147210088743618 0.9070034133965772 0.31323835095494074 -0.19680912027060446 -0.30010530853443557 -0.3932688593064832 0.8690664002763131 -16.674076960367668
0.91115144346969235 0.15028743643932321 0.38368832861007457 27.474821123613651 -0.28155413695858966 0.90693092106586182 0.31337449222317254 -0.2058454858848483 -0.30088256018686077 -0.39356065715861882 0.86866546731885008 -16.619441532404643
0.91086169175983633 0.14883256181793256 0.38494135530898754 27.456677913783505 -0.28091945180605482 0.90688101949874689 0.31408769168800471 -0.21175770718749984 -0.30234953296043732 -0.39422796072275845 0.86785314132229807 -16.572575711562489
0.91084144024571967 0.14436727194247673 0.38668586930865489 27.444997999925803 -0.27818363795598694 0.90681247690478806 0.31670963879139469 -0.22696264238398811 -0.30492906438166167 -0.39604194540691051 0.86612299540748494 -16.533806177227653
0.91041605897208933 0.13822342432096804 0.38991907434070816 27.432445151763829 -0.2743623838766675 0.9071665061423243 0.31902070849247466 -0.23432821577339394 -0.30962538959077829 -0.39742070291130277 0.86382226355787151 -16.494557787036342
0.90979459808298291 0.12831334493123253 0.39472708902681375 27.421567044090949 -0.26826969086676411 0.90745932423240583 0.32334029725030589 -0.2476330789744918 -0.31670990237325136 -0.40006656993083523 0.86002417254545915 -16.452861058953957
0.90885136866517169 0.1166287987549264 0.40048334918748746 27.41517345299134 -0.26107241592062064 0.90785402971917351 0.32808879037240579 -0.25776562288273464 -0.3253158208892008 -0.40273910168202054 0.85555293971533086 -16.416673750849419
0.90761691838156189 0.10123160090414193 0.40741096259912035 27.411411114485642 -0.25107617987106673 0.90868160158802991 0.33355434165479625 -0.26607150970742061 -0.33644060600484754 -0.40503075181249798 0.85015163866059429 -16.384838453883777
0.90579338371040652 0.08149156081609088 0.41580941733227944 27.409061373702006 -0.23820173132283667 0.90951666129472786 0.34064553134026937 -0.27842247453911911 -0.35042585695301581 -0.4076009915874208 0.84324560504973634 -16.353117353573936
0.90251306757345806 0.058198017158350802 0.42671202661512031 27.397807801284323 -0.22393369868116828 0.90976334961226035 0.34954877527642975 -0.29076454328827017 -0.36786391703198967 -0.41102753983293694 0.83410580866264494 -16.317623686899854
0.89746715292752244 0.032176962390321209 0.43990607236943091 27.384217167320283 -0.20870699420794206 0.90960190141485087 0.35925724976842704 -0.29936427595881437 -0.38857959285692445 -0.41423305521628739 0.8230533858634731 -16.278555492887357
0.89149072843434174 0.0015867326629771697 0.4530361612444011 27.374863615799111 -0.1905120328323309 0.90859062559858395 0.37170988743974342 -0.31588301575080913 -0.41103460494427918 -0.41768475834513052 0.81030241032868111 -16.241687079102778
0.88384125593556728 -0.030693630075254781 0.46677889345925072 27.373476232271969 -0.17108690305740493 0.90750254640394323 0.38362533789178332 -0.3190346340389007 -0.43537788863063004 -0.41892365574548568 0.79683691226522169 -16.206464160666709
0.8739537909605537 -0.065202106041180305 0.48161546552563228 27.366922523742591 -0.15144732632874253 0.90508256980489987 0.39735280190686206 -0.32783896910946481 -0.46181000272141376 -0.42020736214772975 0.78112565838237236 -16.173052352108336
0.86218397602159458 -0.10114161795182576 0.4963961770699703 27.365841283238051 -0.13091582542290267 0.90209950750748769 0.41119037587057911 -0.33150059687892885 -0.4893872067651896 -0.41950786842779836 0.76453470175115701 -16.141313439071634
0.84850074118706409 -0.13818503225190068 0.51083401322400612 27.365193700601917 -0.11015456199429931 0.89804155110417838 0.42589593207994536 -0.33482963093011214 -0.51760261270287944 -0.41764371101686965 0.7467672100267998 -16.113379780600777
0.83197673580961728 -0.17832156641686803 0.52537237272453596 27.365019152792275 -0.088885519957174808 0.8918679831550218 0.44347588994773607 -0.34934099256117479 -0.54764411383079514 -0.41565961984973754 0.72616320824788061 -16.078216398508413
0.811815847107073 -0.21916080114890485 0.5412241436092774 27.357026006804261 -0.069348050953252485 0.88414338135341397 0.46204039762550703 -0.36440746073134644 -0.579780888107577 -0.41262455628418643 0.70256323369250373 -16.034921410174167
0.78916081027338902 -0.26080435991690187 0.55606321706887185 27.353191712564229 -0.049692502869593862 0.87528450779579015 0.48104852725191555 -0.37997565862503757 -0.61217307249437525 -0.40725681855681267 0.67778020998829702 -15.997353200913274
0.7637567557184457 -0.30201641445434113 0.57049250958674136 27.349613838932196 -0.031359271286283873 0.86539000651261067 0.50011671910914657 -0.39448417242766382 -0.64474197490067908 -0.39985775224227849 0.65147644913145175 -15.958171421895338
0.73669372766246588 -0.34364126796745426 0.58240280783363396 27.354936617423373 -0.012733378847370346 0.85405188524154696 0.52003195899722254 -0.41354095959472043 -0.67610665777369017 -0.39052023797119639 0.62479895250313144 -15.926522701301639
0.70617728456917983 -0.38383690664324849 0.59496459714594929 27.351206779052646 0.0029532756608456534 0.84189337381738338 0.53963582653976438 -0.42904504790816456 -0.70802889836599936 -0.37932146817827977 0.5956595528132691 -15.889115156440855
0.67442666883904279 -0.42204091796533516 0.60583011803776277 27.350376504664833 0.017053740900726182 0.82921323695450744 0.55867215572347872 -0.44195124665540109 -0.73814486266583423 -0.36645173109484042 0.56644089762095384 -15.860026589666109
0.63921525585969963 -0.45911674025295085 0.61694057695674653 27.347523117537857 0.027747695156648992 0.81548132193289768 0.57811787638168355 -0.45785608672799361 -0.76852711213704916 -0.35242308720922111 0.53400753319799654 -15.818691878012164
0.60247911568153745 -0.49373939011219964 0.62708877347567449 27.346490012743256 0.036191596266089365 0.8017851074534994 0.59651555706912862 -0.46891435607983351 -0.79731366696382733 -0.33669282160065955 0.50092799917281683 -15.779944126948919
0.56481204528162976 -0.5258895235505664 0.63594619467730185 27.34758194252128 0.042658100116752598 0.7882147736656171 0.6139199924010369 -0.48010477091215154 -0.82411627820302857 -0.31962115010590009 0.46762664638124551 -15.744967913767931
0.52522710977588571 -0.55753343114380061 0.64287864820158014 27.355534361899718 0.046263696058918405 0.77306387639732477 0.63263884913630608 -0.50258973476703672 -0.84970356806561542 -0.30253713188063847 0.43182766267343209 -15.703407092649249
0.4853334484028069 -0.58460837386159814 0.6501419022585283 27.358461055049876 0.047034677612725284 0.75996985898107372 0.64825423449612263 -0.51345034130487954 -0.87306310365477413 -0.28404024829447105 0.39633565873575916 -15.665462780226758
0.44394035732641213 -0.60899580049846291 0.65729831439927955 27.356801441036144 0.04400107343261888 0.74747682382806291 0.66282901518920267 -0.52863237979047428 -0.89497534305346926 -0.26533471845038936 0.3586315972013312 -15.619872160663178
0.40311025157779479 -0.61949926485613782 0.67358947877441788 27.35653305353231 0.039484892258449748 0.74712975902204737 0.66350438315582827 -0.5422277001777156 -0.91429922255037799 -0.24086881082108227 0.32563652684766808 -15.579865203012753
0.36273841248975391 -0.62697821632830208 0.68943394198008134 27.355492459360907 0.03209440289559351 0.74778876312394305 0.66316054997891627 -0.55179172279182054 -0.93133817349402614 -0.21842683442137828 0.29137420029485683 -15.543306670858877
0.32166658330170184 -0.63402989385640873 0.70323303597274256 27.358496368691814 0.022491053701645995 0.74761240299607112 0.66375435771814695 -0.56526953158685445 -0.94658584486057007 -0.19769114442197747 0.25474192769689463 -15.502761807869895
0.28129564885474589 -0.63927711650843067 0.71567976514922815 27.356693332312343 0.010371359285737911 0.74777580568445068 0.66387030310109285 -0.57583514359229648 -0.95956510609856693 -0.17932125568832372 0.21697625311634727 -15.467627955968856
0.24014712767109148 -0.64371920676005256 0.7266050783744451 27.352260879559481 -0.0033652370793987815 0.74795251337133828 0.66374371026842693 -0.58661127901080168 -0.97073066926451035 -0.16184134388254104 0.17745237997719043 -15.428927749826016
0.20002758929404152 -0.64938691933829518 0.73367948895517909 27.354755044738376 -0.019524121285126941 0.74602232103042598 0.66563466346969913 -0.60611639968964215 -0.97959571875813034 -0.14746974441116545 0.13654633746112577 -15.387622543376867
0.15990056955511178 -0.65408378110978604 0.73932821882102995 27.35190170605382 -0.035908106436942304 0.74461525657146177 0.66652736445935179 -0.6180922108457747 -0.9864798101066562 -0.13312598157437847 0.095577493594434459 -15.349706423569721
0.1208627424575609 -0.65826037290955952 0.74302454800807582 27.348353417035892 -0.052537380311827295 0.74322086241955709 0.66698018961158079 -0.62795938955411779 -0.99127797370647153 -0.11964961814104361 0.055244436127946384 -15.31457671715288
0.082193248807261643 -0.66276273201779401 0.74430493139493381 27.343235409300064 -0.06935354572270877 0.74121768913156194 0.66767239198139328 -0.63823193516479182 -0.99420035986022237 -0.10649834912700229 0.014958144504830462 -15.274211096712357
0.046136612287117518 -0.66760715016978645 0.74308283929104746 27.340010755176692 -0.085429665232907917 0.73851275202002686 0.66880541819127015 -0.65039727282664395 -0.99527543188047285 -0.094337734475567134 -0.022960978837060386 -15.241611207146221
0.010503394867912186 -0.6729388365596618 0.73962355353651199 27.335175801728806 -0.10171453332321868 0.73510874377099433 0.67027553180932276 -0.6643387121944403 -0.99475817785383835 -0.082270633163720172 -0.060726522309054065 -15.201583631667232
-0.022946882865496621 -0.67810505541351684 0.73460668006041752 27.32942672799124 -0.11691723288753499 0.73157822845944431 0.67165739502968558 -0.67867722556638921 -0.99287652868857723 -0.070475736723872001 -0.09606960660140329 -15.16626981321868
-0.054176670306878227 -0.6837458328878645 0.72770634489671759 27.327126297153811 -0.13115780928403059 0.72733529307401235 0.67363268961115186 -0.69524896318376139 -0.98988005205594176 -0.058949193865743675 -0.12908320992408462 -15.129963369317856
-0.083632680748396249 -0.68838674195264482 0.72050625827584558 27.316543946405556 -0.14456650568319249 0.72377161903691922 0.67472599543164802 -0.70988249508527035 -0.98595441078448876 -0.047731928313231906 -0.16004862659239594 -15.092319947980698
-0.11099504863621434 -0.69094561122785081 0.71433483850587642 27.300631881672921 -0.15491650685968161 0.72201888183351115 0.6743067626668745 -0.70995747054503711 -0.98167253963867152 -0.035817545991567279 -0.18717940142682199 -15.060853325747825
-0.14327301595713693 -0.69085876852665296 0.70865153979116058 27.29538484751702 -0.16739554549813893 0.72263833148630219 0.67065085790899703 -0.68131971590983775 -0.9754237921262362 -0.022538940004574286 -0.21918125361796736 -14.995111913958466
-0.16847400895085096 -0.69445148685547664 0.69953816244165468 27.29081896231607 -0.17732644195594954 0.71945676383820412 0.67151865048612169 -0.69267922485122868 -0.96962458781286709 -0.010913174225519524 -0.24435437654572856 -14.945051350457915
-0.19182655913354862 -0.69754710966737687 0.69038438641504063 27.284215247856693 -0.18630701856673143 0.71653885104576898 0.67220664216800552 -0.70365494705988163 -0.96358303536527623 0.00032363049579646399 -0.26740910459358602 -14.893392928647859
-0.21254843542614155 -0.70192231030714547 0.67980014187331506 27.282531140421817 -0.1938687188983465 0.71215874941276502 0.67471833787704383 -0.72956410218920809 -0.95772547341637204 0.011618344457198355 -0.28744900702813481 -14.843051065014365
-0.23135311250562096 -0.70419627474406155 0.67125505135570329 27.271917919572214 -0.19880915038888997 0.70963502866805517 0.67593864204448051 -0.74973228836724959 -0.95233957129566427 0.02292886224553517 -0.3041769357142583 -14.796101744911532
-0.25518496334316731 -0.69987684895821367 0.66712295026919044 27.260601310900153 -0.19716445472656391 0.71313489504381478 0.67272936554250706 -0.75927767016137004 -0.94657636367908726 0.040137485760435118 -0.31997213935108126 -14.750550834830204
-0.27656989982367364 -0.6959663922549103 0.66267629455353771 27.246802598986164 -0.19589596118034686 0.715924584267841 0.67013189898269054 -0.77052760372695328 -0.94081553075231006 0.055522702497294969 -0.33434019591225583 -14.699373681012856
-0.29548073042126766 -0.69375787526032284 0.65680373663979463 27.237476996636634 -0.19638750203065644 0.71692772468410304 0.66891448379104035 -0.7898691512236018 -0.93494549947891259 0.068663295096851373 -0.34808370388538679 -14.639830600936218
-0.31153640026462148 -0.69173752017736045 0.65149387908792988 27.225490980749296 -0.19598490226435264 0.71764771541339978 0.66826018484296978 -0.80980483674912918 -0.92980373702980701 0.080504408207277195 -0.35914349620256569 -14.584463288050227
-0.32548833283694378 -0.69173403180947257 0.64464050014224095 27.221756796617235 -0.19557723269774493 0.71627432266661528 0.66985120791021457 -0.83645781877847969 -0.92509831436302981 0.091951747808798986 -0.36842636284281816 -14.529256309937086
-0.33850895850174956 -0.69057852301640832 0.63915020813775625 27.210177968642348 -0.19505303041084299 0.71599531099799707 0.67030219301179994 -0.85367975969131493 -0.92052485047477561 0.10223511225287267 -0.3770702606690628 -14.469537888758646
-0.35002985145853205 -0.68976732707523991 0.63379818364160423 27.198261501999252 -0.19417432886890304 0.71533243519127598 0.67126435714376342 -0.87280059960859835 -0.91639261951208928 0.11189522627350026 -0.38432281384400402 -14.410529331393915
-0.36146925129899565 -0.68823023349990098 0.62903030615544686 27.186280332854665 -0.19275722423358929 0.71523292361675561 0.67177862237525099 -0.88308771255392859 -0.91224154305266392 0.12157717989532395 -0.39119605884721631 -14.348095859353824
-0.37144711781154305 -0.68743007864785233 0.62407285283026526 27.174529059230277 -0.19193833242979835 0.71449817426062168 0.67279419997671397 -0.89932664999867795 -0.90839788375665353 0.13012396377472496 -0.3973424704684716 -14.283952907241261
-0.38105616862273473 -0.68698646147004483 0.61874534189069175 27.164530277165611 -0.19014744114370372 0.71316395524080844 0.67471558717120805 -0.91357005450784179 -0.90478734903902369 0.13945169307739808 -0.40238424213279456 -14.228218227498802
-0.39064228062926287 -0.68663283863071667 0.61313453132138362 27.152799269466076 -0.1884192573278522 0.71159674488465385 0.67685172389348724 -0.93199819477312218 -0.90105315717375367 0.14888054803596404 -0.40735462482181561 -14.177394779674014
-0.40048589489559872 -0.68589457790009578 0.6075851183142329 27.140125160257877 -0.18638345452970528 0.71019894345627588 0.67888045235605565 -0.94568657425331681 -0.89714673039990744 0.15863823221669748 -0.41226406029620932 -14.131705694457988
-0.41089846905141947 -0.6844583227265072 0.60222857170813193 27.131674617645956 -0.18565127175588031 0.70954753138193616 0.6797616538208261 -0.95745701732758337 -0.89257831781117358 0.16750852264949614 -0.41862255244212432 -14.088373682408374
-0.42160106561437161 -0.68284359998533672 0.59663821486047297 27.123243817806635 -0.18323093277612437 0.70855358470411511 0.68145303791012612 -0.9735818710901093 -0.88807599153834682 0.17797875031029367 -0.42384501612165781 -14.061129822769709
-0.43313130195035709 -0.68056469989338109 0.59095597511982312 27.113988335419023 -0.18187687244727344 0.70815419725555229 0.68223048611018733 -0.98724093357834186 -0.8827899402120456 0.18801415417030826 -0.43050272855353278 -14.033555042807951
-0.44633551670822058 -0.67883675311584002 0.58306540726058365 27.114684718833285 -0.18144628141709759 0.70668588953370004 0.68386570355141418 -1.0013199776224651 -0.87627726975239617 0.19943850218327266 -0.43859141619755815 -14.005097600114539
-0.46098640083499198 -0.67566407389739902 0.57529957195323078 27.110907040537626 -0.18039924671872484 0.70610791307142129 0.68473916704190285 -1.0112563293806751 -0.86887723530342142 0.21187183470742946 -0.44739543541389759 -13.981703773747247
-0.47692740069986939 -0.67158312442872992 0.56702412774432442 27.10805001668345 -0.17881010941483622 0.70576481638547928 0.68550927690544439 -1.014864458474612 -0.86056214141264731 0.22554851126734568 -0.45668443134440606 -13.966160981389647
-0.49445265557604223 -0.66645425314037809 0.55799220412556072 27.096339058252685 -0.17645978604628307 0.70555483018454446 0.68633397519848793 -1.0205815422812889 -0.85110429167188473 0.24089647169346315 -0.46646583435803812 -13.958949403845601
-0.51337592610135463 -0.66166421022409161 0.54648479522133642 27.097261599472812 -0.17448937117862187 0.70398705359250635 0.68844439697032234 -1.0268213423407093 -0.84023723902554204 0.25807499158707881 -0.47686337757481811 -13.956041968491725
-0.53485521667261793 -0.65399594835855113 0.53499457635445824 27.102546545074407 -0.1752590242234057 0.70527042861439293 0.68693369181481423 -1.0300704102900684 -0.82656770540975444 0.27364744115863715 -0.49183625966472189 -13.953327085441691
-0.55903937205273246 -0.64419698050539431 0.52200117892838127 27.109675578842591 -0.17657945199408817 0.7076264769831464 0.68416698707690382 -1.0287417750814867 -0.81012016246255392 0.29030160071924044 -0.50934301113443436 -13.939103750204005
-0.58304921803842125 -0.63313459201748434 0.50911118406065237 27.107984217258132 -0.17658007524357988 0.7104228909576118 0.68126264614346865 -1.0361014393941184 -0.79301518672201821 0.3073107619239569 -0.52601046494719084 -13.931300666397744
-0.60865040621673927 -0.62048166090879375 0.4945171296204649 27.108761876966835 -0.17736887863705192 0.71388742102481084 0.67742529550761488 -1.0409163073587244 -0.77335953081554099 0.32460323254460871 -0.54456200521001974 -13.912579654805601
-0.63454627801845764 -0.60648539906981802 0.4790892210935731 27.108498030601599 -0.17883542877569525 0.71826382985676296 0.67239494356673168 -1.0480833108445291 -0.7519101744673603 0.34098758252261724 -0.56423271625974136 -13.888611345031549
-0.66084381751918642 -0.59071117727956868 0.46297489552205223 27.105128947113194 -0.18034896006107054 0.72377996288391933 0.66604565754356737 -1.0532712726115994 -0.72853256718664239 0.35665511403138256 -0.58483966023492528 -13.856316120783262
-0.6867140050087901 -0.57495622875591224 0.44480243967357697 27.106486414712958 -0.18214400559659202 0.72846911064701469 0.66042131708355378 -1.0623624913471863 -0.70373818750300576 0.3725024695863457 -0.60497477104591524 -13.823629808124727
-0.7128820080641336 -0.55664276105376354 0.42655372363266419 27.099020603071885 -0.18367443352852911 0.73521634875961184 0.65247269903388205 -1.065024113391531 -0.6768034759414453 0.38678903433658457 -0.6263635508796388 -13.780602298662846
-0.73687995858477739 -0.54007595159411226 0.40660286908211951 27.09736352846441 -0.18583524615663746 0.74011964491081539 0.64628799501692002 -1.0837812513213343 -0.649979374997391 0.40067552673803597 -0.64574448069743395 -13.741682870051205
-0.76043323002800101 -0.52220761780270819 0.38605764670318682 27.093377690892737 -0.18804151447559525 0.74605916404840222 0.63877704449449635 -1.1009084895501833 -0.62159608388639842 0.41315242665173824 -0.66552489123163072 -13.693275937449974
-0.78279142861247619 -0.50399121844412065 0.36500743968041161 27.084082847095317 -0.19050907080024554 0.75248877152489957 0.63044979393427869 -1.1164478319356896 -0.5924051596953438 0.42397346669356334 -0.68505665919409653 -13.637845305040722
-0.80373156161837045 -0.48638496160363792 0.34270285377324089 27.081460453162325 -0.19368092279279567 0.75848138906810025 0.62224889118700433 -1.1357857172183912 -0.56258623961542709 0.43374606806650462 -0.70381891949010611 -13.578410216348221
-0.82282223155573253 -0.46889499220961028 0.32109354016920705 27.066069787516216 -0.19562243626935483 0.76417265262065237 0.6146316127687852 -1.1644954169003634 -0.53356858761145876 0.44291945460485843 -0.72050462805373283 -13.51945567079413
-0.8411864930446038 -0.45124206759549434 0.29796959635416542 27.059493297947036 -0.19880809382498379 0.77051960168071632 0.60561942278585046 -1.1827854495820815 -0.50287237520965233 0.45020011090395529 -0.73786125687223136 -13.446321156384579
-0.85780362827218459 -0.43363567914726719 0.27592215042211515 27.049255465431326 -0.20094748463284795 0.77705593510757831 0.59649323729093395 -1.2016859246018468 -0.47306769467255672 0.45622820110617385 -0.75369939947741593 -13.371442884732531
-0.87322561132622978 -0.41597673939921048 0.25385110597106514 27.028663672869069 -0.20137787695840431 0.78238335276386917 0.58934136117338043 -1.226705857848259 -0.44376117720645342 0.46350797360646173 -0.76696569415298721 -13.27810089242781
-0.88614041370390506 -0.40109492081136539 0.2321164184197175 27.016088658829705 -0.20302488430333993 0.78626595190885973 0.5835809705794649 -1.2644088821512081 -0.41657659986404455 0.47000927370444445 -0.77817428579819636 -13.207065411705114
-0.89821294065130264 -0.38607540993826445 0.21014112183849615 27.007610209385781 -0.2065346041353682 0.7926977124815946 0.57356237143060029 -1.2782059232128713 -0.38801671425492407 0.47177973087813785 -0.79174927533365347 -13.105339506621194
-0.90849012880026225 -0.37258362428069597 0.18928055576404379 26.993776543035903 -0.20879956609349651 0.79702501190947517 0.56670439524488314 -1.3045450724041261 -0.36200611468820759 0.47532365111423003 -0.80188465481002136 -13.016758185790579
-0.91757469263089475 -0.36004995956768332 0.16858443005992435 26.974625784036721 -0.21154997724235375 0.80121127643330969 0.55973841894662391 -1.3270995917534278 -0.33660554150530492 0.47793777537605897 -0.81133975145835491 -12.910225605261857
-0.92552126352182684 -0.34742925587623491 0.15067615249351005 26.941178416117971 -0.21226624474705752 0.80544344555765168 0.55335693485236137 -1.3460552471495104 -0.31361350753745298 0.48016014846039018 -0.81920253888800443 -12.807878410765522
-0.93227651192730887 -0.33606654407581599 0.13386479470566079 26.903462953115906 -0.21271623358917466 0.80859959599128728 0.54856038622048053 -1.3698576286431536 -0.29259581213046565 0.48293474850715057 -0.82532522038772638 -12.707197766531829
-0.9378334971882416 -0.32639389546823244 0.11804811117822006 26.869514736199804 -0.21365470183350491 0.81092151087029984 0.54475496472475238 -1.3970710598715641 -0.27353244768419882 0.48566791968268058 -0.8302449469012072 -12.604858220070218
-0.94296185753754846 -0.31681899675125097 0.10221867993115184 26.833998161679698 -0.21584626395353348 0.8156280301162715 0.53680658232360767 -1.3960292746845882 -0.25344294341456419 0.48412461183685074 -0.83749031913639493 -12.476300475147617
-0.94714227221128278 -0.30826721524535239 0.088841657995136242 26.787089008401406 -0.2169018702678904 0.81936010734413556 0.53066240979298507 -1.401982774343133 -0.23637913373379732 0.48334287881159721 -0.84291432935819643 -12.352901641908755
-0.95068166886837746 -0.30029519709638669 0.077634780082636481 26.729667782571418 -0.21697813856524303 0.82273923471364618 0.52537666397315941 -1.4121693926698236 -0.22164126841001258 0.48262091362025145 -0.84732060158711775 -12.227077343558195
-0.95364620914163623 -0.2933732359156368 0.067015313460249415 26.671128953236021 -0.21810392015548438 0.82724909557001491 0.51777370915430088 -1.407425862664893 -0.20733930597597139 0.4791566323520739 -0.85288881682809192 -12.082807561965664
-0.95590450780762026 -0.28849121392773253 0.054948989431784133 26.630934677128877 -0.22097985883117918 0.82981051178555243 0.51242796227484666 -1.4248466400998183 -0.19342821392967255 0.47768957913764754 -0.85697035656974374 -11.941490577732685
-0.95776985772356427 -0.28393580989354578 0.045358080826696227 26.578964797792921 -0.22319599994174005 0.83359845142044398 0.50526940081450067 -1.4289120697996198 -0.18127450247122912 0.47380805992462183 -0.86176880722399996 -11.790835124467389
-0.95926333311682854 -0.28021932060934818 0.035930350608194661 26.530705914964898 -0.22577324213791294 0.83682993076794643 0.49874052382521455 -1.4402720795723827 -0.16982432355857563 0.47031138549704427 -0.8660062931640411 -11.63310364603198
-0.96074858914354988 -0.2760174590217862 0.027865942902320175 26.472331474818205 -0.22695728667798054 0.83977635613093593 0.49322009458984584 -1.46229693622168 -0.15953851723783743 0.4675361312226084 -0.86945812292424329 -11.481947197955343
-0.96181827718452784 -0.27291356890151119 0.020586053124070847 26.415053911691601 -0.22886459575727414 0.84326331733742166 0.48634141756789173 -1.4794124873498085 -0.1500886354213618 0.46306064564215244 -0.87352632471770808 -11.316345472536016
-0.96255946008139248 -0.27071875911085247 0.01380721815933034 26.360531335257274 -0.23130457958150802 0.84684484600072396 0.47890708730048248 -1.5001433250889131 -0.1413417039392158 0.45778287458957045 -0.87775700650013011 -11.145927332866435
-0.96338268987026265 -0.26802560928606073 0.0074876982560804824 26.300279290446085 -0.23276901354379859 0.84986607586408724 0.47280676753746292 -1.5381032501887473 -0.13308786267795084 0.4537509513623233 -0.88113432287342119 -10.974617286258155
-0.96370560023657958 -0.26696206585940463 0.0016647716761624366 26.242348050408847 -0.23579244294813162 0.85407766085277081 0.46363053510398944 -1.5556989209138699 -0.12519360974589294 0.44641080253992327 -0.88602706248424257 -10.790220738431396
-0.96370291511010109 -0.2669495721003729 -0.0038232661066023082 26.191909098785207 -0.23935118476242881 0.85755003100546834 0.45532291253059304 -1.5919863490871888 -0.11826961469927835 0.43971112139443119 -0.89031816108677519 -10.603422940739915
-0.96368942725384787 -0.26685213710735811 -0.0096241737508630278 26.144722270289805 -0.24271787898541508 0.86036946353759802 0.44816561384475628 -1.651900260906441 -0.11131360662548154 0.43422842276071882 -0.89389874026467142 -10.417435121719516
-0.96347087490480776 -0.26738622802789924 -0.015115497715164686 26.103496260997879 -0.24684416061961034 0.86472536559302648 0.43739913405036213 -1.6953843083952362 -0.10388375030852944 0.42515249871195504 -0.89914043355908357 -10.212660372229662
-0.96323018973242291 -0.26796986692889962 -0.019487226743410302 26.06266375048931 -0.25019348514136636 0.86816391305900775 0.42859612697140492 -1.7633805597161158 -0.097932740086541917 0.41771230587592167 -0.90328600561448025 -10.023386204615329
-0.96334679462343353 -0.26717150325607392 -0.024131745412351004 26.028490045845917 -0.25247341760098602 0.87257960659589084 0.41816504344318239 -1.8238641714769195 -0.090664914347475048 0.40893057846149161 -0.908050469580582 -9.8349779802639699
-0.96556456862685458 -0.25901123281221272 -0.024459049236105673 25.950557347886825 -0.24638011392657691 0.88016417820701331 0.4057189407246104 -1.838267576870372 -0.08355778404172455 0.39777405732183019 -0.91367056209980069 -9.6466908462147991
-0.96529757148785 -0.25921519981607272 -0.031750254549738018 25.961973372187696 -0.25051895409711794 0.88478456477805156 0.39293323551030912 -1.8923833695655143 -0.073762132003798456 0.38725153855708239 -0.91901871241418553 -9.4757175142947858
-0.96570455624372764 -0.25730992838608008 -0.034731985316937677 25.935935706615169 -0.25088286996436676 0.89027990387512268 0.38007825288293606 -1.9402671643927141 -0.066876719481059249 0.37575696069408049 -0.9243020128082593 -9.3119358754331074
-0.96563418671031664 -0.25694810938871104 -0.039093305537808196 25.93015533735236 -0.25313973635700926 0.89570374132971631 0.3655613240552843 -1.9921178460561555 -0.058914271050478723 0.3628945809040357 -0.92996593046039866 -9.1365479858704362
-0.96603489302586776 -0.25507013159852976 -0.0414223782852833 25.911346495331475 -0.25293424477792492 0.90050245376656934 0.35372248808777829 -2.0614288813215844 -0.052923088299164305 0.35218540390921427 -0.93443276269519915 -8.9883531286219949
-0.96582352080955003 -0.25470572534259767 -0.048061628444593711 25.953800699387109 -0.25560731918023721 0.90515078284224759 0.3396571193152863 -2.0947135026622985 -0.043009592331679995 0.34033373884727847 -0.93932056358289917 -8.8540978336031966
-0.96525355865205542 -0.2552115636979867 -0.056148243644583679 26.005329878578731 -0.25946508197552609 0.91051201574562335 0.32194058523006269 -2.1241214574381146 -0.031039309673002974 0.32532280420786702 -0.94509345268991951 -8.6951541415601419
-0.96534020824790345 -0.25404149996492342 -0.059843116859554284 26.015786170430577 -0.25994083683489055 0.9152425372279851 0.30783414267110965 -2.1679329937860894 -0.023431681234415656 0.31272034526722448 -0.94955618157667576 -8.5619807827231327
-0.96453302265907692 -0.25527347561429153 -0.067167706883182632 26.068814590414785 -0.26361974980365405 0.91861604347145254 0.29436234845902648 -2.222755436907232 -0.013441566635041384 0.30162893979963895 -0.95333063884559088 -8.4461864465853473
-0.9642213064626326 -0.25338020032796282 -0.077947073359142902 26.142537648218081 -0.26508921965390264 0.92404085683985249 0.2754563495618792 -2.2220729634230829 0.0022310954213429321 0.28626381009906349 -0.95814824178766211 -8.3172342769267491
-0.96378853603161763 -0.25334073473812907 -0.083247401979740565 26.165125655578255 -0.26642093477686241 0.9282016281069444 0.25973375424122414 -2.2542002876633918 0.011469233917504087 0.27250726541133308 -0.96208536366134534 -8.2098277729292075
-0.9621966957277146 -0.25558240539802368 -0.094101821351284101 26.238174633118181 -0.27109877511892788 0.93192645683138564 0.24087036593719166 -2.26351721363603 0.026133749437952609 0.25727555870828445 -0.96598463446974936 -8.0947928088729384
-0.96125508215671607 -0.25643684925934124 -0.10113757644826087 26.262748050624964 -0.27308318594935937 0.93591270507409174 0.22247018234505914 -2.2712006116334211 0.037606390143611515 0.24146956500320729 -0.96967943599806694 -8.0016336825801009
-0.9605641704854373 -0.25527838067886766 -0.11022441987871857 26.276389132169712 -0.27313590158655499 0.94051713725597341 0.20205022591506341 -2.243133148527459 0.052088901352636052 0.22418845395292678 -0.97315275443790061 -7.9044110689321885
-0.95884440982764496 -0.25661434299791908 -0.12151739262353527 26.322304741160593 -0.27541818975415866 0.94462621997028318 0.17839878165838594 -2.2052577457943658 0.06900882910771898 0.20452477481322531 -0.97642582820856494 -7.8058635694291851
-0.9567075062012429 -0.25954451418225316 -0.13170950131292028 26.32957060460415 -0.27921975961709539 0.94617563471086086 0.16367038253413838 -2.2249876543461844 0.082140571081356847 0.19336057880911997 -0.97768328877251043 -7.7691637910998077
-0.95530592396102909 -0.25906921012672485 -0.14238587011806855 26.307781826643364 -0.27872095260052659 0.94984941914713128 0.14177697812872248 -2.1998039730205776 0.098515086288444201 0.17512631244382476 -0.97960479401818379 -7.6754509448077162
-0.95426371676873112 -0.25675775364254033 -0.15315421901848933 26.264952933168416 -0.27612976317418531 0.95330660398620592 0.12230647033438337 -2.1848973689401134 0.11459979383967139 0.15900306519285601 -0.98060436084650426 -7.6152485306594295
-0.94979606525759941 -0.26160471106744321 -0.17161121632487242 26.292755302746368 -0.28166588830328709 0.95374979564149798 0.10500311747810659 -2.2081875454047455 0.13620485229059512 0.1480685735094398 -0.97955292646767034 -7.5784460789519894
-0.94667143916350982 -0.26502750512974166 -0.18323102301955929 26.244678529035181 -0.28378864949464183 0.95514039827142938 0.084680706231719013 -2.1935953399295092 0.15256863599736623 0.13216369060600616 -0.97941593319452558 -7.5513316001657094
-0.94205707571474306 -0.26882765244776136 -0.20064934431792344 26.250239807971198 -0.28708987970641625 0.95550672375905721 0.067722240227181818 -2.2108097348490974 0.1735161867548454 0.12140261171267419 -0.97731956841321832 -7.5532723619269939
-0.9368814909996761 -0.27315516728756223 -0.21826434982911991 26.251527138249806 -0.28910685987525836 0.95627591996043015 0.044199417155666623 -2.1738560052599416 0.19664764274023794 0.10451133664792932 -0.97488824237282268 -7.5459193993941946
-0.93205275796432718 -0.27520170315447356 -0.23567282183563137 26.240268317851612 -0.2877111919999058 0.95751372413054658 0.019741785624529502 -2.1378277400057395 0.22022698828500917 0.086206094230794145 -0.9716319174195478 -7.534150779915362
-0.92276079897736452 -0.28159764103138013 -0.26308796330546647 26.355090683063345 -0.2907657790937534 0.95678477402638507 -0.0042612086644298252 -2.0956377493630782 0.25291850382812858 0.072564900308904223 -0.96476244001541644 -7.5730185902414338
-0.91868027996862289 -0.2843762763613033 -0.27414718061591059 26.27320610125587 -0.28831981240466048 0.95716177828261795 -0.026702358880779643 -2.0997179131941222 0.26999672029807031 0.05451113315402864 -0.96131696510076736 -7.5332399593633799
-0.91203735457528512 -0.2848732784766615 -0.29501708267365684 26.258120661842007 -0.28509648789653658 0.95752336184256492 -0.043231980231913408 -2.1641177323891054 0.29480138474636919 0.044679153255976406 -0.95451344506819447 -7.4998966681478798
-0.9083956657222203 -0.28304479312652397 -0.30773845970409291 26.128098467774343 -0.27816102087682271 0.95862026040212445 -0.060610583327723302 -2.2288808753468707 0.31215983239655959 0.030542452922552123 -0.94953851823273916 -7.4470255082433097
-0.90199351690142193 -0.28728411185468422 -0.3222972766618884 26.028854579619207 -0.27703915444939925 0.95766347855737455 -0.078294116888505627 -2.2675122180098133 0.33114498693135369 0.018668179162799458 -0.94339519646698422 -7.4230957175277128
-0.89488557264019652 -0.29179060355452568 -0.33769521103757594 25.928268184280274 -0.27423827373359111 0.9564763201241957 -0.099731731466454379 -2.2666042509322208 0.35209825489491892 0.0033604640992892197 -0.93595701086160465 -7.3981918335498662
-0.88591820262344667 -0.30044624702856421 -0.35338504624119688 25.830975211334529 -0.27347041202191485 0.95369126624165101 -0.12524736501404149 -2.1914474917633324 0.37465033298931688 -0.014318566298598855 -0.9270556114118218 -7.3337131959301916
-0.87590556600994884 -0.31315448903838505 -0.36704727955387362 25.726236440131775 -0.27207660334390404 0.94883826982054265 -0.16025061509024885 -1.9964712977871506 0.39845170516090822 -0.04049942862642851 -0.91629473147852258 -7.269787788721068
-0.86565298481369068 -0.31725569939599707 -0.38729024140030416 25.645558043266025 -0.26473691663855381 0.94665392459745135 -0.18374088280226125 -1.926052210313435 0.42492266926096156 -0.056525819277562221 -0.90346309105748235 -7.2442037969824948
-0.85544169701923711 -0.32869442536895932 -0.40022428428597101 25.497186789970712 -0.26425609924583759 0.94164036467550072 -0.2085237099832154 -1.8925288402739839 0.44540792203576951 -0.072618168147921103 -0.89237793823167699 -7.1987996528056062
-0.84672771664414026 -0.33625324492917019 -0.41229349878600335 25.351652476383041 -0.26047775060447664 0.93772463876312118 -0.22983438232041334 -1.8559178686469269 0.46390032906501882 -0.087213858595852262 -0.88158393109345523 -7.1611737758102034
-0.83068913689313306 -0.34904630608610415 -0.43373060078277642 25.256786853937097 -0.25922279159833178 0.93194976051673617 -0.25352157341884313 -1.8022265946284217 0.49270589824327282 -0.098164759870554924 -0.86464130005213535 -7.1597994487055496
-0.81891196176256598 -0.35558467345018629 -0.4504916635072288 25.175295050285104 -0.24991848915334458 0.92755031682291011 -0.2778329687798563 -1.7232035087307618 0.51664683068949091 -0.11493454558592633 -0.848449233937695 -7.1669777172340057
-0.80350385139950076 -0.36683042629208368 -0.46884645581740031 25.072310838104205 -0.24712576014145898 0.92205349492674338 -0.29790302309289179 -1.648591608602247 0.54158140612531691 -0.1235021896151889 -0.83152678231045507 -7.1324217979460558
-0.79112250074121593 -0.37518681985188668 -0.48307353377140605 24.896307900412815 -0.24258589169880113 0.91746745874791857 -0.31528645274945455 -1.6446897865850769 0.56149556896707864 -0.13224338300294811 -0.81684417956074906 -7.141640815484017
-0.77638174790725967 -0.40270427332151842 -0.48483053716227176 24.719362915261051 -0.2482892620605949 0.90246790684143119 -0.35200016969690684 -1.3606331026362559 0.57929597259248611 -0.15290829071647413 -0.80064675779540417 -7.0761606566569251
-0.76289925875961417 -0.4122497197474615 -0.49803101264095034 24.561582961512936 -0.24194191183706656 0.89640050137371263 -0.37138962348668497 -1.3435256184024342 0.59954051763050686 -0.16283829311650239 -0.78360376339974769 -7.0814648802360782
-0.7483511566888057 -0.42909214434552262 -0.50581664458921072 24.33365184003183 -0.24652425179066745 0.88787358171102893 -0.38846659596248478 -1.3393616425008921 0.61578920058862541 -0.16601335657286731 -0.77022284170091448 -7.0606378940645467
-0.73355232076269217 -0.44457856689494246 -0.51405339271451989 24.15259097719898 -0.24523694200011537 0.87855924759347281 -0.40986887018462753 -1.2877844461187513 0.63384527684767145 -0.17459537887822277 -0.75349626322382601 -7.0840422702883252
-0.71820046387293623 -0.4635869106895536 -0.51891740183772506 24.010041735967047 -0.24183457385238116 0.86555473834841279 -0.43855562225588668 -1.0631203919007628 0.65246006205923168 -0.18947868260025094 -0.73375315757939807 -7.0997897787614779
-0.70237186558284415 -0.48530468258040665 -0.52072365752211192 23.726522562735937 -0.24238005753411909 0.85089218061214733 -0.46608411760417445 -0.90938556383758029 0.66927249319498561 -0.20115134113059141 -0.71527090519182468 -7.1416429165174282
-0.69344807811234688 -0.49509736956185552 -0.52345807627280339 23.447726539659715 -0.24643245162059044 0.84567513431264252 -0.47339688844938482 -0.7852872998664121 0.67705303318909804 -0.19927910542308597 -0.70843985516853647 -7.1030524323849518
-0.6850205837190908 -0.49861916794104089 -0.5311550858675278 23.207863926026402 -0.24581795494025327 0.84452381530962661 -0.47576576001627463 -0.68289793336326976 0.6857990470321087 -0.19534188167583491 -0.70108574108535149 -7.1437711958162184
-0.67880263545011355 -0.50252588069779314 -0.53543881194296006 22.968398935288086 -0.24222932847859394 0.84158322246565964 -0.4827656078151441 -0.50264286632494848 0.6932185330260513 -0.19800358303127621 -0.6929954159848295 -7.1924983513746756
-0.67762243477370609 -0.50536008967750945 -0.53426493021018606 22.579266318789088 -0.24786067972442055 0.84092138258006477 -0.48105749320240376 -0.45480055883978704 0.69238206168119598 -0.19355208105513144 -0.69508609005023625 -7.121283010885163
-0.67362295128519656 -0.50548139942769077 -0.53918519483981175 22.248043519263977 -0.25240024723881832 0.84301789100415381 -0.47498942160925245 -0.48087146639890194 0.69464108336291619 -0.18387329952859408 -0.6954598299146133 -7.0850680578563132
-0.66711561577910672 -0.50818965885938139 -0.54470177694959709 22.010493797248426 -0.24578860495583885 0.84039512174070552 -0.48303623158960585 -0.33145043026841331 0.70323873390017821 -0.18835952320711116 -0.68554793644183931 -7.2409250863526902
-0.65809872579159134 -0.50946792403789598 -0.55439020688320373 21.812973637711359 -0.24055153086016351 0.83998670777300088 -0.48637155731550252 -0.21392861855270684 0.71347111231802274 -0.18672108917096661 -0.67534747111875104 -7.3930680602814132
-0.65176788224335058 -0.51306996565011831 -0.55853185945280193 21.524892454344528 -0.24176885625889755 0.83857846163453953 -0.48819461675228831 -0.11034204689839876 0.71885078272147873 -0.18315396263918388 -0.67060284681045146 -7.4724044600198782
-0.64922068595759153 -0.51655314565707444 -0.55828787255011747 21.224394443005892 -0.24232462158151516 0.8362335468504325 -0.49192706054589136 -0.0022813199883296581 0.72096551838498524 -0.18408232623944873 -0.6680736624550796 -7.5418339159042151
-0.64044695295580767 -0.52541093356521595 -0.56015270359050373 20.904686282619355 -0.23753003737742306 0.82911392256112704 -0.50611222545872336 0.28273600705203705 0.73034730217417965 -0.19108494002780499 -0.65580436404576381 -7.720071512347598
-0.63951062600645181 -0.5258315232183769 -0.56082739627685652 20.561876815626519 -0.23676623453846773 0.82875536785093962 -0.5070564963006875 0.40864200039476251 0.73141500490987477 -0.19148302652740623 -0.65449701385460357 -7.7774289906446965
-0.64049947334644752 -0.52742591157056573 -0.55819560410924207 20.186951842285847 -0.23579886439843536 0.82681134680751855 -0.51066808431577704 0.50997345801002136 0.73086203909584213 -0.19546074949793638 -0.65393866318973171 -7.824603886822584
-0.63998707329506987 -0.53324486000811178 -0.55323274061658712 19.819199620415631 -0.23855914342584164 0.82230508980497941 -0.51662740381125116 0.63212665527754441 0.73041500607746235 -0.19865613143256905 -0.65347506481969631 -7.8862906277204932
-0.63782073076751966 -0.53006073616388083 -0.55876679516645567 19.595259393443914 -0.23373495332890493 0.82449767212373515 -0.5153363564264376 0.69055174834930899 0.73386149033419223 -0.19808888065700817 -0.64977542917882936 -8.0134967511984048
-0.63613003605847096 -0.53299038023326761 -0.55790665151353536 19.327646488162198 -0.23096744998894872 0.82145103329029046 -0.5214136907983109 0.83723557026070183 0.73620147668274272 -0.20282863329695561 -0.64565310441833867 -8.1234073118557024
-0.63467994343687728 -0.53207708276593424 -0.5604242566076667 19.126592802297562 -0.22063651527711992 0.81979048099202001 -0.52845349407610298 1.0127629814345773 0.74060846438947214 -0.21174877867455502 -0.63770020950639705 -8.2830050742373338
-0.63946291037966541 -0.5236594786317319 -0.56291023857086675 18.958129439664038 -0.22459777680327853 0.82747194553142489 -0.51463192479039155 1.0526752645599504 0.73528431569277486 -0.20265964027793323 -0.64675037324969975 -8.284456181265762
-0.64007703926860615 -0.51191503276523387 -0.57292615844461536 18.79324253428182 -0.23800943233115041 0.84112764527937234 -0.48564986818507616 1.0492830308466463 0.73051549875587074 -0.17449150001002281 -0.66022709918763067 -8.2368862187203842
-0.64007703926860571 -0.51191503276523365 -0.57292615844461492 18.793242534281809 -0.23800943233115043 0.84112764527937245 -0.48564986818507588 1.0492830308466439 0.73051549875587041 -0.17449150001002287 -0.66022709918763012 -8.2368862187203806
1 0 0 0 0 1 0 0 0 0 1 0
1 0 0 0 0 1 0 0 0 0 1 0
1 0 0 0 0 1 0 0 0 0 1 0
1 0 0 0 0 1 0 0 0 0 1 0
1 0 0 0 0 1 0 0 0 0 1 0
1 0 0 0 0 1 0 0 0 0 1 0
1 0 0 0 0 1 0 0 0 0 1 0
1 0 0 0 0 1 0 0 0 0 1 0
1 0 0 0 0 1 0 0 0 0 1 0
1 0 0 0 0 1 0 0 0 0 1 0
1 0 0 0 0 1 0 0 0 0 1 0
1 0 0 0 0 1 0 0 0 0 1 0
1 0 0 0 0 1 0 0 0 0 1 0
1 0 0 0 0 1 0 0 0 0 1 0
1 0 0 0 0 1 0 0 0 0 1 0
1 0 0 0 0 1 0 0 0 0 1 0
1 0 0 0 0 1 0 0 0 0 1 0
1 0 0 0 0 1 0 0 0 0 1 0
1 0 0 0 0 1 0 0 0 0 1 0
1 0 0 0 0 1 0 0 0 0 1 0
1 0 0 0 0 1 0 0 0 0 1 0
1 0 0 0 0 1 0 0 0 0 1 0
1 0 0 0 0 1 0 0 0 0 1 0
1 0 0 0 0 1 0 0 0 0 1 0
1 0 0 0 0 1 0 0 0 0 1 0
1 0 0 0 0 1 0 0 0 0 1 0
1 0 0 0 0 1 0 0 0 0 1 0
1 0 0 0 0 1 0 0 0 0 1 0
1 0 0 0 0 1 0 0 0 0 1 0
1 0 0 0 0 1 0 0 0 0 1 0
1 0 0 0 0 1 0 0 0 0 1 0
1 0 0 0 0 1 0 0 0 0 1 0
1 0 0 0 0 1 0 0 0 0 1 0
1 0 0 0 0 1 0 0 0 0 1 0
1 0 0 0 0 1 0 0 0 0 1 0
1 0 0 0 0 1 0 0 0 0 1 0
1 0 0 0 0 1 0 0 0 0 1 0
1 0 0 0 0 1 0 0 0 0 1 0
1 0 0 0 0 1 0 0 0 0 1 0
1 0 0 0 0 1 0 0 0 0 1 0
1 0 0 0 0 1 0 0 0 0 1 0
1 0 0 0 0 1 0 0 0 0 1 0
1 0 0 0 0 1 0 0 0 0 1 0
1 0 0 0 0 1 0 0 0 0 1 0
1 0 0 0 0 1 0 0 0 0 1 0
1 0 0 0 0 1 0 0 0 0 1 0
1 0 0 0 0 1 0 0 0 0 1 0
1 0 0 0 0 1 0 0 0 0 1 0
1 0 0 0 0 1 0 0 0 0 1 0
1 0 0 0 0 1 0 0 0 0 1 0
1 0 0 0 0 1 0 0 0 0 1 0
1 0 0 0 0 1 0 0 0 0 1 0
1 0 0 0 0 1 0 0 0 0 1 0
1 0 0 0 0 1 0 0 0 0 1 0
1 0 0 0 0 1 0 0 0 0 1 0
1 0 0 0 0 1 0 0 0 0 1 0
1 0 0 0 0 1 0 0 0 0 1 0
1 0 0 0 0 1 0 0 0 0 1 0
1 0 0 0 0 1 0 0 0 0 1 0
1 0 0 0 0 1 0 0 0 0 1 0
1 0 0 0 0 1 0 0 0 0 1 0
1 0 0 0 0 1 0 0 0 0 1 0
1 0 0 0 0 1 0 0 0 0 1 0
1 0 0 0 0 1 0 0 0 0 1 0
1 0 0 0 0 1 0 0 0 0 1 0
1 0 0 0 0 1 0 0 0 0 1 0
1 0 0 0 0 1 0 0 0 0 1 0
1 0 0 0 0 1 0 0 0 0 1 0
1 0 0 0 0 1 0 0 0 0 1 0
1 0 0 0 0 1 0 0 0 0 1 0
1 0 0 0 0 1 0 0 0 0 1 0
1 0 0 0 0 1 0 0 0 0 1 0
1 0 0 0 0 1 0 0 0 0 1 0
1 0 0 0 0 1 0 0 0 0 1 0
1 0 0 0 0 1 0 0 0 0 1 0
1 0 0 0 0 1 0 0 0 0 1 0
1 0 0 0 0 1 0 0 0 0 1 0
1 0 0 0 0 1 0 0 0 0 1 0
1 0 0 0 0 1 0 0 0 0 1 0
1 0 0 0 0 1 0 0 0 0 1 0
1 0 0 0 0 1 0 0 0 0 1 0
1 0 0 0 0 1 0 0 0 0 1 0
1 0 0 0 0 1 0 0 0 0 1 0
1 0 0 0 0 1 0 0 0 0 1 0
1 0 0 0 0 1 0 0 0 0 1 0
1 0 0 0 0 1 0 0 0 0 1 0
1 0 0 0 0 1 0 0 0 0 1 0
1 0 0 0 0 1 0 0 0 0 1 0
1 0 0 0 0 1 0 0 0 0 1 0
1 0 0 0 0 1 0 0 0 0 1 0
1 0 0 0 0 1 0 0 0 0 1 0
1 0 0 0 0 1 0 0 0 0 1 0
1 0 0 0 0 1 0 0 0 0 1 0
1 0 0 0 0 1 0 0 0 0 1 0
1 0 0 0 0 1 0 0 0 0 1 0
1 0 0 0 0 1 0 0 0 0 1 0
1 0 0 0 0 1 0 0 0 0 1 0
1 0 0 0 0 1 0 0 0 0 1 0
1 0 0 0 0 1 0 0 0 0 1 0
1 0 0 0 0 1 0 0 0 0 1 0
1 0 0 0 0 1 0 0 0 0 1 0
1 0 0 0 0 1 0 0 0 0 1 0
1 0 0 0 0 1 0 0 0 0 1 0
1 0 0 0 0 1 0 0 0 0 1 0
1 0 0 0 0 1 0 0 0 0 1 0
0.99998276526957341 0.0013455157793898945 -0.0057147835571079433 0.66101020723597348 -0.0013267704751379306 0.999993731865924 0.0032826679650537647 0.1015361529929026 0.0057191646176238693 -0.0032750291830609323 0.999978282434137 0.24564070341676944
0.99995183170083857 0.0011973034787953545 -0.0097417012127028798 0.95171800008663976 -0.0011784208364599915 0.99999741640125206 0.0019438403105908055 0.18159608719800552 0.0097440034108219175 -0.0019322668554175861 0.99995065915390513 0.21531515045631244
0.99993275173830054 0.0034528668414484454 -0.011071120613809424 1.1717421303159741 -0.003443367400651212 0.99999368703945801 0.00087698470605425177 0.26792441696867036 0.011074078833673826 -0.00083880379454696365 0.99993832869141475 0.32283949347763086
0.99989364836188743 0.00443004410076133 -0.013894843461498226 1.424750852575619 -0.0044178302201273575 0.99998982765610911 0.00090959356381109199 0.32050191875637524 0.013898731657973677 -0.00084811176769741814 0.99990304828254684 0.39171389181500427
0.99983294283740742 0.0033377852957485361 -0.017970687421717552 1.6842886756674618 -0.0033628569460100017 0.99999341382142193 -0.0013651032704640126 0.39779646252133949 0.01796601264193769 0.0014253080712057005 0.99983758225356378 0.44936877819878801
0.99978461804807373 0.0016775680438584834 -0.020685823162871261 1.9302006453508047 -0.001768991423442153 0.99998874598913656 -0.0044021090874634501 0.49566237161027238 0.020678205526861958 0.0044377539963775595 0.99977633406460287 0.52909914199287367
0.99986922461714145 0.0014442555451886572 -0.016107383072258372 2.1433354489099417 -0.0015286003686204818 0.99998517956568178 -0.005225325817996204 0.55262154807319097 0.016099597648057452 0.0052492642257135607 0.99985661381053004 0.53640020772354891
0.99988116862377585 -0.0014937368591036067 -0.015343317168982773 2.3853601651362086 0.0013780012517486838 0.99997054232231386 -0.0075508675109297934 0.6210661075221996 0.015354144199610257 0.0075288271206869484 0.99985377281784782 0.59319757377429627
0.99995278993053149 -0.00042056851025355384 -0.0097077820471317914 2.5618802142965347 0.00036867114053867043 0.99998563605946023 -0.0053471259894325501 0.6388909123168075 0.0097098914379392075 0.005343294572163715 0.99993858171958672 0.6752842735803668
0.99998521032641075 -0.0017217715867060199 -0.0051589370074839516 2.7414952371560144 0.0016621027092357118 0.99993193630330379 -0.011548167616965617 0.73980487269633777 0.005178469178041609 0.011539422140159093 0.99992000939757342 0.77130686310549579
0.99995682756244575 0.00012527404479279532 0.0092912495210778646 2.8461693223172406 -4.8465950878309066e-05 0.99996583091601488 -0.0082664775748543511 0.75115698503240869 -0.0092919676226746427 0.0082656703816245715 0.9999226660251489 0.84231711782998631
0.9998569780743225 -0.00095018303968608347 0.016885512970436917 3.0117618173522529 0.0011097523417598299 0.99995479604514659 -0.0094432153448463091 0.78174224112226498 -0.016875776895410151 0.0094606034955638605 0.9998128350524792 0.91733870863056644
0.99967724217691223 -0.00058309021615384827 0.025398257408001636 3.1800956926768777 0.00098821918363515312 0.99987243907511658 -0.015941424052524439 0.8767645706461159 -0.025385722294399657 0.015961377878401815 0.9995502986442526 1.0084047299844263
0.9994580188725608 -0.0018272882572210125 0.032868366691408538 3.382134567708627 0.0021510576054330514 0.99994949037432745 -0.0098178231447100476 0.85335319784055819 -0.032848766529566691 0.009883203820002795 0.99941146722445517 1.109228691485272
0.99947760346811421 -0.006325606542606956 0.031693956324559715 3.6717679393963074 0.0066621515721997293 0.99992242482903093 -0.010524260565952506 0.88094556260850509 -0.031624925328987065 0.010729912669689085 0.99944221097171837 1.2145785675781056
0.99957025016757584 -0.013712497633812276 0.02590911786558283 4.0025835377760268 0.014094237241320586 0.99979394251279008 -0.01460907222643436 0.9519260372782048 -0.025703452229522448 0.014967963234004037 0.99955754842835842 1.2791358105170643
0.99914687189285034 -0.015748379972011426 0.038177439869498328 4.1622774680122081 0.01639437178192436 0.9997266777381818 -0.016667165099486268 1.0106260984721933 -0.037904524276239811 0.017278841015376009 0.9991319676061603 1.3572940032709764
0.99802865370583738 -0.019227233773588238 0.059742111307932735 4.2274950479512059 0.020422136994696981 0.99960213686958077 -0.019455186617910788 1.0953295965022865 -0.059344272703298555 0.020636895289352367 0.99802423610357927 1.439631351130793
0.99721617603188351 -0.023560129419872872 0.070744742292741719 4.3867708418962525 0.025434014049922935 0.99934596943444254 -0.025704947081108213 1.2170393354906577 -0.070092861188967889 0.027432711802756426 0.99716319483497329 1.5570239855424137
0.99567016782797524 -0.023834149428192824 0.089849041277279426 4.4775026791723178 0.025949714936032917 0.99941109836426345 -0.022451475699273197 1.2321958547490923 -0.089261017203201953 0.024685821585902306 0.99570230542089166 1.6712291545732847
0.99480843794528928 -0.027811409092718509 0.097891252505680995 4.7063515721278542 0.029594469533797119 0.99942063123284164 -0.016809795928611152 1.2163311794704066 -0.097367033260065475 0.019619566519825358 0.99505514090612457 1.75683323441183
0.99405245786648277 -0.034080945929061711 0.10343210398220126 4.9468547025053491 0.036041977441245487 0.99920311441322529 -0.017149694138257652 1.2582727213701352 -0.10276520263070216 0.020775593168220485 0.99448865647466256 1.8582306541098776
0.99321643874538401 -0.035661747160490052 0.11067676176776252 5.1796069801806528 0.037313480428653865 0.99922049668479451 -0.012888102393019466 1.2424671558447762 -0.11013087661612998 0.016930410345108848 0.99377288714338996 1.9819980101173549
0.99137585928679606 -0.037031435368973027 0.1257083068769933 5.321641137257755 0.037925027783800101 0.99926943133946244 -0.0047218490133951515 1.1880358248093945 -0.12544161148105815 0.0094486181540415683 0.99205600936842997 2.0526561519615751
0.98991849096516238 -0.036866403811619611 0.13675616810679642 5.5211603434592336 0.036760695271527241 0.99931865099453021 0.0032992510705223627 1.1218859178552152 -0.13678462094990679 0.0017612621812290021 0.99059924562212309 2.1041209563642314
0.98886416867885996 -0.043151444250899049 0.14242755618955477 5.7509387906433522 0.042760523160763959 0.99906848160319128 0.0058057494013866989 1.1140863808698613 -0.14254540877238031 0.0003491792598144187 0.98978820184510152 2.2049442068639733
0.98756496625943047 -0.043434310361153153 0.15109234957621456 5.918072344159433 0.040381239937060963 0.99891455016598396 0.023218030231596295 0.99731756432627783 -0.15193680554149977 -0.016828016821385419 0.98824694533891866 2.2090374298271258
0.98595408152197517 -0.047596290680377622 0.1600910436084024 6.0420412835868396 0.040235394347038017 0.99799231626139595 0.048912674481693737 0.73363770887965452 -0.16209769329603904 -0.041784324772368771 0.98588965307047449 2.2115442197616377
0.98393563822239904 -0.046492355694989787 0.17236333919314409 6.1764159654730104 0.033833093010641677 0.99655874609227491 0.075670254422237015 0.46892344916899997 -0.17528828156272616 -0.068623075192848659 0.98212264605692856 2.2277841794897451
0.98389485599825055 -0.043681344766185987 0.17332874100852236 6.4052721645218451 0.031380200936523661 0.99683174454159662 0.073087318074618282 0.46333185622907963 -0.17597214361757721 -0.066471145571402795 0.9821483551261796 2.3149994924357737
0.98534867386066305 -0.035327865348587423 0.16685302769486898 6.6988684347653491 0.024379029409623033 0.99744039813682273 0.067218413323295284 0.50249227694328147 -0.16880063342913548 -0.062165859557869081 0.98368783262748249 2.4177866865389879
0.98757887254757515 -0.022716616651774289 0.15547323186181156 7.0208584660743725 0.013461680144802975 0.99808809218299888 0.060323655477602579 0.5858368374279741 -0.15654633073099894 -0.05748143674611661 0.98599651660858467 2.4670383793238546
0.99013336277902442 -0.011014421026954404 0.13969469009716082 7.3507793953645884 0.0029377982906101624 0.99831857730728979 0.057891169830575205 0.61413946834864785 -0.14009744199343721 -0.056909583837784272 0.98850088822130333 2.44865844109676
0.99156607993623691 -0.0055114140351058922 0.12948487724525165 7.5197255510098886 -0.0017129168767447958 0.99845079968891781 0.055615344252587191 0.63245655192775718 -0.12959079842202381 -0.055368085716358824 0.99002050486262572 2.4457196460648811
0.992403330018091 0.00023238849332668054 0.12302673109772615 7.6315890728882225 -0.0077546003787780744 0.99812790122945505 0.060667610470898907 0.58607958317341502 -0.12278231445110287 -0.061160761791130731 0.99054725504397778 2.4340643462758442
0.99313241099431648 0.0048938853272885198 0.11689338783275699 7.7186027889939748 -0.012846232286556312 0.99764504360645678 0.06737463382839827 0.5129074407410722 -0.11628838526979308 -0.068413572146718532 0.99085649546110854 2.4237486757704265
0.99496063426701986 0.0097537228949888168 0.09979078689266524 7.8926610277635971 -0.018170739043274594 0.99631784172104321 0.083788916396761878 0.39410804308026526 -0.098606087548339397 -0.085179945750218145 0.99147426408374273 2.4267376933782363
0.99663099569220714 0.019561563625139153 0.079649253945655488 8.0739733394067983 -0.026523222811745666 0.99582833557084416 0.087306613299799232 0.41540515054835697 -0.077609130115202152 -0.089125031852683334 0.99299222132905951 2.4582117284333793
0.99785538540251717 0.028397594837472555 0.058976320931715037 8.215910228701425 -0.034051954165186971 0.99468244011111251 0.097197262060898473 0.3617052264629953 -0.05590254234581736 -0.098997070371045423 0.9935162232279976 2.4632386839542293
0.99867292549382003 0.041680208775441166 0.030251414546274578 8.4563862997794157 -0.044661068150029973 0.99339739785886549 0.10567402196818847 0.31992054762425542 -0.025647161194044348 -0.10688484515435497 0.99394056814228904 2.502028611447074
0.99869793557549624 0.049899083777317471 0.010607304814433345 8.5705160688646167 -0.0508030603922867 0.99172158931222898 0.11792937864164424 0.27343881039224688 -0.0046349252442426971 -0.11831471054019817 0.99296533007843202 2.4815200614855262
0.99816779992637306 0.06001382415541541 -0.0077061079921707234 8.6617390316647374 -0.058403376359481354 0.98891321397066689 0.13652728981423035 0.16746636977037549 0.015814196785069248 -0.13582708177844705 0.99060633706613954 2.5129721975637853
0.99723768171270855 0.070153373020110321 -0.024403082308673423 8.7565048021044287 -0.065146148050038724 0.98391648461589676 0.16632597721143327 -0.039148727004177798 0.035678923281190378 -0.16427676510997238 0.98576881614225242 2.5516834313269516
0.99585057762018692 0.079523302100016499 -0.044245581436449688 8.8601819450849657 -0.069983908128827849 0.98000955874053752 0.18623511317738303 -0.14593653097028023 0.058171123906589371 -0.18236586632450272 0.98150843661333742 2.5933593114714761
0.99329991994023048 0.088834078137124961 -0.073917356610331011 9.0401107472342233 -0.073654346035983517 0.97951492945596452 0.18741808952950201 -0.098732790290318354 0.089052267555314216 -0.18071803876316278 0.97949511693976954 2.5431454507979363
0.98976595498275144 0.098766785991684286 -0.10299745793928519 9.2278834400566545 -0.07745884899704282 0.97803533498778739 0.19351229993822064 -0.092809829791667617 0.11984774119329619 -0.18355382180766322 0.97567643890311573 2.5347924281783185
0.98679106612885115 0.10851128731444852 -0.12028587753201349 9.337183268135929 -0.083103090908300981 0.97644712972444103 0.19911021855843411 -0.093181392959498954 0.13905850599575706 -0.18648405663289808 0.97256692753350715 2.4868668832978913
0.98328878346247672 0.11558959052560946 -0.14064926192129293 9.5209545087142242 -0.08584706982376876 0.97568194169459466 0.20168051282595112 -0.10536211893715565 0.16054111286382533 -0.18623585909589915 0.96930013714393792 2.3925497330709065
0.97917438420550418 0.12164855383161295 -0.16253970181604516 9.7306646532024814 -0.086608825851476057 0.97439187196131516 0.20750756887485478 -0.10327801129072987 0.18362035998331011 -0.18910872324248049 0.96463539961645539 2.3718976046155333
0.9764893032969737 0.12783308188319306 -0.17357230113942662 9.8627499544381756 -0.089164640094651193 0.97260544065518129 0.21468191298926861 -0.13766978004550057 0.19626081499724354 -0.19415807988385506 0.96113699986652912 2.3084460507575195
0.97210623381446359 0.13593981625035828 -0.19112780158019471 10.077706743391328 -0.093424996072697039 0.97189426603208906 0.21608633867684318 -0.13343332468212257 0.21513075160905284 -0.19220276275788978 0.95748465141763939 2.2836364645232061
0.9676983136560533 0.14376123004853497 -0.2071054863642266 10.315929527107169 -0.096062746104057295 0.96977163715723469 0.22430987623447188 -0.21174786309817339 0.23309209029518368 -0.19716916721513247 0.95225647645028544 2.3030666020705315
0.96604822768644005 0.14336133191497627 -0.21493801500770424 10.527448135358236 -0.093447019005205065 0.96948650282805859 0.2266353358884301 -0.20711420797407326 0.24087024810658733 -0.19885534779277295 0.9499674069310412 2.2911043080873026
0.96465028238071904 0.1414928264421855 -0.22232771480002364 10.79574314307718 -0.089611754346724554 0.96948570497962017 0.22818238609294786 -0.22459038322813279 0.24782971207202209 -0.20019302661574004 0.94789407947762194 2.2892847882823775
0.96335062330510479 0.13833902462998041 -0.22982143251248713 11.130846143732581 -0.085271687195897644 0.97024880770859989 0.22659653682879932 -0.24565827652572247 0.25433111477055059 -0.19869465368868408 0.94648619570234771 2.300143643049501
0.9640865181056264 0.13209073271834559 -0.23041098918432737 11.44792632198455 -0.078492235705968805 0.97050470220449248 0.22794646725239667 -0.28768698380202712 0.25372456432290563 -0.20167464225553966 0.9460185960805696 2.3472022845243146
0.96556209790001712 0.12477182733897207 -0.22830205036620127 11.806584069359621 -0.072299398163342382 0.97161876383928936 0.2252327125011592 -0.33740661003355693 0.2499252530740666 -0.20097006955739727 0.94717917999603363 2.3656445475927907
0.96834783644007727 0.11597854110059234 -0.22102363146505297 12.153443901105224 -0.06487234021275752 0.97200536030646634 0.22582550566934803 -0.39235987194562899 0.24102706722926698 -0.20433931961243954 0.94876308703658141 2.4594635012073716
0.9727127137869741 0.10507616698921779 -0.20685496263815936 12.517747413114387 -0.055628663992529158 0.97118463797514853 0.23174522800585554 -0.50223675150261438 0.2252452622800013 -0.21391446442897147 0.95052889158009279 2.5966593584149682
0.97963779612388291 0.094770367214430926 -0.17699820875812136 12.772386255558237 -0.050129974077284943 0.96911982246646522 0.24144099776462505 -0.63378192336368877 0.19441392466732504 -0.22765181132731813 0.95413724311277082 2.7399503228393889
0.98490930232638674 0.08100371999655151 -0.15294464206918248 13.088436052200986 -0.042710942128961489 0.97013689547766269 0.23876804529798204 -0.64047619388021315 0.16771834012238068 -0.22863245915591901 0.95895659808299483 2.8624562404172869
0.98990424218619721 0.064332314120420037 -0.12629704929919075 13.42565803417761 -0.034054844746226942 0.97291140279597255 0.22865622637243729 -0.55361206668363461 0.13758582358324928 -0.22204674208257258 0.96527995186859372 2.9812838476045336
0.9943859101007041 0.047239919395352874 -0.094683957504504895 13.743585324934728 -0.025610903798886163 0.97565588251155722 0.21780652085554886 -0.4385772149984124 0.10266812260774288 -0.21415879373986724 0.97138831970746209 3.1195063999454264
0.99817192289858059 0.031088997605529828 -0.051829398653982027 13.983745244657525 -0.019454425064992249 0.97718841335883266 0.21148127610414522 -0.38186380468202163 0.057221828722443281 -0.21008636087364277 0.97600685617086158 3.2323953457698082
0.99947532965072572 0.022436320709887277 -0.023359728863499223 14.389163872792514 -0.01716596137501299 0.97853118041795262 0.20538271280689591 -0.30175768198916425 0.027466255471845401 -0.20487396238383102 0.97840291513645028 3.4220833970182172
0.99948827153480968 0.027146250045033252 0.016919697776589932 14.74601436567051 -0.030001547022171698 0.97903055248249182 0.20149214496377577 -0.27418439355146046 -0.011095144912754887 -0.20189665280613084 0.97934398417769719 3.585159629251049
0.9978138348453921 0.034072661712044462 0.056626890387776067 15.152906952331476 -0.044735941443214453 0.97892464020864833 0.19926174829996249 -0.22839439205696241 -0.048644080157013089 -0.20135938646168172 0.97830882187040158 3.8225649907150636
0.99464038987707515 0.044744067789614018 0.093211926397958236 15.568550938024639 -0.062187943782823461 0.97910864736355696 0.19359472179264131 -0.19945410332095456 -0.082602387818054915 -0.19835378760070155 0.97664354831801936 4.0540686799074672
0.98951555305958228 0.058873021589412475 0.1318822868398995 15.989963770461637 -0.08287537000836874 0.9793041317679696 0.18464855956156062 -0.13624234379422878 -0.11828204977580042 -0.19364241485561937 0.97391579300764974 4.302048382242682
0.98291892747145593 0.070035246907912088 0.17019237999661002 16.394285769428482 -0.098674917708404572 0.98115447652240717 0.16612993052210895 -0.023353517208324907 -0.15535006480076632 -0.18008597222046183 0.97130602797254828 4.5312008685800444
0.97495510330813429 0.079698404357170974 0.20763118955577478 16.815032256947138 -0.11292877162252139 0.98168155663291456 0.15345492467368477 0.049194213745702264 -0.19159759673141419 -0.17305919712543083 0.96609568636706356 4.6840792435517811
0.96326449827448046 0.09530894770984151 0.2510731185341355 17.195357254683231 -0.13476245157390501 0.98022161481406733 0.14492987096210772 0.081151790598796292 -0.23229418419281245 -0.17344102841526565 0.95705674944198094 4.8397109717722762
0.95211933291611961 0.1132195245876827 0.28398963914111819 17.656919782096498 -0.15555887182320996 0.979074696342218 0.1312028062942395 0.10972965221713384 -0.26319235035322275 -0.16909783627986702 0.94980824826962507 4.9230177307671843
0.93693147072555105 0.12105694099307206 0.3278789962798101 17.939811252318737 -0.16374644599059235 0.98081422236537508 0.10578545566973989 0.23290551245357602 -0.3087823191011847 -0.15280274291780352 0.93877835571943702 5.0549735934982474
0.92017172658702129 0.124502079851719 0.37119162935397176 18.276852775300693 -0.16679345349794955 0.98241035311847036 0.08396333697435937 0.37194116477345773 -0.35420888958365726 -0.13917302252318395 0.92475236271213379 5.1947154962799518
0.90195105651525953 0.13278784467481933 0.41091566039471311 18.610593030266035 -0.17046171432266172 0.9837570233599704 0.056257647836626894 0.55737105159358491 -0.39677083511919875 -0.12078703281622051 0.9099359302183132 5.268401779874309
0.87760617427535459 0.15226284573355173 0.4545584986367503 18.882542479698976 -0.18699094022153309 0.98183589491721757 0.032135085610180747 0.62803526443287938 -0.44140887071834312 -0.11320027058813613 0.8901370161890414 5.3875369916353968
0.85123618916208854 0.16624753783915133 0.49775366038154339 19.117293063768162 -0.19887152165885666 0.97994191224137528 0.012804940679586157 0.66343865382246436 -0.48564088391927612 -0.10988905675788081 0.86722391979866853 5.5400340586178016
0.8219736431019079 0.19060863900001779 0.53668210030178787 19.391652713293745 -0.20843288274848831 0.97763618951050724 -0.027985966992951094 0.9496941110385333 -0.53001421059716158 -0.088858470040489218 0.8433202884237585 5.6784963317473665
0.79634530727508968 0.20540409088152561 0.56889657322757436 19.654783463514821 -0.19715379856211529 0.97735172427566452 -0.076902449687343194 1.4178543357521136 -0.57180812454307761 -0.05091921547431244 0.81880565594163346 5.8007422374355819
0.75664890416977504 0.21499840166401804 0.61746102962097626 19.731061069782449 -0.17198804191372158 0.97657850864032114 -0.12928468548335539 1.8583030379879497 -0.63079517218932679 -0.0083727978456272865 0.77590421251522645 6.2939440123147161
0.72128508003448877 0.23719008294359048 0.65076009240952515 20.006144668081888 -0.18182167982634212 0.97142783160506874 -0.15254128860148453 1.8983443985064103 -0.66834774636020744 -0.0082965376083596869 0.74380270058594489 6.5757007613580951
0.68630289932321309 0.26299610410003543 0.67810130482749775 20.300974025987209 -0.19972374476642563 0.96464003740527293 -0.17198844150473996 1.8906259773731178 -0.69935595811934526 -0.017396765876363442 0.71456182124433132 6.7740725468891041
0.6493449204620747 0.29305459262980488 0.70176219619517932 20.55455627613733 -0.21119114120486907 0.95596391500783129 -0.20379228415100739 2.1144332453910453 -0.73058160129220828 -0.015874474526074645 0.68264084620819021 7.012883922907041
0.61001520944188981 0.31801666033597314 0.72577327589152918 20.746370613027768 -0.22919698255909138 0.94759204881566217 -0.22257145416055329 2.1767596629028345 -0.75851841601596925 -0.030573072630829545 0.65093402107628018 7.2289591614934521
0.56833427670048509 0.3402058169239156 0.74917030911433469 20.98667460442195 -0.2429866475432933 0.93930313360749351 -0.24221294827241285 2.1933900987698172 -0.78610027289335538 -0.04438046108677119 0.61650363797038343 7.5219325841038387
0.52732371367376563 0.34352411138748601 0.77712346888557338 21.163753811724877 -0.2456209234271752 0.9372058728487388 -0.24761969605145573 2.0476238162567775 -0.81338801501625924 -0.060302046343981404 0.57858759080595401 7.9636027579190705
0.49158136579252865 0.36330507495660197 0.79142730766402691 21.426342804984166 -0.25680785610324591 0.92888039976006276 -0.26689122875291471 2.0646058842541346 -0.83210425179132874 -0.072045995394358672 0.5499198929829956 8.2135227366392982
0.45550343966759055 0.36469900046813736 0.81210298331463804 21.614088062138336 -0.25601260575382956 0.92736328745167063 -0.27286421308402536 1.941524853480515 -0.85262779813124079 -0.083618013276875319 0.51578470868134541 8.5642422031261827
0.42059347937627178 0.37009679922674005 0.8283293332414855 21.874305628476204 -0.25755840568173982 0.9241559112028187 -0.28213386796265383 1.845521519322125 -0.86992229122424625 -0.094679517272797262 0.48401549173569647 8.8972742612556672
0.38683424295527147 0.37847409614478644 0.84090226960367342 22.192185718107144 -0.25839898858944299 0.91984989436977282 -0.29513748410507068 1.7780847605444507 -0.88520575640535415 -0.10311901073664775 0.45362676117213385 9.2256206157270917
0.36177020802994597 0.38251183983064174 0.85018057433191641 22.364004825177791 -0.26838814081971074 0.91607396013998021 -0.29795352896180494 1.7409619116657478 -0.89279903810953376 -0.12038767355020819 0.43406990866433004 9.3593976954646365
0.33636404491758864 0.37348867663429086 0.86450300040696482 22.3554263752455 -0.26795226244707926 0.91800574891041986 -0.29234744742670621 1.6422954810292714 -0.90280718558071416 -0.13331036491355544 0.40886126286363289 9.5862411352880379
0.30090497369659541 0.33253563237179434 0.89379877489720372 22.117751295547457 -0.25100036928023128 0.9318063946505678 -0.26217486055969946 1.2418321883718975 -0.92002989702826454 -0.14545410304079145 0.36385174519680408 10.034578327756712
0.27368190961248529 0.32458294291496248 0.90539721974364706 22.120709460998846 -0.24294151412020384 0.93414249921042114 -0.26145212159378461 1.1108576836938762 -0.93063292068776848 -0.14840385553472174 0.33451257464344031 10.3546480817384
0.24299272089825863 0.31915136023155732 0.91602235062950732 21.974126040432388 -0.23404642493020728 0.93571606408458252 -0.26392748699490604 1.0965077291184215 -0.94136964502147091 -0.15025929813626893 0.3020684272739308 10.625977181122924
0.22531225545876832 0.32819361555966381 0.91734581170132268 21.864837333926292 -0.23883303808257883 0.93143350352444765 -0.2745731385850011 1.1938408171591857 -0.94455977442421735 -0.15722779403797651 0.28824686177237635 10.612045200400882
0.2135648423966181 0.33643304750086139 0.91717111960712716 21.728056932760865 -0.24929655538806786 0.92651670506018724 -0.28181203437053215 1.2803976522788298 -0.94458524526045395 -0.16846245811366131 0.28174299395468771 10.429740159263277
0.20200397985524787 0.33339906033591704 0.92089057910794603 21.624376433767814 -0.24794739295699716 0.92705217091252423 -0.28124075581644348 1.3068512119001301 -0.94747901425227843 -0.17152066631605503 0.26993365588238061 10.50053266384422
0.18780046687218566 0.32378583104109426 0.92730454558338993 21.524119971586316 -0.24145994077355012 0.93034934829092231 -0.2759477978464222 1.2565221502888941 -0.95206516670038033 -0.17208377538769945 0.25290134954976617 10.682194396913676
0.18071351424054438 0.32586649615680624 0.92798364880708906 21.453490108180613 -0.24510401946450414 0.92867125725443922 -0.27837693078235337 1.3045127297261829 -0.95250545689417265 -0.17714604887477844 0.24769463448948192 10.641487401717665
0.17598216775226949 0.30873783030477298 0.93472521564998634 21.29342657247205 -0.24986007716677494 0.93245724381262529 -0.26094717913703452 1.1477362463119465 -0.95215556421806702 -0.18762846425866075 0.24123710520670549 10.659747481289015
0.17316701860445616 0.29228969880858907 0.94052108729045958 21.150081842972817 -0.25667195690182038 0.93534223800249849 -0.24342227578565484 0.99455618592711637 -0.95085892234749214 -0.19925267822255655 0.23699299570515653 10.632262715475555
0.16532300252338417 0.28566616744799062 0.94396141108216369 21.034527352278509 -0.26164060119677385 0.93554019435327795 -0.23729462816258939 0.96076572335224131 -0.95090088896900493 -0.20774837069158303 0.22940818170446486 10.620517879808634
0.1559762246903581 0.26810333439076894 0.95067976701931278 20.888845659773121 -0.26250357705965982 0.93910073307447406 -0.22176944146989377 0.80079429680487035 -0.95224119285096387 -0.21496607924865016 0.21685547124810312 10.708591514914579
0.14943782503851255 0.25220207504955583 0.95606613253919714 20.741369515752922 -0.26057548413620452 0.94278780139374074 -0.20797013874674225 0.69563492422318096 -0.95381798762391878 -0.21804879014535899 0.20660583631931506 10.810034307034389
0.14877511565283952 0.23465002433923943 0.96062757145528499 20.592907045323262 -0.26295691012000638 0.94585073843400702 -0.1903156431405009 0.53762376939379197 -0.95326786811610476 -0.2242894261471948 0.20242189836067381 10.80669629669192
0.1363225513045514 0.21870089136021184 0.96622258415132634 20.486606989150761 -0.26051795312392223 0.94891346719957026 -0.17802704251717466 0.42535684242888683 -0.95579629529829213 -0.2274492292480651 0.18633381337943278 10.978140573647931
0.12592528459940477 0.20535226343639695 0.97055307459206341 20.339853944944938 -0.26022316911136956 0.95092023219781174 -0.16743540322911199 0.33953512690119947 -0.95730179408386895 -0.23147604605748817 0.17318231764645364 11.093582075777793
0.12289543719124585 0.19330236072744905 0.97341199337935436 20.226950593482883 -0.25944661557608184 0.95299407375498724 -0.15649200955317399 0.27133261412522724 -0.95790613589416462 -0.23331629331246678 0.16727026660838906 11.110837255676133
0.12239313368128368 0.17714617528140694 0.97654449638039775 20.119715271607067 -0.26087246150972399 0.95508591258267994 -0.14055766934595568 0.16292803618702703 -0.95758314503417052 -0.23755027293033884 0.16310851656853642 11.099334309664151
0.11619471783461433 0.1694336211438936 0.97866799047143771 19.947131488257906 -0.25701665642706334 0.95690983625570325 -0.13515177984819934 0.15153840109578362 -0.95939628197444438 -0.23583005173885449 0.15473513120963178 11.138716856758025
0.11394445288526822 0.15935091798205239 0.98062426371926692 19.836290178575187 -0.25352953868745737 0.95903593298994894 -0.12638374993258963 0.10804532598385684 -0.96059327223836111 -0.23421648996681574 0.14967698940726504 11.113870371390973
0.10743307831311022 0.15438378597345515 0.98215262577293561 19.687955605658637 -0.24884348994939692 0.96060205563257572 -0.1237764445452947 0.13870743152852377 -0.96256690738564987 -0.23110460260014817 0.14161783596374444 11.091431457867531
0.097724365830375137 0.14868540778540237 0.98404400198097841 19.544467744024516 -0.24941618632437004 0.96088058268663712 -0.12041624398392345 0.15491566109030511 -0.96345291235350905 -0.23366890107046182 0.13098599295369184 11.112566547203611
0.085417053389127751 0.14111740463919728 0.98630107223819652 19.38749366489845 -0.25289834425558316 0.96056979328098979 -0.11553397642642182 0.14047892808583859 -0.96371487197360595 -0.23956533627387228 0.11773739929556382 11.157031954955249
0.06922295077875662 0.13598410557157506 0.98828968734748046 19.23275308059457 -0.2548211502088506 0.96021248497552314 -0.11427232868620951 0.14577946606028347 -0.96450731697158232 -0.2439268470854109 0.10112036777647881 11.222403248126554
0.055887340940639296 0.12856534665258665 0.99012502077398545 19.146053581520992 -0.26300614366121655 0.95854645379475822 -0.10961963470997786 0.14409555537115984 -0.96317411381278328 -0.25428261355742293 0.087384088502232671 11.228685365877258
0.041852922818981009 0.12330140013389235 0.99148630730662679 19.174386075726442 -0.26962005537678019 0.95693379148489777 -0.10762315946375255 0.18972470495881361 -0.96205683750500459 -0.26282024929476056 0.073295006450026845 11.144176828796697
0.026024683457613218 0.11525395129994247 0.99299508687640636 19.164299114343123 -0.27229504438787383 0.9565886599228105 -0.10389198481541941 0.14763262891878093 -0.96186180122340703 -0.26768388523934722 0.056277996858729251 11.123155205072678
0.0050700749062267958 0.11158800214427925 0.99374162241394204 19.162805336052713 -0.27699374037711799 0.95502619363573393 -0.10582739371984642 0.20891570157585962 -0.96085834654871949 -0.2747236561475731 0.035751232434295677 11.155219786017971
-0.010132687758280357 0.10223342266289967 0.99470882972326258 19.195532272486084 -0.28111160590161516 0.95435084873034948 -0.10094910873839638 0.18339101384799936 -0.95962158878706394 -0.28064708232634539 0.01906886245955175 11.135657987537058
-0.02549605841886371 0.095665813146701278 0.99508693248383207 19.206441911833775 -0.27904249192084185 0.95516426619308314 -0.09897733220508638 0.15296154229902689 -0.95994022663273626 -0.28019506916219911 0.00234190296161918 11.108781591776308
-0.031861798611418912 0.095903771280514458 0.99488054179555674 19.204594153625276 -0.2792895350372076 0.95488108821668205 -0.10099239072734918 0.18709546975996807 -0.95967816553673146 -0.28107752315028667 -0.0036393092413629091 10.966508102555187
-0.042680385570590618 0.092877974499724222 0.99476231660652203 19.1790706742851 -0.28134611200842402 0.95425861906189835 -0.10116745130634693 0.20024958564943141 -0.95865674250238764 -0.28419037597868674 -0.014597268778906214 10.925602890142692
-0.053851219803276784 0.087345115634063386 0.99472150720720387 19.191201160269927 -0.28180537893639523 0.95434463513804879 -0.099055771087500688 0.16650034674823558 -0.95795917163948796 -0.28565214537632433 -0.026778299305396658 10.900703986821993
-0.062679169575154514 0.083998584519944158 0.99449261410028345 19.159750201809093 -0.28266606407804368 0.95415718842286223 -0.098407093238271778 0.15466863086679841 -0.95716833311596594 -0.28727738786689144 -0.036062230940129725 10.890861037879008
-0.068142105470810233 0.084180876155934406 0.99411781673583544 19.122431389863472 -0.28340683653426824 0.95375192846993362 -0.10018894123365683 0.16095553978984631 -0.95657577769230784 -0.28856687098400918 -0.041133228694750334 10.853874801008596
-0.071980464511051112 0.083156955344490247 0.993933465331864 19.090041926796101 -0.28426161223661367 0.95347967546965573 -0.10035857848196666 0.14010134692155285 -0.95604087179231745 -0.28976098640796077 -0.044993579747239387 10.834711819069501
-0.071893247994434084 0.081523669516653352 0.99407507372499304 19.052091501362089 -0.28487078363462587 0.953461130380993 -0.098795290798667751 0.10256414341328948 -0.95586609811427303 -0.29028565958575808 -0.045323705879555032 10.818286643422802
-0.071355000020509651 0.080752921926794993 0.9941767597225144 19.021531027611982 -0.28662393767849648 0.95301956829356671 -0.097981737069808797 0.081603634932505401 -0.95538221792209777 -0.2919463444707413 -0.044856990853431311 10.832738569482073
-0.06561677339012939 0.080412458819565574 0.99459955535705924 18.980739106918136 -0.28716820303405238 0.95305749017271701 -0.095999185370891069 0.032194427801988661 -0.9556300864958478 -0.29191652384247296 -0.039444656059664185 10.839596802682737
-0.052156718655748779 0.084178472470102808 0.99508475089897019 18.8995298080712 -0.28433925023885881 0.95394522595752085 -0.095601760687019546 -0.011655662075656546 -0.95730395772328714 -0.28792792612988183 -0.025819409014859573 10.804520883764921
-0.03347745301532723 0.087791643068777028 0.99557615858702209 18.859258865724858 -0.27752406139955921 0.95614367556845781 -0.093646500280221159 -0.097539323834020739 -0.96013522770696247 -0.27943138527682287 -0.0076449616333578163 10.73436662535034
-0.01807246780713867 0.089085322340467413 0.99586002593278922 18.787805543311258 -0.27457005110740562 0.95728769881715936 -0.090617596129141512 -0.1702068089358913 -0.96139725033007939 -0.27507102180499232 0.007159610388898785 10.829126826579715
0.0091458261312697964 0.10005422470874616 0.99493995094292431 18.718785745454745 -0.28995038027789344 0.95250052213437675 -0.093121062657407272 -0.13581201826033293 -0.95699797849372803 -0.28763154808134578 0.037722164668095415 10.77911144304505
0.044093919782133284 0.11138645520670855 0.99279846083418721 18.6546996383384 -0.30533698112130947 0.94771492573976224 -0.092767168167418548 -0.12910994157948263 -0.95122292560575539 -0.29904761682140341 0.075798869882519715 10.686050959145202
0.074860280758134778 0.11493566308829158 0.99054819757307533 18.506660392098038 -0.31867491091446626 0.94400443203796525 -0.085451351342946277 -0.23435169183134519 -0.94490329638459325 -0.30926594646538985 0.10729554901484206 10.799084891013528
0.11005918920665292 0.12501221936632292 0.98603190611677505 18.392176931845114 -0.33667317845796507 0.93810036926038098 -0.081356426301479601 -0.25765988521860506 -0.93516744264232465 -0.32301647357780877 0.14533482727540348 10.884657404037601
0.14898433259735255 0.14241926263377597 0.97852972477660227 18.25306634557349 -0.35107342536305436 0.93272401473103883 -0.082300439536279135 -0.24644738721776668 -0.92441934134048354 -0.33127430624010729 0.18896088320274729 10.883857604126364
0.19376449196898793 0.15467492037021005 0.96877809154649519 18.126263985175342 -0.36548641332582982 0.92778780571900643 -0.075029788972992839 -0.29882840893887902 -0.91042572641936081 -0.33953712104507855 0.23630391470773171 10.891220213150509
0.24358389439352024 0.1630392902788895 0.95607796555377356 17.976698819798223 -0.37783318731780857 0.92384349968473944 -0.061280263148248346 -0.44454578859257082 -0.89325750428045791 -0.34631109990239811 0.286635052167454 10.872842110658063
0.29686614074177231 0.17278524250433266 0.9391569381385656 17.87127318107936 -0.393679627943536 0.91817081307690251 -0.044482677032062545 -0.56914317417232718 -0.86999243963572792 -0.35652155332660979 0.34059585580311458 10.869924423937414
0.34728969106799179 0.18507293489242382 0.91931380890760239 17.726151562660736 -0.4137982555330641 0.90997193807383103 -0.026871465087501947 -0.70844647464372823 -0.84152294929828975 -0.37107826760463958 0.39260673085907194 10.905458688956202
0.4011282991013454 0.19552231027130271 0.8949117910980019 17.612367549158428 -0.42512961595689042 0.90510390577555588 -0.0071923143827654409 -0.848769669251492 -0.81139441537171564 -0.37756846522982573 0.44618511491037605 10.892869335081373
0.44896858148859953 0.21334056464212334 0.86770560463459889 17.500863879503417 -0.43636750630847804 0.89975694759638969 0.0045645032750660569 -0.86159419224294331 -0.77975035253229308 -0.38068784946489653 0.49705749063418925 10.935062554750269
0.48945922412525766 0.23067059310642843 0.8409641760471307 17.307357578707222 -0.44832050949381946 0.89373345064666443 0.015787335506929012 -0.86908431557202837 -0.74795614088387763 -0.38474874485972627 0.54086043915502113 11.001429398582117
0.52840459551342844 0.24433433374545355 0.81307399220086696 17.127112898787296 -0.45743665995042498 0.88872882904677453 0.030212092852834375 -0.90240377278429362 -0.7152204454388098 -0.38789405998843857 0.58137587897331644 11.071877292140373
0.56684157514092393 0.25602809026289691 0.78303272325496731 16.958818854016336 -0.46401340978874206 0.88459818383884081 0.046664854925837121 -0.96785297592641817 -0.68072181118866848 -0.38978926376358597 0.62022749505859576 11.151487560547244
0.60258704531669149 0.26761410074939257 0.75184542686418854 16.782715608153648 -0.46929809428743685 0.88081732369187937 0.062611029239704463 -1.0420371238916026 -0.6454828824335157 -0.39056822113987855 0.65635989603338141 11.198638172320598
0.63699698165165852 0.27599934292870848 0.71976330002966782 16.651183890272598 -0.47151454331502024 0.87817160633608482 0.080552251784344123 -1.1260520483156027 -0.60984332480490788 -0.39069040496027235 0.68953036674455026 11.247288895877038
0.66408248361504141 0.28618882720002786 0.69071731565203354 16.492742542347269 -0.47631792290981528 0.87403807657252552 0.095805412249409874 -1.1759526919868677 -0.57629479545676754 -0.39262373321957078 0.71675024439630985 11.355219482661958
0.69402267944796092 0.29605297727291785 0.6562660703249209 16.378349955424053 -0.47750204132524604 0.87148457935791968 0.11183214417855414 -1.2574340201188796 -0.53881752100511349 -0.39098243258385801 0.74619596385179743 11.401449848752579
0.71601052533398246 0.30574098371222552 0.62757579501573757 16.219759949866983 -0.47706612761008593 0.87061623295504664 0.12014693005766337 -1.25912562937717 -0.50964383396453605 -0.38542162081783182 0.76922905347372561 11.434813486047812
0.73678307407904675 0.31534349390521582 0.5980879388537117 16.094536817918211 -0.47616218970989516 0.87001122673640374 0.12786725320931744 -1.2807097097062412 -0.48002111499527594 -0.37899729049726588 0.79116419468680665 11.457332707611529
0.74505713993907696 0.32555330127333565 0.58215539699966334 15.834139259763395 -0.47618877587018643 0.87077066879705645 0.12248547709006363 -1.1468286670574421 -0.46704829296450301 -0.36847454510828814 0.80379873205061969 11.513951018104704
0.75073883853341716 0.32978182852186438 0.57239421895601938 15.593272141089678 -0.47613542320696756 0.87075447507790538 0.12280758486072202 -1.0669698319827809 -0.45791511777295335 -0.36473358730527844 0.8107300137569875 11.602257256617376
0.75630463179009544 0.32848117639708557 0.56577682939975116 15.358269215581613 -0.47417274609896082 0.87105857412876109 0.12812949423821257 -1.0483638198551877 -0.45073663129350688 -0.36518088283692574 0.81454245562808136 11.730402814956477
0.7591461207870307 0.32711605154984819 0.56275417023105234 15.106010593543404 -0.47050203869716656 0.87319246253559335 0.12713282405750462 -0.98996099446835784 -0.44980551227815463 -0.36128937458699711 0.81678943977914131 11.848309752831511
0.75909987641564158 0.32720377371431858 0.5627655533993412 14.859333259213553 -0.46999897755421649 0.87362369576673882 0.12602618494922244 -0.96927581382762162 -0.4504090793087423 -0.36016569612051275 0.81695307858791844 11.923250825148932
0.75814500598862622 0.32764127573111218 0.56379725463307762 14.647912369957618 -0.47013173485931881 0.87378435728347692 0.12440678777650467 -0.95154348715740944 -0.45187642312104886 -0.35937736629341371 0.81648980815643768 12.004427156785471
0.757875056709024 0.31758935319274711 0.56987928647820352 14.433359264219492 -0.46140157573352192 0.878476977993778 0.12404348046367639 -0.94221963981242607 -0.46123094467838655 -0.35695266054973163 0.81231201751393001 12.089070498125524
0.75143380725544051 0.30251424443629377 0.5863722070722075 14.193709895326922 -0.45300919768469766 0.88267800097911819 0.12514876507810357 -0.94207700596829769 -0.47971856345847191 -0.35967301608634217 0.8003158260166382 12.20653577663199
0.74810031822597911 0.29549520145713104 0.59416201476196573 14.045543429937135 -0.44589196829030708 0.88696573572892612 0.120300192256873 -0.89761266074013979 -0.49145321901925171 -0.35492868235556047 0.79529828615241027 12.299317701936426
0.73890892973952893 0.2898894359856663 0.6082579292167889 13.882338713294766 -0.44496350136751955 0.88781827689024495 0.11741460586483192 -0.85427920951589487 -0.50598525275144268 -0.35741127867423084 0.78500707122580116 12.416735105061919
0.73300766642406812 0.29073826942303971 0.61495611197583699 13.806823641857116 -0.44349906642004933 0.88974614061931545 0.10798325489434935 -0.7505037115303852 -0.51575996262611046 -0.3518850152335693 0.78113289330688407 12.490340302208555
0.72969326224332032 0.29561500390969475 0.61657076844444414 13.820672559631886 -0.44413463760916677 0.89051094138493414 0.098664517175591604 -0.67659240583453495 -0.51989630380728347 -0.34583526820899818 0.78109269651580737 12.549803247293273
0.72748581301568715 0.29783249111900328 0.61811018362000281 13.874683256943147 -0.44238128159163931 0.89222386768295059 0.090748948391788001 -0.64285421565304701 -0.52446467331770164 -0.33945894769577883 0.7808357248941874 12.641557493451483
0.72661390670824877 0.31166441599219252 0.61228875735425847 14.082253728194281 -0.44293099480967457 0.89376420293861536 0.070694295260746859 -0.53180415481333465 -0.52520887693858376 -0.32256912646709879 0.7874673289954095 12.713692837545892
0.72703565718950913 0.32434102490254413 0.60516283159178397 14.273964157564169 -0.44905130241648061 0.89136968596177302 0.061749580941675881 -0.49213239399443059 -0.51939588078178012 -0.31664330486144399 0.79370330509160758 12.708022262804755
0.73323972009017035 0.33686917128228977 0.59065952487170814 14.503789910952523 -0.45360843844397264 0.88945075650277916 0.055827737989771899 -0.49066671825121111 -0.50655591740153372 -0.30886325970600204 0.8049873224773626 12.661380227185372
0.7392067770014219 0.35629494959974395 0.57151312296821855 14.820600418588104 -0.46504965027434092 0.88384331712024822 0.050495678642727221 -0.52898246936113136 -0.48713669910496721 -0.30310872582555637 0.81903781152857924 12.571003398326855
0.73669792333445894 0.3681437120893053 0.56722691844076156 15.083081479022823 -0.47658720356533069 0.87774371430757359 0.049301210850471809 -0.57089545737491909 -0.47972993147444298 -0.30665319049807932 0.82208455380506629 12.566228292506388
0.73105984007142288 0.3652165773307024 0.57634049127021492 15.158516783223453 -0.49422921138670722 0.86580160447022458 0.078262815620563253 -0.87269653452180307 -0.47041364440970357 -0.34205910796181394 0.81345348349708912 12.489212134585003
0.7236422372951834 0.35735045808922677 0.59045961970810623 15.223600016857416 -0.50355494268001366 0.85843196154282797 0.097606286192340325 -1.1429522438442983 -0.47198975847464086 -0.36796089127127712 0.80114321465634197 12.372026521675462
0.7125826288013446 0.35869579915585387 0.60296212219218936 15.298439826110064 -0.52053811873897882 0.84651494057674692 0.11159087023601634 -1.4328078616567663 -0.47038926865974534 -0.39338248441979468 0.78992667816795503 12.232533468945251
0.7022134522487371 0.36090193826722322 0.61371496513925095 15.418570730552435 -0.53971568140708281 0.83201858786339611 0.12826555536498685 -1.7486913795444847 -0.46433097110164745 -0.4213013890373038 0.77903908045170589 12.05849241443166
0.68934682574807182 0.36286664355350767 0.62699980289252821 15.502391632967074 -0.5570538413238143 0.81883644854673876 0.1385564448076913 -1.9959389520640987 -0.46313277976994921 -0.44478609412567716 0.76659856429227946 11.98857578943845
0.67170864283002818 0.36931041110680668 0.64219725894429291 15.646724983728125 -0.58257281903147895 0.79882437163242204 0.14996177450197745 -2.252333573343742 -0.4576203772486071 -0.47485728754457129 0.75172744182493101 11.943681107240458
0.64538146489068449 0.36421784875164503 0.67143735629340584 15.634592581074257 -0.60679002952429162 0.77838344916430402 0.16101262725945009 -2.4935545383705526 -0.4639920525671356 -0.51133605849558972 0.72335800986560683 11.998180632548575
0.62315186065319061 0.35659497111449578 0.69607599092363359 15.673174079278226 -0.62597849651635262 0.76095917870484053 0.17056391835315327 -2.7492851990905085 -0.4688631788310883 -0.54201582534157289 0.69741391197458946 11.961376400978786
0.60718682988285599 0.34704029027892991 0.71476373057110532 15.708172767631575 -0.6376583988618062 0.74952683575459333 0.17776751346830647 -2.9697063837184063 -0.47404210781090456 -0.56371318895944145 0.6763959791537586 11.927605060365059
0.59621907255730722 0.33788398621900034 0.72825629374256895 15.831051703716525 -0.6508783175446311 0.73447586390397179 0.19210054943384414 -3.3116914563289699 -0.46997897109251069 -0.58854024263364757 0.65782987886804922 11.858820508391936
0.58110503036654926 0.3424380786941239 0.73827712001860712 15.95531051111031 -0.66780961158620933 0.71911946368132063 0.19208727086344385 -3.4922953337741567 -0.4651314506198953 -0.60465143613074035 0.64656737810476117 11.80776246813285
0.5742215944313448 0.33380440437156988 0.74755881381391365 16.061238836484119 -0.68205523922982436 0.70011292643057577 0.21128781527566176 -3.8371194919994922 -0.45284678548916646 -0.63120243176571855 0.62969300377658022 11.826807444001538
0.54992001182725336 0.3255983640016985 0.76913827492287179 16.161499582308412 -0.70942391729124277 0.66810437935256317 0.22439751305456665 -4.0945140315353807 -0.44080118666702972 -0.66904577096738593 0.59839123504910618 11.952801592803063
0.53480757307783933 0.30984606281342164 0.78611467174809357 16.22095044567617 -0.72785805406878612 0.64147934759411518 0.24233633598251109 -4.4617783643043092 -0.42918936718631745 -0.70178320296887253 0.56859196540661627 12.040130694815719
0.52161000100861254 0.29750151833536487 0.79963482505200323 16.299988663764765 -0.7446014312533763 0.6162927431306543 0.25642145647335524 -4.7297132998008333 -0.416523367199511 -0.72916123138346156 0.54298451471854647 12.150846304057845
0.51297282792463561 0.29149288482273683 0.80739753276110582 16.39966216520234 -0.7583696724739043 0.59455359804758001 0.26717308794206779 -4.98330850942481 -0.4021620540066223 -0.74935833694327803 0.52604920413472667 12.193856215569818
0.5032457055967875 0.27839649819884127 0.81807038180648861 16.46852423253916 -0.77257574266495099 0.56905700066311371 0.28160406929233189 -5.2953756845857871 -0.38713109103259968 -0.77373737132629405 0.50145787317479174 12.298338695460675
0.50069720076961 0.26678536537761172 0.82348520445835049 16.583770635806399 -0.78494653671362113 0.54097297444051407 0.30200525728250965 -5.7496727170727011 -0.36491265755351482 -0.79760504621354877 0.48027590259340946 12.339519263776069
0.48778289111233841 0.25140882487906435 0.83597933820819803 16.67158820786323 -0.7997978324570546 0.51247988457860372 0.31255046808363357 -6.0377221855596686 -0.34984464885872707 -0.82107123361814915 0.45105515293551957 12.461415454994125
0.47775640029537692 0.24939643535343889 0.84234805158544857 16.840366870395478 -0.81316141826575328 0.48839751957217503 0.31660128035081536 -6.2241577287969516 -0.33244146826295951 -0.83622322432993024 0.4361345999464189 12.545925257797125
0.4701480464776997 0.24644863258906308 0.84748090591362812 16.964071384337561 -0.82258294728221903 0.47036503406355756 0.31955285880568551 -6.3957843388142708 -0.31987202008569127 -0.84736049366569444 0.42386564444518249 12.560408278539239
0.48928718149028927 0.25569933430463737 0.83379608086477253 17.175808640855966 -0.81958425264836743 0.46163100158073322 0.33937953855585695 -6.7596100334841234 -0.29812699783834751 -0.84942019567216231 0.43543727946072741 12.391965663642788
0.50217554638438122 0.2586839337572549 0.82516806956487376 17.326876317553506 -0.82216687191711246 0.4386163040008203 0.36284621065499689 -7.1575792922144954 -0.26806968373088852 -0.86063834464920985 0.43294374274712555 12.354610797572741
0.52095440120617897 0.26119123195455807 0.81264115833125994 17.480442568179601 -0.81667263921469158 0.42945190746596396 0.38550857257907439 -7.6003528808309753 -0.24829883652973855 -0.86449418709665449 0.43703259404084815 12.194133383923562
0.53771234680017432 0.26964915325800254 0.79884589643177828 17.70319389158206 -0.81188781615221106 0.42112554445620232 0.40434075949631992 -7.9561234066894757 -0.22738426964555536 -0.86599226899188286 0.44536926697297818 12.070270898300258
0.55549139535141945 0.28097248211544651 0.78261342563517156 17.96681304108791 -0.80659148371537215 0.41081229910092665 0.42502168568820758 -8.2916963526493586 -0.20208782271173018 -0.86734521339619786 0.45483270848778723 11.94631821977231
0.55549139535141945 0.28097248211544656 0.78261342563517167 17.966813041087914 -0.80659148371537237 0.41081229910092648 0.42502168568820764 -8.2916963526493603 -0.20208782271173015 -0.86734521339619797 0.45483270848778717 11.94631821977231
1 0 0 0 0 1 0 0 0 0 1 0
1 0 0 0 0 1 0 0 0 0 1 0
1 0 0 0 0 1 0 0 0 0 1 0
1 0 0 0 0 1 0 0 0 0 1 0
1 0 0 0 0 1 0 0 0 0 1 0
1 0 0 0 0 1 0 0 0 0 1 0
1 0 0 0 0 1 0 0 0 0 1 0
1 0 0 0 0 1 0 0 0 0 1 0
1 0 0 0 0 1 0 0 0 0 1 0
0.99992166987271658 -0.0091057922720414238 -0.0085871221055967353 0.12546410964313107 0.0094027527212078056 0.99933604097094075 0.035200361614477142 -0.0045796028176380479 0.0082608934275789202 -0.035278346951417204 0.99934338236471731 0.171626532145988
0.99975694557222394 -0.0098270783968192194 -0.019735204845151684 0.13105203969822721 0.010908719293647416 0.99840077944535921 0.055469662395508643 0.020935254010760206 0.019158539178907509 -0.055671466058314557 0.9982653145549274 0.18874018034744394
0.99928981872144884 -0.018653126219906415 -0.032740175348922686 0.095461868685267529 0.0212088533311195 0.99660648753162484 0.079534228796514297 0.014604541819593446 0.03114550914711503 -0.080172126653229439 0.99629432768026216 0.20456405593843952
0.99897374019029772 -0.018079140094793455 -0.04152843728868532 0.012757510317029205 0.021961425595350022 0.99523333310146478 0.09501741140216749 0.13807702971167612 0.03961265196912904 -0.095831922537230121 0.99460900882044645 0.2019968735017266
0.9989228851140256 -0.010937621767801716 -0.045093658373830302 -0.0078048268939609209 0.013879146048966711 0.99775976270644173 0.065443297815258594 -0.04094813864084039 0.044276843839897363 -0.065998669335447124 0.99683686566334795 -0.024564026240205705
0.99762944240973706 -0.017763579297222883 -0.066482711194627925 0.031118156250403654 0.023949551137592204 0.99533698188605901 0.093438276366052397 -0.054232855167516143 0.064512902876439265 -0.094809006642313287 0.99340290799954523 -0.045765026028704657
0.99669940797210443 -0.020547411167753028 -0.078537214378660736 0.021997150663924263 0.029705972785836195 0.99265356749270117 0.11728789419569495 -0.048702664934035841 0.075550283446877781 -0.11923379906015187 0.98998760387834139 -0.065724299325684063
0.99582354256144379 -0.023849019133785742 -0.088128862279804279 0.034781659131114445 0.036063036945440261 0.98953472461111291 0.13971573338418525 -0.055077232732406903 0.083874486267566481 -0.14231041098656574 0.98626204300793541 -0.087245881614283996
0.99516457271155845 -0.027330571004539284 -0.094342530750383818 0.050347944916549314 0.042109555736039986 0.98647469022126222 0.15841234443242755 -0.047699401423795348 0.088737018969168788 -0.16161907511624535 0.98285554178782286 -0.11301972248587523
0.99479825913750197 -0.027641777353145373 -0.098042622168904733 0.067511660897410758 0.044776060819702874 0.98316773124536838 0.17713361232500582 -0.054012328013071501 0.091496054529502741 -0.18060217158881101 0.97929123738698898 -0.11923145475612142
0.99479875319561917 -0.03103163689125223 -0.097017926963479689 0.08607055285698792 0.049484334888023229 0.97974799328906281 0.19402363321705038 -0.066389520407244648 0.089032248321221072 -0.19781533600280846 0.97618766208191976 -0.14306049645986268
0.99485142199429022 -0.033161378554018288 -0.095765187455232312 0.12608895875257733 0.052632136584503782 0.97658457706117918 0.20859631359347638 -0.084758559538250219 0.086605463768106614 -0.21256266562742127 0.97330190939239214 -0.17356448464064378
0.99565233032523215 -0.032718096355041332 -0.087212173971511237 0.1276906361288126 0.051302506321297243 0.97409201375534515 0.22025621803529111 -0.090187801790901231 0.077746318003415235 -0.22377281986192754 0.97153550379178277 -0.20993513149375592
0.9961497546638306 -0.034050077850344536 -0.080785261536839445 0.17423601086805199 0.05165187519046438 0.97252334864592238 0.22700312801331726 -0.086876303297558577 0.070836078889918552 -0.23030182052451798 0.97053764552983413 -0.25435870686700751
0.99677123242647825 -0.034731496171311986 -0.072393600412618678 0.22121442276237827 0.050933571916337864 0.97049261941922083 0.23569015020713682 -0.10103634076162014 0.062071583344095564 -0.23861642614564829 0.96912812347730126 -0.28766702779253872
0.99752886213945069 -0.034630771922917476 -0.061130015825253375 0.27043830830858484 0.048448751182733785 0.96917966386735899 0.24154398699778606 -0.11340514363803364 0.050881113466652923 -0.2439087714330421 0.96846250495846131 -0.33686133739689522
0.99804665456862207 -0.035827612886445537 -0.051178681687207829 0.33740226982659011 0.047403770413254644 0.96789113702224783 0.2468595337927782 -0.13819546145278269 0.0406910045954752 -0.24880339432700543 0.96769887522739828 -0.39002752617305558
0.99863383732504185 -0.037580693961494133 -0.036306340917729163 0.38757140434831244 0.045463342539108324 0.96739673717705443 0.24915183600439475 -0.15076921000636712 0.025759336843823439 -0.25046206167913265 0.96778365982527559 -0.43792205190430167
0.99902461345821136 -0.03892824493727174 -0.020842587429948958 0.43928033665209371 0.042927187689208238 0.9668198664739055 0.25182653225677987 -0.17158329381624435 0.010347862666598262 -0.25247561770888549 0.9675479234646468 -0.48524250423691523
0.99910235243112666 -0.042221171144034113 -0.0034441361492983432 0.49696062686499626 0.041728653224064827 0.96692022235218988 0.25164260987856851 -0.19139646930353255 -0.0072944408075236809 -0.25156044266461663 0.96781410137468427 -0.54013625634399032
0.99892978160126489 -0.044305537990334709 0.013278205203878761 0.55839672151040243 0.03962761856866303 0.96787316429550174 0.24829657606014058 -0.20308363412564587 -0.023852531870345722 -0.24750466084500233 0.96859305158739117 -0.60180323673503966
0.99845277635386098 -0.046298026534740445 0.030798476102810741 0.62111792363679197 0.037253908414091201 0.96813822434724761 0.24762981416952387 -0.23248202012168673 -0.041281953673989791 -0.24609931185752407 0.96836508043408487 -0.66392422186978961
0.99760227538038815 -0.049311026139761072 0.048560507173175414 0.69134489747724048 0.036090851806830318 0.96937377283691162 0.24292373073001539 -0.25750569416532659 -0.059052100485331029 -0.24058867645210447 0.96882915841302741 -0.73609070810174038
0.99645096818966739 -0.052347897841243482 0.065917870001064555 0.76488170761311436 0.035121553167653106 0.97023935184443111 0.23958730482976318 -0.29523156930427014 -0.07649800322208565 -0.23642186388762967 0.96863448099834482 -0.80392127544501391
0.99491742481417844 -0.053038409251811032 0.085593486581404296 0.82587373680177278 0.0317158096764424 0.97182933754972056 0.23354195788816823 -0.32307850593993659 -0.095568955302918923 -0.22964029659819868 0.96857209796720867 -0.87736928302497919
0.99331581841783689 -0.055235446598690605 0.10135447853916511 0.90849909272261942 0.030636045027702986 0.97273891918928534 0.22987045882305435 -0.37182250388748056 -0.11128844336211841 -0.22522886256762067 0.96792915125050982 -0.95411207311142976
0.99163768206716529 -0.053948173700945297 0.11723609537506913 0.98764841888981858 0.026561163784006196 0.97430185696367411 0.22367475515930585 -0.41268879167147304 -0.1262901899709509 -0.21869038861246018 0.96758736135071144 -1.0321038216721548
0.98987079856485749 -0.052545876068262685 0.13188909377499727 1.0719052120702137 0.023291425151123965 0.97650362289028347 0.21423861462533017 -0.43973576064321629 -0.14004753358414004 -0.20899666358669444 0.96783628933132548 -1.1151836747256314
0.98781641526366781 -0.05140287451309343 0.14688932645848754 1.1572787080809617 0.02007362593977291 0.97807619146298408 0.20727762357498772 -0.48848045542882751 -0.15432361866307776 -0.20180363769034343 0.96719155938091061 -1.2048050624241549
0.98575214500235997 -0.049497423902515672 0.16075669084134844 1.2508090825010398 0.016740195872313568 0.97984686213338512 0.19904746320793848 -0.52900301581183373 -0.16736927575096566 -0.19352036532203457 0.96671474269311908 -1.2940325145395009
0.98355919293822047 -0.047689808726894663 0.17417518804441856 1.3484024560839722 0.013403775917459166 0.98111834830868305 0.19294332173774809 -0.59001152005986257 -0.18008790291929913 -0.18743657262027022 0.96562719434909006 -1.3855957774794803
0.98127269860047295 -0.044192935599647584 0.18748566725067514 1.4503295778683882 0.0094334951706088778 0.9831835565969812 0.18237626820992006 -0.62237007664424215 -0.19239256781438202 -0.17719220773046429 0.96518807564608489 -1.4903292963323369
0.97898555793830355 -0.043683410715938072 0.19919597630587599 1.5706360466506795 0.0087125407386268641 0.98485550487055906 0.17315809585472478 -0.65994508835803645 -0.20374339003291911 -0.1677837720233365 0.96453990941977863 -1.5904197863771401
0.97554521450619636 -0.042806454476841296 0.21559021756374189 1.6654187106974185 0.0060895311757345168 0.98573952039568247 0.16816811689541389 -0.72784187436930659 -0.21971447850362344 -0.16274275831880183 0.96189414311070054 -1.6874315177258152
0.97185054889575684 -0.03981303497320339 0.2322098896628621 1.7584134287347337 0.0022636505434468377 0.98715072230121259 0.15977586596983737 -0.78156390411087817 -0.23558732244591021 -0.15475262100015225 0.95945309410952961 -1.8003681390326742
0.96797455484509598 -0.041005354109650942 0.24767685016323265 1.8782225977227207 0.0026315859635750775 0.98817353746925063 0.15331710472358848 -0.8410122243140461 -0.25103453134530035 -0.14775527327256247 0.95663474915580804 -1.9081893860733028
0.964110277037596 -0.040442314250477972 0.2624038736919781 2.0090112316101592 0.0022443432280555399 0.98953672986466712 0.144263727846661 -0.88073383779610526 -0.26549263009350121 -0.13849721826378456 0.9541132972028159 -2.0322127046254939
0.95863021938986193 -0.040424352296293757 0.2817693635120227 2.1107765854746043 0.00073097974414401017 0.99021125728608106 0.13957482442235827 -0.93408913295883622 -0.28465341758208157 -0.13359467686005913 0.94927598419716563 -2.1591566251704437
0.95308907068201565 -0.041054724219962924 0.29989286914782509 2.2115039335043383 0.0008705514616540763 0.99112684965872011 0.13291655286582443 -0.97161215991901551 -0.30268872705577321 -0.12642024167356936 0.94466790831940084 -2.3060256962588874
0.94758917587944491 -0.045597164412569238 0.31622089170965223 2.3096790937814755 0.0050670329409421757 0.99178374316900042 0.12782539639235058 -1.0115147615093427 -0.31945121526344189 -0.11952366034898394 0.94003458217423619 -2.4744141201056711
0.94016401942284711 -0.051117090952750285 0.33686593712514862 2.3509093499041835 0.0084324652329523034 0.99187005123716032 0.12697517469524502 -1.0899209905748439 -0.34061783587001337 -0.11653688030542604 0.93295157720854271 -2.6542585270560073
0.9314801118027809 -0.058074970018678208 0.3591268566582127 2.3875657950364739 0.01211995712366699 0.99158167455497515 0.12891427122732271 -1.1899192563007142 -0.3635903023393216 -0.11572847767114575 0.92434247522264157 -2.8452792232664312
0.91958903857576102 -0.064287317500122024 0.38758630128004534 2.3660270522984961 0.014518386027054129 0.99140843161747472 0.12999437751283122 -1.2842421462024824 -0.39261331688886586 -0.11391427709649718 0.91262167455912724 -3.0346618048172362
0.9075723552764916 -0.068675711611405801 0.41424155582528022 2.3692574563206197 0.016747993499841577 0.99166987907463966 0.12771200276332212 -1.351404451066943 -0.41956158624403522 -0.10897016826066 0.90116234818018914 -3.2307245906318638
0.89433653248567657 -0.074331591038780204 0.44117681402714248 2.3811470674702626 0.019617533464634324 0.99166854648465452 0.12731318193249508 -1.4206320556669751 -0.44696456128227918 -0.10520602875622752 0.88834361171287968 -3.4421900264565748
0.87885280252032572 -0.083282022996632357 0.4697678747506665 2.3894973384943681 0.024629177954534367 0.9912531307395317 0.12965583053746854 -1.4950128346435614 -0.47645687642792328 -0.10237839344639708 0.87321675972228185 -3.6562853928218573
0.86017993964361905 -0.09347036580500355 0.50135193442429116 2.3908652388990617 0.027018045388653499 0.99003255096432596 0.13822291146711541 -1.5962780261714637 -0.50927448066644432 -0.10535102632318391 0.85413152651952573 -3.8654869574428465
0.83960823486551739 -0.10307982679336691 0.53332219272617909 2.3929881293154138 0.029152866147165574 0.98896529990666293 0.14525063158530374 -1.6801561905112548 -0.54240955222176501 -0.10640575590057931 0.83334848219086033 -4.1058734554404532
0.8149417515122569 -0.11510180623085789 0.56799781323921394 2.3718561424213012 0.030823715326743922 0.9873002315181727 0.15584656370166919 -1.7678793963995525 -0.57872259348982635 -0.10949806868870623 0.80814004525073047 -4.3338414688931097
0.78715870708342206 -0.12733828238150027 0.6034617897621064 2.3294482976153565 0.031577481884188109 0.98549145413273465 0.16676167566081249 -1.8358209861894101 -0.61594158205190952 -0.11221210127021748 0.7797592011819503 -4.5593703831025154
0.76199611041255888 -0.13985976773518735 0.6322983260180205 2.3162048007573439 0.034762199364578646 0.98382580906747841 0.17572241435872293 -1.8683117226658905 -0.64664790822476859 -0.11191971578672309 0.75453327296200157 -4.8291155718889032
0.73318030798649958 -0.15593034424435445 0.6619156772011513 2.2705391925578393 0.038735765831028023 0.98135213220859696 0.18827515251653412 -1.8955477197339541 -0.6789301705082087 -0.11239982363632756 0.72554813983650812 -5.0940168073952004
0.70268092189675402 -0.17073438205727601 0.6907165068143718 2.1943449645360604 0.042232485013728123 0.97907909333844401 0.19904910498953679 -1.8755271768594979 -0.7102506171851547 -0.11069733407399887 0.69519073714845792 -5.3626320479934142
0.66855665136774145 -0.18927184056028579 0.71917186699903246 2.0937451558081634 0.046540915964037241 0.97582249978976621 0.21355184861124518 -1.8540291772740132 -0.74220344047517095 -0.10930059137522323 0.6612015076146196 -5.6174971537384044
0.63368117384865041 -0.20429651784540817 0.74613075442983678 1.9807363697017988 0.048998996384463291 0.97316175244616565 0.22484506205212343 -1.7830758385895851 -0.77204097576690311 -0.10592042471661779 0.62668460597396147 -5.8744502111005783
0.59757427899766935 -0.22255406430702396 0.77030816530843083 1.8571857488692447 0.053463740346242732 0.96962890475599095 0.23866590776624769 -1.7331754110013928 -0.80002913043751434 -0.10143705201809916 0.59132386636197287 -6.1285444217516849
0.56209883602668764 -0.24121852839198923 0.79111220449304542 1.735301756476735 0.058965663227277407 0.9657776714963815 0.25257976918034192 -1.6849964664680577 -0.824965422970933 -0.095326338435033686 0.55708611551802223 -6.394345592954962
0.52642494153947605 -0.25918733568806301 0.8097522497307944 1.6206163830612959 0.063792254253073818 0.96175759488562806 0.26636981243587521 -1.6567197694063402 -0.8478250581472988 -0.088567791542611476 0.52282733008020355 -6.65524280284962
0.49057755089634891 -0.27744071779219559 0.8260510363576159 1.5074706162136047 0.067849285344776383 0.95724485657515601 0.28120945759097821 -1.6553707137394091 -0.86875205958589996 -0.081908074518696611 0.4884269917745091 -6.9060432126837856
0.45762697303981104 -0.29420988190354813 0.83905786387871983 1.4000978056669682 0.072686700642197746 0.95288927576990401 0.29448034174195614 -1.6626470574771881 -0.88616826680725347 -0.073773799637866122 0.4574529805245785 -7.1631107117699164
0.42628999229462938 -0.30869683470609804 0.85028413292962324 1.2925073629237516 0.077436524041534172 0.94897272081983786 0.30570305834937128 -1.6683178942629033 -0.90126601356858571 -0.064475106686458367 0.42844198370836639 -7.4060057753097697
0.4007315127327048 -0.31919056619953595 0.85879662153048664 1.1854023845396748 0.07766725596052465 0.9458116518173123 0.31529052735242385 -1.6704402698672622 -0.91289761312784723 -0.059646472953786993 0.40380718939817395 -7.6512415254466548
0.37905612962560686 -0.32722241981386341 0.86558762616179719 1.0740046384369786 0.077488205931028092 0.94333131517741819 0.32267879965568397 -1.6660389603820234 -0.92212365143447328 -0.055240544682345114 0.38293139553757161 -7.8882605470117584
0.35973474626414526 -0.3357417461287871 0.87055636936195246 0.95821140526795034 0.076787075386256121 0.94050544826399851 0.33098828806977559 -1.6785214666262376 -0.92988959419056649 -0.052220510263002874 0.36411311556160009 -8.1101592350347751
0.34680309523824737 -0.33771521165721435 0.87502917034147742 0.8329805505037613 0.076600899997924951 0.94001024807689626 0.33243500963334144 -1.6473945179820848 -0.93480474712780492 -0.048261468333804708 0.35186775274467275 -8.3410597567359552
0.33721831596522456 -0.34338910948048212 0.87656587137977238 0.72861572469783531 0.075598147462550017 0.93797425560261982 0.33836255101139934 -1.6639486248091018 -0.93838623576745239 -0.047835293632554871 0.34226167942858976 -8.5456144962742417
0.33355267077983186 -0.34465719300065772 0.87747024743209867 0.61994686876945604 0.073524872950811587 0.93744987268040569 0.34026729091856323 -1.6684314152358011 -0.93985994109399518 -0.048981175204342552 0.33802978508171944 -8.7430445282041056
0.33579226030109643 -0.34276767401745634 0.87735618740084331 0.5121705813092432 0.073005081729896393 0.93810805263916897 0.3385609835984611 -1.6641846232209732 -0.93910266529463748 -0.049634697764860847 0.34003320545837734 -8.9408286835360808
0.34320635892754681 -0.3394908686754437 0.87575986735959099 0.41269800340196555 0.072024346988282556 0.93916050203801649 0.33584229163792395 -1.6621700070575105 -0.93649446802029068 -0.052187177521815682 0.34677746447786817 -9.1352439973325623
0.35511279990207989 -0.33468654741878107 0.87285727030402949 0.31761963511748864 0.071659467818824776 0.94071198747675033 0.33155071601410413 -1.6614362148434392 -0.93207286196821992 -0.055189415601529075 0.35804232764846877 -9.3254977926829525
0.36974876954804625 -0.3302154250807291 0.86847200326576979 0.2314968725677565 0.070883588083095042 0.94201467033086994 0.327999813752826 -1.6685092654034666 -0.92642396577278374 -0.059717115805904622 0.37171561942115416 -9.5052368850961528
0.3876356347261336 -0.32383171320390547 0.86305946273353085 0.14520879897781613 0.070842234171905188 0.94395973127413768 0.32236842833998292 -1.6747055570093186 -0.91908649894773253 -0.06382042977198793 0.38885339164744126 -9.6867505703998571
0.40957284210125666 -0.31560721727602431 0.85594519182970108 0.065604361429983368 0.071718480534465501 0.94648640354450897 0.31467435144162681 -1.6719975955928308 -0.90945398265273814 -0.067494979877509062 0.41028999637866881 -9.8773058976969459
0.43334325014104258 -0.3062318939060914 0.84760583687931645 -0.011613064370029376 0.070533116159677556 0.94913928917820667 0.306854508298467 -1.6713883338343185 -0.89846463874879545 -0.073189048996259748 0.43290259415371934 -10.057540582030978
0.45947356256253047 -0.29712516627211139 0.8370189250392529 -0.079978770520929346 0.070414831830217725 0.95160523865978841 0.29914749073587299 -1.6753499574565143 -0.88539584184951903 -0.078511816454704522 0.45815946777575622 -10.246378168173578
0.48599339704793088 -0.28506676829952626 0.82616424253115461 -0.10884679195344632 0.067639441545805243 0.95474171949538056 0.2896431511401153 -1.6812852466297299 -0.87134110655539709 -0.084883370964331406 0.48327992857199009 -10.28716481391842
