0.99998461609213363 -0.0055462767295508322 -7.9959410940175021e-05 0.32483711855551717 0.0055464472041849852 0.99998193124327694 0.0023182127549871982 -0.019832447927163366 6.71005167158976e-05 -0.0023186205824670182 0.9999973097444389 -0.14802945334163659
0.99995943491715344 -0.0089573158600880654 0.00094605113484151843 0.4913620293165652 0.0089548679083124999 0.99995662527875373 0.0025608400712989945 -0.023579328007278036 -0.00096894835352305552 -0.0025522644276623307 0.99999627353574649 -0.23727099102744259
0.99993735936445227 -0.010656602116049029 0.00342259822160766 0.64139665071871133 0.01063779081899905 0.99992846571319438 0.005468168152898527 -0.038812902810128155 -0.0034806254807939452 -0.0054314167394312069 0.99997919226275156 -0.3087134143475565
0.99987627562586445 -0.013468810860748304 0.0081255507227360763 0.7862007186426615 0.013430385214874841 0.99989845381280062 0.004765166917389799 -0.033626816553639416 -0.0081889067359715052 -0.0046554480738059435 0.99995563332064974 -0.40878821277552996
0.9998041496482758 -0.014586951769523375 0.013374721834932393 0.92244197833928521 0.014500457853177636 0.99987346604130112 0.006541301751427627 -0.040679559226268279 -0.013468447131590096 -0.0063460810449134635 0.99988915795063749 -0.49748302993099941
0.99968878605841616 -0.018930301272851446 0.016247298937648851 1.0940679264535003 0.018817589779822612 0.99979799054329388 0.0070623240133793836 -0.048663597273315651 -0.016377708750877278 -0.0067543911132476138 0.99984306211363028 -0.60429874067919753
0.99954996083998326 -0.023640189296995968 0.018466651964829266 1.2722418299181575 0.023514244903933751 0.99969894056696462 0.0070077468480523016 -0.054045654160887018 -0.018626756867092056 -0.0065703637106904892 0.9998049180961871 -0.70799923991407143
0.99944122599304874 -0.026724694373887362 0.020075519822261551 1.4613746507013023 0.026648983671073486 0.99963673163453859 0.0040294461550420962 -0.029615438571955234 -0.020175912737979466 -0.0034922024053364886 0.99979034655649157 -0.83771731092398805
0.99928021029349257 -0.029439568167902812 0.02392432113729968 1.6255732202798878 0.029276434578920065 0.99954584726213902 0.0071407002008783242 -0.054446723664040665 -0.024123674971684026 -0.0064351415757552483 0.99968827004159677 -0.94302301172973935
0.99911257736326131 -0.033211754855239216 0.02590438368262403 1.8169072392333971 0.032977092020517101 0.99941158128336482 0.0094341188541666766 -0.058475179918109417 -0.026202464701082048 -0.0085714955591011319 0.99961990791873934 -1.0470698081289944
0.99902304509647477 -0.035443271865814523 0.026395640655474627 2.009857620052641 0.035195382013415974 0.99933242355296759 0.0097975670797360009 -0.059780919316836462 -0.026725277381099338 -0.0088589906421765539 0.99960356033464848 -1.1837826697160154
0.99881480008556145 -0.035802941210075212 0.032971874844293002 2.1525142535976642 0.035493634372259608 0.99932067571800354 0.0099191230237982327 -0.048215381093916411 -0.033304610027564879 -0.0087370752097478827 0.99940705744340785 -1.3006020115631973
0.99862374091992145 -0.037462172706249915 0.036704355153422803 2.3240220982751052 0.036906886594924693 0.99919550775174126 0.015691367391318819 -0.081890444329626638 -0.037262659499435344 -0.014315128531280454 0.99920296802109332 -1.417917319996826
0.99842910059260959 -0.040470672453043456 0.038748622698506215 2.5090214836488647 0.039918108826132101 0.99909141365892051 0.014929559295732989 -0.072804306904556387 -0.039317625533312611 -0.013359334722141018 0.99913745425652223 -1.5574180094185057
0.99818780853823164 -0.04458948746816277 0.040408866514282452 2.6874433975820096 0.043842837658305968 0.99885432255225781 0.01917936142673788 -0.09791247099914234 -0.041217768883213109 -0.017372965377176336 0.99899913693771203 -1.6707617440577633
0.99792076459737422 -0.047196096126944337 0.04389391866498335 2.8400372463659607 0.046553581081535553 0.99879479718816688 0.015547256939198584 -0.066341485370225814 -0.04457478742379866 -0.013471511430600254 0.99891521497367253 -1.810018515120261
0.99775471455285403 -0.049568116193358769 0.045039221181037599 3.0050040786233487 0.048942744456783226 0.99869068068714106 0.014883953563921287 -0.052918709876135339 -0.045718019998582146 -0.012646191746792157 0.99887433467964959 -1.9324791304519418
0.99747870595814236 -0.054167565574247942 0.045848729533427869 3.1727085013369809 0.053087206835957197 0.99829019662385976 0.024462865634504005 -0.11024402475648602 -0.047095431099270883 -0.02196720656922602 0.99864881825650742 -2.010829668017188
0.99726168528404679 -0.054235175803247243 0.050276005907527017 3.2796246942050673 0.053031447805221316 0.99828045823561973 0.024975833290668735 -0.10186168128487884 -0.051544122924974803 -0.022241232215685684 0.99842302206100142 -2.1107871881040352
0.99688849146766956 -0.060881615210178694 0.050067599390363836 3.4373598273088644 0.059536101245233945 0.99783502462039353 0.027941300781030055 -0.11122229516423275 -0.051660315792990234 -0.024873531518834955 0.99835490643455549 -2.2101462530226796
0.996680763269854 -0.065729987407723414 0.048031498864825967 3.5988227335535345 0.064630899178382703 0.99761842650872634 0.024089872595071175 -0.067988004583031225 -0.049500535342711038 -0.020905593644609907 0.99855528297393303 -2.3198430109611015
0.99637414611067954 -0.067843638483028199 0.051340059209143897 3.6936745834894622 0.066408645590383175 0.99736631032522538 0.029160501009022725 -0.094036635412754643 -0.053183199913742568 -0.025645345496415301 0.99825540995343687 -2.3916619532411878
0.99601472641408062 -0.071689221331100436 0.053059592075558777 3.8035249274510399 0.070010022795170324 0.99700495023922586 0.032859182988906506 -0.10981537917695061 -0.055256325199056953 -0.029013526904173616 0.99805057676556497 -2.4752607948099468
0.9958363881853789 -0.073854374531924297 0.053436123815240544 3.9024043666137045 0.07211461513204015 0.99682391506739232 0.033787048318460321 -0.10677264992501358 -0.055761727468373788 -0.029792846661816284 0.99799950703270801 -2.5546362571219783
0.99556063758166236 -0.078154549253421329 0.05244886394373531 4.0146429188464277 0.076512288164826303 0.9965347614295671 0.032624209144411866 -0.081448998298462777 -0.054816846477852947 -0.02846639586442733 0.99809056585497957 -2.6299138131328266
0.99545134297929949 -0.08070533098918746 0.050628779470127408 4.1240767694860976 0.079081036898858259 0.99631158857938462 0.0333077778517928 -0.081517411169259424 -0.053130154937761243 -0.029152495816802008 0.99816197013507824 -2.6946276332979999
0.99533069504438543 -0.082802202471145447 0.049604463190201044 4.2195992267254745 0.081154943978282837 0.99610932065059632 0.034352530924072547 -0.073774813565617839 -0.052255933350600012 -0.030166481049917315 0.99817799056617285 -2.7474663934535535
0.99516565924319356 -0.083436653654253387 0.051803817330772439 4.2744123789437261 0.081387645255839178 0.99586011944642683 0.040480534777325605 -0.11282815499218671 -0.054966916074758586 -0.036068647370379056 0.9978365050518555 -2.7885507857046417
0.99510920914243328 -0.083439712454484519 0.052872263668524266 4.3323438311004621 0.081487990859866993 0.99594750113626085 0.038056304682142189 -0.10339229103792381 -0.055833405999842448 -0.033561724716568812 0.99787586472892809 -2.8596706428210679
0.99518356175873646 -0.082563490275656404 0.052848353604410737 4.386950531871995 0.080390394366244025 0.9958779355329892 0.042006213971162651 -0.11868884068348723 -0.056098688922603203 -0.037555393647955945 0.99771866250417107 -2.8813117017431664
0.99534192853565961 -0.08140183224473535 0.051654496475270685 4.4458513715821226 0.079343296335222732 0.99601503149329229 0.040727120768314987 -0.10754686399634764 -0.054763917186180344 -0.036438972908355238 0.9978342119950635 -2.9263464415844429
0.99561706094759805 -0.078798759153794751 0.05037284492550681 4.4966933626393581 0.076801481962461851 0.99622638335811597 0.040429265014069612 -0.1106376675337051 -0.053368533036205479 -0.036383356868635343 0.99791184531727695 -2.9591293824112386
0.99588092412006779 -0.076108812092782849 0.049281169787102785 4.5369400679604732 0.074230157407136663 0.99648242011052623 0.038893060331895747 -0.11090583911767077 -0.052067923955843448 -0.035074707874681421 0.99802740251078992 -2.9884281452981116
0.99633636236728507 -0.071500383876895723 0.046920657819159502 4.5799710204195208 0.06985216966571596 0.996912018167044 0.035876209765014627 -0.10095265779168129 -0.049340930450470173 -0.032467262581989412 0.99825415072651413 -3.0208105408633132
0.99694726431409464 -0.063955888485045589 0.044786119554288753 4.6095072801135091 0.062402916500028667 0.99742813315890999 0.035256136989496721 -0.10839867517280122 -0.046925773184179724 -0.032353724843055133 0.9983742826715073 -3.0338187739936466
0.99740961412815798 -0.058527448148411244 0.04181625829691047 4.6494549686941307 0.057151555884459797 0.99780750263119877 0.033374950979375588 -0.11230563714734243 -0.043677926973522553 -0.030898632754950309 0.99856773089719375 -3.0398053099129863
0.99799185472220675 -0.050539113734785257 0.038184498046095548 4.6664020678255076 0.049708914810131614 0.99851280324707936 0.02238762024107295 -0.034587180738299604 -0.039259160670204261 -0.02044455268676381 0.99901988897564453 -3.0357601331889512
0.99846096656932659 -0.041692424312278445 0.036571026679750214 4.6792696380502834 0.041014608808109629 0.99897610588849139 0.019092975885997222 -0.040704635591094905 -0.037329614272904092 -0.017563644804836735 0.99914864673851489 -3.0302898001883842
0.99897908891224874 -0.025511932585782507 0.037281647117474476 4.6437217494741097 0.02507628964495956 0.99961223080023509 0.012106516105785137 -0.034430646787254847 -0.037576051065745297 -0.01115927104769974 0.99923146020128317 -3.0521877493831662
0.99933628880573389 -0.012771723624353193 0.034115464992375708 4.6577226185420111 0.012539499106418073 0.99989678876060317 0.0070123311668623158 -0.039422366467270091 -0.03420150344857685 -0.0065798861613820363 0.99939329708576707 -3.0524254090275167
0.99950834039394643 0.00093390374368014408 0.031340154861399662 4.67942432092216 -0.00082462527347574991 0.99999353639093047 -0.0034995956222242863 0.0039602296991652396 -0.031343220576343422 0.0034720311286459628 0.99950265008340244 -3.0686700769725448
0.99929185036531354 0.020827092386772238 0.031337358155734234 4.654304295812894 -0.020574807780588338 0.99975343302179365 -0.008351673241317888 -0.019282986253131861 -0.03150357246820986 0.0077009988865573429 0.9994739714159091 -3.0628022207758314
0.99914350489269799 0.03498487967733388 0.022097846607706379 4.7410458535105686 -0.034602257483257501 0.99924852299455191 -0.017466341067002702 -0.017870441260378279 -0.022692298424743133 0.016686745853190958 0.99960322733824414 -3.0829824854135079
0.99847033800088947 0.052847126604658047 0.016253164061832005 4.7934778424903115 -0.05237709782743874 0.99823195521482766 -0.028099879201825526 -0.0048533428421686474 -0.017709425613624402 0.027205602320358908 0.99947297684670899 -3.1223815362092386
0.99731089169746534 0.07251971425540131 0.010577161524793727 4.8330199650179351 -0.072054161553802773 0.99662920646231168 -0.039222731025280615 0.0073701560585103998 -0.013385929343348681 0.038355128348344293 0.99917450979545952 -3.1462655124546353
0.99539998095790383 0.095560700075097108 0.0068578794216586809 4.8428909517416114 -0.095117110468066896 0.99427420100347041 -0.048698547361458053 -6.7312170134918166e-05 -0.011472279861049031 0.047822231441746334 0.99878997841123829 -3.1642157123175734
0.99324801017202369 0.11600475119790732 0.001134895954346104 4.8809754667579748 -0.11572908064383182 0.99147360257454509 -0.059890527558090718 0.0044596738739193873 -0.0080728051288905325 0.059354806859803474 0.99820430610170496 -3.1956519608833278
0.99116968063354471 0.13235557459285802 -0.0080415214351144439 4.963861263821693 -0.13259086772008383 0.98858236127411536 -0.0715861493232436 0.0059122448466380536 -0.0015251196780061889 0.072020253067376083 0.99740200378687771 -3.2438461887666592
0.98777436350667758 0.15508599888997865 -0.015815806880315992 4.996438890797509 -0.15587069268251899 0.98416542778765836 -0.084396314553463456 0.0029641301515434468 0.0024766835990164575 0.085829736664124523 0.99630674109057271 -3.287159387297411
0.98427520386230449 0.17467143383463044 -0.026309946103580228 5.0687239530400809 -0.17645181270353064 0.97915535933567632 -0.10059592475771936 0.026438189870923057 0.0081902903158019395 0.10365651203073019 0.99457943205063615 -3.3495326558120522
0.98055102139407835 0.19207111512638006 -0.040353205289526468 5.175465192111024 -0.19549578485503516 0.97402152311176593 -0.11429554067831954 0.024280003674736528 0.017352018526488971 0.11996149069240698 0.99262689274667137 -3.402194615635997
0.97607362368863759 0.2108004311574091 -0.053324097396789998 5.2526018609693841 -0.21598699580447181 0.9682492551044477 -0.12586897009605369 0.00089382691742151573 0.025097784417971787 0.1343746933523296 0.99061271090359848 -3.4549463573542756
0.97206317655569463 0.22515303962400898 -0.066327140240793198 5.3482359861357525 -0.23258951040596243 0.96196564331571244 -0.14326276811964198 0.025347587108454344 0.031548382423939154 0.15468745853577479 0.98745961423147621 -3.5564485121984521
0.96637316923582395 0.24174070276501225 -0.087660312615160371 5.4705396998877474 -0.25330260092579987 0.95361866115392946 -0.16263222762789678 0.067206952910584011 0.044279680953396947 0.17936800641604136 0.98278503658175442 -3.6013406184445831
0.9610987751942025 0.25326331752239606 -0.1102126867368447 5.6456452944535807 -0.26990476365007304 0.94590752196997285 -0.18002882669068168 0.091945190143838146 0.058656311503555145 0.20277241399701113 0.97746753666943975 -3.6529962864773844
0.95606835608777518 0.26353496970689022 -0.12838464950767134 5.7619447251905607 -0.28494429996239806 0.93831917444219437 -0.19586697729085856 0.093248974444178748 0.068847980410162074 0.22384469307023397 0.9721900580533287 -3.7471110829082064
0.95206961887678454 0.26766001027935665 -0.14805931145682458 5.921568929476428 -0.29457233811556377 0.93270378535192655 -0.20806438043864509 0.055440505451547974 0.082404966045404454 0.24170595294167244 0.96684417249296883 -3.8548457167194443
0.9479093035986883 0.26828216146590317 -0.17173419575097112 6.1093180030123113 -0.30185585532577841 0.92872982752596422 -0.2152764503356914 -0.033781332303288968 0.10173983859134317 0.25590152266599686 0.9613341853594054 -3.9391948622086055
0.94311482297179083 0.26824921088143439 -0.19640975421901896 6.2383769271121841 -0.31074305368229516 0.9212701748469958 -0.23388035301321922 0.0058905539766750141 0.11820822847454372 0.2816089945276492 0.9522201367971781 -3.9722635382272511
0.94015673935751398 0.26019535859491366 -0.22000836530984885 6.3448283284279645 -0.3110422105554036 0.91898461390165365 -0.24232214645970077 -0.11362220856452265 0.13913320485583441 0.29625268737632238 0.94492131763912035 -4.0654607192221857
0.93753870255717975 0.24387460482463869 -0.24808538515806694 6.4538200587538048 -0.30701470299859712 0.91539197628193025 -0.26038337485589436 -0.088058457074068869 0.16359447836061977 0.32028535227245147 0.93308849514375025 -4.0752128615469028
0.93380591023769577 0.23203362488736193 -0.27233604044778859 6.4682715087540288 -0.30805792934222437 0.90855192901152471 -0.28219444441522651 -0.022189298021040148 0.18195283502745876 0.34741011673678746 0.91989095908939233 -4.0870318491283077
0.92980214608007195 0.21658025403788161 -0.29759193992072308 6.5889409405072108 -0.30511280917676642 0.90576304190296109 -0.29410794888774588 -0.090444510532617706 0.20584980646372908 0.36426131483260954 0.90826182992310311 -4.1654255723141986
0.92618100115782764 0.20407504334385196 -0.31708378983872554 6.6447256073675272 -0.30201164946192455 0.90496121957890308 -0.29972346362530905 -0.2287160740657288 0.22578245433064931 0.37336117599781216 0.89979092881288758 -4.2879246787401302
0.92486909056743682 0.19198985025270457 -0.32826370910124442 6.6163601312833 -0.29525561616974089 0.9065443803805272 -0.30166439551381036 -0.35859214485705881 0.23966911864733217 0.37592177883228589 0.89512095817625725 -4.4100201253467741
0.92395828575041761 0.16732151657730771 -0.34395435203442259 6.5238505850460875 -0.28797648667574377 0.89613858469706598 -0.33764653135940054 -0.073222226384569086 0.25173523653840146 0.41102207618011127 0.87617933300069673 -4.4419321461813333
0.91583767794495885 0.14400207638665119 -0.37483963191306091 6.6250001360726376 -0.28673602057776437 0.88803082340572859 -0.35942135604965308 0.020208633363339223 0.28111172540399981 0.4366516445379276 0.85458266958949591 -4.4477425614436523
0.91102651158678205 0.12395623744048945 -0.39327540780681403 6.6467388992976417 -0.28240734910735033 0.88251969229669502 -0.37603867072244829 0.046301793905996216 0.30046095313064897 0.45364506379783714 0.83900498910058829 -4.5164867145935919
0.90312819484358575 0.10861564684917567 -0.41540595197722113 6.7291698741653532 -0.28194992787218803 0.87967859663555614 -0.38297494016471428 -0.086944509045370863 0.32382665401636435 0.46299914457894376 0.8250867168169248 -4.5920616845454196
0.8939753432427493 0.085529001700769283 -0.43987825081728976 6.8333263188279139 -0.28251983445955792 0.86952504995054603 -0.40510335797848485 -0.014481185389912979 0.34783707222053356 0.48642674410086689 0.8014975943897007 -4.5745941010669373
0.88723439091330425 0.067241687821875021 -0.45639203652075638 6.8523987868010394 -0.28167623586492119 0.86245288070743076 -0.42051578651511218 0.0046545941902300467 0.36534043538823785 0.5016508586440569 0.78413824182475189 -4.6194760620967363
0.88780647025299309 0.064175691435792381 -0.45572047573667251 6.8547284964879642 -0.27835240560126984 0.86345368381734044 -0.42067525978865228 0.010260646248261699 0.36649639789895255 0.50032910821878218 0.78444322534909472 -4.6017408177122343
1 0 0 0 0 1 0 0 0 0 1 0
0.99548593041600353 0.033347787498561689 0.08885768066258877 0.26225260030202507 -0.035989912296704514 0.99895138085513857 0.028299556542241124 -0.062110760663927095 -0.087820775199603809 -0.031369790508748351 0.99564222875829145 0.11627918991499504
0.98984336468016965 0.049899895797145002 0.13311691777559606 0.37686982365096267 -0.056046143619167328 0.99750913923807893 0.042829276458126293 -0.089655139989690422 -0.13064816563603332 -0.049854965007920846 0.9901744994090681 0.16502314822120906
0.98147656053319965 0.066503733610290924 0.17966918082913361 0.47330407374825484 -0.078646258639049421 0.99501490706399698 0.061319660162995338 -0.14058329648635987 -0.17469552692041143 -0.07431411801479551 0.9818140784984104 0.1994699238582413
0.97193178189120644 0.081766641870290327 0.22059652677918598 0.59320314759908299 -0.10073772564476098 0.99199460297180397 0.076148659257624568 -0.16479322729554693 -0.21260414384885656 -0.096233694473758152 0.97238806762846797 0.23641151956983172
0.96077275041594923 0.095469730840619785 0.26038673651204236 0.70485845446253192 -0.12361247795420893 0.98787761682863307 0.093902978988958136 -0.20737471504274513 -0.24826533659009339 -0.12240647312213564 0.9609271449936293 0.29324008194375423
0.94815133448279076 0.10801486183847926 0.29890104807530754 0.81294166027774983 -0.1461403275867165 0.98332588474958804 0.10822757982273769 -0.23240810838561177 -0.28222695046956497 -0.14629762131850985 0.94812707715010203 0.28572025019704361
0.93388132468926055 0.12138072569661167 0.3363515881127897 0.8936427838416463 -0.170987616300737 0.97770069552844141 0.12192040450635763 -0.25516678756745526 -0.31405239446376421 -0.17137114515742097 0.93381102164142959 0.32892843912312869
0.91890606225510196 0.1322535564359856 0.37164586041130088 0.97788452669453296 -0.19479939472986604 0.97137207698817596 0.13597604149465067 -0.28315821089854393 -0.34302309625402838 -0.19734559751286751 0.91836260299436678 0.37857586637164303
0.90526326273936708 0.14130739524918307 0.40066275741871343 1.0870542964024041 -0.2155746554607324 0.96542266127348897 0.1465832631053105 -0.29745128437760426 -0.36609560644381156 -0.21906917890818262 0.90442396131185765 0.39877518242255638
0.8904283322438078 0.1519142172048667 0.42902150965720087 1.1594467362567402 -0.23783478969798647 0.95901293830647494 0.15404154300089262 -0.30445160945147037 -0.38803607815102148 -0.23919919475578066 0.89006277715752191 0.42105375019279268
0.8763728949262235 0.15947951639263408 0.45446323601563432 1.2359177747252843 -0.25766990130381212 0.95244444311701049 0.16265240464749206 -0.3208076592799009 -0.40691125691078428 -0.25964565589799365 0.87578956511971895 0.44775232367563439
0.86172670055076472 0.16782058335450273 0.47881452083290788 1.2818931539980525 -0.27856928204062725 0.94524299537048195 0.17004362618577779 -0.34043656226333774 -0.42405925135676764 -0.27991415024180799 0.86129078703603024 0.48088331231192466
0.84854847334900407 0.17679557916509922 0.49870714007797368 1.3264705461898942 -0.29707358050999083 0.93913673291257815 0.17253835706086623 -0.33984698051977325 -0.43785017544823313 -0.29455987520700455 0.84942433669985307 0.50360790348378237
0.83721695736375268 0.18424114881695361 0.5149009277377441 1.3696509873508322 -0.31245378386972295 0.9338831577872424 0.17388180050488602 -0.345456130139768 -0.4488211216599246 -0.30645953514932062 0.83942965998825025 0.51494398032606292
0.82774580639816342 0.19229849336818619 0.527122537403382 1.4023871208849272 -0.3267223016315704 0.92893284344490601 0.17417321833718014 -0.35397052638308435 -0.4561681900426896 -0.31639383972777907 0.83174847194057966 0.53600021305453627
0.8195580374311473 0.20119741956969137 0.5365111570512805 1.4257553116776354 -0.33897154564898951 0.92515124347260524 0.17086096084661134 -0.34447653933761835 -0.46197717965538215 -0.32189248990864916 0.82641533771952047 0.55222073228453805
0.81517859498633904 0.20798765091769877 0.54057838963635596 1.447641909029074 -0.34631456983775871 0.92312327653299053 0.1670617701363305 -0.34811206189888166 -0.46427370913523253 -0.3233953515261675 0.82453948942247757 0.56613032746439296
0.81136487317661254 0.21709695708424603 0.54273009295584529 1.4455706007893021 -0.35308011308243659 0.92197559982031585 0.15904536171062228 -0.32898765789512951 -0.46585563892776194 -0.32067102232775868 0.82471123377730027 0.57811452772535576
0.81124180347999042 0.22647495424497446 0.53906941240091644 1.4513712679186446 -0.35779534227403342 0.92145814191060882 0.15131882154463033 -0.33378438937690796 -0.46245997592606852 -0.31563267860978073 0.82855704864545987 0.5783452383367359
0.81221266304275153 0.23466955378850604 0.53407938596963755 1.4430871901777047 -0.35990186500361637 0.92209476436128091 0.1421685376742424 -0.34513475960523415 -0.45910917825711173 -0.30768725365574906 0.83339505420770421 0.56936599207021532
0.8158413234702655 0.24301458556934091 0.52473502467326028 1.4617403154680866 -0.35960377844468805 0.92382692777150111 0.13125901893802733 -0.34503764819813487 -0.45286648964853787 -0.29578322928257983 0.84108514659847589 0.57921441234678084
0.8205830026776495 0.25170919620832516 0.51311403826117596 1.4749535271370631 -0.35954874932153613 0.9252317290581723 0.12112367400861018 -0.36614918197034513 -0.44426144619790253 -0.28388153882946277 0.84973115709262093 0.5873158199774754
0.82653846969929123 0.26018858158104802 0.49913531243741538 1.4985761355232023 -0.35687402479695135 0.92797806393889348 0.10722706409040544 -0.37110724958677516 -0.43528736316642469 -0.26675572133145575 0.85986411519760253 0.59531224274635208
0.83349603221261526 0.26839197494017447 0.48295974166957201 1.5306065633016899 -0.35355163218363683 0.93079038231001077 0.092900525184039906 -0.38051949535769142 -0.4246005271618411 -0.24818342407763017 0.87070051128214565 0.60498690000211863
0.84298312302617506 0.27569613489870926 0.4619210922819495 1.5871507569197238 -0.34957425620920407 0.9334136246065472 0.080850756302272231 -0.41584179158715057 -0.40887320001293592 -0.22963154530852328 0.88322820364297772 0.60221993536177887
0.85230329228204793 0.28230279271146308 0.44032287153007471 1.6559730309014238 -0.34473689369220761 0.93630570563641979 0.066993281156647183 -0.4330077713450548 -0.39336442657239551 -0.20889413304349819 0.89533662333637165 0.62295494591156075
0.85931828592273884 0.29058284587509697 0.42087253790421608 1.6987453437991069 -0.34170360948140677 0.93849206091158044 0.04971211998409155 -0.44058654654441887 -0.38054004617935344 -0.18653219906778587 0.90575659642353779 0.6404066795735045
0.86738319033170674 0.29643903489133683 0.39971277152810991 1.7638540148079354 -0.33731505043570581 0.94076756214770885 0.034277554758384836 -0.45150023183132471 -0.36587560437879352 -0.16456090849089774 0.91599931742174512 0.67717546497295056
0.87467232687529894 0.30141658824895573 0.37960026465600599 1.8161873707291716 -0.33311322035182345 0.94269492345540395 0.019022715848364694 -0.47446475626763374 -0.3521134803233012 -0.14308850974054338 0.92495501261133917 0.70664569013564948
0.88277727787225235 0.30570825626695403 0.35671660982168268 1.9066189245010401 -0.3279375266246406 0.94469740847518346 0.0019455209034075827 -0.4831221040502765 -0.33639449505568514 -0.11869822437800327 0.93421061609561029 0.73273339128704218
0.88969343139533819 0.30913818392782527 0.33597497134428744 1.991203464825289 -0.32414115079214167 0.94593239437596677 -0.01201747200107359 -0.51247319141033354 -0.32152466856391398 -0.098211447947561564 0.94179424451252025 0.76284228186849867
0.89538207602502795 0.31233854623706725 0.31738867413256322 2.0730518971445928 -0.32012110237665747 0.94693933212195114 -0.028781610336927554 -0.51787249379399869 -0.30953742543715868 -0.075832274230360236 0.94785866480123859 0.79921864656946406
0.90127071617084142 0.31439757082113401 0.29810277361116366 2.1785132117328279 -0.31722118555111939 0.94749841617374386 -0.040217791905936343 -0.56890835911023296 -0.29509628193259396 -0.058317397147137143 0.95368614626592019 0.82764477469239017
0.90563383749146509 0.31676162201330654 0.28193869406305666 2.2814409972453498 -0.31493874296383306 0.94762894671986264 -0.053037416216896692 -0.58549951901292963 -0.28397348568280706 -0.040760939121943542 0.95796534659195987 0.8697884489814558
0.90875817556217486 0.31960377891259595 0.26835052236523776 2.3863750712296476 -0.31428745999075391 0.94718373225308994 -0.063768094276581908 -0.61601860257394025 -0.27455777323082248 -0.02638942704749923 0.96120842032237575 0.91082312753304229
0.9109991322222839 0.32258186244283976 0.25694653746091717 2.5062107226207009 -0.31547701976129222 0.94637698438260343 -0.06960498138368304 -0.66711069510400689 -0.26562159379986205 -0.017650650237269905 0.96391577612020785 0.95698896784675958
0.91167217569432912 0.32558750808006021 0.25069227879411232 2.6170757990312694 -0.31611364404401432 0.94547966993497079 -0.078360435098797587 -0.68161339218675565 -0.2625376318053898 -0.0078082214284297341 0.96489016139876882 1.0124427809919512
0.91128465976638207 0.3303249317083759 0.24585708931476055 2.744833086656989 -0.31954783988490321 0.94386454615887416 -0.083719152702322608 -0.71004383655747472 -0.25971031342509604 -0.0022711222246555806 0.96568390019947992 1.0670638842341256
0.90961971744876235 0.33469963877347103 0.24610591507182777 2.8667726375266045 -0.32290540982328186 0.94232464701019303 -0.088070176245840612 -0.74062933284316979 -0.26138872572337946 0.00064143746620188842 0.96523340318426865 1.1248111691080336
0.90813572960682099 0.33901613158502503 0.24567775466372999 3.0327546843807593 -0.32680778849138442 0.94077919983244729 -0.090172981230469892 -0.76542676938641407 -0.26169861671941919 0.0015999024173724602 0.96514831726496697 1.1815707182939299
0.90502285082289324 0.34319115131261702 0.2513035478243863 3.1757019937571194 -0.33043980688840807 0.93926520569650851 -0.092684450645440564 -0.7764228542450845 -0.26784916186532076 0.00084084993662836532 0.96346049190375693 1.2432199825176151
0.90074265052689351 0.3488571986532441 0.25876887847961472 3.313545605423688 -0.33673608694249368 0.93716305074762185 -0.091291971520324117 -0.81087040472541172 -0.27435649303860837 -0.0049062471626806926 0.96161553828249613 1.3209909460034497
0.89616566249459528 0.3535975600228472 0.26805945406105747 3.4806441830459414 -0.34329215809367902 0.93527880440896949 -0.0860468024665242 -0.86065979957294625 -0.28113626510467776 -0.014910518744079585 0.95955201884721952 1.4007077436503959
0.89005718105477105 0.35841541510268121 0.28166754280464606 3.628135641372384 -0.34967004655958989 0.93322739495958951 -0.082568080006456379 -0.89018791940156639 -0.29245353988599398 -0.025000390271174504 0.95595287932744899 1.4870803499416425
0.88326687545515514 0.36289337226181967 0.29689733426242121 3.8048802411158364 -0.35760421373654205 0.93093664513629204 -0.074001277423129314 -0.94711352771288759 -0.30324718142392854 -0.040808860690170881 0.95203770085412753 1.5606398206818275
0.87524367142823978 0.36700611233898778 0.31504766168095544 3.9576513999443974 -0.3661104616285622 0.92834406949749249 -0.064346083913133609 -1.01215485874893 -0.31608803443176481 -0.059023742126852984 0.94689204894454904 1.6490384146095942
0.86728802010391859 0.37034605089459227 0.33264890315617307 4.1470406581874641 -0.37371849787209188 0.92582706493571421 -0.056380228633343285 -1.0495228362208113 -0.32885555268605726 -0.075419151541905385 0.94136389193990599 1.7267892014655479
0.85791223391071181 0.37254831083560874 0.35382814331235257 4.3334623725839911 -0.38169351836905141 0.92311937501701169 -0.046483088357556705 -1.0946531972089373 -0.34394281056795867 -0.095175498746980308 0.93415468071239516 1.8269147571096505
0.84687977884337762 0.37426557375749903 0.37778290126230157 4.5086685930887178 -0.39048592880095961 0.91990535735784451 -0.035984342606031783 -1.136984363591814 -0.36099221542111376 -0.11704449497651051 0.9251946857829707 1.9213788267042404
0.83629505554245354 0.37460571600767278 0.40035126777571656 4.7153324551047024 -0.39865116165044101 0.91676013705088011 -0.025061971774094648 -1.177366569429104 -0.37641444099555837 -0.13864129489019628 0.91601897358142692 2.0113392664396597
0.82631583085485483 0.37274898070629237 0.42220888794656009 4.9436663109520023 -0.40576075008545315 0.9138909794289688 -0.0127079269926503 -1.2340485204224982 -0.39058976096249792 -0.16081503381456658 0.90640948998257875 2.0816029723576626
0.81397446295811415 0.36997738167893263 0.44784183669913097 5.1596385734930408 -0.41430930128126248 0.910135439300089 0.0011335792280081378 -1.2915440890796861 -0.40717732810641821 -0.18646774299067259 0.89411207591670672 2.1792092975477333
0.80088419396022392 0.3654959321411056 0.47433873071148935 5.3816144863907907 -0.42295835611007238 0.90600751052426998 0.016019359234377695 -1.3583942691505058 -0.42389944192148649 -0.21345518138925365 0.88019665341145958 2.2716150764020191
0.78752992583365722 0.35978582588271879 0.50035065245318155 5.6100027116624736 -0.43113008185930141 0.9017864261205063 0.030134601055873123 -1.4285036753951186 -0.44036742435428455 -0.2394481178850536 0.86529828984511403 2.3522858181597552
0.77331798902064797 0.35234633541069876 0.52709709521084669 5.8471072289690591 -0.43990008467675151 0.89687507056584925 0.045858731980832144 -1.5080779948380114 -0.45658208830225466 -0.26733343921057517 0.84856680875544377 2.4406899221493972
0.75868952636105857 0.33974534252033051 0.55584467688894534 6.0684344442849696 -0.44778552900411089 0.89168883571841706 0.066175072872211194 -1.6543454576488301 -0.47315781997610623 -0.29910553737916185 0.82864802835979856 2.5093996665921945
0.74560296387559211 0.32640767801106169 0.58097697716463748 6.3327604201642922 -0.45620571032508772 0.88551532543857403 0.087971349200739957 -1.8206151495849117 -0.48574949318214916 -0.33063671325012206 0.80915189780685914 2.5490386328399013
0.72983594645549232 0.31255010995632487 0.60799006573109815 6.5748911501833867 -0.46513166839149644 0.87880204862951294 0.10658091003511892 -1.9645041194347226 -0.50099104016015972 -0.36058201298852993 0.78675827900847728 2.577973934480116
0.71431560813099959 0.29710399060959097 0.63362641259996133 6.8308473467537869 -0.4726957218385695 0.87248824422103666 0.1237861795662447 -2.0929469827340439 -0.51605422828996772 -0.38793489461499714 0.76367175606021798 2.5764861088433562
0.69963710478843733 0.27915217796903524 0.65770964957068812 7.0918400081004318 -0.48009427209517186 0.86541844644304988 0.14338899001494143 -2.2313311803116456 -0.52916671428261652 -0.41608289329320181 0.73949821798574855 2.5752644155994426
0.68420143850666482 0.26018462666031272 0.68130195331808974 7.3374965058269082 -0.48602478089701456 0.85917788943594187 0.159978956923745 -2.3516239064791131 -0.54373550913971014 -0.44058746504415458 0.71430692405054153 2.5780946624559702
0.66940527591928511 0.2398839207487842 0.70310189954061197 7.5594680064705022 -0.49346707720170341 0.85104967159073797 0.1794566805758572 -2.5258113329879754 -0.55532586855776311 -0.46708688811771221 0.6880719574718025 2.5712050508193425
0.65511292368296847 0.21706105405517492 0.72367918032510081 7.7716007628241348 -0.50025466982521771 0.84242091334801539 0.20018059364473381 -2.7035238153270456 -0.56619106540249797 -0.49316478338011122 0.66046663344338019 2.5830907938674983
0.64168715209046634 0.19229330311099371 0.74246945015986376 8.0164172462279382 -0.50667780749540492 0.83302111804746248 0.22215628795648582 -2.8631567824950328 -0.5757735650702247 -0.51874762887710546 0.63196969808741987 2.6181715302915247
0.62549080883859309 0.16942088922175469 0.7616152639973498 8.225655223035476 -0.51489517014937913 0.8230351051837882 0.23978360951481387 -2.9874052596909686 -0.58621174656883568 -0.54213446480593785 0.60203489122665865 2.6630023070316744
0.61027834378619961 0.14659805982857049 0.77850456129689571 8.4376617396331337 -0.52319169559823597 0.81249687098379086 0.25713670352283796 -3.102985539276351 -0.59483677825317416 -0.5642320830084443 0.57254813224857881 2.7056972862254058
0.59527343310552494 0.12529501250138325 0.79369433642998899 8.6543858248933088 -0.53041608499528581 0.8032510525936517 0.27101019037199414 -3.1865279268593425 -0.60357958598434736 -0.5823134090414448 0.54461250172346864 2.7407680159568684
0.58132384331133091 0.10204707929772834 0.80724778278081766 8.8645648448472425 -0.5372085230040724 0.79327098732201962 0.28658008214970432 -3.2826922104063181 -0.61112158529176996 -0.60025622385773847 0.51596789988382263 2.7864150565470851
0.56792796170080584 0.0797896963575387 0.81920170573158591 9.0687007186562099 -0.54300079984853744 0.78429345601214751 0.3000565050459168 -3.3684742950326783 -0.61855311953155379 -0.61523766075533237 0.48874805279007494 2.8148582245673537
0.55625997141916339 0.057130693565867474 0.82904217507279709 9.2686565877867935 -0.54946664844918203 0.77371639076993559 0.31535590829405297 -3.4731061292686856 -0.62342701773244835 -0.63095089389478409 0.46177886813343716 2.854755207536078
0.54601608910815713 0.0356908526950439 0.83701409394880188 9.4703890798329713 -0.55427958364085228 0.76455784499159285 0.32897635906054851 -3.5591898491939475 -0.62820424512570472 -0.64356620847874868 0.43724359539086599 2.883804154798407
0.53480012217841577 0.015479757629534895 0.84483679277223855 9.6547117647210623 -0.56018674715188366 0.7550247240872795 0.34077628193922055 -3.6425520115015657 -0.63259753211132841 -0.6555135720339117 0.41245886976279045 2.9293775177522248
0.52597314571908349 -0.00070239937696386727 0.85050088572410498 9.8503753037562998 -0.5647944465407313 0.74737946347770734 0.34990165865357559 -3.7026931399886673 -0.63589266636683339 -0.66439705312929365 0.39270481618384778 2.9606195953946095
0.52008529779028012 -0.017900639380856325 0.85392672409999704 10.050819029781078 -0.56710730234375339 0.74035662091251742 0.36091741645339021 -3.78411916237491 -0.63867095647977179 -0.67197592291744779 0.37489701034878631 2.9869753049915841
0.5144048314050762 -0.031740881909327945 0.85695985077641379 10.234887415908664 -0.57099142275503201 0.73290361014531069 0.36989335405783497 -3.8612312555095922 -0.63980970965381545 -0.67959165287074319 0.35888538669206371 3.0225376477504247
0.50679947748891174 -0.043368449647870191 0.8609723963008955 10.395627808918217 -0.57522176695015526 0.72686832195996254 0.37520975648009153 -3.9180979912068565 -0.64208582638437628 -0.68540617162836259 0.34343000953621439 3.0671322794099365
0.50436120228031378 -0.054863609004580122 0.86174808502331401 10.574755686677133 -0.57044746655255341 0.72802647714588953 0.38021985281981152 -3.9721105560772907 -0.64823565586762488 -0.68335015400710797 0.33589150254260958 3.082834204960561
0.5006195100285582 -0.064247057578428968 0.8632800367037804 10.727960786478699 -0.56934196970564943 0.72677395674335266 0.38425165885302665 -4.0331543003367063 -0.65209648650369045 -0.68386543368715846 0.32725867581687884 3.1192754248405978
0.49790558180343758 -0.069955813883095866 0.8644051224471857 10.869383688082941 -0.56860346670276751 0.72626744365717788 0.38629742160317715 -4.0894886283053467 -0.65481304909307914 -0.68384339171159769 0.32183549578908055 3.1442758758643792
0.49849596488160408 -0.072934448548895428 0.86381846426875319 11.016054341790042 -0.56863263092806171 0.72462302755242169 0.38933070644966244 -4.1548566288731417 -0.65433837121216532 -0.68527515215103996 0.31974874793152785 3.1751032417108651
0.50024522352401268 -0.073446923573469047 0.86276315739547171 11.156984268526445 -0.56977003640851642 0.72236407438396344 0.39185743536449286 -4.2175628078389096 -0.65200983271147717 -0.68760140594460162 0.31951132153737338 3.2130825677844133
0.50396410687489746 -0.071105728484298525 0.8607927476219257 11.290645575953272 -0.57087542871559782 0.72046432310694231 0.39374154469504224 -4.2758440015732173 -0.64816774362086971 -0.68983703474572367 0.3224956458972088 3.2423653099722638
0.50981573358408916 -0.064838554960386444 0.85783674413070354 11.423687967749226 -0.57208700062354345 0.71916876743101144 0.39435104623839612 -4.3224472947089838 -0.64249854591872413 -0.69180361790208122 0.32955025830655404 3.2661760227985002
0.51718120447441074 -0.054720377077083111 0.85412486327874781 11.553497470860046 -0.57380822980211443 0.71828271620844075 0.39346417245740234 -4.3611829775150666 -0.63503363466021356 -0.69359615045699785 0.34008331761712751 3.2865595483010304
0.52630031472685412 -0.043044420364991731 0.84920854717428285 11.676963430900061 -0.57616386234856365 0.71643300786463882 0.3933941394652592 -4.4045188204710382 -0.62533445646469832 -0.6963267358916132 0.35225827802981735 3.3089518274891838
0.53630850557059118 -0.031985756348830663 0.84341573274597648 11.797707173379733 -0.57486012815003884 0.71782518692229025 0.39276307627283391 -4.4493493142164446 -0.61798788007206107 -0.69548825468930264 0.36658841726555902 3.3319371607988542
0.54904335735733711 -0.020633167948213481 0.83553914577487287 11.914995950716081 -0.57129743302250002 0.72042703362117577 0.39319731973869748 -4.4975644728572712 -0.61005789459991877 -0.69322374570423817 0.38375800138642102 3.349442859407568
0.56219374142555467 -0.0074883736681990529 0.82697165692769792 12.020704028764365 -0.56802779610977383 0.72327407534808796 0.39270731439080886 -4.5408165519865014 -0.60106789961585028 -0.69052048209243866 0.40236655410485644 3.3670069434986898
0.57702101500012537 0.0078511724825714342 0.81669156193686365 12.127299254138258 -0.56466207025531234 0.72630251346439101 0.39197117923425523 -4.5783551339385911 -0.59008770082353834 -0.68733035581586011 0.42352507282430552 3.3880217043284175
0.59355449542469052 0.023550983649327138 0.80444913582543565 12.230111671557008 -0.56142184894493308 0.72830022415716655 0.39291766442840625 -4.6249020175768507 -0.57662688845421861 -0.68485336727052026 0.44550790885217317 3.4114361083671714
0.61196280317540463 0.040316560029255981 0.78985828002060487 12.329189739250101 -0.55758815522122718 0.7302622028979453 0.39473100229856378 -4.67374630840387 -0.56088945139545066 -0.68197631190976682 0.46937334107005135 3.430805330655617
0.63054937261444899 0.060109105677736537 0.77381805620581612 12.420782536485426 -0.55310636820526238 0.73423398477589541 0.39366711959585199 -4.6981521709743745 -0.54450053640589702 -0.67623024999975623 0.49621750759012695 3.4448944591805835
0.65141256091524191 0.080726451023713688 0.75441693750005523 12.516849633988265 -0.54861641539354922 0.7369610388164699 0.39485244842508227 -4.734623211038099 -0.52410085312139965 -0.6710973605756958 0.52435353377826632 3.4568341298176022
0.67264293797135588 0.10175010332819522 0.73293819280343431 12.603051642999068 -0.54432530297419313 0.7390116594760715 0.39695305982001916 -4.7735195237689849 -0.50125985530392858 -0.66596447625314403 0.55247612964684722 3.4732126735131743
0.69387296646360652 0.12342192153516637 0.70944156608952791 12.679827481323157 -0.54014320999180787 0.74074812005970325 0.39942150083309397 -4.8088542986085248 -0.47622013723774903 -0.66034782646161772 0.58065060834952786 3.4901115558076783
0.71472779035169365 0.14759537457294467 0.68365180545629933 12.748597746807047 -0.53643049015874955 0.7428996281362199 0.40042786084775633 -4.8269448560320267 -0.44878337193687251 -0.65292859327780906 0.61014566879822429 3.5059217235715256
0.7370599227878204 0.17172115975884991 0.65364708636319024 12.821945527452778 -0.53133555411918054 0.74492985860385441 0.40343777052886975 -4.8534321924855162 -0.41764242977561045 -0.64466374882687261 0.64029950163935567 3.5088461329264695
0.7590965357947107 0.1947662930870627 0.62115902989620453 12.887624748998496 -0.52571943578987712 0.74615197335092986 0.40850496630675909 -4.8841073518445119 -0.38391603792657936 -0.63665007951121588 0.66879380385969467 3.5279450125583223
0.77976525613407088 0.21879490049503367 0.58659605934879522 12.94257963978068 -0.52059005471955511 0.74706597880774495 0.41337442861782914 -4.9097850270660031 -0.34778174226554454 -0.62771109184512131 0.69643854353514079 3.5393523523170574
0.79927758944504312 0.24331772742533198 0.54950142723335393 12.996165109329425 -0.51512792741740332 0.74831878432513588 0.41792608846637153 -4.9294709611664844 -0.30951341393479481 -0.61710248787921984 0.72345419070436368 3.5471023137501629
0.81713455369086696 0.26549750812133527 0.51166609653736994 13.032337635552393 -0.50999294106639081 0.74670942275082819 0.42700379159625484 -4.9724721248394559 -0.26869745295942143 -0.60986565008736682 0.74556392590886067 3.566900383756781
0.83364451467891132 0.2898155247612646 0.47015293762042493 13.080805831502341 -0.50369482695876067 0.74814233920998485 0.43194277581225538 -4.9834655513271713 -0.22655759629892475 -0.59690032826994233 0.7696633378760408 3.571068792551062
0.84975063100251835 0.31124146524617391 0.42550277957051785 13.137559641312667 -0.49453486366590227 0.75023888991298804 0.43883581973338842 -5.0022333632353799 -0.18264482946355054 -0.58332697380932264 0.79143572568888265 3.575782582474055
0.86276540131996593 0.3315913668082946 0.38168446096665404 13.176690797658502 -0.48612587667525531 0.75154916824330131 0.4459321470128797 -5.0218971145011873 -0.13898738903912355 -0.57028152097977813 0.80960576363874681 3.5787110611274322
0.87383382706633239 0.35030859308913981 0.33719183306022488 13.215712813162094 -0.4767920032558417 0.75329142074863542 0.45301370956935055 -5.0372487520636833 -0.095309119741442114 -0.55662907311279552 0.82527586094572136 3.5836814897977596
0.88274018351149919 0.36735394322894294 0.29295195648473016 13.248700706033208 -0.46691225518775215 0.75557182078414131 0.45946073781382551 -5.0478708374850356 -0.052561529368655817 -0.54236731467805477 0.8384956658202497 3.5849803375635783
0.88975023629896066 0.38310885220873964 0.24813730949868409 13.282437381502898 -0.45635936774443769 0.75734218115959351 0.46708558970313635 -5.0640599191476534 -0.0089802270483957027 -0.52882929948683022 0.84868069821719616 3.5857204194815013
0.89537375452131229 0.39573373106964937 0.2042073794163749 13.312983462915353 -0.44414642580283159 0.76038805543026089 0.47386069430324829 -5.0755733971088928 0.032245808424952178 -0.5149804066687208 0.85659523030795603 3.5842593629660571
0.89908010067924504 0.40675456762153034 0.16188172930142719 13.340348815430014 -0.43191336599106572 0.76379751511924932 0.47965008097145984 -5.0798151774792037 0.071454998711541068 -0.50116272568566211 0.86239788122562744 3.5828929840948756
0.90086433501348739 0.41629259638615412 0.12306065209798683 13.348815773718707 -0.42043934369774849 0.7661615375497961 0.48603215598388033 -5.0906263428550602 0.10804724971841559 -0.48958857479868445 0.8652333900485345 3.5804219984376822
0.9031109417256995 0.42085090161289856 0.085294463753109992 13.36764813056374 -0.40529765051224415 0.76979834337130448 0.49309666905389876 -5.0973360252411144 0.1418606408577624 -0.47989064291190936 0.86578318846060953 3.5950555407667868
0.90339855701783967 0.42582867599571878 0.050408192566469633 13.381496526245181 -0.3924934691147739 0.77382918683016311 0.497129023807722 -5.0966010306534635 0.17268446334379692 -0.46889052913180251 0.86621114505076824 3.5810197492640219
0.90395761686317155 0.42716405714006861 0.019786237709369412 13.385346441473585 -0.37844932352855332 0.77761137889954757 0.50209227531074874 -5.0968442595680097 0.19908976979201073 -0.46135822491159789 0.86458767737609099 3.5806259917019645
0.90438952110311721 0.42665892606396466 -0.0064618053838471452 13.380478062523716 -0.36488763392518553 0.78112617767307346 0.5066546251267563 -5.0944902490801285 0.2212162035822742 -0.4558553009056695 0.86212489577140006 3.5732253990803668
0.90596943544993935 0.42241955482996679 -0.027948197218621448 13.373664046224901 -0.34964642546265678 0.783843814248807 0.51316298777782943 -5.1042429420481703 0.23867710236154843 -0.45513799507526786 0.85783602526774339 3.581109934441006
0.90826719916396959 0.41582970578973882 -0.046220674006956668 13.376734627152722 -0.33446138741187814 0.78799636582262678 0.51691131519909161 -5.1046612750499936 0.25136880326197936 -0.45403456171656392 0.8547902324626131 3.5789578054101101
0.91178117138361536 0.40627759731285046 -0.059946721611940847 13.382551269266099 -0.31808831126490528 0.79098213287632413 0.5226538928459844 -5.1163137747782175 0.25975935353123081 -0.45747762720390855 0.85043477049149319 3.5817742501802425
0.91646514571900761 0.39421231656458922 -0.068471060682731136 13.387687182623164 -0.30227281407304774 0.79426629028031437 0.52704099081258193 -5.1235464956230041 0.2621503052727554 -0.46231775824980748 0.84707703773167742 3.5852092446376971
0.92211529400214065 0.37979246969641534 -0.073899015752871666 13.404505501309334 -0.28589968422346795 0.79751796343003489 0.53124991159277457 -5.1294692107734017 0.26070050849253645 -0.46874596314881145 0.8439860584769312 3.5859351432561386
0.92865569306635887 0.36297856716745458 -0.076453669058471757 13.427226432023437 -0.26878760888779452 0.80050313296819753 0.53567523315576415 -5.1404161709978338 0.2556400302061918 -0.47690805600782421 0.84095593289483095 3.5877229640342723
0.93566533611114244 0.34476405856261894 -0.075286935941462796 13.453510383045801 -0.25244526328509387 0.80300896447114001 0.53985923352658061 -5.1439478437669273 0.24658014487168767 -0.48612174082468118 0.83838170617722751 3.5928116257272964
0.94333267262621445 0.32419047969010867 -0.070880192114444587 13.48013628802121 -0.23527719931339144 0.80400797824552828 0.54609139381680871 -5.1611478107166615 0.23402587087570043 -0.49846936093990313 0.83472162303670716 3.6021390907608919
0.95131762621364346 0.30183364976578414 -0.062379659539825799 13.505150818728064 -0.21915894726663337 0.80475642164093597 0.55166698075982135 -5.1716267111275949 0.21671208985245757 -0.51113946208128169 0.83172851364795619 3.6121615031403458
0.95930686455017311 0.27747434999726567 -0.0523290045816922 13.541619051377316 -0.20240645005046567 0.80495996625473065 0.55773746664999235 -5.1852948784340063 0.19688059479005082 -0.52444965232210594 0.82836621947924582 3.6236260754326608
0.96693366944161863 0.25175819461654914 -0.040707374560175653 13.5834038600519 -0.18585219038336251 0.80492400725617275 0.56352134464665249 -5.1994235206193888 0.17463745941198594 -0.537322206861098 0.82509793587430957 3.6295488700465475
0.97418503213478569 0.22430861557821088 -0.025478778266097065 13.616544449815487 -0.17007227380384643 0.8034437942999636 0.57057294983557294 -5.2165422679469859 0.14845519474823382 -0.551510393717348 0.82085159485378334 3.6416994802052769
0.98047288881263672 0.19647026151265201 -0.0085059182075210467 13.656753543112433 -0.15543415683343981 0.80073041947110524 0.57850757836272604 -5.2344825099461856 0.12047048266227102 -0.56588888633262457 0.81563265698005338 3.659052927159987
0.98589202636534778 0.1671058036473792 0.0096209529981204512 13.696986147930437 -0.14099009690595868 0.79808665291391312 0.58581523282952941 -5.253875735643982 0.090214771094743004 -0.57890702606552535 0.81038753090622784 3.6656503731943788
0.99010827308878613 0.13762153318371448 0.02731155735774804 13.752040073953694 -0.12676424164699773 0.79400615841592281 0.59454608520891805 -5.2759899737145055 0.060136799056844992 -0.59212712655455357 0.80359755561938118 3.6825777293973636
0.99304204668763107 0.10832825408778954 0.046178814154674432 13.805418016170764 -0.11414826643598749 0.78910546029591333 0.60355840297425534 -5.3008721792043154 0.028942473634771794 -0.60463010336689826 0.7959803837547974 3.6995688210363418
0.99466210743778927 0.079151990678334824 0.06619859816546321 13.8612993808225 -0.10312884919306393 0.78386405563031947 0.61230840493570049 -5.3229775567673654 -0.0034252724752851862 -0.61586695370221345 0.78784272722798288 3.715304622513234
0.99500886001358402 0.049667026804198558 0.086547992136726967 13.921028881656214 -0.092901237179566318 0.77767005578584547 0.62177057220854859 -5.3466595713213945 -0.036424286197177511 -0.62670764378813115 0.77840272391131515 3.732160668470573
0.99408413829965403 0.021847038268390538 0.10639282353586499 13.984053545751916 -0.084389175066876376 0.77202750130856856 0.62996190706643551 -5.3640508505349054 -0.068375383820248617 -0.63521354215897163 0.76930394691908743 3.7422014475884442
0.99184189422402025 -0.0054286197641259127 0.12735849775167757 14.04162498570169 -0.077895095205619838 0.76505106428156766 0.63924113070464128 -5.3876070850034505 -0.10090595128640799 -0.64394673625160748 0.75838683392177098 3.7632714536947485
0.98862983218244238 -0.0322657911711971 0.14686719728725189 14.110081333568615 -0.071725437250588067 0.75724657928849948 0.6491787733799359 -5.4179713593699335 -0.13216094949011159 -0.65233161572620635 0.74632228062272743 3.7845966813923191
0.98442529570154214 -0.056952155244872828 0.16632284628365152 14.177411730655542 -0.067867827890389879 0.7496212279919332 0.65837828980101287 -5.4429851522511798 -0.16217519884486556 -0.6594122129266563 0.73408087995996629 3.8039371169441019
0.98059636978724074 -0.067852077651586726 0.183920784900587 14.249902409583109 -0.07386694250883212 0.7411550432410916 0.66725772882949252 -5.4705545672347089 -0.18158864051609019 -0.66789617264711043 0.72176191933272538 3.8201596199639982
0.97642879443637709 -0.079119325261493068 0.20081569103456345 14.328724162811726 -0.079723316714711057 0.73239545381901749 0.67619604553505153 -5.4978265045134629 -0.20057667403646182 -0.67626698248206796 0.70882435499711027 3.8406684162047786
0.97201765385124461 -0.09007081082359833 0.21695375000009029 14.409576313726392 -0.085562313770005727 0.7243741451349951 0.68407688772700703 -5.5238298248023456 -0.21877104713340201 -0.68349787629335368 0.69639779008741132 3.862387477463884
0.96758161677861299 -0.10107624391498249 0.23145065951110272 14.493628437593266 -0.090840058323905321 0.7158126906905633 0.69235848781541309 -5.5570053384905602 -0.235656314737787 -0.69093833643992797 0.68342542867662615 3.8838547731178625
0.96303136928732391 -0.11237083875371676 0.2448333644877026 14.584537248068393 -0.095340643559489652 0.7078524607117993 0.69989646059250277 -5.5908387277844742 -0.25195385183450636 -0.69736481733884215 0.6709706164085868 3.9070665575408436
0.95822306594258366 -0.12335341684100849 0.25805520814206262 14.673949914432107 -0.1000541147165024 0.70065705381537802 0.70644806395590876 -5.6250316033986634 -0.26795098436820836 -0.7027543151716702 0.65904373336198652 3.9299694809739356
0.95350806535465948 -0.13375826679021044 0.2700575778771877 14.768200357109666 -0.10408849212160165 0.69479209461116609 0.71163862393329935 -5.659091260413688 -0.28282141911719788 -0.70666305360554083 0.64856716965741268 3.9497795816766197
0.94882658059644542 -0.14396885678146512 0.28107132231996762 14.86656397998585 -0.10751018402614933 0.68961016388470808 0.71615597616550664 -5.6917687195167845 -0.29693379781412665 -0.70972585562591994 0.63884233545667235 3.9727007856604879
0.94463065392905221 -0.15367266349081987 0.28992695658253048 14.975892182923365 -0.109800625856512 0.68459181026536486 0.72060937815095716 -5.7294841155304956 -0.30921958252848336 -0.7125438693955819 0.62981305477711602 3.9998586273166441
0.93989779057290457 -0.16174617660629642 0.30071634080877158 15.06829762833058 -0.1133513063577274 0.68294723125933932 0.7216194015283951 -5.7557495329761146 -0.3220925715119321 -0.71233507120487005 0.62356645332184413 4.0145403895883103
0.93564704554010159 -0.16975308616923537 0.3094325385412775 15.174178895601695 -0.11593837886923729 0.68025163290134238 0.72375134420616494 -5.7987903205120821 -0.33335101391364058 -0.71305091380004382 0.61679453292945974 4.040938086416098
0.9319495269289706 -0.17733635582461502 0.3162623849902379 15.288750589044909 -0.11660508679583516 0.67931973984406469 0.72451911278552772 -5.8385282064233879 -0.34332686028070053 -0.71209304726351452 0.61241338901820108 4.0666994149479985
0.92821411307968915 -0.18399023716774943 0.32336690137774066 15.402007694250203 -0.11744602326281965 0.67980865002904411 0.72392446495849128 -5.8807355438355406 -0.35302265068892585 -0.70993506179977051 0.60939906147607481 4.0945449414214847
0.92498800080289723 -0.18934463116858186 0.32946290992810279 15.516594079492682 -0.11786565290938915 0.68129315736737117 0.72245921794149859 -5.9260284524415869 -0.36125460029583412 -0.70709846865343451 0.60787076701636589 4.1230025053155268
0.92274673809425556 -0.19266611624718349 0.33379368625939893 15.642081224931669 -0.11705065467697599 0.68507739367202847 0.71900494359860412 -5.9668812715053852 -0.36720239865243609 -0.70253023588295993 0.60960123531217536 4.1466794841974766
0.92075861591957109 -0.19563000517024387 0.33753884559701597 15.767298146361524 -0.11553893691403248 0.68964116531002984 0.71487468633782203 -6.0151688851974017 -0.37263162139927292 -0.69722590613581958 0.61239016202616647 4.1756113862560298
0.91913335764934745 -0.19643270490656034 0.3414792282106322 15.890256113704412 -0.11464612130227482 0.69592205307016075 0.70890673781602365 -6.0650525295535349 -0.37689539361284441 -0.69072909920873071 0.61712492558615273 4.2069948537035282
0.91851814125406828 -0.19586344491569457 0.34345587072130263 16.021256114197925 -0.11209487195923651 0.70402929959294624 0.70126848281889009 -6.1121719260925849 -0.37915585696071458 -0.68262746521102002 0.62470839587119675 4.2383739060840426
0.91843824571609445 -0.19337004903248647 0.34507856053820063 16.155223128430837 -0.1093387575363355 0.71427987181671226 0.69126644705056506 -6.157062317299812 -0.38015289674860203 -0.67261600401319255 0.63487911151570575 4.2674469896724476
0.91948136662866886 -0.1897669965311046 0.34430001953273143 16.294311808116184 -0.10497818601323454 0.72546520949591764 0.68020571173169009 -6.2082770535186134 -0.37885828073838668 -0.66158046890654809 0.64713034720784468 4.2985476729069791
0.92168821257817568 -0.18176501361742733 0.34271317252055555 16.435933115226391 -0.10247777252821584 0.73797439702804746 0.6670023204373019 -6.2579216804138227 -0.37415123270156797 -0.64988865904533699 0.66155542920616317 4.3288428775553403
0.92444959028132334 -0.17042235664741809 0.34109994925744813 16.574422613732324 -0.1015904235894107 0.7521440398034791 0.6511211325268339 -6.3080759242815949 -0.36752189167941762 -0.63658115251933345 0.67800597002794871 4.3605537334051974
0.92804298984611711 -0.15962501928492615 0.33653538033283642 16.724648487657561 -0.098184499518703533 0.7667212312508811 0.63442758263129984 -6.364988671107576 -0.35929933628068622 -0.62181862851431213 0.69587756119940991 4.3934489957413492
0.93232892208736584 -0.14658008921403792 0.33057080706773734 16.876011344331427 -0.094910562202367807 0.78291967990092859 0.61484043458954285 -6.4202830407654039 -0.34893375620859757 -0.60460818078308542 0.71602666256804071 4.422801373423721
0.93628243646184783 -0.13326232759714982 0.32498669390677476 17.02583489817302 -0.092353803338418014 0.79928080417490399 0.59381897164577657 -6.4742749311247403 -0.3388893243848124 -0.58599603080644558 0.73604529595473722 4.456844660410634
0.94084084517763855 -0.11943089179322472 0.3171037151010721 17.186017197544349 -0.089227908711648124 0.81547663446976104 0.57187082364885289 -6.5332566227610736 -0.32688971282738871 -0.566333930397382 0.75657715728686958 4.489575494939257
0.94511446851115055 -0.10556146503861843 0.30921742918177497 17.347596400112703 -0.086535558007648061 0.83171010560105196 0.54842492416135868 -6.592838748137563 -0.31507179913662609 -0.54508263349696584 0.77692643412926943 4.5241454196962012
0.94975457411662545 -0.090179681219352367 0.29972299551373 17.518298104010917 -0.084595960724748467 0.84799595207973233 0.52320778729434569 -6.6524035924553582 -0.30134659841054162 -0.52227434395302674 0.79775919754950586 4.5560838550124858
0.95416705231292243 -0.076906084757396243 0.28922429083283591 17.696046791151396 -0.081631879897629434 0.86289047520308149 0.49875471324908732 -6.7158817149653212 -0.2879261580073052 -0.49950523714080169 0.81706367291910842 4.5944218989196175
0.95832153229119788 -0.063631671988517838 0.27851544134391587 17.875916977072769 -0.079339458345632205 0.87725772209371267 0.47341751063556159 -6.7819838726753225 -0.27445416939167139 -0.47578345846287684 0.8356464620619366 4.633212325117535
0.96222175642713026 -0.050801934267840021 0.26748542938435821 18.060178789213456 -0.077589300599024358 0.89053690104435745 0.44824538849927564 -6.8504131059016036 -0.2609773781208683 -0.45206547241849643 0.85295229453715582 4.6747792668268122
0.96604088628786555 -0.037853784468262236 0.25560144174394961 18.252830727091638 -0.07647321901672896 0.90300844336148844 0.42276186913093389 -6.9189711195186483 -0.24681339670563815 -0.42795191577943875 0.86944827620010456 4.7142461218709135
0.96960353089284224 -0.027059842354514762 0.24318050458842713 18.452049599147806 -0.074415224957866288 0.91417449695702013 0.39843112755889115 -6.9904799281885888 -0.23309089895275487 -0.4044165600530325 0.88437315584557896 4.758294160941972
0.97251974585460288 -0.017657803946643284 0.23214983498309985 18.654118551735181 -0.073048643780292105 0.92362685072657957 0.37626763913305206 -7.068246592328971 -0.2210638811854134 -0.38288593938232129 0.89695547150265986 4.8033447833201706
0.97550624147849263 -0.0093420378744708526 0.21977329038092147 18.868438832972974 -0.071113425824823315 0.93205473473574851 0.35527011149846371 -7.1476115857877325 -0.20815968270527851 -0.36219704276129233 0.90856086681686454 4.8501091596811268
0.97825600495156717 0.00078103677523423318 0.20739956306066573 19.087532680102143 -0.07151053365652546 0.9399420966180182 0.33375904269619899 -7.2247191540968414 -0.19468290205449032 -0.34133304115904156 0.91955985267994478 4.8904359867789502
0.98036903590032054 0.0067148961904468767 0.19705700600848364 19.310203623228297 -0.070234417235970931 0.94575689025283727 0.31719241979405233 -7.3101355168298321 -0.18423810703380444 -0.32480581076765591 0.92766238751399543 4.9437880315232317
0.98222607403889839 0.01297368807167212 0.18725283147645952 19.53743230374284 -0.069983056363193352 0.9509880836908019 0.30120431022839389 -7.3874660449622152 -0.17416748060472856 -0.30895525257861434 0.93499323024494996 4.998179598289493
0.98378928947094357 0.015469978162623726 0.17865977078767328 19.775324113689265 -0.067722874919857151 0.95454773351321687 0.29026235831979696 -7.4789616940541519 -0.16604892693072545 -0.29765635256185741 0.94012150791518745 5.0538001430733859
0.98514412482077951 0.018806244797999461 0.17069674422114231 20.020024699825004 -0.067271632808219545 0.95680786218490232 0.28283076614907571 -7.571486903209153 -0.15800500229554898 -0.29011211628912498 0.94385877080833913 5.1116532540363497
0.98606787745404068 0.020923465097197797 0.16502227019893206 20.26583188156814 -0.066822774901906065 0.9583167391807399 0.27778362831600234 -7.6621148053359738 -0.15233140781760071 -0.2849407587803473 0.94636351693098764 5.1726597083482826
0.98657897136963146 0.021769907496640591 0.16182708172252136 20.509723801528878 -0.06643246722410992 0.95885476948374126 0.27601496034961376 -7.7566058772192399 -0.14915984898677478 -0.28306112796685634 0.94743218083637704 5.2369498710755344
0.98697505191144774 0.019896107581552965 0.15963831559966524 20.764772163048537 -0.064458645351973709 0.95809307230118923 0.27911063728897312 -7.8602911930075336 -0.14739514898321293 -0.28576530529714678 0.9468964359129487 5.3061642973422813
0.98702720971970892 0.017685025182179022 0.1595760857936788 21.022810459650245 -0.063089091372283898 0.95668688160079751 0.28420059310768736 -7.962715603572124 -0.14763825325011623 -0.29058122867323577 0.94539171549152434 5.3721178092241493
0.98699739537345244 0.014482521154195436 0.16008247282897384 21.282056239645879 -0.061346376928081342 0.95448460945755276 0.29188311418521762 -8.0752588807088017 -0.14856905318342256 -0.29790835317204734 0.94296227366024565 5.4331055013756844
0.98666319013055037 0.010424102178711597 0.16244102725350293 21.550411331827291 -0.059617410899828992 0.95174620423506184 0.3010397432927302 -8.1809034469990625 -0.15146456205662912 -0.30670914694204954 0.93967440404805846 5.5075855850405349
0.98617481133550877 0.0059655787283123159 0.16560088573981105 21.815513678988665 -0.058616974442172502 0.94729763363574815 0.31494641387918282 -8.291611494621911 -0.15499448956211101 -0.32029924317510983 0.93455074930515813 5.5879145438636915
0.98556804025710942 0.00030490498222739175 0.16927948799754947 22.075166774334605 -0.056998415613981245 0.94220412028323119 0.33015538211393486 -8.3960018961909633 -0.15939516504981116 -0.33503925554217417 0.92862364745061776 5.6733611569028817
0.98466737424725526 -0.0055930256053049786 0.17435274634370995 22.326618979435189 -0.055900742902745729 0.93666017440534188 0.34574965600254132 -8.495849736126118 -0.16524306047739731 -0.35019485397066152 0.92198606020727358 5.7476594316997529
0.98367112311024507 -0.0125736256657022 0.17953558281479418 22.573381781066431 -0.054183245828768302 0.93058590288244858 0.36204150760364107 -8.5896101751431964 -0.17162545682528652 -0.36585759701566511 0.91470920038853598 5.8258679183935405
0.98211201969935635 -0.020569292471524836 0.18717073748124161 22.806459239532337 -0.053316240820917848 0.92295910216037336 0.38118745284183148 -8.6866758015495673 -0.18059169202036088 -0.38434801930872292 0.90535255057170116 5.9077736552450002
0.98048369065140772 -0.031704340034401257 0.19402723311323514 23.061389621715001 -0.049428549063330524 0.91545814033697115 0.3993660123599258 -8.7463444044138292 -0.19028544585461218 -0.40116234633095554 0.89602467654755691 6.0110861821728685
0.9785677112095833 -0.040523371444902812 0.20189871456939967 23.282289606068364 -0.049093290418422864 0.90626720712291864 0.41984473097743807 -8.8284644529309499 -0.19998770815710118 -0.4207583696854566 0.88485440097549761 6.1034930669363838
0.9764968602035019 -0.049452211458643223 0.20978169794944465 23.4992071495499 -0.049191646434913174 0.89649664482879632 0.44031119419307685 -8.9037678868738688 -0.20984295064100889 -0.44028200575603876 0.87299352315679557 6.1955659876321425
0.97422925521752712 -0.058432517694030836 0.21786004487798877 23.7101042419748 -0.050488033375526986 0.88486489348787323 0.46310374513554353 -8.9579359448168532 -0.21983702318802942 -0.46216854192884177 0.8591111232472749 6.3106663812166683
0.97108318940825178 -0.069362192347376464 0.22844326543249854 23.913848814049228 -0.051609967110021478 0.87324972903805975 0.48453206501722645 -8.9775951065767732 -0.23309622593169529 -0.48231089248297188 0.84441835155844358 6.4157263243090661
0.96806136053595093 -0.079337312974021523 0.2378293358846755 24.11884787031191 -0.05313146859508891 0.86214463458798019 0.50386870918532678 -8.9451018441028065 -0.24501887535904804 -0.50041205003598832 0.83039359998531237 6.5021030919963323
0.96468272481817052 -0.090580466091956163 0.24735080270731674 24.324490597438459 -0.05475057951847382 0.84956074382960922 0.52464170305654534 -8.8931142981674007 -0.25766182192901849 -0.51965538745041895 0.81459724024451108 6.5784759801838923
0.96131114322400257 -0.10079167439273884 0.25636287618621623 24.525555414357292 -0.058292275346163332 0.83514588782497046 0.54693085183047485 -8.8311407140120384 -0.26922647817094109 -0.54071469780481274 0.79695967214754471 6.6429753344070468
0.95767464922088918 -0.11439416196655953 0.26414625105727946 24.739946453700558 -0.058360083957242896 0.82142494468285854 0.56732280128095192 -8.7471659135778452 -0.28187473607996572 -0.55872626210044174 0.77998179286385805 6.6829125576727666
0.95376208724637479 -0.12421871164598698 0.2736925147103037 24.923705721273887 -0.0629413236006333 0.80786501194630633 0.58599702410199561 -8.6645412579654373 -0.29389840202838635 -0.5761283139631358 0.7626925298802627 6.7125484471007546
0.94970618934378237 -0.13386340574976363 0.28308787067478886 25.108678902676729 -0.067408039224629554 0.79543549313501183 0.60227778683009014 -8.5769198114019982 -0.3058010957632471 -0.59106934014727475 0.74640654134852191 6.7284323670880068
0.94610514281931946 -0.14336503263618922 0.29039890865507673 25.293145230093476 -0.071445138096823971 0.7821964680593021 0.61892186711884645 -8.506903643979177 -0.31588075435702145 -0.606312751616505 0.72979736657106509 6.7405293849891654
0.94188983432580142 -0.15322038483693748 0.29894322816236385 25.467208174261156 -0.076690636545531474 0.76833655539676493 0.63543487778628838 -8.4430965611626672 -0.32705058669868725 -0.6214357982217108 0.71193782202421985 6.7565226341589275
0.93749246979244738 -0.16329694743468398 0.30731413251097195 25.633234835655976 -0.082156884179570469 0.75425876815632131 0.65141688421564059 -8.3874151306689075 -0.33816876772458127 -0.63594639523927077 0.69369594702420989 6.7772991392894877
0.93358226218879503 -0.17177595595156428 0.31451101838151574 25.792867047900366 -0.087560958841559858 0.74169174451633979 0.66500107864803892 -8.3274954278660385 -0.34750142188658528 -0.64837209769794601 0.67738938928327386 6.7908579744151227
0.92991860940665771 -0.18008199278619089 0.32065847213716692 25.951901566901206 -0.092536059602479001 0.7292847329380876 0.67792393081869362 -8.2793358678589168 -0.35593322063616711 -0.66008655052013954 0.66151136669749599 6.8077937567147426
0.92708615264921601 -0.18657200616943334 0.32511867384077997 26.109726657652836 -0.09786347449736324 0.71678433915972484 0.69039333100389988 -8.2431636952070342 -0.36184804258884484 -0.67187134010111604 0.64626225050311592 6.8293413501902513
0.92427678404766822 -0.19155464741661515 0.33018062257436659 26.250697694564117 -0.10405702450620137 0.70578045161717529 0.70074680860205996 -8.2060517135372564 -0.3672663367658624 -0.68204161982107259 0.63240387942392617 6.8508980246297204
0.92331209298153627 -0.1952130732049373 0.33073650388782122 26.408958871064588 -0.10813973004619855 0.69418561360070696 0.71162639963350538 -8.1812997126929456 -0.36851129933774124 -0.69281901671337942 0.61983968277347001 6.8729762836806758
0.92235092731191792 -0.19700298051888668 0.33235311425277825 26.544567231462121 -0.11306272620947225 0.68494050910560778 0.7197731023928533 -8.1549873159027157 -0.36943955774785003 -0.70146013760785164 0.60948181967819759 6.9052379754322013
0.92202406730752118 -0.19840298772926421 0.3324272458234992 26.675373905422997 -0.11648186536082429 0.67672297835658912 0.72696491360054671 -8.1346614719303236 -0.36919316671325125 -0.70900089211811923 0.60084452284093648 6.9389807964853132
0.92317492219356789 -0.19538003824874706 0.33102069978600746 26.791575002790335 -0.11873743922304619 0.67410846193377483 0.72902620122738659 -8.1160728733260576 -0.36558102188113289 -0.71232325681757624 0.59912110147878117 6.9717740652908082
0.92500734630306491 -0.19263834450589007 0.32749332437683643 26.905514500028232 -0.11863039947039561 0.67241830436771266 0.73060280061928629 -8.1105539797900903 -0.36095461987188382 -0.71466362169714515 0.59913910756673505 7.0166393454981515
0.92752160879714385 -0.18941137404171682 0.32222196790099034 27.010188640500992 -0.11758646991741119 0.67044547788808284 0.73258192939205247 -8.1140116038308001 -0.35479161109969853 -0.71737451346075098 0.59958045342575272 7.0590411574583154
0.9313753465875424 -0.18402432937807409 0.31412578685279152 27.118619790493355 -0.1154336014516498 0.6690439154018617 0.73420387013393507 -8.1169279472098381 -0.34527532119286625 -0.72008005489715976 0.60188841749485955 7.0887945397339651
0.93540646214051659 -0.17741940416362637 0.30583836517347873 27.208653321364238 -0.11528793174339254 0.66466995222635683 0.7381886936290365 -8.1318143285264224 -0.33425056975283257 -0.72576594686829754 0.60128225234599308 7.1358343961088835
0.94034389638278792 -0.16934865553004635 0.29508369898352971 27.29464278894698 -0.11365197971829723 0.6611406065800729 0.74160388742039718 -8.1367206301583401 -0.3206814370083626 -0.73089953564159493 0.60245272408476391 7.1743088396173427
0.9461031307004506 -0.15987485859858067 0.28165385789456165 27.379767821291253 -0.11139472702850398 0.65596187881600587 0.74652878600253647 -8.1496020812652699 -0.30410537790221859 -0.73766797621169622 0.60279837093566324 7.2109493249945347
0.95223847128932926 -0.14900509244146937 0.26653212981378144 27.453745716705132 -0.10854697296181574 0.65066945104739105 0.75156291828064115 -8.161275939338795 -0.28541101670641256 -0.74459838026965652 0.60341843163961761 7.2451521917504644
0.96011316794401558 -0.1296424792116101 0.24774085719633271 27.515491047494127 -0.10519904768738994 0.65343449803007481 0.74963759053948897 -8.1749593438271724 -0.25906729841138332 -0.74579902411309951 0.61373280059466917 7.2727775763386582
0.96826056341484434 -0.10753633686037475 0.22562672180001248 27.575889437232604 -0.10089091080043147 0.65774380706654134 0.74645435787023962 -8.1822563378790658 -0.22867554625151243 -0.74552600257822288 0.62601795024288887 7.2999109434795368
0.97648656324088012 -0.086540045134834834 0.19744572013106629 27.656636788114913 -0.091742225072574693 0.66199604013176527 0.74387136454402869 -8.2043576427769906 -0.19508294632988207 -0.74449450195278333 0.63849086180878856 7.3195061601162568
0.98333545771545594 -0.062869385951947215 0.17058375628869224 27.707347778637502 -0.08516030489344642 0.66970207152445294 0.73773088444656554 -8.2112939826059321 -0.16062098265790212 -0.739963901623506 0.65318781695935535 7.3304906399889873
0.98918662874954311 -0.040192393175844908 0.14104745667296445 27.761510463789975 -0.076875038045161118 0.67692194225032065 0.73202931131588478 -8.2338956649689745 -0.12490012821718205 -0.7349566352043172 0.66651234222666855 7.3537657255155446
0.99382417404741874 -0.016372154781096042 0.10975182744168713 27.812812965594294 -0.068708886544517955 0.68585783205535644 0.72448472938919783 -8.2529768185325114 -0.087135526559369542 -0.72755136365493156 0.68049718093102418 7.3674798607393246
0.99712510540249344 0.0059208563790053388 0.075541165173734992 27.871442660429853 -0.058392733788247587 0.69537926515813153 0.71626668652735204 -8.2771032813934173 -0.048288847747706393 -0.71861855044792455 0.69372585805584808 7.3791559657325116
0.99883217989959971 0.026692351164810755 0.040271513335210264 27.901093358848588 -0.047369285826633502 0.70509032768632818 0.70753358970684999 -8.3224701711410489 -0.0095093194965933728 -0.70861495058492863 0.70553130664076913 7.3607542678925508
0.99892791569039763 0.046191991903119151 0.003052726397844849 27.85202518413784 -0.035244534352862456 0.71611360847613481 0.69709333848024901 -8.3372045109463002 0.030014030930346932 -0.69645358757013465 0.71697388955805141 7.3215576207405046
0.99734884634729326 0.063918929282173784 -0.034780011057267725 27.797390241039594 -0.022616724762268187 0.7265632598946421 0.68672724799027651 -8.3457648621305456 0.069164748613372434 -0.68412001860104299 0.72608266588492376 7.2965749750886539
0.99424632021930237 0.078303277745298855 -0.073094811202431484 27.743487002631767 -0.0084958708642244949 0.73787164987887366 0.67488758210778133 -8.3504068992541516 0.10678049872816169 -0.67038349099554306 0.7342914272221851 7.2694715039630635
0.98971694240345343 0.092056929251948874 -0.10948011552908139 27.67615674421825 0.0033941097618980618 0.75005287301262225 0.66136916144044344 -8.3473396440528784 0.14299948929448494 -0.65493985178962266 0.74202758479675379 7.2392034031079833
0.98359417684779882 0.10637793019172648 -0.14569224838413725 27.616244486717431 0.013741838349289947 0.76109705123705795 0.64849243671536927 -8.3447568477056571 0.17987122379603404 -0.63985546380911629 0.74714879929217426 7.2129348712162491
0.97592044362700348 0.12278659637476337 -0.18028516151245977 27.550921044608121 0.020061564986708431 0.77248672257026163 0.63471394900611711 -8.3361262540537151 0.21720225901485654 -0.62304712117411853 0.75142229370407054 7.1798567881031801
0.9671249688823228 0.13734419994113325 -0.21402304854126372 27.483214922480883 0.02627447128492133 0.78313992137067479 0.62129020249335265 -8.3275482136857786 0.25294059919883155 -0.60648861019648448 0.7537855258486148 7.1543361316810099
0.95788818066348058 0.14991062303918767 -0.24490209971580412 27.418228365700287 0.031841638143007805 0.79218041978182652 0.609455734729487 -8.3285313248745005 0.28537053706641974 -0.5915885289745666 0.75404686124943954 7.1339187957689321
0.94820365126776796 0.16124490054815224 -0.27369676243918123 27.348154334779803 0.036444359872354844 0.80068700241866186 0.59797335458305512 -8.3276292117519333 0.31556559437931031 -0.57697522148272051 0.7533378720328604 7.116639557101859
0.93867077206490457 0.17030931256160234 -0.29981981209698327 27.282787146421036 0.04063315960192207 0.80881793257345813 0.58665364423001909 -8.3305175283854638 0.34241221942541811 -0.56285725544083687 0.75229354774965862 7.0934949636668509
0.93033140062708219 0.17735648752395961 -0.32098000146491218 27.205047797897976 0.043031485773899807 0.81643007220690456 0.57583871737520331 -8.3280330221448509 0.36418645806693872 -0.54953308683771918 0.75191861942052329 7.0631713108494454
0.92226642670773851 0.18064454061838803 -0.34174872071817791 27.149505101365058 0.048975502017218071 0.82235840117188919 0.56685806003282313 -8.3299680185457543 0.38343974542279918 -0.53953147263786727 0.74958638705843184 7.0429917620060705
0.91529801120948751 0.18592580763277439 -0.35729699793317238 27.076664021459532 0.051199401277896454 0.8261793575309585 0.56107601133760621 -8.3388527015159877 0.39950991475148867 -0.53184514968723107 0.74668103281751108 7.0266496443594102
0.91226529621708907 0.18476981256641531 -0.36555730834182293 27.004830922510585 0.052844014082586543 0.83192374475804642 0.55236798701896939 -8.328155923070879 0.40617673430858425 -0.52322366084870509 0.74917118286443263 6.968873739725173
0.90815960062986123 0.18396723884302787 -0.37603483191891057 26.942559643100022 0.057084709366406881 0.83545105439383038 0.54659205232859909 -8.3188372503998966 0.4147137274558968 -0.5178586590419334 0.74822117954180289 6.9455104059405146
0.90562048242636384 0.1825561036785836 -0.38278559379832233 26.883007493130275 0.060553578087158631 0.83769502727361544 0.54277095119571295 -8.3254619897217168 0.41974373847704072 -0.51472352801358412 0.74757934944630922 6.9202660907680782
0.90376473633938459 0.18164677731049397 -0.38757418598523108 26.818869193767402 0.063319684555905129 0.838783900002946 0.54076999421527505 -8.3296483476612107 0.42332011397657843 -0.51326992644081515 0.74656149359198598 6.9026792706652582
0.90320742969814116 0.17872301236146956 -0.39022355617071525 26.761607678482193 0.066657253899167629 0.83973766696094154 0.53888538780488082 -8.335254975026281 0.42399663847806535 -0.51273651668223985 0.74654411458390313 6.8794605667299669
0.90359202519353055 0.17604505465975653 -0.39055036901339291 26.694622831737554 0.068154287548143525 0.84097548443918524 0.5367636608984282 -8.3291466872645419 0.42293787380117548 -0.51163304555327649 0.74790051584580408 6.8520777121191241
0.90463943140365866 0.17474814150386683 -0.38870372546530835 26.619811546273446 0.068120080877303021 0.84105293409853776 0.53664664037475385 -8.3281022528977058 0.4206984118474123 -0.51195024082930685 0.74894579055087829 6.82829339204965
0.90583611132918795 0.17302462258936097 -0.38668258221676383 26.553693787945505 0.06871999194177042 0.84068103670648653 0.53715263866952201 -8.3298685102897814 0.41801734667300366 -0.51314508133657111 0.74962899048832532 6.8057452710098678
0.90771824256443034 0.16964839598761428 -0.38375384539385615 26.486824359391331 0.069519096109484396 0.84116223692067549 0.53629580126524001 -8.3223193679615299 0.4137809654779474 -0.51348370267948629 0.75174450426371764 6.7755735897348357
0.90906922851534189 0.1670886813614279 -0.38167330313688475 26.429293889077812 0.070801850084845144 0.84078763334932149 0.53671524445594987 -8.3184693735227349 0.4105852357198006 -0.51493448920007889 0.75250397742548158 6.753833964620787
0.91081684018113518 0.16830435976849362 -0.37694339910040869 26.356267594822246 0.068362123898097871 0.83901173453261491 0.53980175002746533 -8.3244367323980057 0.40711092304013857 -0.51742917563613522 0.75268037342680594 6.7327381068433967
0.91195909192883984 0.1697712696144377 -0.37350814002084054 26.287942428203127 0.066317757843333214 0.83740298120695289 0.54254787997036791 -8.3252364670830303 0.40488587236770679 -0.51955169432810988 0.75241841237295048 6.7162794191461073
0.91278431375734193 0.17097992009752097 -0.37093215482347131 26.225207335299082 0.064302830847809633 0.83668194612982294 0.54390115551023621 -8.321787996296079 0.40334841328992022 -0.5203164305918635 0.75271566315086491 6.6926666843466327
0.91318658811004505 0.17484956070567997 -0.36812754096503797 26.161160836576393 0.060221111507488254 0.83547855546453509 0.54621332928416944 -8.3256843687894548 0.4030678268291053 -0.52096373624267223 0.7524181766114757 6.6697709341405433
0.91280322301433392 0.17947706325706048 -0.36684909679494293 26.093710481612369 0.055995407793450448 0.83477617267911397 0.54773465823631728 -8.3191672474191378 0.40454269287763617 -0.52051582616845682 0.75193648957041537 6.6476562707756983
0.91166294315137175 0.18385697032111922 -0.36751502356899352 26.034484896627173 0.051732950687917043 0.83586683011439034 0.54648910705305231 -8.3032808940124632 0.40766944930629806 -0.51722650432751416 0.75251735084544047 6.6142953449510076
0.90890262869712657 0.19214078705558327 -0.37010529514871088 25.97773387389276 0.046225506558058592 0.83563251897092627 0.54734038383966843 -8.2968309441840482 0.41443843220785431 -0.51458741841203781 0.75062678790536785 6.5918588084146261
0.9048897286553399 0.20318703604948907 -0.37401819120931684 25.918244482929264 0.039075858003686223 0.83534089961384206 0.5483417353745863 -8.2915874780102801 0.42384862426972819 -0.51080388586399839 0.74795169221741742 6.5690339115961436
0.9000084244644655 0.21492878125291312 -0.37919711876823126 25.85689994154756 0.030469410270147438 0.83682117522457178 0.54662778536546786 -8.2797831845141268 0.43480622227698179 -0.50352352446028181 0.7465973542575115 6.5345899705769028
0.89281109692868643 0.23015521082252757 -0.38719106928263924 25.79389379575089 0.020375862893279105 0.83808412463871051 0.54516036561723802 -8.2644628083422642 0.44997018724838866 -0.49461457616997528 0.7435611956173116 6.5050036864859164
0.8846537198126434 0.24563649142559668 -0.39629598799606314 25.733109728031398 0.0088927887935580825 0.84092311648735141 0.54108153772298828 -8.242339206547145 0.46616382777852489 -0.48219397158957017 0.74174136963873782 6.4611470508642936
0.87345034029627422 0.26529314127449954 -0.40829407567221843 25.672900528129141 -0.0038604520135200522 0.84228233198295821 0.53902279185541047 -8.2248624844055644 0.48689793586189511 -0.46923344128701888 0.7367159409374604 6.4308669053086565
0.86077410646966079 0.28489008631926221 -0.4217885445911973 25.624603118815315 -0.016503095155532246 0.8438677159792054 0.5362974228712335 -8.2089292142065311 0.50871955484495046 -0.45467011848706579 0.7310810474039886 6.3962997583338641
0.84654654105281013 0.30458468732156424 -0.43656285009234086 25.572890793542445 -0.0303078343847786 0.8463702270196386 0.53173195690087161 -8.1813449435670513 0.5314512103725304 -0.43690457432252916 0.72572309039303828 6.3551854108634611
0.8309186238236036 0.32527565016482451 -0.45140889667012485 25.520052554623994 -0.045228720426687977 0.84811415075361196 0.5278794844849003 -8.1543844427035737 0.55455261556650626 -0.41820824800729389 0.71942564443242962 6.3123884065824605
0.81404425862310759 0.34736207861122287 -0.46547989359976211 25.459404639239359 -0.061082929564504479 0.84820028935033931 0.52614175358150239 -8.1304132267454552 0.57758187360630786 -0.39986979817046858 0.71169046908929157 6.2733705290421922
0.7969665361096725 0.36448816695579495 -0.4816562222898762 25.416578916697876 -0.075345656277167661 0.85117426442065891 0.51944720970288516 -8.0907110815772292 0.59930574200612574 -0.37769133924033099 0.7058200052855772 6.2214518573727684
0.7792763089952236 0.38582824812528888 -0.49382688989903284 25.327560684690738 -0.091893690785320462 0.84983876683861226 0.51896976787870686 -8.0640573001687876 0.61990643151417046 -0.35904126967076838 0.69771439919251332 6.178154115589793
0.76035082030117329 0.40386651482605934 -0.50868307252117728 25.278439789327706 -0.10610574670969056 0.84989079478078366 0.51616587204315123 -8.0323120675657105 0.64078717261077556 -0.33849294697104138 0.68906772110464432 6.1363612718782941
0.7407656372510083 0.421490887902435 -0.52307905911374875 25.232379541307505 -0.12039178686020585 0.84935613335514482 0.51390658332872552 -8.0066974873257575 0.66088734919403203 -0.31770991509113228 0.6799178785177451 6.0931688609517671
0.7216239691383276 0.43756567890219639 -0.53646539852250108 25.186757134769135 -0.13301796384382325 0.84811881543671053 0.51283593497050717 -7.9853285394835156 0.6793858023684991 -0.2987151679260544 0.67022696155184613 6.0533350287959715
0.70359410116907095 0.45375668640537392 -0.54686397791635744 25.129247531563632 -0.14698756212575376 0.84586813559745333 0.51273945992210901 -7.9652137514568651 0.69523377174905332 -0.28037825650949377 0.66184441970623409 6.0057249514667115
0.68709589664173221 0.46695505128035952 -0.55664370013667719 25.066140898065338 -0.15791774342809584 0.84379201645508073 0.5129103423379634 -7.9404045477277014 0.70919758539399469 -0.26451467454647115 0.65350652010588406 5.9589788277658657
0.67223549433609453 0.47998858411887846 -0.56365805172130834 24.9988074568552 -0.16911473560057325 0.84078077211161517 0.51428387049385926 -7.9250081617791563 0.72076323876669446 -0.25039698952453626 0.64637582046329234 5.9072339795984563
0.66100020315763441 0.4890880689661159 -0.56909717291562956 24.928529764996046 -0.17815725917684611 0.83900859798720773 0.51412504656565228 -7.9008435178225378 0.72892984739833511 -0.23844796769638421 0.64171944358364574 5.8487851160321735
0.65164396903401167 0.49872459100906541 -0.57151895851707368 24.850168982294928 -0.1868384382190392 0.83578137449758905 0.51629535350106648 -7.8845645763045118 0.73515408971553053 -0.22965904372735121 0.63781281580787352 5.7875071807296763
0.64621684402132584 0.50494421256580568 -0.57221947948266849 24.770380900688458 -0.19167142660275607 0.83316249346600713 0.51875073369159685 -7.8650554791969052 0.73869198907743805 -0.22554733799760149 0.6351870146618348 5.7260122966341322
0.64444986744116972 0.50961611342352864 -0.57006647445202041 24.684748708658741 -0.19562466319832242 0.83060215180709684 0.52137420013073466 -7.8431765132830549 0.73919913386285951 -0.22448047209616628 0.63497492717734971 5.6579140491228284
0.64609675980423398 0.51375844242175539 -0.5644565880657626 24.595407499424827 -0.19818695695679536 0.8270974989408405 0.52595784749161389 -7.8226942783878268 0.73707591675666329 -0.22795172753497234 0.63620523642229343 5.5869709774443379
0.65283230385040114 0.51499825240998642 -0.55550588031454473 24.504640687038865 -0.19737727475285685 0.82365438829311699 0.53163489356571259 -7.7989526568537988 0.73133589715021696 -0.2374241956080955 0.63935714344905548 5.51295123914357
0.66425725058227014 0.51425069779855126 -0.54250209664349336 24.409594866853023 -0.19588263998741254 0.82014094530495574 0.53758610583408428 -7.7677737200138059 0.72138221242309886 -0.2508287257233443 0.64551735371836327 5.4300407018583412
0.67834877920031889 0.51196868280426333 -0.52700189903367967 24.314895572870959 -0.19194742069800677 0.81583844042057319 0.54549411254339786 -7.7340173455639194 0.7092243096826415 -0.26887861008230912 0.65169407822642222 5.3457699485501022
0.69587959800795762 0.50750558039983351 -0.50812367681432791 24.217130554242271 -0.18693149455745561 0.81115001169694434 0.55415907000297593 -7.6959818093962467 0.69340334684712868 -0.2906436725392027 0.65933152070420953 5.2561979430050787
0.71558680054979362 0.50021219264481598 -0.48756875741619798 24.118587577416768 -0.18036239159573497 0.80664198222662387 0.56284822128827039 -7.6543816688168702 0.67483697185081415 -0.31482769071186939 0.66744182262145879 5.1638504842496298
0.73658824556806368 0.49155640621213303 -0.46455360939591744 24.013116105584157 -0.17442084031694449 0.80168809250954309 0.57172858315073016 -7.6080669076201097 0.6534639446473639 -0.34010072308100564 0.67625170698910941 5.0672891804064246
0.75928211931548539 0.48013221957284058 -0.43927635380912855 23.903927719801484 -0.16782178837843628 0.79665368437747242 0.58067095201435892 -7.5626770725615176 0.62874995875407291 -0.36717292778179633 0.68546154558143924 4.9670145597830135
0.78265949682708402 0.46602711088346249 -0.41262918455677455 23.791154904442788 -0.15968354084340924 0.79105233665080033 0.59053989489535785 -7.5171640714027781 0.60161888169345801 -0.39630156774976555 0.69354148296189977 4.8674232717489083
0.80541175742173432 0.45104075586662951 -0.3845440645154895 23.670654712247401 -0.15263717049551326 0.78473572394719493 0.60074265517290815 -7.471228411223902 0.57272488612767392 -0.42514947972252243 0.70088096328956717 4.7660395703961402
0.82842897730793619 0.43332699293817378 -0.35487060564054446 23.54677393561802 -0.14527981796341313 0.7781529655151489 0.61104151802680062 -7.4236612599890455 0.54092439772027701 -0.45464896288360673 0.70759813206354372 4.6643859900352425
0.84980139277892075 0.41503827773900853 -0.32493202495667289 23.41534069269683 -0.13855800007504043 0.77066161755473317 0.62199867511364304 -7.3787092859178074 0.50856589882355596 -0.48355340887988757 0.71241618967737441 4.5621582887635137
0.87000632836411917 0.3956065581098806 -0.29425234032516739 23.278643356513133 -0.13254063489407336 0.76250187087484889 0.63326446056464536 -7.3349308090555292 0.47489153362453246 -0.51194369621356706 0.71581539743074174 4.4590907104504316
0.88870500002038688 0.37544213680729105 -0.2631475343763256 23.135917288853523 -0.12849792950663008 0.7549192353503853 0.64310592456491855 -7.2901626337709704 0.44010419794779648 -0.53771753738144423 0.71914403629673651 4.3500595370629931
0.90504567936868541 0.35559983424956165 -0.23332611542165393 22.989023713242414 -0.12535466008968421 0.74725218226256229 0.65261043915772454 -7.246514652529064 0.40642161292169793 -0.56139374238187112 0.72087345530585523 4.2408540588398997
0.91972826723158141 0.33579569664634917 -0.20332526790585034 22.836355999949379 -0.12347426780947231 0.73912586005580616 0.66215335699947908 -7.2028607769877819 0.37263121131234767 -0.58389572109286603 0.72125707431215857 4.1306639611144371
0.93181024726927597 0.31766954252129254 -0.17554408232202945 22.680158169562254 -0.12314738241649056 0.73169554531611292 0.67041505887660591 -7.1617533143184078 0.34141526809435069 -0.60308182754819362 0.72092157964177606 4.017012400854858
0.94192984667843493 0.3007405099358354 -0.14940987122634744 22.519729099584097 -0.12393160942317387 0.72483557904479867 0.67768306717563287 -7.1210254891035705 0.31210434172263912 -0.61981330175652505 0.72001552125183599 3.900179664012243
0.95011095678853008 0.28576482371847639 -0.12501054081769242 22.354755867092994 -0.12624567114844967 0.71880989101161208 0.6836478414360363 -7.0824021277208073 0.28522131811395401 -0.6337592651070455 0.71902572525905928 3.7795736381633493
0.95634110936151717 0.27398497515357167 -0.10170504380452068 22.18274509476408 -0.13106959663389228 0.71313408714858739 0.68866576405755786 -7.0466500530147913 0.26121340582636937 -0.64526894171101079 0.71791054420431855 3.6569737366081609
0.96097655758595113 0.26402541616968972 -0.082550804882068451 22.009713298460905 -0.13521940126617032 0.70866717175920235 0.69246411689850884 -7.0157097463131297 0.24132917206892662 -0.65427931289873087 0.71671389788484707 3.5318408606022036
0.96362393273418423 0.25905692609775299 -0.065714726680461771 21.830240152213609 -0.14199642398479301 0.70456303332111681 0.6952898299650857 -6.9915903959606993 0.22641981326163871 -0.66066666414927444 0.71571895814239439 3.4052985115801668
0.96481924345400372 0.25793958784423054 -0.050901831829438644 21.645248515152606 -0.15072739974625121 0.70129184139988898 0.69675749307179091 -6.9713291067580281 0.21541837996461158 -0.66457273658246119 0.71549842722728663 3.2750084920695732
0.96461967993239217 0.26082877316628472 -0.038434674132872972 21.455022742156714 -0.16142912189898775 0.69958251451815501 0.69607825995600314 -6.955631292580974 0.20844546454660767 -0.66524631263091283 0.71693642105902433 3.1385592968595875
0.96344081105764789 0.26641450673758954 -0.028374534152096981 21.258810286425398 -0.17246267935266318 0.69773252977829292 0.69528838701626827 -6.9567479375690242 0.20503274816253655 -0.66497565932066305 0.71817055404128582 3.0029045702860806
0.96064424687344863 0.27678233732746177 -0.023540787847730355 21.08083049336005 -0.18391379637128646 0.69724697258888835 0.69283647040259877 -6.9678948158711398 0.20817864072292733 -0.66123989365371583 0.72071038329385617 2.8613849065850361
0.95753137166248958 0.28772900206965341 -0.018592838679249206 20.882409233964303 -0.19571333784295064 0.69595831864348423 0.69089674199644735 -7.0007038338275454 0.21173087085383241 -0.65791643852311199 0.72271432685988857 2.726783364136204
0.95378999822763355 0.30008764619357786 -0.015232986671327968 20.678727489985231 -0.20794944850979655 0.69583610024852249 0.68743665050344793 -7.0469086804740177 0.2168909083972915 -0.65250251048783425 0.72608457335331922 2.5924132963035489
0.94867800212674447 0.31598493689284257 -0.012789368148382038 20.466860315378288 -0.22231488376559602 0.69512397288740813 0.68365104751877293 -7.1035655037773262 0.22491362950496821 -0.64572144301862267 0.72969697634624309 2.4611254761046046
0.94262188366446675 0.33361742779080533 -0.012782656652640468 20.250412247646089 -0.23701691632134009 0.69566439054285001 0.67814013087869096 -7.157102330929856 0.23513180519524654 -0.63620002169513634 0.73482145217782846 2.3309216496060809
0.93593989588507331 0.35188324382490127 -0.013953279396017492 20.021630870295361 -0.25161540619788947 0.69591788828919743 0.67259793348104724 -7.2007387157657234 0.2463862793552217 -0.62600037977174516 0.7398765612391851 2.2054810758548897
0.92846134842392924 0.37108212958844922 -0.016049223748223162 19.782207907603954 -0.26672143154937056 0.69617236681737182 0.66648609410260995 -7.2199189082421071 0.25849410522306621 -0.61452590570292476 0.74534469125695557 2.086492552990709
0.92083925871743022 0.38942116969045493 -0.020154706687312295 19.537532305743014 -0.27971634585413641 0.69567207849139123 0.66166390642793627 -7.2155415314603122 0.27168699907566946 -0.60364850020884298 0.74952962765248432 1.977215940960386
0.91178424694659077 0.40998958669049645 -0.023622570253770001 19.276350011969651 -0.29593527385116708 0.69584089619419576 0.65439113752731493 -7.1641057811411004 0.28473110246454136 -0.58967277874174795 0.75578714814444448 1.8688369610892033
0.9022960532724823 0.43023348494680558 -0.027585878260963655 19.015084444207787 -0.31169538928793322 0.6952242758919378 0.64769529140420234 -7.0895296436654185 0.29783857464328833 -0.57581451409378148 0.76139991385171346 1.7657155517211027
0.89281415020085286 0.44926112050695494 -0.032362614263440254 18.754555118877381 -0.32597677411473258 0.69405105490377972 0.64189740295837239 -6.9973684819560393 0.31084085307256759 -0.56254562373889805 0.76610729357795093 1.6726104771466066
0.88296144960426637 0.46787528495370589 -0.038363996692484935 18.500496683709539 -0.33946349821694216 0.69279535700280581 0.63623826251937332 -6.8845950573767452 0.32425855715932705 -0.54875068204499144 0.77053817365793642 1.5891754326767658
0.87351514860142598 0.48469348852500277 -0.045205169453190121 18.250222777184206 -0.35197791939777867 0.69301397324846303 0.62916069262056518 -6.7574061554495088 0.33627790504319405 -0.5336701744184712 0.77595960946167752 1.4965831313101627
0.86498315269386949 0.49937294059516613 -0.049303263148707845 17.99989191378776 -0.3631910357110853 0.69082202099573931 0.62518573791032017 -6.6329008034672672 0.34626062024851051 -0.52286862738999651 0.77891718517209374 1.4246261995133978
0.85548575347003564 0.51483390758853287 -0.055589326375909527 17.76854698514774 -0.37506878198614113 0.69007489321672599 0.61896692200097148 -6.4946172010849903 0.35702595758465228 -0.50866756270578739 0.78344736661866177 1.3468022427482209
0.84712521892996551 0.52777873067878411 -0.061874670875484261 17.550141159765886 -0.38488379705437409 0.68967590785029242 0.61336090916839681 -6.3537373998839843 0.36639231189786914 -0.49577893619431473 0.78737533629658996 1.2786003532401453
0.83857174188088335 0.54034866919058511 -0.069431616881827279 17.369634400351515 -0.39245848672124628 0.68756071767776672 0.61093092547922612 -6.2370443040642876 0.37785416488286921 -0.48506038305596355 0.78863340968429141 1.2101114117442642
0.83272770726214462 0.5491142818768604 -0.070979370219746499 17.153551866208026 -0.40047927372076997 0.68586596811597267 0.60762177800044692 -6.1030984120032912 0.38233613075148493 -0.47755772344209824 0.79104848391409233 1.1547645113805143
0.82781594823033777 0.55611697144879402 -0.073855737232310412 16.960159606559657 -0.40636567071582924 0.6851800407586307 0.6044793242201717 -5.9646716453454456 0.38676568813582868 -0.47038518876833535 0.79318981124835219 1.1070205735301331
0.82379444029615567 0.5619388245835395 -0.074749431856126161 16.768660246853376 -0.4122166882629682 0.68431452875531584 0.60149067129249889 -5.8243602120669715 0.38915308305942342 -0.46469170765149242 0.79537506547872461 1.0629112909185698
0.82017076863637883 0.56697221900558037 -0.076566397004820444 16.590997848812794 -0.41737121892781742 0.68448156618302791 0.59773426467481106 -5.6797678164740564 0.39130700975719745 -0.45828756085182737 0.79802965839833495 1.0226256787568346
0.81769287287423786 0.57041080332169458 -0.077523422941550513 16.413738039192729 -0.42142574094124474 0.68490371630533342 0.59439653789643343 -5.5369943849467509 0.39214628714651678 -0.45336344674559109 0.8004266828586859 0.99487908480924214
0.81596085960522668 0.57288088534936932 -0.07755879572055191 16.240820531066344 -0.4240483297631939 0.68429140503955721 0.59323543978258264 -5.4064109097527355 0.39292606126006091 -0.45116822160953596 0.80128418566220527 0.98864376823726308
0.81452451652217084 0.57494743648146807 -0.0773644444671584 16.069597420420497 -0.42675573227170904 0.68416544145904701 0.59143655085426083 -5.2805135404036632 0.39297500805720603 -0.44872385048773095 0.80263163969899876 0.99201149948074629
0.81384976953113342 0.57592282428148045 -0.077210446869346236 15.900371086237019 -0.42871835063964919 0.68482833659534348 0.58924589537889338 -5.1599233464521177 0.39223606216019952 -0.4464561007173023 0.80425606722819454 1.0014695604557964
0.81407054869695672 0.57559187998916117 -0.077350691236593883 15.739665696305572 -0.4289551578976592 0.68570473447721048 0.58805313503843559 -5.0553063601319197 0.39151834472631053 -0.44553676033081868 0.80511513520532485 1.026979675287266
0.81406875944135693 0.57589133999220299 -0.07510805165623087 15.565856876185656 -0.4315950618681122 0.68642602800211128 0.5852734494681141 -4.9487607864940033 0.38861003264541505 -0.44403656674110709 0.80734984357718176 1.0498865644242261
0.8145749557709141 0.57539464257927164 -0.073407402364377691 15.400145149555019 -0.43255067353004051 0.68686533642831304 0.58405130291946861 -4.8620693061276024 0.38648099081264231 -0.44400114290876863 0.80839064123490789 1.0877047636080603
0.81446048581715103 0.57545164210115196 -0.074226172241185884 15.250007117488835 -0.43293136834628093 0.68788904222727254 0.58256252530133001 -4.7814905261995273 0.38629593234243004 -0.44233931906030427 0.80938951035268503 1.1305252836723179
0.81532840368447623 0.57430113557936424 -0.073605705061336138 15.097126331348374 -0.43255119807817916 0.68867013031274904 0.58192174100660055 -4.7081144316441144 0.38488836717476349 -0.44261908825453278 0.80990696226558678 1.1783295627087562
0.81512800350570136 0.57442254346502797 -0.074867078612546753 14.960564978290444 -0.43276863646746527 0.68976910864092678 0.58045661685847993 -4.6404896598093224 0.38506836430807989 -0.44074631969407224 0.81084217729791941 1.2374818860734831
0.81480433144836062 0.57469660343381601 -0.07627395003948205 14.821986858810098 -0.43317244040185249 0.69096140153531338 0.57873480840939495 -4.5709941480749716 0.38529928410171455 -0.43851585557422074 0.81194107303468488 1.2843433821735692
0.81463252640643946 0.57465113437434323 -0.07842142999807114 14.690578369643376 -0.43269071853711855 0.69221156354236579 0.57760011546922796 -4.5158834527402529 0.38620278224333637 -0.43659961642277456 0.81254426705687388 1.3311408514832703
0.81435523863724113 0.57471395168506079 -0.080804820664510391 14.562098347853814 -0.4324685753941338 0.69376818233627835 0.57589637998027476 -4.4623177624057009 0.38703549785601132 -0.43403868827140069 0.81351947762975618 1.3726249007037457
0.81384474121532091 0.57545108851512949 -0.080701808671924807 14.425405006398737 -0.43284653233676307 0.69301464199017948 0.57651937125413488 -4.421913842720576 0.38768623478298386 -0.43426576046699333 0.81308833016211535 1.4267927409791978
0.8123276776281424 0.57708657372345706 -0.084230817325903873 14.311168689535016 -0.43316766601124912 0.6937294699377059 0.57541740994022483 -4.3747327049052203 0.39049906181914923 -0.43094142173626199 0.81351089344291727 1.4786226374024458
0.80997156412294569 0.57989068083982409 -0.087594883340033902 14.196037153625895 -0.4343588770110105 0.69351942240536801 0.57477228248086076 -4.3353779687043072 0.39405384311533198 -0.42750158949605083 0.81361167623405417 1.5293798145647532
0.80646988730372482 0.58412565002908234 -0.091670856058069905 14.085229827265932 -0.43695166351675763 0.69322488424979101 0.57316010294402209 -4.2982430611205498 0.39834603628284743 -0.42218063057767802 0.81429966876008164 1.5713784616393871
0.80342508078639274 0.58780928613666161 -0.094807081459596251 13.976149640839742 -0.43882980175562686 0.69220898525526198 0.57295298744573953 -4.2687056664550598 0.40241340019250788 -0.41872062746345418 0.81408629240524355 1.6217949496502682
0.79919210528030571 0.59270030344525826 -0.099991645418663067 13.877961863045496 -0.44172053991978866 0.69194993289618623 0.57104137764082719 -4.232348881891439 0.40764561014513973 -0.41220339719713883 0.81480882166833135 1.6625433034573556
0.79474707201544337 0.59754114476688236 -0.10640334502995405 13.794678480019643 -0.44442826286895298 0.69232991086930573 0.56847410994607672 -4.1949353800344111 0.41335288880829724 -0.40450448060112143 0.81579134249356466 1.6999222015548643
0.79056706638054597 0.60206083012562561 -0.11192171542153967 13.713300966978641 -0.44623033920478827 0.6915400671139591 0.56802360861957191 -4.1730180877343628 0.41938311593057381 -0.39911789286433091 0.81536661059176285 1.7466440137404518
0.78659720204463468 0.60634867928565073 -0.1166452779331391 13.62887884991598 -0.44894364618977273 0.69131414540950076 0.56615753541091707 -4.1405370235245043 0.42392740449443039 -0.39297077688459064 0.81600215945384413 1.7832866837113568
0.78253279373442064 0.61056420647550602 -0.12187607025638164 13.558730630256635 -0.45177770207243889 0.69153116533787284 0.56363246471134909 -4.1131751847756117 0.42841490945151456 -0.38599999629194204 0.8169851089354514 1.8160810378110139
0.77925159238940478 0.61411629853958249 -0.12501250988048887 13.484284575982505 -0.45333024566045138 0.69007547251105517 0.5641697710867527 -4.1022365393892768 0.43273391839329139 -0.3829582406825664 0.81613990330414665 1.8550654111034968
0.77694361793672406 0.61608766215373367 -0.1295940086938461 13.429770628835493 -0.45388497821626406 0.69078682462166419 0.56285165850225549 -4.0843338179132642 0.4362877961816205 -0.37848323010546325 0.81633534986053358 1.8871826864003205
0.77355667421003749 0.62014098453126221 -0.13051908323958994 13.36526956721916 -0.4577572064279718 0.68920934799975275 0.56164830151351386 -4.0584789959700416 0.43825610292198486 -0.37472074126521554 0.81701649574367963 1.9197284984823337
0.77269282311330745 0.62132334642901532 -0.13001192365101377 13.305345753233741 -0.45872897601464685 0.68812395268575643 0.56218604776771597 -4.0504796840041699 0.43876363531375379 -0.37475688775842525 0.81672746213402081 1.9522779193829805
0.7727281560580338 0.62101885535558821 -0.13125082143737613 13.268083843162779 -0.45802191894457955 0.68870154617028589 0.56205524823542263 -4.0361032056098765 0.43943955056580419 -0.3742001624738992 0.81661932367721468 1.9802425969556139
0.77350725662374931 0.62019055419194624 -0.13057641609987555 13.231869282822165 -0.45691309294258814 0.68845574557762401 0.56325758927758418 -4.0310749098909504 0.43922312034777844 -0.37602175850905828 0.81589869939822579 2.0063117689968979
0.77628487922057865 0.61699040919778469 -0.12924635875506119 13.204726141424926 -0.4543276996014628 0.68972832177202137 0.56379179093029907 -4.0274180823617556 0.43699900190770996 -0.37894284147282864 0.81574150024880066 2.0293467746392078
0.77995435709084426 0.61297984237999126 -0.1262018767325154 13.178734106184271 -0.45116910020355139 0.69047513423384188 0.56541182515603261 -4.0241793192883488 0.43372530924137431 -0.38405702941172581 0.8150966533380658 2.0512136614887875
0.78551283328951871 0.60773103387181882 -0.1167586365395 13.126085124183358 -0.44923316980454242 0.68974381615078695 0.56784067063667842 -4.0226236082185114 0.42562794537581289 -0.39359428165414168 0.81481555800335836 2.0737979636448007
0.79232437038921544 0.60018153303920474 -0.10956376903905429 13.102237060212776 -0.44544605970746598 0.69179965835574597 0.56832300726784402 -4.0103811549525794 0.41689315175285135 -0.4014914197060544 0.81547822774369083 2.0917718463924104
0.80094807122166478 0.59048487257093507 -0.099044446947729486 13.077071407397225 -0.44029815247184478 0.69298746897716135 0.57088169069476047 -4.0035684964215426 0.40573356298952529 -0.41363750205405059 0.81503637511359595 2.113337622567661
0.81168322528389847 0.5779736062839258 -0.084361438061958879 13.041780191361653 -0.43423934482751642 0.69370346028953422 0.5746404968204869 -4.0055644357424125 0.39064886176270569 -0.42979299624526246 0.81404634215873872 2.1373643913934064
0.82372662042985012 0.56286008237946439 -0.068286034143156829 13.010309449175729 -0.42669926434819122 0.6947106935235895 0.57905508382941073 -4.0068197185781722 0.37336603032403765 -0.44784548671138352 0.81242367483494338 2.1574529508204234
0.83673615800306544 0.54545878284005089 -0.048449129124467895 12.974924218366631 -0.41930007102305028 0.69508022189574881 0.58399566399881908 -4.0009521769936152 0.35222159549115417 -0.46833556490192668 0.81030966075794697 2.188132321869015
0.85130431057593747 0.52380380147195083 -0.030175293840505428 12.959642834215035 -0.40815263564555676 0.69728873045234951 0.589236669259251 -4.0011239500021265 0.32968529965773896 -0.48930359077742697 0.80739680408204684 2.2108067608460771
0.86578681239845046 0.50033834996801352 -0.0086447109966821881 12.936622488415596 -0.39822684924273616 0.69934836957061564 0.59357159174030971 -3.9909920835258728 0.30303229534017267 -0.51046390032029432 0.80473476030966817 2.2332498812750479
0.88034618433469691 0.4740456669321762 0.016471229163851926 12.907366451439431 -0.38794708938047301 0.69960411759380103 0.60004261055946551 -3.9902785358901816 0.27292425976552392 -0.53463518805689114 0.79979845218830825 2.2595011188873833
0.89403145415869956 0.4459530696601654 0.042820773411474049 12.878678793292632 -0.37808709116141881 0.69977750452681375 0.60610361791967737 -3.982336793641617 0.24032875498362266 -0.5580656805600045 0.79423219886197072 2.2837579691697028
0.90641495364094082 0.4164253683816167 0.070723718682815323 12.84992300658045 -0.36909515122321201 0.69945609172352485 0.6119885171262337 -3.9758660208445988 0.20537940782757511 -0.58081932502206479 0.78769804526944687 2.3063868078847514
0.9180402294227139 0.38381743600899254 0.099429940043095952 12.822570465666496 -0.35905596475263085 0.6984372615926181 0.61908335932615921 -3.9735101248475133 0.16816941260838206 -0.60404434227504178 0.77900544364494917 2.3328061128453315
0.92801332350542476 0.34886397647754153 0.13071035656248989 12.787540604491072 -0.3501170330465832 0.69679476378698291 0.62601527164255377 -3.9657758510884018 0.12731588497541721 -0.62671443503027757 0.76877804492428525 2.3598016578124255
0.93588103256728761 0.31211172343797611 0.16344101374307446 12.753211245257818 -0.34211926576705282 0.69428582556402341 0.63318370194746409 -3.9609371886119771 0.084149277310029427 -0.64850093640137385 0.75654836898557987 2.3908164212390401
0.94137023541644249 0.2742729411831189 0.19645975060238965 12.718091403030472 -0.33502643161098883 0.69137472554298873 0.64012364352706463 -3.9568175205275042 0.039741288278051165 -0.66841255420220713 0.7427282729174125 2.4202754972522071
0.94540264621890369 0.23470382020930569 0.22611491171847184 12.706018195154842 -0.32587919848961761 0.68945858573961716 0.64687680940167536 -3.9567970645302908 -0.0040724088766759198 -0.68524519358335156 0.72830106422883678 2.4444082582778592
0.94593023855532399 0.19493113944690321 0.25926402500269841 12.674640861263969 -0.32041197914182079 0.68600671363583976 0.65324647145543513 -3.9563957590223389 -0.050518782735624469 -0.70099688995065246 0.71137276646665626 2.4715856838794026
0.94393951064906634 0.15527880878942782 0.29131888331609657 12.64991369983445 -0.31560236483599913 0.68328695285194541 0.6584178668385513 -3.9500659450198907 -0.096816050040920698 -0.71344756752212679 0.69398791117081737 2.4934619351501728
0.93933317411537132 0.11424755898258221 0.32342028890108748 12.623606470416714 -0.31144314523306921 0.67916553850392325 0.66463323615059255 -3.9529074264942965 -0.14372318982570223 -0.7250390793434498 0.67354434013740172 2.5241548780348571
0.93111543373948402 0.074221671600552416 0.35709269457236503 12.591385185001581 -0.31039383301693063 0.67537564566112562 0.66897190200551437 -3.9505811101834829 -0.191519496337032 -0.73372943290605264 0.65189063638786238 2.5583911927680516
0.92077504348103911 0.03541507548418743 0.38848306492167689 12.568127493369834 -0.30955945330807055 0.67232664656323737 0.67242086909066134 -3.9508337632577111 -0.23737368044941082 -0.73940696017110974 0.63002466862847528 2.5846236460502765
0.90787734715629231 -0.002141054173117554 0.41923041207369599 12.548520786650659 -0.31052313643923718 0.66840574479491544 0.67587657309681426 -3.9517601880530902 -0.28166310418013946 -0.7437937726360595 0.60616558755131078 2.6188651444960973
0.89168006600503646 -0.037933221679553757 0.45107397462308063 12.518782302295298 -0.3141257237732214 0.66564149396064365 0.67693901585134852 -3.9498720928343607 -0.32593203210670096 -0.74530696508945382 0.5816234505553779 2.6494630335381286
0.87323886979075171 -0.070886812328201973 0.48210884261182863 12.489150121592667 -0.31939224326672161 0.66394963928453943 0.67613569010589991 -3.9478340746677691 -0.36802509592094668 -0.74440979059378076 0.55714593459927686 2.677765413052891
0.85273836770213962 -0.091779276034703261 0.51421186367025451 12.461282255329486 -0.32670934548313113 0.67438866087155058 0.66216382992569223 -3.938068286823555 -0.40755156707179363 -0.73265032490160187 0.5450919386662243 2.7047798623131367
0.83053580615405442 -0.11032232659721219 0.54592971979020621 12.437211468055331 -0.33556962547673191 0.68319077350844404 0.64857026870674539 -3.9357625410334491 -0.44452592855022638 -0.72185826257452512 0.53039357801489939 2.7338317700119221
0.80521885311064079 -0.12707024697989353 0.57920268553214871 12.404367759090729 -0.34584412065325443 0.69279702940035992 0.63279073971069932 -3.9228479604860769 -0.48167877553901162 -0.70984887714675282 0.51390673162426359 2.7603696577700774
0.7791713248459804 -0.14482472681181105 0.60985067437992069 12.375977188866377 -0.35656751954799154 0.69777060177850792 0.62126949973184076 -3.9384625515861393 -0.51551105763228056 -0.70152832145077593 0.49204305061783393 2.7960117932163295
0.74969361286142977 -0.15954860033735957 0.64226453347913115 12.338687836209205 -0.37004356737454486 0.70354150355669154 0.60671007163051971 -3.9379220295450597 -0.54865949830427352 -0.69251252472686675 0.46840063836092649 2.8285996778861477
0.71979314034686848 -0.17434919200706595 0.67193764171690562 12.314007653106692 -0.38351027757605888 0.7069495090523471 0.59425773755516198 -3.9455516152603018 -0.57863434231224786 -0.68543763457890805 0.44199270016567438 2.8661799554630174
0.68956473436619758 -0.18737453811245786 0.69956505028883376 12.291644154926789 -0.39668249002617073 0.71044532108272052 0.5813006518646846 -3.9523975212309326 -0.60592365791831604 -0.67834963567382667 0.41556984076816073 2.8933446099971309
0.65861710690829545 -0.19817925093169253 0.72591217856425327 12.268156690819396 -0.40932931241549886 0.71511974360535224 0.56661562483156991 -3.9421667798269935 -0.63140559111018491 -0.67031987648134728 0.38986952010747078 2.9111686844796978
0.62605874804423767 -0.20916634361829425 0.75119896478538606 12.233783177825405 -0.42296595585510866 0.7182291717489484 0.55249131851676558 -3.9364325011980243 -0.65509559927147754 -0.66362361135373527 0.3611834136127664 2.9376612454632851
0.59353582570837249 -0.22085921983936677 0.77390983235298594 12.202894086658899 -0.43590816941740185 0.72012301480255347 0.53982118464066531 -3.9329270813437547 -0.67653476735187112 -0.65775683087568748 0.33114446998330227 2.9684556403497515
0.5609926243393446 -0.23357378274612717 0.79418547169444009 12.169519569811968 -0.44860696972610004 0.72050892328781879 0.52878982419841836 -3.936240173245106 -0.69572915861707363 -0.65292432905834752 0.29941736484994641 3.005052872023581
0.52987710201887783 -0.24531742223718633 0.81181871073718059 12.139222363338009 -0.45897565107306237 0.72199508170886473 0.51774941208104552 -3.9348675641108559 -0.71314206752801679 -0.64694857935937367 0.26997393797689828 3.0299659205498686
0.50084541243654179 -0.25650827616868815 0.82665432745388712 12.111592237651447 -0.46800654900641209 0.72316040613420141 0.50794576195389773 -3.9327835850790662 -0.72809597096013334 -0.64128194365410363 0.24214401874676972 3.0515686207926525
0.47157090295200099 -0.26790630310609925 0.84014706822380636 12.075925828528559 -0.47690487780587171 0.72390356544972856 0.49852318447002758 -3.9311763565042503 -0.7417429615533947 -0.63575926315327369 0.21360603526306432 3.082569803420534
0.44518128852358296 -0.27802657791667945 0.85118437621964305 12.046657493138991 -0.48325669216824224 0.72566005121195654 0.48977592789934998 -3.9248260283353482 -0.75384122321818603 -0.6293796247472595 0.18869207224975748 3.098746386541301
0.41732866247555844 -0.29108940820627854 0.86087382577615879 12.004811272902739 -0.49069958976820655 0.72515567622043964 0.48307676185735848 -3.927641125632698 -0.76488606999845121 -0.62403221204950288 0.15979079525094431 3.1459272006790515
0.39257492883113332 -0.30090855818966067 0.86910239032087011 11.966110837562473 -0.49573635245585279 0.72671356248633323 0.47553429629437749 -3.9184230154062596 -0.77468083370314322 -0.61752849141285937 0.13611821401399948 3.176467017397222
0.36944446514974005 -0.31314139724268231 0.87490185306874457 11.929473050880846 -0.5009016333038705 0.72590995244137102 0.4713303456176795 -3.929991710488153 -0.78269300554159638 -0.61237015462828281 0.11133037679265989 3.2206152219643052
0.34821469605997069 -0.32302702535529887 0.88000003769202717 11.888365777413457 -0.50384081838638728 0.72713461644448618 0.46628283186909786 -3.9287024219457618 -0.79050044603124525 -0.60574647374808299 0.090444758643966061 3.2532537388521034
0.32978630972695167 -0.33187106999316829 0.88380008079784034 11.848501332277417 -0.50449194325525504 0.72933804750440667 0.46211891505650005 -3.9280486059318491 -0.79795292411721641 -0.59827051186235958 0.073099422218884214 3.2800182564354965
0.30924440159272082 -0.33816986419881062 0.88882452881956298 11.810696624723237 -0.49956230600137436 0.73752554858152664 0.45441563310707916 -3.9250314966466471 -0.80920047114800264 -0.58454872178226203 0.059138729751107899 3.3099141131116236
0.28994799871668975 -0.34260508887539637 0.89361731804887734 11.764151652938697 -0.49476661149970697 0.74561172653522156 0.44639573631281915 -3.9134649799166854 -0.81922900228524909 -0.57156356280806397 0.046679069023147446 3.3391382834637935
0.27257816368598387 -0.3483483285952908 0.89685817532452938 11.717882488433842 -0.49102607633352685 0.75125598015493211 0.44103043505177025 -3.9083946141281958 -0.82740228247333136 -0.56059601697329209 0.033727862541257592 3.3771415221117485
0.25709644394155773 -0.3558496760994993 0.89848340359323664 11.671428600534405 -0.48875783225214203 0.75417976201884596 0.4385529249399483 -3.9188613599810247 -0.8336769157921986 -0.55189119813698628 0.019972618609717441 3.425517027794128
0.24435600627478626 -0.3625946269141101 0.89934158067469239 11.628548193664674 -0.48543096348706954 0.75713471856826775 0.43715420348724254 -3.9228069644540615 -0.83943249989826596 -0.54338950530127772 0.008995756943175115 3.4655894655135278
0.23159823072907004 -0.36871586350583818 0.90022823301777688 11.579569068796282 -0.48278195862842888 0.75982668587144475 0.43541358254022677 -3.9199436184039351 -0.84456132989029431 -0.53545496490065436 -0.0020348506521614684 3.5115300813885062
0.22141272569650861 -0.37285332023447038 0.90108645894263339 11.528569316482109 -0.47857895712209919 0.76354893645011002 0.43353800692191885 -3.9109460064201436 -0.84966969270391568 -0.52723184960322467 -0.0093803019352358685 3.5413942906194187
0.21032388432782734 -0.3774027918435201 0.90184865492496669 11.475064608920587 -0.47433634877955311 0.76723365872106108 0.4316914883941731 -3.8962630463071632 -0.85485021606579537 -0.51857462879918359 -0.017648299013000912 3.5826164559853213
0.20116141580535329 -0.38329358991807672 0.90145444073391712 11.425530984076428 -0.47137024772558245 0.76883476139616291 0.43209165604999644 -3.8931082550959237 -0.85868747187222261 -0.51183897233076991 -0.026013305308488555 3.6248586494640991
0.19228948611569485 -0.38893622387535642 0.90097356636415293 11.379147238987082 -0.46723200206788662 0.7710815124389131 0.43258242846716827 -3.8874768368815213 -0.86297103646240436 -0.50414473609519816 -0.033452582777815154 3.6617078432491468
0.18426980016302108 -0.39507966390407717 0.8999759440770192 11.334695040736129 -0.46306308349173048 0.77276999963937887 0.43404966117310251 -3.8889832258368298 -0.86695860423379567 -0.49672788005788027 -0.04054863398677222 3.691476758538347
0.17349922787481664 -0.40048920947861127 0.89972574211147227 11.291224312386321 -0.45987484689934216 0.7749157204898276 0.43361359679677708 -3.880319096575171 -0.87086918829187498 -0.48899286214517318 -0.049727634720772684 3.7280661505476687
0.16298309926986554 -0.40499636740924189 0.89967463659798008 11.256981969021306 -0.45730648777212862 0.77699149810729806 0.43261413304525387 -3.8744863752101457 -0.87424669607262973 -0.48193584039194987 -0.058570983872527682 3.7598827289471695
0.15418654278488064 -0.40993847879712297 0.89898662594364942 11.231891468072494 -0.45232700620829425 0.77963484772227543 0.43309327363941613 -3.8818014528229217 -0.87842289899494763 -0.47341308370023449 -0.065217043038970468 3.7719429748198934
0.14231719880738392 -0.41397278738575916 0.89909529318514658 11.203665774416796 -0.44869636057419027 0.78267069601158645 0.43139095680393558 -3.8807337443418821 -0.88227965573909495 -0.46481513842473315 -0.074360582031748779 3.791377529318964
0.12790759335618107 -0.41968789366101455 0.89861099452221882 11.18360349581897 -0.44534083640717848 0.785269994612943 0.43014250544295585 -3.8804818654578366 -0.88617785291101969 -0.45520666457661785 -0.086462162447200397 3.8195578055637469
0.11191482769176775 -0.42472803406219239 0.89837696343149132 11.163352704365836 -0.44124768106562495 0.78880208457232603 0.42789222396365362 -3.8789243404443829 -0.89037944456109863 -0.44429423635246285 -0.099131610735684994 3.8418850251907015
0.094854697953014933 -0.43063224684662793 0.89752908267758491 11.152320975371172 -0.43577440628008279 0.79265935789528241 0.42637050692124556 -3.8784803611336534 -0.895043715752188 -0.43156344877302055 -0.11247104772185956 3.8574951916690883
0.077058155355617219 -0.43540604819097978 0.89693010535487305 11.139439981885495 -0.42896795295481921 0.79760486939920339 0.42404359168419437 -3.8764657230993143 -0.90002696405771176 -0.41743028820318479 -0.12531328125807129 3.8569212412905061
0.057391264338817027 -0.44237465163057049 0.89499212866500888 11.139139464378065 -0.42195551168365458 0.8017151326813049 0.42332775976727893 -3.8819685784660756 -0.90479820343399098 -0.40194217696645018 -0.14065097738051335 3.8606398523883128
0.031597898301547911 -0.44460956699562315 0.89516697088246611 11.137457343066965 -0.41611881397230388 0.80845414829068118 0.41622953135244078 -3.8798840446334317 -0.90876108272813305 -0.3856477966325671 -0.15946495373980474 3.868978566754333
0.0024192416194878108 -0.44731385860194978 0.89437378045905502 11.135337494627414 -0.41054473386127827 0.81508382285461978 0.40876812891842607 -3.8775818644121745 -0.91183724905750541 -0.3681693545412677 -0.18167046432457767 3.8946751911482766
-0.026051038804493443 -0.44688752812606081 0.89421075848067622 11.125253913420673 -0.40242942594822251 0.82351854543558944 0.39983466890032832 -3.8750759644543953 -0.91508026998083136 -0.34944061373719892 -0.20129420499055328 3.8979607958747011
-0.056878749001215256 -0.44771648380817863 0.89236470013022029 11.116756982016078 -0.39424201571551143 0.8312457202940251 0.39192318831301337 -3.8815974414834331 -0.91724480971909972 -0.32951555747689398 -0.22378886572853585 3.9176172375528182
-0.088162544065359283 -0.44544422971231445 0.89095836268589268 11.096564880439875 -0.38495133050599084 0.84018614130995806 0.38196822000311825 -3.8840223746553235 -0.91871640834677115 -0.30930031711378175 -0.24554729660031493 3.92697040236949
-0.12331910580405792 -0.44045505352753328 0.88926472097218912 11.072149687701627 -0.37580619329461079 0.85009118151724383 0.3689372415303584 -3.8677696189589654 -0.91845636979940493 -0.28869417889641313 -0.27035822134017806 3.9532205320191522
-0.15699047318862225 -0.43721645518737551 0.88554828363076754 11.0533480351395 -0.36615342627306113 0.85853098143858042 0.35896548906351133 -3.8698671337756583 -0.91721625571972432 -0.26789237619516826 -0.29486948811295477 3.9755270273692722
-0.19076613054004299 -0.43238909333603048 0.88127632182126892 11.026186629301781 -0.35608282066269481 0.8670962319000538 0.34835204815477577 -3.8742638648625976 -0.91477500417735425 -0.24735358616517689 -0.31937892094430409 3.9974869412205551
-0.22606774270368635 -0.42648967225155282 0.87578532482088511 10.990731417531283 -0.34674158668296601 0.87540616450604303 0.33680011759112832 -3.8765444816204426 -0.91030964389785485 -0.22753155079588805 -0.3457828012191746 4.0341629183583763
-0.25954638661320684 -0.41994325334255622 0.86964552385905958 10.955834267069974 -0.33639484081436444 0.88342134489139756 0.32619815827768395 -3.8832225661789082 -0.905248134087835 -0.2078807142626371 -0.37055556178277738 4.0611038982647418
-0.29384079738992552 -0.41062908574699875 0.86315777221075718 10.912742715965836 -0.32570940439965657 0.89199312125569608 0.31346715221557453 -3.8784176281445855 -0.89864952549638299 -0.18902916592712657 -0.39584972496393278 4.0935662681652767
-0.32850624036641496 -0.40009717924454241 0.85557343179933076 10.868241669909429 -0.31596909243128396 0.90020740782729936 0.29965005509928594 -3.8664275131787744 -0.89008268305167826 -0.17189784772769803 -0.42214209370555689 4.1391532972685399
-0.36049087391409196 -0.39191197209524326 0.84643448414692568 10.816862345286903 -0.30648953136317109 0.90683167617083149 0.28934491227250564 -3.8762260808285811 -0.88097133721219256 -0.15511710808810691 -0.44702146009889132 4.1788713095030552
-0.39388351180873249 -0.38117289021375816 0.83639883243062385 10.764603876268145 -0.29683234673354125 0.9139534417744104 0.27673030950976102 -3.870287424573037 -0.86991168348165049 -0.13927072210195385 -0.47313563478913889 4.2361358499957058
-0.42504246849437854 -0.36907058789064634 0.82651424738491885 10.710311849817476 -0.28754633347491182 0.92085673864809625 0.26332484309598775 -3.8547053922248438 -0.8582866689407106 -0.12573690007489616 -0.49752811566605515 4.2917153158512278
-0.45369851230594094 -0.35889097206893622 0.81569291409132039 10.644212353991831 -0.27794744935094867 0.92664957413365434 0.25311219282606451 -3.8585514020633163 -0.84670117239240783 -0.11188313959364501 -0.52017236349501617 4.3450081900395485
-0.48057620132039647 -0.34993376176582203 0.80410999067346445 10.584045652481063 -0.26885720601803997 0.93157264389213856 0.24472068143903183 -3.8639951907060017 -0.8347228986296179 -0.09858382995315107 -0.54177385593542371 4.3997752069122784
-0.50808614621644654 -0.33685972358146099 0.79270044446281351 10.510155625702264 -0.26151767704571049 0.93723289740773719 0.23065775644732509 -3.8331221157102364 -0.82064424241904965 -0.09011116826076411 -0.56428982335245514 4.4741088405368812
-0.53206529142914905 -0.32841133090851871 0.78041817212780884 10.443787946021358 -0.25393405838849625 0.9411782886966622 0.22293703791961131 -3.8293969155164698 -0.80772768904301073 -0.079557693637497318 -0.58416312254054481 4.5405792782682095
-0.55322283820979568 -0.31977252254735106 0.76921390074985152 10.359097794327184 -0.24665172091438917 0.94486306567759171 0.21539896863335542 -3.8152474970686971 -0.79568047597830938 -0.070564303596413386 -0.60159226990120529 4.5982465103330359
-0.57311018599367647 -0.30942640319188752 0.75881487578857154 10.264587465469523 -0.23820453459655599 0.94889325677932201 0.20702701982197816 -3.7844025636664931 -0.78409394488666473 -0.062103850496269708 -0.61752716324515244 4.6515913264683411
-0.59174131742733649 -0.30095000677987233 0.74784444015353635 10.169783171682949 -0.23046186095330684 0.95213666947907072 0.20080610867013352 -3.7640750295082932 -0.77248271430194471 -0.053524350089446254 -0.63277610578482135 4.7113021418881837
-0.60728496465917425 -0.29434610124966804 0.73794670835909704 10.078021038218177 -0.22378761811580389 0.95460318966678825 0.19660074327440613 -3.7431671040421723 -0.76231494388930965 -0.045750660728715031 -0.64558717720066716 4.7647370792318906
-0.62371408587024368 -0.28390928747309296 0.72826935647023228 9.9682530542117203 -0.21823664226310835 0.95790450999918764 0.18652538083848089 -3.6833234221464912 -0.750568789026542 -0.042596551617906021 -0.6594179454105662 4.8382296549573072
-0.6370830526413338 -0.27465665899216918 0.72020059963072702 9.8548144670977091 -0.21301009663412943 0.9607083014017308 0.1779501569252466 -3.629873778683117 -0.74077789030796426 -0.040040970131358655 -0.6705556188280144 4.8955693744267705
-0.64757088562902254 -0.26889824313163213 0.71298364842846562 9.733065342930951 -0.2065836269459887 0.96257863904548646 0.17540116513632306 -3.6089906690555358 -0.73346789511435651 -0.033706060197844973 -0.67888787611980161 4.9440914238479099
-0.65852772145921135 -0.26137943686159665 0.70570675925320037 9.6130220610050738 -0.20241909117333526 0.96470758912755705 0.16842143274612495 -3.5567898016111732 -0.72482256559678171 -0.031938338491711085 -0.6881948786035017 5.0070153882699691
-0.670161824595781 -0.25532016961222992 0.69691802950105697 9.494409876179887 -0.200870816089493 0.96632057910210378 0.1608584895096177 -3.503946054200012 -0.71451665067932113 -0.032189274501871964 -0.69887753326963398 5.0968081289395677
-0.67921678260492513 -0.24895880146904331 0.69042311476290552 9.3651746231133064 -0.19869084672888437 0.96795597529817035 0.15356815200661483 -3.449734011335746 -0.7065313224861115 -0.032874687156918443 -0.70691777830972824 5.1719680612640042
-0.6887253480051263 -0.24197773577538639 0.68345019599399925 9.2358331180943694 -0.19594868514419483 0.96970471385157508 0.14586596835552892 -3.3910470281289382 -0.69804119348751903 -0.033459577448800036 -0.71527543566899365 5.2566606770434685
-0.69444031783909232 -0.23683187419664659 0.67945809902012655 9.0800603230094943 -0.19313888360294496 0.97098045608129024 0.14104724580358755 -3.3594718869400659 -0.69314501844862775 -0.033280884493554548 -0.72002942032057149 5.3221439223958411
-0.70103863139250211 -0.2303564547618959 0.67489313305504806 8.9273553349890253 -0.19082177072327436 0.97247503519342493 0.13371371561504486 -3.3084095619577392 -0.68711854080163071 -0.03504582250536542 -0.72569959433057485 5.4051893540325286
-0.70707415008940444 -0.22498753413363312 0.67039298606102271 8.7765739043945885 -0.18992756134153552 0.97362316303822882 0.12643361039807283 -3.2653867166869626 -0.68115612580245111 -0.037928167368087864 -0.73115510420285967 5.4940784939039284
-0.71359677650294362 -0.22044008318296865 0.66497053340046153 8.6342440873914175 -0.18942265247827034 0.97456040698135349 0.1197959593326712 -3.2329224189217824 -0.67446178490163911 -0.040474471838733816 -0.73719951019833929 5.5925529971500882
-0.71987513937513836 -0.21406574595409897 0.66026936936279312 8.4760913962406743 -0.1897192128719897 0.97571438624573525 0.10948998465768876 -3.1750229489108621 -0.66767237772492738 -0.046446667073358698 -0.74300491461424323 5.7030221374396479
-0.72551763029122518 -0.20840713912609632 0.65588919224048892 8.3206916840954701 -0.18905828173891048 0.9767344459716707 0.10122642025846891 -3.1387176246183994 -0.66172587545186401 -0.050559731147320729 -0.74803915629048112 5.8111533508057338
-0.7317515969247077 -0.20296283359756873 0.65065020446948785 8.1611903058337827 -0.19009396428594788 0.9775264023216742 0.091139549626367972 -3.1040411556604681 -0.65452569478989409 -0.056993165748974124 -0.75388851557622027 5.9387843167104277
-0.73545644783350994 -0.19620665636888746 0.64854202742509848 7.9792983635749657 -0.18929820593085356 0.97854183155030416 0.081376121421068079 -3.0777085062067977 -0.65059204004619986 -0.062919249063522448 -0.75681646753080534 6.0508522995945118
-0.7393478158487361 -0.19105877480688382 0.64564800918844023 7.8062325546561739 -0.18848640125897903 0.97928777139656853 0.073948207101871125 -3.0827209133832283 -0.64640365387282805 -0.067022424325254903 -0.76004625576172868 6.1646506749760821
-0.74327210009040967 -0.18284384062567888 0.64351745521970427 7.648642016998628 -0.18792086645837008 0.98025864696958431 0.061471399779859423 -3.0505970862660035 -0.64205321677936344 -0.075240381356098937 -0.76295907612182012 6.2791096943562765
-0.74712621529443735 -0.1752005472989758 0.64117640836664458 7.4950734896093554 -0.18595336504531798 0.98121144950840788 0.051433815549032563 -3.0525014283918113 -0.6381408656778953 -0.080801358774147639 -0.7656679280028118 6.3893141358745815
-0.7531422954368876 -0.16473647634162783 0.63689761829245473 7.3568205291389406 -0.18559891244013513 0.98201870685312354 0.03452974212991012 -3.0166907737254443 -0.63113368356085708 -0.092201696042227568 -0.77017473388955171 6.5352492350208777
-0.75860813073073219 -0.15511613517808701 0.63281331259435325 7.2363891620374456 -0.18484693608441757 0.98257859626851574 0.019259085523365756 -2.9944327379465348 -0.62477621130243788 -0.10236350307803314 -0.77406485453621121 6.6660042269001014
-0.76348571102223417 -0.14708747913268436 0.62885200369185923 7.1226961481755522 -0.1837382530710103 0.98295144062535333 0.0068351833154473426 -2.9948840328343165 -0.61913635285233193 -0.11032560380498509 -0.77749497601063533 6.788413735795781
-0.76781665904733076 -0.13799525535366855 0.62563159094571907 6.999692228389101 -0.18264516254268434 0.9831517891273015 -0.0073009681236489441 -2.9967215176763493 -0.61408331901229174 -0.11987438857263022 -0.78008448790832041 6.9109154751908646
-0.77512006495954222 -0.12957660255718942 0.61838401415855804 6.9480370064076356 -0.18298628841898826 0.98283642180760911 -0.023421917493202209 -2.9735209288315612 -0.60473539928447917 -0.13131059377731752 -0.78552697268400062 7.0585348811421929
-0.78105322722933157 -0.12235056151079504 0.61236116494487125 6.8755156316156283 -0.18212025498170675 0.9826184159198208 -0.03596194406063502 -2.991574115334001 -0.59731739382010696 -0.13961156396665458 -0.78975980034865079 7.1871094404476237
-0.78796626419155036 -0.11125095375177313 0.6055843391182878 6.8244311203596926 -0.17961912823790982 0.98229347103359621 -0.053258854060361668 -2.95548657139399 -0.58893644416614754 -0.15074071133602371 -0.79399691603862332 7.3123326351456024
-0.79249399273235843 -0.10134712767687382 0.60140005919086248 6.7422302280324802 -0.17732730251854867 0.98178436588017615 -0.068223798595179699 -2.9540190617187854 -0.58353088972617428 -0.16071160077887331 -0.79602982488753038 7.411632169858466
-0.8003943073941997 -0.089564521498177369 0.59274543370637844 6.7110116136260913 -0.17407147804171827 0.98089675568995871 -0.086837061265826895 -2.9089025083128948 -0.57364455303204243 -0.17268396325575777 -0.800694808032969 7.5324244452956277
-0.80758857544516416 -0.081465784057096799 0.58409247456067526 6.6747559881477194 -0.17305360978170573 0.97954870413791983 -0.10264884004821059 -2.9033496476670653 -0.56378465831554136 -0.18397734167468685 -0.80517029055867684 7.6562477951291283
-0.81399544740922614 -0.071531890024803826 0.57644999809743591 6.6192471369678607 -0.16957854893720514 0.97842126107533056 -0.11804639603186402 -2.8975137834888534 -0.55556685226658942 -0.19384278316522163 -0.80856072627685482 7.7544543116353148
-0.8205540706466059 -0.061122980248189018 0.56829129716270033 6.5686127544841151 -0.16730372098746951 0.97640315911992914 -0.13655158660509686 -2.8723587240028103 -0.54653497791910088 -0.20712520886218028 -0.81141768884142929 7.8381777823123606
-0.82747345575657727 -0.052980697855399397 0.55899975462697904 6.5540800679833771 -0.16429442096109584 0.97481464978121446 -0.15081028417514011 -2.8486182280966483 -0.53693111593511333 -0.21663204801386879 -0.81533768005286689 7.8960483552683991
-0.83675311185606649 -0.042667784762054919 0.54591546043566896 6.5181315683975116 -0.16059330572656347 0.9722422649592426 -0.17016100723355046 -2.8142366550011317 -0.5235016904987071 -0.23005312075783899 -0.82037890128560464 7.9947745726524602
-0.845429872670733 -0.034041890462608373 0.53300045036536348 6.4978035441384234 -0.15729572066064665 0.96957440306050202 -0.1875727410678826 -2.7799453918511254 -0.51039826278877198 -0.2424182885501894 -0.82506180781720917 8.0411424607312298
-0.85438987339423589 -0.02295435780851017 0.51912526590311636 6.4576300968264562 -0.15165089432519963 0.96654742608041577 -0.20685279642221491 -2.7281690028219021 -0.49701101646920215 -0.2554587453874344 -0.82928938188869217 8.0914222831349178
-0.86241900654939352 -0.013823484445137167 0.50600629286615828 6.4088684199100756 -0.14727629415820226 0.96323438800510874 -0.22469803502356281 -2.6925097639805884 -0.48429655204366667 -0.26830658777267963 -0.83274751553901227 8.1068945248863482
-0.87249786521736872 -0.0056054957473467828 0.48858576893782035 6.4029204838923981 -0.14160205167858367 0.95992462826052682 -0.24185443353245592 -2.6593965383863751 -0.46764979862237771 -0.28020222425297753 -0.83832593862538585 8.1062593220221135
-0.88074489684536883 0.0008161498462496106 0.47359028767519029 6.364190057814616 -0.13785145320835474 0.95625640419528302 -0.25801291883131028 -2.6553215876214362 -0.45308432275812172 -0.29252867096224255 -0.84210544062835657 8.0975845200562144
-0.88981961322748049 0.0044858679153781233 0.45629040413397215 6.3381538617623754 -0.13521282346947286 0.95245166917859192 -0.27304452063414014 -2.6688366399771457 -0.43581939870215858 -0.30465668360953452 -0.84690362901981353 8.1078386508553244
-0.90023502570643976 0.0086436288541469862 0.43531848820324359 6.3422308283492015 -0.13042916655664283 0.94853629239002957 -0.28856045212453479 -2.6913726478034827 -0.41540959425928681 -0.31655045363923923 -0.85277821225575812 8.133698549832399
-0.91137226127537119 0.018145531282556214 0.41118285600483223 6.3510366888663876 -0.1205061342362667 0.94348388137740957 -0.30873360230536773 -2.6460648358735579 -0.39354653217789598 -0.3309212977061039 -0.85767839061926976 8.1388686000859938
-0.91967294539962463 0.028657420628360703 0.39163813111456419 6.2712723852415246 -0.11141611135887948 0.93730494401897801 -0.33022097457194666 -2.6047539832235995 -0.37654763792864926 -0.34733009394596037 -0.85882110023557612 8.1500343676903029
-0.92706662241416127 0.038306828595781897 0.37293439703053954 6.1841016488021188 -0.10139466578389762 0.93207213761965391 -0.34779397928040778 -2.5905129205228028 -0.36092464498309118 -0.36024174821369936 -0.86020886038668953 8.134567144161867
-0.93790539356082947 0.043118687334892714 0.34420088833706169 6.2327604844094848 -0.090059991303886811 0.92795429105142913 -0.36164904491175331 -2.6055817586736283 -0.3349965234086027 -0.3701913188092818 -0.86645006594863561 8.1606319517934605
-0.94582179579357484 0.048712178109741842 0.32101129934259642 6.1515071186811845 -0.08070062738318988 0.92238678177114242 -0.37774334349374639 -2.5929569585207575 -0.31449728034082713 -0.38318370074636487 -0.86848241901638024 8.1644238528492661
-0.95374702828958813 0.051933686492785 0.29609035485143598 6.1311377267859042 -0.073880108873180347 0.91425887895810509 -0.39833708308310423 -2.5105214061328929 -0.29139034908806982 -0.40178799690077605 -0.86813482248139051 8.1291127091989051
-0.96162353796953282 0.054319019123063278 0.2689416579566406 6.1277039080204112 -0.064659724250188816 0.90773372061328561 -0.41453421152113723 -2.4803049311381984 -0.26664450356766761 -0.41601554853523171 -0.86938585915235733 8.1018187191759807
-0.9700354629920771 0.058397271580425826 0.23584096168755148 6.1585466226814782 -0.051605482310484944 0.89901531316602079 -0.43486588839377105 -2.3296358572429874 -0.23741961741450382 -0.43400601996396726 -0.8690631161784439 8.0817837584872567
-0.97820977214029647 0.064461068603754834 0.19735858816806354 6.24105223704575 -0.032999954776876263 0.89022288090012625 -0.45432832324939165 -2.2048225740158465 -0.20497962014296303 -0.45094123004704456 -0.86869750913059796 8.0816137600255793
-0.98251098471024356 0.067725592967834425 0.17345146001364034 6.1147438732833272 -0.022127781350296503 0.88244258829531763 -0.46989939312067008 -2.150179440942563 -0.18488517035236149 -0.46551941143180675 -0.86551091926327728 8.011973783989859
-0.98678433732177395 0.06594142043092821 0.14801486644246056 6.056788241353245 -0.014298702227592108 0.87445276644606307 -0.48489989314232051 -2.1012108669058818 -0.16140699715636408 -0.48060804022236125 -0.86195341692146399 7.9614885140848521
-0.99033653586770654 0.063754097417353703 0.12316233510310555 5.9792437994974437 -0.0063404826648488614 0.86632959863785386 -0.49943250275042356 -2.0575798714127229 -0.13854004477091755 -0.49538716332427674 -0.85755362188518514 7.8852211948910842
-0.99321706414084732 0.064175587295161582 0.096960597640265475 5.8948107332841575 0.0056308751554714842 0.85945943890215182 -0.51117293172367984 -2.0525859620840663 -0.11613852394627656 -0.50715970549455081 -0.85399114537462317 7.8139027718733942
-0.99488474466133003 0.072747678565692503 0.070086518699840672 5.849589780577845 0.025051280013421592 0.84981821828061577 -0.52648022683482509 -2.0314229027578845 -0.097861014759962395 -0.5220313890386884 -0.8472936035687324 7.7238241854926812
-0.99722557634725106 0.05951799308015622 0.044707475645619027 5.7200223504155892 0.026130128828176433 0.84226158048804234 -0.53843536882453025 -1.962371295891139 -0.0697019816527195 -0.53577330890358432 -0.84148000286411362 7.5958578397505976
