0.99986592265157415 0.0001770502451330912 0.016373923577659572 0.16359215781981007 -0.0001618799939744284 0.99999955648237171 -0.00092780920846857609 0.027622606970505441 -0.016374080584383617 0.00092503419961997022 0.99986550785430417 -0.10184062849842683
0.99984537639305615 -0.0038500096119043433 0.017158109785644412 0.33123351848480592 0.0038883888538403071 0.99999001135976451 -0.0022039992784484187 0.034068586440589015 -0.017149452981051985 0.0022703758909737512 0.99985035963176228 -0.19878699908881189
0.99978419352137871 -0.0065171502420159448 0.019725443912098472 0.48333533997304723 0.0065153922620170375 0.99997876284245268 0.0001533875803679427 0.019122120855479766 -0.019726024649644937 -2.4835473704621836e-05 0.99980542273720485 -0.27613004963831189
0.9997510318863787 -0.010450979875141578 0.019714240075905786 0.67283675659784303 0.01047093960102302 0.99994476459324677 -0.00090949789880143258 0.016478230766339936 -0.019703646007599506 0.0011156980799401023 0.99980524181052466 -0.40517546359405976
0.99964690100241382 -0.010589450776124268 0.024370819611377471 0.80732866332854503 0.010536632242365937 0.99994185521681556 0.0022946822311842906 -0.0030564658170025693 -0.024393701999889113 -0.0020370856174985567 0.9997003538985707 -0.49381348385964352
0.99955196971479021 -0.014916465279459449 0.025949159964240749 0.98433456211112624 0.014818643497999898 0.99988236417810772 0.0039579806059633314 -0.015607267581990601 -0.026005146493766569 -0.0035716759602009316 0.99965542837853538 -0.58431417427900978
0.99939574130076669 -0.018170236503440608 0.029630976617385226 1.1480265152265288 0.018086647645907613 0.9998316588588021 0.0030866034064674151 -0.012012706032722434 -0.029682072818854485 -0.0025488132660252002 0.99955614054644837 -0.69568366834411888
0.99922500820214999 -0.019304655142127258 0.034303254557794913 1.3004963537627712 0.019154068858886659 0.99980543525944165 0.0047130957795856448 -0.016510879958718368 -0.034387565042648283 -0.0040523962691300635 0.99940035694155904 -0.78981581994246053
0.99906837375067103 -0.024231412662869819 0.035710267592825612 1.4959595651956652 0.024185595475565022 0.99970601550711913 0.0017145058681751891 0.0084058344159890028 -0.03574131422712136 -0.0008492345031795096 0.99936071428592632 -0.91821463729381592
0.99888094071062594 -0.026565479507822114 0.03912980428745548 1.6641278632153516 0.026464788108525098 0.99964497322498502 0.0030890931338886851 0.0054324313147581403 -0.039197975399578408 -0.002050074276325899 0.99922936101779736 -1.0327333479156096
0.99862071364326188 -0.028247712505282161 0.044257621048145172 1.8163246113805716 0.028049153835815705 0.9995935290273239 0.0051011465177207014 -0.0096827516051942748 -0.044383727330149295 -0.0038527217547384284 0.99900712774402345 -1.1661402060359123
0.99838881112605404 -0.031258440674795218 0.047357066050218131 1.9923495285526491 0.031271731131159615 0.99951081378214834 0.00046039614258177908 0.022104515108810882 -0.047348290891698272 0.0010212830792437446 0.9988779186319553 -1.3143150454530912
0.99822991753349855 -0.034890234216476364 0.048163298240299766 2.1922238411961819 0.034724440420725561 0.99938778136779172 0.0042750076292923586 0.0041226140688983498 -0.04828296778919168 -0.0025949969330326629 0.99883032643807201 -1.4434311880618074
0.99805168461531524 -0.03651801401872546 0.050589223048585312 2.3655923199764448 0.036171530828222206 0.99931556064622495 0.00774794216963786 -0.015492802777857931 -0.05083753725422107 -0.0059029570936313938 0.99868949123512685 -1.5669684965527246
0.99769242038031092 -0.040909055200986859 0.054187484885714884 2.5261767219429987 0.04028374894072019 0.99910905268702344 0.012582543865197221 -0.042426407929722451 -0.054653946673209192 -0.010370633606544839 0.99845149910831466 -1.6733750750215617
0.99759021262617131 -0.042406010591082136 0.054913549677828945 2.7030864423468954 0.041490604718054783 0.99898202075986819 0.017704573382613369 -0.075948363446373582 -0.055608429150628663 -0.01538351274186886 0.99833413752266342 -1.7844936086498728
0.99734290198548181 -0.046745705923749305 0.055874635004337994 2.8694075031277362 0.045913424186967262 0.99881586183073268 0.016088245235526231 -0.059271837464323018 -0.056560528096944548 -0.013480101372807694 0.99830816561238922 -1.9162953815552159
0.99702119148486923 -0.047202737157056515 0.06099709284034336 2.9755845920439654 0.046186044289474579 0.99877116496145013 0.017972461001166114 -0.063960337216126192 -0.061770486828114958 -0.015101710049844697 0.99797612461951624 -2.0145160200277741
0.99671411435497304 -0.05001943825875925 0.063710517513671586 3.112576861055766 0.048860384880000787 0.99861283017868474 0.019623409283187478 -0.0584152459575061 -0.064603692115542996 -0.016446008597695339 0.99777547161986535 -2.1128544950232011
0.99641954066551763 -0.056731634246554578 0.062686686430486055 3.2802206273378127 0.055086041106328747 0.99809797265716371 0.027676073653818117 -0.10512264226030678 -0.064137563526772579 -0.024123819212033187 0.9976494445903703 -2.1967621963831774
0.99622086446298597 -0.060501861588993247 0.062317846182994019 3.4204924887349555 0.059171530611491809 0.99798333839909747 0.022977951233429512 -0.07058585983612739 -0.063582381000669416 -0.019203672098296216 0.99779181185467081 -2.3265743747667136
0.99578884308792237 -0.062676595464841237 0.066904591490821883 3.5089974656019391 0.060556371626010352 0.99761038628989018 0.033263238297383591 -0.13517657205167297 -0.068829541892341847 -0.02907166227570486 0.99720475962332722 -2.3994386904530245
0.99545699731588388 -0.06642526997469031 0.06821326853064498 3.6218944128839876 0.064040774102672407 0.99727700083480153 0.036569972084673788 -0.14930901666752214 -0.070456694126071917 -0.032035404082559095 0.99700029445235983 -2.4797562218260807
0.99519637765776481 -0.070161911009976305 0.068275003773648382 3.7282378242518717 0.067712552409543159 0.9969978536518288 0.037553828830511116 -0.14645286876799857 -0.070704880616888163 -0.032750359648019471 0.99695949456328314 -2.5600433015427608
0.9949738173540168 -0.072171636947491277 0.069414390440997328 3.8136898083334936 0.069772112632217123 0.99689879024811945 0.036395800591182782 -0.12890420282456796 -0.071825866363120994 -0.031369679981718752 0.99692376243072456 -2.6434861699901711
0.99496037223751244 -0.074336165897699188 0.067290356787732999 3.923403654128427 0.071715678717891265 0.99660016676941043 0.040558217677992212 -0.14873112685966516 -0.070076523194454066 -0.035528045749983854 0.99690874149149888 -2.6941110469998026
0.99478265451634962 -0.077652470760029915 0.066163162396213601 4.0176708547824767 0.07517395945557559 0.99640103036050387 0.039164556888820763 -0.12961909518625533 -0.068966267792135258 -0.033986474977392087 0.99703990563338762 -2.7656976952423502
0.99448033348252629 -0.077046967576694089 0.071222405910775263 4.0302699093747858 0.074497373766295533 0.99650491339651481 0.037790195534414574 -0.1163308846116325 -0.0738850974040655 -0.032275724063764645 0.99674433533266271 -2.8301749373412846
0.99452082695768806 -0.077639906343357171 0.070002640595843962 4.1092799480671482 0.075011362109842078 0.99640278552440431 0.039430756442580393 -0.12892801261414027 -0.072812226321012349 -0.033963715082462258 0.99676719737157027 -2.8846360578200576
0.99452588283996257 -0.076439334992977892 0.071241114724745175 4.1540478749649088 0.073442160398249592 0.9963378666687901 0.043784752116712851 -0.1551899375546458 -0.074327097598593045 -0.038312967879237936 0.99649766635695325 -2.9129327541191881
0.99464589777749701 -0.077430151234425426 0.068440556062986962 4.2311688370917047 0.074572089867252014 0.99627182767401601 0.04337567055281269 -0.15283055018969319 -0.071543982606696879 -0.038039677481409559 0.99671181466353809 -2.9580093786980033
0.99486682154587902 -0.074221949095108694 0.068783062302599549 4.2693764852855463 0.071401024460722468 0.99653739900737193 0.042604061843694647 -0.15362139365510327 -0.071707050512202136 -0.037474186477429249 0.9967215179049238 -2.9921715100150648
0.99526487326511648 -0.071028453455887333 0.066353529252304505 4.3194922931430062 0.068376626125192908 0.99679944731285675 0.041418580812468818 -0.14664819793747011 -0.069083059025401947 -0.036685428121370892 0.99693616160677234 -3.018037371847631
0.99570838191616462 -0.067698772583365305 0.063100668559049208 4.3716680465855378 0.065434305854961822 0.99715987710190168 0.037289825896610854 -0.13365643772013949 -0.065445930348437292 -0.033000843759304489 0.99731026993208161 -3.0631911978573623
0.99623544216761051 -0.060078063650864731 0.06249456005980189 4.3897500170218828 0.057979175131952637 0.99770845745726811 0.034874764074570408 -0.12793448359701634 -0.064446559412616469 -0.031120092965819159 0.99743580284330824 -3.0702906404255721
0.99691230029724143 -0.051502911614115347 0.059273228453757633 4.4190211927542444 0.049586534918583218 0.99821250657176874 0.033361164225410057 -0.14030153517028868 -0.060885475039871767 -0.030319000956088166 0.99768417703709922 -3.0839857830170629
0.99729567372695649 -0.044729318327143448 0.058314897303218718 4.4271800470068348 0.042956498739268059 0.99858625900603859 0.031308505879202614 -0.14555699582467083 -0.059632863268160606 -0.028718833651697487 0.9978071708562366 -3.0902417731906957
0.99772954876930953 -0.033563784216873727 0.058388525427802852 4.4057307236901169 0.032247266375640744 0.99920723007797274 0.023345774161584388 -0.1086199382718856 -0.059125809287387456 -0.021409898387156564 0.99802091908294344 -3.0816195911193365
0.99820668085249586 -0.019837172111008168 0.05647927853719259 4.3996890434460179 0.018929704544811184 0.99968371221837071 0.016557228365394173 -0.099107013612114339 -0.056789863420241629 -0.015458399915123763 0.99826647208286745 -3.0980534146429317
0.99846169675301 -0.0061506937634373789 0.055103621326812943 4.3970885822963215 0.0054695049766439663 0.99990685973844862 0.012504253808402361 -0.11330740676400183 -0.055175398797025911 -0.0121836289430896 0.99840234101957426 -3.0942895244285817
0.99874553644882536 0.0065229002955711759 0.049646804482082779 4.4404477061905423 -0.0067081537110309048 0.9999711427473974 0.0035657181960015542 -0.088524923193130059 -0.049622112987430307 -0.0038942835282182193 0.99876047201441875 -3.112073778940359
0.99858978173401491 0.0237700412929065 0.047470337615672577 4.4413767932302042 -0.02358964912060179 0.99971223199619019 -0.0043567937250385625 -0.093477655910290794 -0.047560238338125581 0.0032308410869561631 0.9988631464795823 -3.1255163922992444
0.9983181939287652 0.040411302761837388 0.041565734444366072 4.4901009809614987 -0.03974391215458143 0.99906933646666762 -0.016759545897827573 -0.065684226021992587 -0.042204325814510543 0.015079374693387925 0.99899519885803212 -3.1554776166303116
0.99767339962413515 0.05791303949181982 0.03597037029611673 4.5403960932795808 -0.057134072608192539 0.99811699365764794 -0.022319603917196396 -0.088394540604870328 -0.037195233963810762 0.020212541370091586 0.99910358208833372 -3.1715933754308026
0.99622340204618698 0.08071930237580377 0.03198948951585346 4.5526612997783049 -0.079585505795105649 0.99620421742448795 -0.035260522585473637 -0.065603272495527623 -0.034714269153455365 0.032581458064780529 0.99886604112238919 -3.2014955515819667
0.99440996300278139 0.10196810691095515 0.027410411412506334 4.5840972817064136 -0.10069001333158023 0.9939201401527803 -0.044545215388006085 -0.069290726128088911 -0.031785951237819389 0.041536251295388703 0.99863125984130563 -3.2175355373820596
0.99204021468385961 0.12401640712113511 0.021820706101468201 4.6099771178882243 -0.12264138542726245 0.99087579185216612 -0.055895041835786516 -0.060708742503062997 -0.028553511701425477 0.05277400767525179 0.99819817725910975 -3.2487012183682533
0.98963981346248908 0.14306506297428317 0.012059326933709884 4.6844586624953637 -0.14190433385096723 0.98745180695213897 -0.069297106586559354 -0.051190042447896107 -0.021821999089060146 0.066867904880593687 0.99752317449402494 -3.2987373545956999
0.98626872080034622 0.16505784135640847 0.0054698608402199145 4.708618151061442 -0.16405466785300413 0.98300472565166785 -0.082387956050200231 -0.049143535284194038 -0.018975677234005877 0.080359307819641693 0.99658532264942523 -3.3525537313185505
0.98289086214679433 0.18413437565032692 -0.0044816082153136538 4.7808549851406239 -0.18368178253143816 0.9780901875649276 -0.097982589041513857 -0.025611125576844956 -0.013658545837853062 0.097129381203984941 0.99517803805777705 -3.4205163866611299
0.97898642393008617 0.20295109306837394 -0.019910690167192789 4.8983964531884592 -0.20391211150130165 0.97312931533504687 -0.10695413231205061 -0.082122651750115863 -0.0023307817706615884 0.10876667439016019 0.99406457436045992 -3.4678551327670419
0.97420816074431782 0.22295927163040868 -0.034750866654099585 4.9808219029549763 -0.22554833656951648 0.96679679927243189 -0.1201328297648285 -0.083399362911391814 0.0068122984298605253 0.12487238329838506 0.99214942447167898 -3.5138193525629897
0.96967951940767916 0.23980165962796654 -0.047082838497325946 5.043981033649966 -0.24407672986123224 0.95992829092763687 -0.13771066123213996 -0.055830961226847158 0.012172903578828217 0.14502703305390702 0.98935280870983611 -3.5877650574201958
0.96442052949969448 0.25614943256022277 -0.065425610265436349 5.161521567383085 -0.26347376020839863 0.95163680103286064 -0.15801574795440759 -0.023186557467235289 0.021785774284521855 0.16963156286204376 0.98526672171539642 -3.6897197460260371
0.95993093599694113 0.2678298253789983 -0.082460795251391161 5.2751739122895653 -0.27842946424324116 0.94487976691552966 -0.1722766946364947 -0.036291859191289272 0.031774699955440328 0.188333243775786 0.98159103384843127 -3.7674409001696136
0.95585943211248037 0.27514092549926861 -0.10310294446334939 5.4304367916692673 -0.29005002656490436 0.93964419296356605 -0.18149317540763588 -0.082296572907581356 0.046943882788973289 0.20338697535794795 0.97797239742409936 -3.8267041825242623
0.95200163165751106 0.27893852284250281 -0.12604044507966142 5.6202672825797118 -0.29939938719028625 0.93421730516916912 -0.19390212395055581 -0.1281554510530146 0.063662392913852006 0.22233157040082763 0.97289042164654094 -3.9391196172913014
0.94759946216198987 0.28357120664383428 -0.14711434353205491 5.816308523531216 -0.30841749981974975 0.93209974921304017 -0.18991762246279917 -0.34456433472293396 0.083270073347165324 0.22533847492061249 0.97071554360956347 -4.0755815842446381
0.94405378270599805 0.29225239711141465 -0.15281031294100594 5.9302292833062245 -0.3161161074929677 0.93395134424878101 -0.16674979208199789 -0.77231726955540803 0.093984370732535502 0.20572657329214186 0.97408598958176285 -4.2915391036626911
0.94164940834587196 0.28402409992086058 -0.18062863124658396 6.0966767098969505 -0.31411147330554273 0.93434219081948267 -0.16834088271264022 -0.97586625713061248 0.12095608335131691 0.21525561808880755 0.96903799965817372 -4.371804459540674
0.93992170061075064 0.27677687580332577 -0.19985434131272908 6.1172537045823772 -0.31193834376887092 0.93415359389183172 -0.17335377903497934 -1.0954563259915329 0.13871433382216899 0.22528121102196944 0.96436855483406692 -4.4247078338172967
0.93988582732012893 0.25716220326280936 -0.2246825155987319 6.2356393381809365 -0.29965908263775937 0.93662111743832799 -0.18150844763061133 -1.1436937031022356 0.16376527652543854 0.23792537397594948 0.95737790376786491 -4.4227870844650399
0.93700669253891744 0.2372459670485336 -0.25638410492166774 6.3814002309292226 -0.29200736874604166 0.93480304267430592 -0.2021755870644949 -1.1166510673852077 0.19170329870738237 0.26430592601390157 0.9451942777750203 -4.4542114079507868
0.93267422523123078 0.22383100599666317 -0.2828753618536709 6.4897663772843179 -0.28765297344287222 0.93468925435885297 -0.20883429951893842 -1.2687827058772083 0.21765696969956591 0.27614430745646951 0.93614623056474944 -4.5263993288072149
0.93267422523123078 0.22383100599666325 -0.2828753618536709 6.4897663772843162 -0.28765297344287227 0.93468925435885297 -0.20883429951893842 -1.2687827058772081 0.21765696969956588 0.27614430745646951 0.93614623056474944 -4.5263993288072149
1 0 0 0 0 1 0 0 0 0 1 0
0.99653838034639608 0.014917448521510857 0.081784633191020514 0.36973625382372677 -0.015237075893932686 0.99987851147384033 0.0032853935928440297 -0.11677762094435509 -0.081725687606677463 -0.0045201794727022411 0.99664461066257226 0.0079839311035254015
0.99228598153561021 0.027995819501725656 0.12076740014729782 0.56617336286252962 -0.029073943332870823 0.99955151818284127 0.0071741422800277541 -0.15631117402086023 -0.12051239217187489 -0.010629985362354131 0.9926549081852204 0.032777645602502278
0.98502772256987536 0.044923291916796275 0.16644003007739144 0.69328494652200345 -0.047432746736861459 0.99881241351727013 0.011130909253181087 -0.17964045060989611 -0.16574233106180636 -0.01885896198532943 0.98598875208951264 0.062320918967968035
0.97593400692892296 0.058163894542170663 0.21016606646017857 0.83730047710667743 -0.063648580353330125 0.99778336512060184 0.019422010905502454 -0.22126775758851058 -0.2085705452326925 -0.032331372694258245 0.97747276688460349 0.096700580182707135
0.9644784748184938 0.069928483674637984 0.25473766659596692 0.97757283445105481 -0.080969701332914576 0.99616663308109354 0.033105084230922226 -0.289008870617664 -0.25144617530964897 -0.052555173930296649 0.96644336337692627 0.1369578990548504
0.95272351533315047 0.081506886252859276 0.2927021196107189 1.1634192864191863 -0.098197120742762309 0.99424780477537034 0.042762462244222248 -0.31767863340689007 -0.28753300473002313 -0.069483308734692772 0.95524700522859729 0.065667970064660464
0.93620926221944656 0.092608738951845501 0.33902188543554018 1.2611991834668592 -0.11963143379367007 0.99102485040462551 0.059649525806668671 -0.38626401757324624 -0.33045504593361913 -0.096402112789288133 0.93888556026108483 0.12059095450781318
0.9190500742651655 0.10486039869332396 0.37993586008571362 1.3883167199449411 -0.14189497323070124 0.98735123374860778 0.070734417273069269 -0.41007509709051349 -0.36771290100437382 -0.1189194601441633 0.92230438816801064 0.14345893801200266
0.90131570536426553 0.11319756684964735 0.41811040422720436 1.5248593911124486 -0.16303157228303847 0.98292374982873876 0.085332341240184656 -0.45660620458761297 -0.40131123296344079 -0.14507657592433912 0.90437939019829083 0.16703029232996208
0.88387637609921033 0.11880818565295302 0.45237945001467605 1.6761094359953328 -0.18352166641219839 0.97773128586401137 0.1017906213754322 -0.52054543199171255 -0.43021198231920166 -0.17299175605953096 0.88599746196274332 0.18389631762920447
0.86310261486676432 0.12762809140160639 0.48863580148750579 1.7832317504143986 -0.2076378899846936 0.97166047510598719 0.11297091554692974 -0.53937747206000941 -0.46036983269199799 -0.19896479940429276 0.86514312442806318 0.20975409030346631
0.84137114560444215 0.13580874180829647 0.52311622130528146 1.8725947549597046 -0.23218228330079388 0.9648711725847271 0.1229431073147403 -0.55516291847666821 -0.48804301313050125 -0.22489910173991653 0.84334714760357143 0.23399517712096904
0.82018950688226011 0.14024799625733755 0.55463471974447909 1.9651359504270471 -0.25456603271884232 0.9576867217014392 0.13428431800675542 -0.58886719970394275 -0.51233319996465609 -0.2513297487814603 0.82118697602398916 0.25986356059562998
0.79880321343772087 0.14395372213206731 0.58411535854306607 2.0470929903465325 -0.27732660836331491 0.9497412160830353 0.1451949543435235 -0.62213014978793602 -0.53385707684292394 -0.2779729273822199 0.79857853286153868 0.28508498231127022
0.77816285241050731 0.15082516286605485 0.60968380770262465 2.1182658690441367 -0.29956296096573454 0.94233403505659297 0.14922666916942712 -0.6242796586149052 -0.55201866593964444 -0.29876133722486226 0.77847097301943591 0.28999657710872634
0.75915718493857942 0.15399038132479309 0.63242970440640789 2.194649966191998 -0.31946696046347267 0.93468573013667677 0.15589562871067753 -0.64275891745047331 -0.56711659271120052 -0.32038968200975554 0.75876822675526301 0.3089625640778858
0.74036319709466591 0.15722625703823179 0.65356119873009055 2.2482400094826285 -0.33981152852499219 0.92642313842626434 0.16207496311873443 -0.66799250155461709 -0.57999177707039384 -0.34208196778868449 0.73931689135616807 0.334335760226114
0.72345130207050068 0.16335573327555 0.67077054045217621 2.2989447535479899 -0.358058649775441 0.91949360734022123 0.16225137713269205 -0.66012732768754012 -0.59026453125144263 -0.35755616407282698 0.72369978076550523 0.35053462198850044
0.70941834388308211 0.16904855919246173 0.68421356168753189 2.3448961284081618 -0.37321189471215949 0.91362891115161249 0.16122994248364361 -0.65941928688298768 -0.59786160188420301 -0.36973611852626981 0.71123604214745972 0.35015939468566165
0.69810415309490814 0.17513357431628282 0.6942469463950447 2.3868186416509092 -0.38643574514482548 0.90843466033323605 0.15941732270867384 -0.6580365679859147 -0.60275866340186635 -0.37957173110288522 0.70185988248478381 0.35634956057704192
0.68786873710877994 0.18154006675657106 0.7027658249163744 2.4086733792121588 -0.39792135657482486 0.90406839265840178 0.15594529610637542 -0.65670776592617752 -0.60703805028187774 -0.38691542429589665 0.69411905315435829 0.36900816199262232
0.68287350642545652 0.18847230601354256 0.70580589689243856 2.4332001167524826 -0.40581482713950756 0.90123179026028366 0.15197232082841808 -0.66539274085523392 -0.60745213827587574 -0.3902043696451663 0.69191216900260166 0.37302920013122393
0.67987327870983805 0.19688094064368986 0.70640655440588251 2.4414049230895727 -0.41195893714365739 0.8994624482096647 0.14579827971599843 -0.66463419288351178 -0.60668126640255116 -0.39013484780513036 0.69262734679210047 0.37555481008283298
0.67903152951415513 0.20680681812919116 0.70437711625303878 2.4339426665822681 -0.4168429677615757 0.89843245970802488 0.13806178171641237 -0.66497713256491486 -0.60428314733524491 -0.38736295036860197 0.69626993510300506 0.3795883681941733
0.68006605114997876 0.21799913609630087 0.69999038760153065 2.4256451952944911 -0.42061476127214764 0.89802575046937438 0.12896888808503851 -0.67057823965868513 -0.60049428696137397 -0.38213365221501161 0.7024104805393836 0.38880942099530952
0.68598825213840064 0.22814587165788416 0.69091937241154722 2.4563809880838616 -0.41976697815044622 0.89970651157253878 0.11968240091348428 -0.67509595917830245 -0.59431961265176569 -0.37212585811716636 0.71295620043451313 0.39011987661759495
0.69274061973900047 0.23971975063690398 0.68018003125511284 2.4775863428367688 -0.41937626489718344 0.90118297475801867 0.10951161786393099 -0.68897260164407026 -0.58671456621129936 -0.36111450699309883 0.72481882607629489 0.3939358945705469
0.7008588519878326 0.25227307352625622 0.66719949487684227 2.5073077490933215 -0.41775975745032712 0.90333485146812009 0.097277598542075225 -0.69607646013581603 -0.57816403783471448 -0.34690696518906255 0.73849976496812331 0.40238632398039709
0.7108570966178267 0.2650798982271822 0.65147128543316513 2.555053438142151 -0.41415468696412994 0.90640547284190809 0.08309641429015234 -0.69615384526700408 -0.56846994947289631 -0.32887956208634161 0.75410884505366926 0.3932966632584447
0.72263469371557787 0.27685311593985212 0.63336518031305422 2.6026783998154026 -0.40935894422789099 0.90973014526859175 0.069399694309220716 -0.71081770248334331 -0.55697787587948167 -0.30942432836475808 0.77073486413733683 0.38265838946945008
0.73530558694120796 0.28533528669990837 0.61474341637542307 2.6642289222578865 -0.40417811365350376 0.91272334096776586 0.05980096400673536 -0.75417807018570249 -0.54402733962232175 -0.29243781735015151 0.78645684988239406 0.39565201813828083
0.74581551688513592 0.29739051613300332 0.59608564459102986 2.7251499180481686 -0.40067190087884258 0.91512794043508572 0.044753552721244157 -0.7683092938417353 -0.53218534611495327 -0.27221266236011893 0.80167264131397387 0.40878145158738977
0.75772843679664881 0.30601520311063524 0.57636994329585223 2.7920772971139645 -0.3971589504406266 0.91707375631996046 0.035220641023377755 -0.82162096197669288 -0.5177956973117942 -0.25559816301052402 0.81642954068984941 0.43012746646757744
0.76700955558006156 0.31608663357887989 0.55837763361514337 2.8423011309404842 -0.39369257782989309 0.91901228017230419 0.020556825001827535 -0.83923616079528696 -0.50665816465397062 -0.23559641118929023 0.82933216217882022 0.46062145842289404
0.77532652931495782 0.32630185122475408 0.54073641899517022 2.8983087113313073 -0.39090011622635973 0.92041914841546757 0.0050685663026201972 -0.85777645063323571 -0.49605027172116362 -0.21530372295305081 0.84117681542462619 0.47356126026333661
0.78569965753408955 0.33365732169398093 0.5209115470315604 2.9904186137492479 -0.38527833315176874 0.92274707711102399 -0.0099215768331794661 -0.87167128202879651 -0.48398001420989378 -0.19290055303980153 0.85355299922285421 0.48940093602689022
0.79404876893462406 0.34342674750694269 0.50154224313631934 3.1015373562106463 -0.38230795200052892 0.92363526171565924 -0.027175966452123317 -0.86103032304098182 -0.47257505476968359 -0.17016454510928039 0.86470621901151046 0.49373756325620066
0.80375899749771174 0.34766732055283478 0.48280317745545737 3.2138531349348409 -0.37768082983246548 0.92517746919701982 -0.037467869798771848 -0.91346458207493375 -0.45970497573828117 -0.15223036723929259 0.87492699728129109 0.49908974960676211
0.81016797989426181 0.35390021823885121 0.46731411265287542 3.3141240386704056 -0.37600746174879512 0.92532631328292947 -0.048883562221367693 -0.94552917199571695 -0.44971794834460327 -0.13610969648307727 0.88273887274777096 0.51377372084330797
0.81492307488256177 0.36055854092716993 0.45375976087399056 3.4226017112158882 -0.3751644547262295 0.92493671553274692 -0.061185816734480085 -0.95899158521525762 -0.44176013167093481 -0.12037279935253148 0.88902102069754996 0.52995018181104747
0.81888942088588235 0.3653028702523558 0.4426894276426474 3.5500386592698709 -0.37613841684721577 0.92415114809712096 -0.066817264553732172 -1.0145905500086649 -0.4335204813302993 -0.1117965493929209 0.89418204176273963 0.55081077936557687
0.82086649057596484 0.36814299703437081 0.43663364321138909 3.6661545130044626 -0.37772687051175768 0.92338565373620374 -0.068420360767518854 -1.0868345312844498 -0.42836971875109614 -0.10876427818321073 0.89703384320124291 0.5928700287569405
0.81968000663454443 0.37592238164178077 0.43221181115786794 3.7953502575323497 -0.38072739965920438 0.921284233956851 -0.079259115635229568 -1.0812189324667061 -0.42798520286609631 -0.099587766534397035 0.89828221783822304 0.58546521097664128
0.81827306466767213 0.38085426242595438 0.43055687479281762 3.9408555043189315 -0.38382649939402264 0.91957998338056979 -0.083963519034884318 -1.110465220761955 -0.42790934787908774 -0.096554052000800458 0.89864948953411228 0.6204244782883348
0.81651589877075814 0.3845251269281097 0.43063001964041275 4.1035429910117367 -0.38782504113121719 0.9178745551438583 -0.084249857513434515 -1.1582607803503335 -0.42766052486306338 -0.098217756950489635 0.89858764051897788 0.64610548607631102
0.81143982573301121 0.38896699808806445 0.43619959148621418 4.243333317525539 -0.39215423761330848 0.91576660233677065 -0.087100998653814168 -1.1840061281107799 -0.43333643181286435 -0.10038029907769068 0.89562454880422304 0.67259425100628267
0.80487465690110549 0.39280386549786972 0.44483919558449331 4.3860494745804965 -0.39888537806441238 0.91309398579215473 -0.084556657198632965 -1.2404857501470705 -0.43939417593402214 -0.1093823402571356 0.89160992692720387 0.73700641714686521
0.79832889775026095 0.3931519737793967 0.45618252545468924 4.5535834070737407 -0.40343776915343327 0.91154084791739942 -0.079569146021116477 -1.2961349683877126 -0.44711177286821102 -0.12051891175825158 0.8863217556120645 0.81111896520141935
0.78909134429904504 0.39683449389990127 0.46888936307356682 4.7226868016953416 -0.40968126673535793 0.90874510835668754 -0.079646642891616368 -1.3028683792472942 -0.45770745027630749 -0.12924671171446248 0.87965855732355613 0.87655102477796809
0.78070576212587173 0.39802903045631399 0.48173789958593516 4.9203103217359114 -0.41700889909502509 0.90598603481299866 -0.072752201336971911 -1.3627775006249903 -0.46540529762672139 -0.14409092836756501 0.87329016558252626 0.92430864690344794
0.77073829650857184 0.39829624215291598 0.49731537456822156 5.0987903874654883 -0.42386005269919724 0.90328066124241035 -0.066533470909818662 -1.4228824440103793 -0.47571539182677131 -0.15951222684277111 0.86501486430393892 0.96875979440634929
0.7587219221408581 0.39859809432327387 0.5152286910341235 5.2819016419809488 -0.4315653615044297 0.90003208287996839 -0.060774900545344977 -1.4613975829662345 -0.48794711149102288 -0.17624360694391197 0.85489520258273011 1.0216825459753567
0.74680075582890892 0.39632667249415904 0.53405411688618054 5.4875022749884916 -0.43954407945428786 0.89677953674715483 -0.050867127776600997 -1.5283858986419994 -0.49908880303013531 -0.1967527157150975 0.84391867827930012 1.0708883239520575
0.73405864444276481 0.39144992589611866 0.55490977828361776 5.6988618693130597 -0.44693138332064425 0.89370772945581245 -0.039227960870170053 -1.6022033341526178 -0.51128294037836419 -0.21921097104583848 0.83098514129387091 1.1324396628538067
0.72185896108154279 0.3855240437660673 0.57470936305626275 5.9450617801187056 -0.45338672030668509 0.89086969221774959 -0.02813669023534561 -1.6642081499552861 -0.52283852397831532 -0.24025487126406311 0.81787375228580672 1.1833072531488398
0.70767294989132834 0.37860198815460305 0.59653963033271096 6.1720044550969551 -0.46047732314840822 0.88750853972066812 -0.017006668955553961 -1.7329401280394032 -0.53587277488055141 -0.26265781253994552 0.80240341640196722 1.2264071121876585
0.69115051823727869 0.37060572350015375 0.62045334945446828 6.398477381326062 -0.46890801114863867 0.88323152666367277 -0.0052294730122665776 -1.7975354977281641 -0.54994203169149491 -0.28732119312067017 0.78422592010385972 1.2879937950088556
0.67571517595515074 0.3601976368534891 0.64316923386388891 6.6417878953941933 -0.47588316781280687 0.87947715821397476 0.0074255486207541405 -1.8728441890081848 -0.56297798498373597 -0.3110909683437198 0.76568805517561733 1.3273377489932232
0.65717614613450293 0.34976250174425705 0.66767185452541067 6.8659138325734013 -0.48542261102467088 0.87405277081212129 0.019915886664783444 -1.9519848955968431 -0.57661460409687293 -0.33719126057662291 0.74418925827571214 1.3721733567851204
0.64018361791620992 0.33576190006849577 0.69096228682476268 7.1104258446850066 -0.49308628952764577 0.86929893508826384 0.034427787240384797 -2.0526254994250057 -0.58909324086393222 -0.36274413560635821 0.72207052678504002 1.4014060942049305
0.62305849549047432 0.31849862843846416 0.71439256356709369 7.3442804661969641 -0.50124921828314817 0.8637339403609825 0.052085520435371832 -2.2124679683651816 -0.60045593707421996 -0.39054104003460105 0.69780395791440775 1.4165803043110521
0.60478757225308322 0.30204966110980563 0.73688397639769143 7.5793054607009882 -0.50880251675121235 0.85836905213387671 0.065746249219422903 -2.3469013397319496 -0.61265976805716083 -0.41469093619494718 0.67281456289374741 1.4013890083959364
0.58707811094378359 0.28190991396791859 0.7588584137092238 7.8172316035327585 -0.51635291800600769 0.85236151049526399 0.082822216179677416 -2.5121095101162703 -0.62347329992338874 -0.44046186649111047 0.64596779211490685 1.3744061507365173
0.56898611662211207 0.25982402590924714 0.78022193935546269 8.0649656517458492 -0.52342340039254809 0.84619388986471522 0.09991919073493645 -2.6710841762081734 -0.63425763141864588 -0.46523905287060024 0.61747055044858312 1.3325174312774184
0.5513103031644675 0.23606998058845347 0.80020491993593124 8.3069808249954757 -0.53051121806716839 0.83944501560617169 0.11785547623612398 -2.831496873518299 -0.64390589151644839 -0.48949262511188202 0.58803245899481293 1.2848994811628913
0.53605730896674419 0.21132439760435337 0.81730322431793323 8.574679547463937 -0.53559380233672194 0.8334886845923033 0.1357788332365707 -2.9902045239823818 -0.65251960920866214 -0.51052777753394496 0.55998173895621439 1.2396950781970149
0.51836860283882924 0.18412097884540024 0.83510086620714985 8.7780307358192324 -0.5422402834115172 0.82589840375473522 0.15449045834995079 -3.1820200617327719 -0.66126353796101422 -0.53290833341616273 0.52795761339229719 1.2146918296345199
0.50089025975854429 0.15833332015046683 0.85090511069633845 8.9866904279721513 -0.54903415987798776 0.8181289331573266 0.17095771412231395 -3.3511230355694095 -0.66908178794979201 -0.55280702642150303 0.49672321525465801 1.1880308767959917
0.48319045442095121 0.13112134441125642 0.86564090580116382 9.2004430312826688 -0.55606848317083146 0.80965284001573579 0.18775015493613867 -3.5043336838162813 -0.67625056508705816 -0.57207470814067463 0.46412897078850457 1.1802805225669206
0.46623860427714181 0.10284793038082952 0.87866026830515265 9.413114997266371 -0.56284242646410854 0.80075756400469666 0.20492858917500706 -3.6487930144230685 -0.68251737476323449 -0.59009289684391575 0.43123126769827158 1.1804059389869264
0.44926453839556058 0.074451385335066914 0.89029116909127737 9.6235515863433054 -0.56993212002733395 0.79129390186259507 0.22143021346740019 -3.7805623292637649 -0.68799618683636077 -0.60688627608206736 0.39793252543850743 1.1884190662716894
0.43287221344627314 0.048208845517193628 0.90016529262131839 9.8492590614913063 -0.57588813115759785 0.7830253554944121 0.23499819796045046 -3.8817730462672624 -0.69352325643624513 -0.62011869820764876 0.36671282076758294 1.1846658656105737
0.41691715514387429 0.023038657265174976 0.90865246712819558 10.063693703298947 -0.58182586213704401 0.77479949131984516 0.2473144039456551 -3.9720306958645835 -0.69832567752820329 -0.63178712278893989 0.33643168635378107 1.1844344701392548
0.40228494742728915 -0.0016328359274179602 0.91551305557062246 10.26498558293201 -0.58752086506286527 0.76646191279855314 0.25952913005087852 -4.0719687335294159 -0.70212965625246593 -0.6422876848235668 0.30737676511860312 1.179005773574338
0.39051925054782055 -0.028462786508093141 0.92015465261865814 10.464467782447391 -0.59309174715575796 0.7566719809944471 0.27511759782621986 -4.1960948420747188 -0.70408585726976458 -0.65317484869071141 0.27861393114947985 1.1809252734627813
0.37906688150914669 -0.051544707488785556 0.92393259628223212 10.662687524648389 -0.59794681371757685 0.74836404211167773 0.28707293226507519 -4.2918514001146191 -0.70623502271405947 -0.66128239323617755 0.2528590300699296 1.1748974427241885
0.36863615929797111 -0.07352907052466473 0.92666113431276464 10.855407356065268 -0.60246533758673215 0.74026299493576897 0.29840612482861434 -4.387953028323567 -0.70791447157445908 -0.6682845008800552 0.22858899102745456 1.1682743345465223
0.35838509491826842 -0.091732002293203468 0.92905616810594593 11.045730158380119 -0.60711135811444084 0.73309343678977135 0.30657757873693375 -4.456695455934268 -0.70920795440326467 -0.67391338663884792 0.20703822043307807 1.1680418950684122
0.35063159542809186 -0.11037886857983317 0.92998601584033869 11.230673197934941 -0.61005066608266167 0.7265208965576806 0.3162365754891816 -4.5453074393214568 -0.71056010942048509 -0.67822112340744733 0.18740447877328947 1.1669153389158344
0.34401432526629117 -0.12646502095704815 0.93040891143943372 11.408942252501628 -0.61360266677360908 0.71976070647160628 0.32470955136523122 -4.6333336898541537 -0.71073617562348268 -0.68260612646959729 0.17000871967719355 1.1692862299882514
0.33334585666408856 -0.13854208087325573 0.93256990712342502 11.546760067712238 -0.61765085983331036 0.71523203495803833 0.32703295172957114 -4.6881951374804016 -0.71231169805925387 -0.68501768444113309 0.15284900003222424 1.1814840966915083
0.32987801201275091 -0.14857966235158995 0.93225778684117355 11.718708605846382 -0.61218416684829624 0.7180718553988068 0.33106397621059974 -4.7460235651943705 -0.71861745250917253 -0.67992418284658962 0.14591799933395666 1.1571517418901027
0.32619442511707764 -0.15808112624650883 0.93199117729041547 11.873757678022946 -0.6104957296865573 0.71750936457762382 0.33537333790552354 -4.8188695051489381 -0.72172859237875375 -0.67837354699903352 0.13753970217698241 1.1618756413934561
0.32295954443706898 -0.16537730870048356 0.93185163970665741 12.019927644141912 -0.60957912440554962 0.71682785429177742 0.33848355706061967 -4.8858237166208935 -0.72395471111524956 -0.67735380199599626 0.13069584222768693 1.1768919319610223
0.32343604216585553 -0.16917233766200504 0.93100475122206527 12.164939621722112 -0.61008850799329739 0.71480163898408011 0.34183421320895496 -4.9610517880545864 -0.72331261501690913 -0.6785568046049244 0.12798251396872662 1.1831760457177645
0.32686711235403565 -0.16877419069049523 0.92987803685112547 12.311302120397299 -0.61065980505679018 0.71322132995468612 0.34410744976776053 -5.0283068415800329 -0.72128530648373645 -0.68031654915519812 0.13006498220591778 1.1790480075975625
0.33132378176735666 -0.16698383707964445 0.92862314734747797 12.445936686898873 -0.6122639029449366 0.7107979407791456 0.34626463945190739 -5.0950823459717896 -0.71788401903511556 -0.68328814239549407 0.13326608599229162 1.1836527569824014
0.33828831632596967 -0.16180248333721237 0.92702803162755121 12.575681464886166 -0.6141784015817795 0.70840784697390102 0.34776890800681498 -5.156057394530694 -0.71298380491270019 -0.68700675304665904 0.14027050723689449 1.1818866275508113
0.34745414052134282 -0.15285981952106836 0.92515376873823596 12.704004025797618 -0.61586295239500233 0.70679244776350347 0.34807651407669876 -5.2071342300840717 -0.70709860988541484 -0.69070855746867765 0.15143726271183178 1.1763342523350464
0.35720210420861787 -0.1422636484564721 0.92312930355221068 12.825396076023571 -0.61863539947632828 0.70443468230075068 0.34793967995416147 -5.2547989770747074 -0.69978346598337104 -0.69536525128862603 0.16361622180152779 1.1784733983999844
0.36918820571098765 -0.13227004996548075 0.91989385401035861 12.942951168409426 -0.61749423390024449 0.70482717827694386 0.3491697579431981 -5.3145782533089427 -0.69455089076600562 -0.69693850707525884 0.17853788811302163 1.1807483083562151
0.38308330073945696 -0.12155793081487955 0.91568054153758649 13.06019540485965 -0.61528842880113033 0.70579337441179657 0.35110662485895355 -5.3717636236816491 -0.6889610541082849 -0.69791072644888796 0.19558446725030665 1.1852693592540422
0.39867908182178291 -0.10776669133714561 0.91073669628273168 13.173396414040006 -0.61242946940557152 0.70790200992672936 0.35185918965590052 -5.4193263636490281 -0.68263103849836071 -0.69804089033518746 0.21622622574218098 1.1844955562256183
0.41459072883791592 -0.091007363768656646 0.90544585001065936 13.278206398388804 -0.60969873683897502 0.71086667029159023 0.35062234293539535 -5.4548256118309997 -0.67556049163535625 -0.69741396373203424 0.23923165620997777 1.1836272257636129
0.43375779570630602 -0.075288004105959871 0.89787855030719355 13.381092119822259 -0.60696746878283847 0.71206195601286271 0.35292812673190277 -5.5078819253535984 -0.66591641104823407 -0.69806839724834768 0.26316505516455357 1.1874616304978336
0.4541880012713414 -0.057138444416422275 0.88907168308906093 13.479329786958395 -0.60443876792728091 0.71336729702655743 0.35462779834577851 -5.5518857809934063 -0.65449754417239403 -0.69845708365131132 0.28946617586448775 1.1886557554912169
0.47545008725917703 -0.036920916092158869 0.87896761059788586 13.569876400173506 -0.60167385865122602 0.71526731016344947 0.35550139637881634 -5.5838124093653558 -0.64182223577949171 -0.69787500382694578 0.31785955498074148 1.1934685225734347
0.50010799250313021 -0.016202317885782219 0.86581145795699499 13.663135738276157 -0.59745349919931079 0.71729405480823449 0.3585227401870914 -5.6255335102289603 -0.6268503107831952 -0.69658217306495118 0.34904435826857627 1.1892542346891462
0.52562672194416327 0.0055580817119544228 0.8506971593381023 13.75009666752999 -0.59392963827194045 0.71833065391863049 0.36228256433755512 -5.6640827463673737 -0.60906825065865589 -0.69567965283492095 0.38087489635192384 1.188485925888517
0.55175757817032234 0.02858138411469487 0.83351465458845364 13.827613912139849 -0.59008056179116175 0.71964987190570584 0.36593577641756814 -5.69882498627857 -0.58937976341900966 -0.69374863340275472 0.41393758964844307 1.1867980696952292
0.57798035071137632 0.052923045544155708 0.8143327731596498 13.897761352139375 -0.58694197895596534 0.7202518589898439 0.36977881626849457 -5.7242286692154716 -0.56695487256995114 -0.69169097931952617 0.44735417914353415 1.1936689251471564
0.60517172328504976 0.078281068160490352 0.7922368709570744 13.963115740325861 -0.58326282159878384 0.72090035604938341 0.37430890663794997 -5.7493691588672231 -0.54182254131480045 -0.68860347880004569 0.48192694748026554 1.1916919933756018
0.63405706774146098 0.103042976432046 0.76639009639681888 14.032422110599281 -0.57809228391038547 0.72141330239545853 0.38127701007292986 -5.7800051282616751 -0.51359609240177706 -0.68479558419641084 0.51698555273307378 1.1903791648224709
0.66207605851234841 0.12936055010764055 0.7381877409037636 14.086525107881831 -0.57358609824216455 0.72141218215721836 0.38802506534822012 -5.8065845513417988 -0.48234249309809246 -0.68031633194493357 0.55182914732814492 1.1865432366082853
0.68959783501864569 0.15457807525193532 0.70750296436764404 14.139426473987285 -0.56832583058232644 0.72101507988607172 0.3964126699158223 -5.8355391670300536 -0.4488435988521009 -0.67545752881161147 0.58506115111260426 1.1879786196742415
0.71671469320481451 0.1782181282995291 0.67420942391050964 14.189954117266979 -0.56176918526313191 0.72038970245791456 0.40676044434211456 -5.8687631276774699 -0.41320144122827768 -0.6702812658414451 0.61643133731897848 1.1888795660758578
0.74090637469930953 0.20377710301573368 0.63994736988008738 14.229558918585312 -0.55647733819489043 0.71975162899336675 0.4150789860218469 -5.8871156321038267 -0.37601956864697339 -0.66365087572300396 0.64666590999265927 1.1915691071399122
0.76516301980198209 0.22805914685245537 0.60209183573973324 14.279492287286519 -0.54840919764003226 0.72078970902544304 0.42392162873204908 -5.9031871307153096 -0.33730239410850277 -0.65456185414363055 0.67659136413992527 1.1859944192562406
0.78693512830234158 0.24988572343217474 0.56417216261399838 14.313798713137452 -0.54019183426304418 0.72088306284238479 0.43418935028684219 -5.9271341747203037 -0.29820443665261775 -0.64644004743809069 0.70227443284583124 1.1880540481474617
0.80650413053708681 0.27133163480575334 0.52529061611669325 14.345383599124418 -0.53182312652228525 0.72108991504802922 0.44406474360400128 -5.9427049675482309 -0.25829295290944199 -0.63750174773851664 0.72586243332167122 1.1887545349822441
0.82402627817652963 0.29197112655291568 0.48552399954477837 14.37290625117757 -0.52270006313753459 0.72237999859948498 0.45271600548183116 -5.9533156047507774 -0.21855282398210724 -0.62683331028498268 0.74787342795864653 1.1816968049690271
0.84063661598361028 0.31062045183745091 0.44367219291716053 14.408002462969444 -0.51162846762429137 0.72417672700902513 0.4623898562629975 -5.967320803493978 -0.17766933045419989 -0.61569716822378995 0.76769173895331355 1.1729292089761107
0.85837599921153429 0.31765585651007172 0.40284662193253268 14.415428159678845 -0.49411808367965127 0.72310432291335913 0.48266702556188951 -6.0401920622308047 -0.13797812637642731 -0.61336359119927009 0.7776548988033094 1.1931473469446956
0.87050247582011187 0.33204969170122256 0.36327460939649853 14.436834878448552 -0.48175621056835699 0.72587765208089294 0.49093032885364396 -6.0455774578540762 -0.10067965618670162 -0.60236586594083597 0.79184529447327934 1.1866942549634769
0.88061293127695661 0.34360331427475016 0.32627845115363252 14.448490582550317 -0.46919702108026989 0.7284476231404966 0.49921760360624484 -6.0522016155034475 -0.066143939081422104 -0.59270635458072174 0.80269804818650514 1.182830370709528
0.88936867724177848 0.35218952792490354 0.29152339933741667 14.459427022546691 -0.45589394750625567 0.73115934524132453 0.5075103156522448 -6.0576227173992505 -0.034410239295487893 -0.58426753143257182 0.81083129388629049 1.1841980278734647
0.89747157542390588 0.35849188877263782 0.25695979644753608 14.474700763102909 -0.44105129843476654 0.73509110244076881 0.51489302118150893 -6.0643913863547398 -0.0043038883743659363 -0.57543430276326235 0.81783668280911637 1.1738861359431414
0.90411454626049625 0.36165651394354981 0.22755538482395007 14.475465933016697 -0.42679349960138019 0.7386791547091669 0.52172829623871997 -6.0636763819571353 0.02059601753212845 -0.56882130086728444 0.82220321803156826 1.1724433819018998
0.91011854738279041 0.36186921266605465 0.20182889444846419 14.467392487918383 -0.412256351903448 0.74195504481348096 0.528722433599224 -6.0695047087521736 0.041580404340266004 -0.56440533697004946 0.82444992908885917 1.1726023280987612
0.9160733521994755 0.35829899403362314 0.18008732399730243 14.463854256225316 -0.39689698080228675 0.74594521056054353 0.53482570008537889 -6.0704952436034985 0.057292233505466847 -0.56141568709493683 0.82554831855178235 1.1751178960595883
0.92185594683173999 0.35223917285099288 0.16158334815260056 14.470546795241047 -0.38127747228085113 0.74976299051805806 0.54081692575264617 -6.0737299000978586 0.069347692262114541 -0.56016338969863677 0.82547433298634565 1.1802867193096718
0.92776141540802082 0.34286230077026064 0.14732344956125998 14.474566533395512 -0.36529723217503085 0.7537268204952059 0.54630926427386295 -6.0820888414310126 0.076267216058850631 -0.56066150463243958 0.82452531130215867 1.1781416037548704
0.93409659775752785 0.32929668836132164 0.13793925145540664 14.487553148712289 -0.34860587242628766 0.75786741640526611 0.55146253259955369 -6.0911115827188711 0.07705512161899504 -0.56320570858743391 0.8227161345487326 1.1829658700739312
0.94044264749223216 0.31351835290918767 0.13143009231873465 14.507823790591063 -0.33170826795924896 0.76165617213094938 0.55664126726492769 -6.1029447663264342 0.074412712255878324 -0.56708563537083145 0.82029057681457263 1.1827784586128485
0.94660324441384125 0.29572516975662649 0.12840919607880119 14.531673928621478 -0.31524378335828424 0.7655489792592014 0.56085302656680913 -6.1125374982276099 0.067554827504366477 -0.57138549537734096 0.81789666887281431 1.1806192972079721
0.9522610851414316 0.27603270577697253 0.13040234302613751 14.549083760814209 -0.30017546415570784 0.76878419479522209 0.56468181531900541 -6.1166862208975044 0.05561938910279831 -0.57686810206017225 0.81494151715403862 1.1797571387372536
0.95799177727496554 0.25325148042449885 0.13459361922599669 14.577503718837006 -0.28390837737155727 0.77100195830246809 0.57004562409688631 -6.1315054313677768 0.040592954213783637 -0.58431127659541104 0.81051375319092445 1.1821355133816935
0.9628249466077905 0.23021349531239352 0.14131478608325454 14.606453634652063 -0.26916509853521808 0.77355362895864632 0.57372897160195357 -6.1387930538082447 0.022765586314254318 -0.59043757477057601 0.80676216965026859 1.1746339277519033
0.96747310538654063 0.20313406546178764 0.15077248357273212 14.6418259718098 -0.25297278031138382 0.77509489012752997 0.57899281836627359 -6.1542819867337029 0.0007501834788578946 -0.59830131434517053 0.801270849636744 1.1787051999182652
0.9711599443113923 0.17474608379374845 0.1622102609696488 14.681503978966239 -0.23725091838646575 0.7757979345722178 0.58467902856033716 -6.1718919050826155 -0.023672014909421859 -0.60630138620345353 0.79488254780055334 1.1815588992311248
0.97368548123675258 0.14543980171527948 0.17545326359396585 14.722969690654208 -0.22226415142498207 0.77613248579910621 0.5900991539382453 -6.1877622308912841 -0.050351073673617956 -0.61356794942721737 0.78803498705044406 1.1813400050832727
0.9748201666497267 0.11455206363863303 0.19132032670139812 14.765071646174603 -0.20824508409847145 0.77448000594560185 0.59733969007535492 -6.2123086005183881 -0.079747273569819935 -0.62214029374943325 0.77883363258885352 1.1930681235670955
0.97454892694063378 0.082895739379591299 0.20828510602433897 14.806660613903446 -0.19499304864327124 0.77184874972326345 0.6051670996769718 -6.2407067757810131 -0.11059882449493803 -0.6303790954206413 0.76836846374444079 1.1988224569952948
0.9729791109974969 0.051057687175204931 0.22517717944507523 14.86037279525887 -0.1821454975248066 0.76907260662897425 0.61265842315629326 -6.2664084240885325 -0.14189667823441593 -0.63711885728899431 0.75759150892338067 1.2060706575200724
0.96938593764480596 0.020620909592096608 0.2446746451598425 14.90197619956397 -0.17259977099305535 0.76596877372020267 0.61927470216271041 -6.288744625639386 -0.17464313026754047 -0.64254697553810292 0.74607852219266535 1.2092199730004156
0.96469901244925049 -0.010116761313747452 0.26316053374311582 14.959745108100915 -0.16286341130464707 0.76235146330176062 0.62633517836688524 -6.3099820284180925 -0.20695730148427793 -0.64708415027891475 0.73379205352753762 1.2146294239690418
0.9587019047585108 -0.041316828465431651 0.28139576666673827 15.019278645490653 -0.15347716744600212 0.75781786015007646 0.63415837920058349 -6.3367994740714719 -0.23944815072402445 -0.65115667125747645 0.72018023618517024 1.2176788780613459
0.9516697800995646 -0.071405945178496605 0.29870691427955232 15.086225447105951 -0.14494026067408983 0.753056555414513 0.64179291456275478 -6.363138447148323 -0.27077102961907351 -0.65406957989222692 0.70631157018601409 1.2175180186068439
0.94364653675963139 -0.099560625701408945 0.31562461163777694 15.155119126155435 -0.1382263547318775 0.74795256895866413 0.64919983783552504 -6.3880565979762585 -0.30070698116121408 -0.65624281816876195 0.69204094899278223 1.2202709155444476
0.93415701419908492 -0.12727280898284013 0.33339511831499308 15.220379963683477 -0.13348501860737819 0.7418020112211855 0.65719976107390066 -6.4180466342730549 -0.3309568289521137 -0.65843102010903298 0.67597053865397094 1.2300300400479292
0.92429642073700335 -0.15382152233607607 0.34930655000869432 15.296130366749349 -0.1292043196126362 0.73505878662256174 0.66557856335852883 -6.4503049013430154 -0.35914115665877139 -0.6603237989616757 0.65953780037130583 1.2384006974692146
0.9160786539649447 -0.16717540339242726 0.36448907288196486 15.370280547946061 -0.13522001185372967 0.72693258073167366 0.67326411716730161 -6.4805788302181293 -0.37751218277567183 -0.66604910297317277 0.64332196005155906 1.243566565840599
0.90813446714016877 -0.18045115600558689 0.37779514275370074 15.451011474524766 -0.14054609768135998 0.71859866478641055 0.68107470470847009 -6.5144234698196213 -0.3943838029364079 -0.67160504708007918 0.62722250973476812 1.2442557318076586
0.89971869154997919 -0.19360376586507003 0.39118264010364334 15.533154531770421 -0.14584755133874963 0.71136914501657311 0.68751904067224257 -6.5447970412410506 -0.41138153561394097 -0.67562676187467074 0.61179548118195748 1.2473929096450183
0.89155019372843836 -0.20531487848937308 0.40371283449213996 15.617515424911533 -0.15220180548269446 0.70370408206184631 0.69399940583353703 -6.5764118666989289 -0.42658277329328725 -0.68018112702455102 0.59613821549118939 1.2522901004100098
0.88349175232130095 -0.2183163852247553 0.41446384585707013 15.709999096160919 -0.15655271575687571 0.69628819866273528 0.70048125713123133 -6.6143176819920351 -0.44151282061723168 -0.68375485398306279 0.58098685775602243 1.2581573620812183
0.87559962795915269 -0.23045535292361627 0.42451810541677126 15.803877455797744 -0.16081993772986955 0.6896307340606046 0.7060781814130731 -6.6535039884819849 -0.45548022914980002 -0.68651276823368923 0.56677859866597169 1.2611127342712378
0.86787603756109555 -0.24225825992974634 0.43370741165336724 15.901617574423437 -0.16463418995080745 0.68344247346285969 0.71119755973021304 -6.6954363920006097 -0.46870754946607524 -0.68863438845499136 0.55325935338747478 1.2654295977910979
0.86036724830218292 -0.25312997180091162 0.44237248493209863 16.003904836093763 -0.16816657227771381 0.67835685505139942 0.71522862161209633 -6.7339834792746975 -0.48113220845968585 -0.68975154554436802 0.54106802104898155 1.2698652822896679
0.85345551045226187 -0.26319009302703028 0.44982737423493052 16.110235520506773 -0.17055714471446837 0.67454077164254223 0.71826527674580753 -6.7747269812266619 -0.49246720912718339 -0.68972873096914467 0.53080158779922282 1.2716519892029698
0.84668887763206357 -0.27106456589272754 0.45786673346241646 16.21316415677996 -0.17403805239448772 0.6720940252437102 0.71972243090683263 -6.8136109820765371 -0.50282074421496359 -0.68906721177915153 0.52187898677568523 1.2724074976485196
0.84058951287958916 -0.27786475601309368 0.4649735994684418 16.321592793163884 -0.17701899822668385 0.67035416281301585 0.72061749261732611 -6.8553019288322314 -0.51193119176670243 -0.68805266787146802 0.51430533842385806 1.2748450485387011
0.83474593155570653 -0.28559836099244235 0.47077893532912696 16.436273277739001 -0.17749290495938094 0.66977777552300943 0.72103675364334197 -6.9011841772853924 -0.52124418312368326 -0.6854424174311653 0.50840259042007685 1.2798436875491574
0.82903641429550301 -0.29197138360324371 0.47691858312385205 16.549323897848847 -0.17834744813931827 0.67027106503307832 0.7203671890929072 -6.9516532253906282 -0.52999133154632661 -0.68226784369207272 0.50360676916570657 1.2870001053180125
0.8239780760048816 -0.29635883101112726 0.48294054866516622 16.66338189875523 -0.17897060843383183 0.67256116389966347 0.71807451015250101 -7.0013244221212521 -0.53761477991226925 -0.67810981713557894 0.50113613352484787 1.2923558827821588
0.82044854959538172 -0.29957044109510694 0.48695146399709843 16.788669503443202 -0.17729939997335928 0.67642041746723258 0.71485686791310998 -7.0522379084589701 -0.5435338998037943 -0.67283948283044293 0.50185449097177659 1.2926094236428656
0.81732085560882195 -0.30101601850260723 0.49130029064890784 16.912600955050397 -0.17586414941110445 0.68166379160321722 0.71021565469161163 -7.1062442579899407 -0.54868790759298858 -0.66687617427972634 0.50420010733761689 1.2956536278535433
0.81489758699656367 -0.30041798945328024 0.4956722246808134 17.038087239741742 -0.17489625281737486 0.68787505047639708 0.70444248571656654 -7.1622546169997294 -0.55258775181650455 -0.66073969651061748 0.50800573815404715 1.3040950934351534
0.81388963408227966 -0.29772475513893482 0.49894251543727375 17.169446777074157 -0.17261330994408977 0.69606411311052041 0.6969213697898855 -7.215091404203072 -0.55478672367276283 -0.653341197703869 0.51512811088050281 1.3089233379346978
0.81459053210176924 -0.29370208122810937 0.5001813196156305 17.316607487867156 -0.16848551444095683 0.70533486908738263 0.68856034875169159 -7.2653065036749629 -0.55502693307056961 -0.6451680478230164 0.52507456007172504 1.3171098836958002
0.81611312588251184 -0.28722148907206591 0.50146104731823449 17.460173843008956 -0.16387777680355844 0.71709452202602542 0.67743599014976263 -7.3187238045195038 -0.55416914388316363 -0.63504272509453352 0.53816103284454764 1.3202441936807778
0.81990345652008156 -0.2749840232915482 0.50213753984423037 17.602818241028633 -0.162892187638768 0.72879013318363428 0.66507975234586503 -7.378965490856471 -0.54883919064939157 -0.62709547017067024 0.55274480015532212 1.3254372528177665
0.8242431888965206 -0.26091172290576792 0.50254177777378717 17.745683179626642 -0.16141798812950506 0.74241717777201099 0.6502007130550268 -7.4379379542879827 -0.54274063664509009 -0.61704279187053646 0.56981645670750536 1.3300799789006212
0.82953068775440364 -0.24583427418825812 0.50144226757228838 17.893753688565706 -0.15851808863799158 0.75731911231133686 0.6335138338683115 -7.4976701312802545 -0.53549122649046643 -0.60500683612856898 0.58925026481914711 1.3327668092983951
0.8355825480429655 -0.22937985399944369 0.49918602543061957 18.044598398878108 -0.15505379169885727 0.77324675818756328 0.61485589582619393 -7.5594724526873511 -0.52702953151207066 -0.59116354211979105 0.61054528037038291 1.3332610543026786
0.84148735793695839 -0.21182706087149727 0.49701943897077144 18.19499757887322 -0.1528963587682941 0.78896175480764164 0.59511515938198378 -7.6240048535788727 -0.51819082383584758 -0.5767743455922687 0.63151375627054707 1.339369384284522
0.84824578882701573 -0.1932437843517627 0.49308814784645089 18.353642350379978 -0.15027166443038942 0.80496448389690722 0.57397787982979476 -7.6906180984683594 -0.50783610407941104 -0.56097149613326636 0.65376866850549709 1.3438717303403036
0.85535348003864531 -0.17428755107732399 0.48784656781128227 18.51842473233209 -0.14716088454038287 0.82116572664749032 0.55138962942804004 -7.7555484645678039 -0.496703229551682 -0.54342497082759134 0.67673865179547765 1.3455963921595053
0.86276040687129552 -0.15553877676320677 0.48109476120436184 18.689447755828759 -0.14408068897934873 0.8364264590249465 0.52880197967313403 -7.8294912787582067 -0.48464960063793799 -0.52554587579581946 0.69922549798723188 1.3460299141174028
0.86996128932774286 -0.13676165693438749 0.47377590088962135 18.866242961791791 -0.14094362760920623 0.85173058914960986 0.50466810612839008 -7.9014889405646791 -0.47254867358566233 -0.50581741043524742 0.72169695745029427 1.347328656991529
0.87669028066956944 -0.1176640871618187 0.46644325954170202 19.045546888466415 -0.13929295137492326 0.86599602045908997 0.48025864515517325 -7.9725235913061168 -0.46044720161683567 -0.48601034468557897 0.74282051626340384 1.3528415182401952
0.88355929290268709 -0.10046872493884743 0.45741557825949247 19.235862530790747 -0.1369061455307323 0.87863815806633738 0.45744037262326537 -8.052863370366099 -0.44786123212577977 -0.46679869590537215 0.76257412378064748 1.3606583578175651
0.89040819619477429 -0.083420155022612921 0.44745315049194989 19.432680242131511 -0.13476646314839139 0.89066506043724802 0.43422776342236186 -8.1332150204185414 -0.43475423466556551 -0.44694163808300141 0.78181323062995167 1.3646699941405609
0.89810389433947546 -0.065189768677710466 0.43492492344313272 19.636979577631042 -0.13230462056140765 0.90308885285691975 0.40856579791225145 -8.2040819640216327 -0.41941016004666626 -0.42447711116775111 0.80244270807597884 1.3575785822343072
0.90374950245769758 -0.049531927186493178 0.42518634149823775 19.838453630721052 -0.13142837742510427 0.91319889790589692 0.38573871269404586 -8.2864736129113847 -0.40738608029100415 -0.40449272064234637 0.81879314880651288 1.3608405055752468
0.9091478615815014 -0.036575307767632764 0.41486433040632237 20.050538141725053 -0.13021868620501434 0.92122743493325854 0.36658301500387197 -8.3778068035900901 -0.39559228954167353 -0.38730125224170386 0.83276916397473844 1.3701143315433519
0.9139033684900888 -0.022740103276751463 0.40529436310591804 20.26461658134091 -0.13061301836884537 0.92886109815479334 0.34663712981625477 -8.4670878331093924 -0.38434473132208891 -0.36972956067595419 0.84591913293607279 1.3719970721981025
0.91842288225026736 -0.013034917393492983 0.39538525552637438 20.492689289586263 -0.12888308702755483 0.9350692904773239 0.33020383384279756 -8.5605247882512838 -0.3740167900473978 -0.35422522910540821 0.85710905247107372 1.3807752841092806
0.92237730685654651 -0.0043832882493118376 0.3862653111271937 20.723936895501101 -0.12779946047821611 0.9401641538561033 0.31584594615969713 -8.6527874854145939 -0.36453724322425712 -0.34069363156384486 0.86662589836347381 1.3923154388418062
0.92571055940743674 0.0012192889494312179 0.3782307146914809 20.961206450086866 -0.12599167833373992 0.94387843359281198 0.30531884905624018 -8.7515630652057546 -0.3566315426209774 -0.33029080509883646 0.87391185303492969 1.4053883121848469
0.92823582757445633 0.0058898876201991445 0.37194563800505259 21.19976364421554 -0.1250971374311185 0.94658304264011139 0.29720573613698814 -8.8536757246862514 -0.3503269253336147 -0.32240634703741583 0.8793891020340685 1.4168006778182547
0.93047014607312628 0.0076026419274853683 0.36628883016327085 21.450769779637731 -0.12323301566114957 0.94802387401905519 0.29336727517049593 -8.9583959840496519 -0.34502018943492846 -0.31810836852498087 0.88304480903103721 1.4290913712834861
0.9319736349303438 0.008394295493816005 0.36242886143060521 21.704231811970025 -0.12186585798268849 0.94880750200750308 0.29139841590582699 -9.0595735576108165 -0.34142913825985255 -0.31574334504062734 0.88528655451762617 1.4455221280300874
0.93257169358831271 0.0060677500676282739 0.36093381488431231 21.962188315706264 -0.12026653284650908 0.94795876460562689 0.29480526061190515 -9.1739965342347656 -0.34036156862211364 -0.31833529967078822 0.88476925782296689 1.4668568513105442
0.93202994019054852 0.0037388358961283927 0.36236198985895923 22.201915047074777 -0.11968479480487065 0.94701112143012067 0.29806959888620188 -9.2841986612712386 -0.34204640106412271 -0.32117901082388167 0.88309020067333677 1.4761636138570164
0.93209651709353891 -0.0017342710339649586 0.36220584634441633 22.473610483136529 -0.11710536115055088 0.94484007854405017 0.30588161168444261 -9.4030691571278879 -0.34275708192813931 -0.32752743134103113 0.8804790539855295 1.4950053836289852
0.93116229116660687 -0.008001510157410496 0.36451716467754441 22.747047208851843 -0.1153264233478605 0.94196533943085159 0.31527942430280909 -9.5189336683309698 -0.34588524626983619 -0.33561477194265676 0.87619981811612657 1.5206390138777444
0.92977900727146312 -0.014973689221744335 0.36781352105160986 23.013873979842259 -0.11457471505059089 0.93777213872699305 0.32780489700197757 -9.6373567236632489 -0.3498337209423476 -0.34692824107946563 0.870205242016583 1.547224722440423
0.92845153770974609 -0.024368583519151998 0.37065336132521198 23.280024791967183 -0.11218118651867356 0.93285737776956912 0.34233389275989895 -9.7529734653676776 -0.35410891476446987 -0.35942076300368841 0.86337917024108002 1.5765675880905154
0.92647167541976994 -0.03333914235017018 0.3748849639986106 23.535392831487584 -0.11146027420160055 0.92708207882546789 0.35790421399524325 -9.8714651402894038 -0.35948135128235575 -0.37337289766131121 0.85519929687307839 1.6019466277797481
0.92396044290859047 -0.043164038731572769 0.38004468908345584 23.783352706997789 -0.11088960848313439 0.92070876983687999 0.37416420977415288 -9.9785283558032507 -0.36606091661172802 -0.38785593576202798 0.84591203941281223 1.6340640681711855
0.92061590429562234 -0.05482973369572177 0.38660064286135087 24.023715968793152 -0.11054791855032865 0.91298407286202321 0.39273303961401301 -10.082438863034234 -0.37449367746618023 -0.40429417878956436 0.83444634491064096 1.6739873931168903
0.91736096328887629 -0.067927359975163401 0.39221771607171141 24.265884872723856 -0.10942489315816874 0.90433659892152574 0.41255485527184249 -10.194684232504663 -0.38272059755261201 -0.42138010111756835 0.82217014941623823 1.7112390527588832
0.91367542569111626 -0.080546995291688975 0.39838348113047822 24.498769924376997 -0.10953057118467145 0.89511032380255207 0.43218116825938857 -10.287404766718216 -0.39140806131723588 -0.43850848312383983 0.80901794773930202 1.7534407474681861
0.90944551901696769 -0.093666722535519734 0.40513626476706843 24.722145898657452 -0.10991237738999064 0.8854982268680941 0.4514556008180004 -10.372616504213285 -0.40103381059012777 -0.45510376322649254 0.79501726236645087 1.8036067370779754
0.90487921387454429 -0.10702555515974449 0.41199410049239199 24.946567521419297 -0.11156331050266269 0.87441323741298438 0.47218123425929404 -10.429876791906624 -0.4107885539392172 -0.47323040982135994 0.77929823762975015 1.8734617353137772
0.90079472814312933 -0.12213639414803959 0.41671520127547607 25.187436232442639 -0.11071847316391148 0.86331668927657901 0.49236745801969795 -10.467471452740172 -0.41989317385472941 -0.48966008132279021 0.76414836734050584 1.9153959798444471
0.89524461574917491 -0.13621010190273228 0.42424507788748639 25.408022059350717 -0.1131576472404935 0.85141258582032409 0.51214446748719766 -10.452680689143426 -0.43096684889108133 -0.50650115187074995 0.74680931857502642 1.966034607419002
0.88922807539337756 -0.15053865641849631 0.43198558176853963 25.62099788089278 -0.11591967161173776 0.83933632643442535 0.53110936807873255 -10.404297776368926 -0.44253368195609311 -0.5223529879796589 0.72891103454612738 1.9985807793037997
0.88333319112633535 -0.16550724344852127 0.43855424501495488 25.829811492530247 -0.11932412588758926 0.82537437727171858 0.55183230271930028 -10.340487299398855 -0.45330368014800843 -0.5397818908683345 0.70933157539677982 2.0221964230270029
0.87721853230396196 -0.17991068410424435 0.44510649549026543 26.033051579236421 -0.12368707440252616 0.81113997504275126 0.57162351990920457 -10.265196978676146 -0.46388485016028153 -0.55649266538992914 0.68929439222946365 2.0345625096843967
0.87067148149529705 -0.19269697672960495 0.45254728644646042 26.217494852254035 -0.12829254914276722 0.799247056688413 0.58715003551848599 -10.192152046198011 -0.47483912343575402 -0.56927323627075499 0.67116003257091073 2.0105614390383
0.86445590499907143 -0.20603717992807929 0.45854625589957743 26.409439023704376 -0.13283357305271759 0.78611265157509347 0.60364073827370535 -10.124993845645541 -0.48484144849866623 -0.58273113827979028 0.65219106885701472 1.9885322097570226
0.85821720604224938 -0.21960927270198347 0.46393425676095651 26.595310985214041 -0.13735895534753509 0.77262331243272409 0.61982718113303081 -10.066041014301211 -0.49456621865920958 -0.59567187647965303 0.63291332023614388 1.9678416589773302
0.85182753128293298 -0.23345924881496077 0.46892071407774055 26.774120097464703 -0.14203108868135678 0.75871696745577788 0.63574816802150258 -10.013938882718618 -0.50419939190404861 -0.60814911200910449 0.61313753005840799 1.9459923131206915
0.84479329044390383 -0.2470746797908063 0.47463501664672031 26.940055248930033 -0.14813975610371252 0.74435200044031158 0.65114876341895866 -9.970123741118087 -0.51417789633792554 -0.62039842202150786 0.59222199289686006 1.9371920844112596
0.83841035923943574 -0.25895766712458296 0.47959253138199925 27.104315339734978 -0.15357533140226365 0.73202916102084092 0.66373784357968357 -9.9158727179629444 -0.52295572193512252 -0.63013826582149202 0.57397132231741121 1.9196018777579942
0.83252723995375333 -0.27046666112914836 0.4834730395302681 27.269993433819479 -0.15980452156613592 0.71837302016985749 0.67705444299484219 -9.8761829364799514 -0.53043464217752989 -0.64092744449718186 0.55484331235791973 1.9168397932394707
0.82846104984732483 -0.27872787067632482 0.48576029376031798 27.432808258072622 -0.16538158372365352 0.70692051864862671 0.68768620175092421 -9.8359367798042783 -0.5350712295114779 -0.6500570393602384 0.53955965835788433 1.9013076091115522
0.82469988312817111 -0.28653710042693598 0.48761315901778629 27.58212809667722 -0.17120574974241853 0.6952303573528642 0.6980998076708983 -9.8055980920050771 -0.53903496549251539 -0.65920500627189782 0.5242995953484515 1.8960715250998288
0.8217977161478649 -0.29252731823695727 0.4889542737508768 27.726866001348942 -0.17648557532657824 0.68525769141555382 0.70659375744303909 -9.7811957097992526 -0.54175765378608187 -0.66697051242234062 0.51151635372027005 1.8927372969274565
0.82030203886055242 -0.29719849484538208 0.48864876926362977 27.869587388323399 -0.18104878758783038 0.67551018544426877 0.71477781573998667 -9.7606774454750145 -0.54251811172918218 -0.67480296681526908 0.50031495522631908 1.899557662373387
0.82034939964983056 -0.29964038413412764 0.48707545892819837 28.010209991394337 -0.18428278409013527 0.66778271388073041 0.7211838202081875 -9.7462845677396466 -0.54135636874627346 -0.68138233557822669 0.49259658421451713 1.8991325815929467
0.82207134576320084 -0.29798373700675029 0.48518490800371339 28.133334705373148 -0.18626101242145571 0.6644998984190984 0.72370347536317825 -9.7383212882386392 -0.53805718815643966 -0.68530692210169586 0.49076357321289232 1.9105076035897472
0.82470566868420336 -0.2958890133376087 0.48198573819796525 28.252555431813956 -0.1859095433923558 0.66303471214992626 0.72513627144138249 -9.7363469637100764 -0.53413313107856064 -0.68762974213624661 0.49179989428003368 1.9272868759214561
0.82869706538005916 -0.29285609856746614 0.47696591006309919 28.364270406501785 -0.18460797248674274 0.66147667624338569 0.72688960873047093 -9.7389198337359772 -0.5283758797719782 -0.6904229952122436 0.49410020983333158 1.9424753758704674
0.8343873296689468 -0.28869909599388932 0.46952168859407911 28.47990063572265 -0.18258037343640129 0.65898485688909902 0.72965976018050904 -9.7556772776925804 -0.52005979591172835 -0.69454430410389578 0.49713782627465264 1.9525695409301562
0.84049459444481078 -0.28296338170353558 0.46206120949929597 28.573153370780254 -0.18230766285784911 0.65537796319532926 0.73296905897947062 -9.7655587227468015 -0.51022813796610811 -0.70029383116863253 0.49925524259119936 1.9725452530212331
0.84814829240260736 -0.27651539732946356 0.45186691529063083 28.665072511184746 -0.18057918462172678 0.65097860851634937 0.73730455670331374 -9.7759509643035187 -0.4980317582001107 -0.70694135986929385 0.50219347021865979 1.994626993458666
0.85712498559390016 -0.26931766044041711 0.43909538467804082 28.751818318694681 -0.17825788692389444 0.64468175043248788 0.74337713605459477 -9.7933788546506371 -0.48328137230818707 -0.71543933246237135 0.50456483899070081 2.0194538982275745
0.86752848779534442 -0.26017783810541184 0.42391250915998813 28.836094365524886 -0.1749414833078575 0.63821294285862729 0.74971975896716048 -9.8139667537889981 -0.46560691605856708 -0.72456313191227484 0.50815201228756912 2.0359804314061858
0.88098263146965716 -0.24225219999334893 0.40642769916330834 28.907130803454674 -0.17023629250388403 0.63917026537249322 0.7499873176115639 -9.8314508243074759 -0.44146257798745553 -0.72991454531475075 0.52185778596724108 2.0530726932046504
0.8952114590682847 -0.22020284012694319 0.38743664353396001 28.967870009092024 -0.16590632943764155 0.64221731157713413 0.74835286767885567 -9.8434880487688137 -0.41360794649687477 -0.73421225399108259 0.53838725159867251 2.0671808241190255
0.9105945635044812 -0.19809548088447082 0.36273367829474246 29.044736615043181 -0.15709725146196313 0.64588152104056273 0.74709940058965785 -9.8657261802824046 -0.38227999489795456 -0.73728911644719097 0.55701594615355532 2.0711592930528999
0.92470697114165079 -0.17448844155319823 0.33833533851250364 29.100160643541201 -0.14950014000952824 0.65090813786722079 0.74429047031072393 -9.8911809966349971 -0.35009530939326472 -0.73883176692841479 0.57581324621640229 2.0805681522982797
0.93850683368630217 -0.15110203730914734 0.31044016725471701 29.161974063808486 -0.13909479499431543 0.65747943768939976 0.74052240143098991 -9.9149840509397702 -0.31600247013211941 -0.73816594566307103 0.59603143837698958 2.0857429291199199
0.95142888657369873 -0.12552533659845286 0.2811164592566166 29.222024756464098 -0.12913583222328348 0.66618331443184919 0.73452278957742068 -9.9278479357445786 -0.27947631496985903 -0.7351484077684185 0.61761623029712154 2.0828577166940789
0.96279330986630551 -0.10095001656495582 0.25067536103937188 29.273731147644536 -0.11920270597267939 0.67384107031116036 0.7291974539524263 -9.9567262117233302 -0.24252784863902796 -0.73194761159351085 0.63673615926620641 2.0887414659726136
0.97226154700558309 -0.077562608312170961 0.22066156440604509 29.277593886475415 -0.10963674536584614 0.6822252551316651 0.72287515196340735 -10.002743794855503 -0.20660897434500528 -0.72701632928865312 0.65479767002315892 2.0722606873984022
0.98105201168823619 -0.055092040515518616 0.18574664851431738 29.222212316761695 -0.096518539997224442 0.69230974597811445 0.7151163451219128 -10.014104966032018 -0.16799143370799921 -0.71949432429697113 0.67387446568717524 2.0404694466714774
0.98811990864921395 -0.035110218612823152 0.14962058240773179 29.163836593612441 -0.082289633957102037 0.70136344774405979 0.70803794411865506 -10.027259134251501 -0.12979777453514083 -0.71193861162148331 0.69014197887695505 2.0309277959093288
0.99353999694278117 -0.018155733778124877 0.11202072935808058 29.11881811338549 -0.065878188896044923 0.71148708117634296 0.699604314985939 -10.03472173492081 -0.092403131455137955 -0.70246459174121068 0.7056948055973904 2.0166393435064269
0.99696407472206627 -0.0012365285707063235 0.077853096988289627 29.046860939869411 -0.052973733982903649 0.72202685478766426 0.68983404125437442 -10.034992130422662 -0.057065026254990582 -0.6918639259005539 0.71976933167230062 2.0107549056302054
0.99895441203852875 0.01647134245322562 0.04264712823328011 28.982221244031098 -0.041084576185493916 0.73261790376626246 0.67939904671760165 -10.030441473477634 -0.020053435327036021 -0.68044081444231141 0.73252860542962306 1.9982741287259354
0.99931574332701611 0.035667660225860716 0.0097909730254844857 28.907216239595584 -0.033067073633087439 0.74293400488708217 0.66854740521804812 -10.020008437384686 0.016571474892633574 -0.66841370602079486 0.74360507248366003 1.9850180568503366
0.99827552865522817 0.053866110086802428 -0.023332618203735198 28.835176018404724 -0.025347680810433641 0.75405091172598537 0.65632668512162651 -10.004675103773156 0.052947747503148491 -0.65460344080162514 0.75411595350119476 1.9684169652570107
0.99618455811771267 0.067965326477751109 -0.05474523325907299 28.774870003996625 -0.016540672386280583 0.76296731985538957 0.64622540571358966 -10.005444396437216 0.085689744572074331 -0.64285424726718299 0.76118045458729178 1.9560384595122928
0.99306534820657777 0.082609953874445405 -0.083646934864407621 28.702518500969987 -0.010643413211261873 0.77175644487107908 0.63582914965827686 -9.9988793001891239 0.11708087780061605 -0.63052960701367156 0.76728383453101778 1.9494285904497088
0.98934751595624337 0.094746853815711476 -0.11051934836595384 28.634092287357387 -0.0048898606368560707 0.78040351992482093 0.62525709540308438 -9.9916588221263982 0.14549083109998029 -0.61805612995987169 0.77255358279206965 1.9357033625087308
0.98580165480732351 0.10449841673715835 -0.13143507248284114 28.551323393883713 -0.0014504554718513421 0.78802274835876562 0.61564441380396029 -9.984181158218238 0.16790769356425184 -0.60671264118075285 0.77698569965824238 1.9184382548311543
0.98197276827372959 0.1117486501266845 -0.15245235834086668 28.486216682795146 0.0040413232314635691 0.79393421342907033 0.60799024042603034 -9.981791358244843 0.18897923186257001 -0.59764596873201381 0.7791701649723286 1.9102089274240879
0.97858721429780193 0.11830184985391498 -0.16843911758855074 28.406689021318989 0.0072074937931379526 0.79813412642151493 0.60243669233753272 -9.9798010429564492 0.20570638309515274 -0.5907508684399092 0.78019119156230121 1.9068167897549622
0.97541338824811019 0.12142277839617942 -0.18391636934458497 28.354326502108954 0.012755877260798316 0.80202522406225807 0.59715393958609397 -9.9819991150521741 0.22001365780707557 -0.58481796215099036 0.78075728720513005 1.9034598780431733
0.97328596309242366 0.12214281070051136 -0.19441082233618706 28.287335207128763 0.016816320616318159 0.80655300317916301 0.59092255365961655 -9.9663443960992737 0.22897957421609166 -0.57840590147132165 0.78295272381860015 1.8875239636846044
0.9719469107980635 0.1226492690702109 -0.20068970921959162 28.215227453307659 0.019375331246263672 0.80861885284743273 0.58801373058696471 -9.968864888662651 0.23440093670717013 -0.57540655854469103 0.78355822582278867 1.8772373237800095
0.97084170466282838 0.12094752825998334 -0.20697362125443441 28.159417539610178 0.023830620311472425 0.81042231059716496 0.58536123891313707 -9.9675552986731759 0.23853403535542675 -0.57322541281257999 0.78390952289336502 1.870057860603265
0.97062071725153121 0.11851524850353191 -0.20940286319501261 28.096140598208311 0.027111285345300148 0.81087308135662228 0.58459372570883983 -9.970945395439772 0.23908241559982782 -0.5730959621244619 0.78383711110637555 1.8634341594329282
0.97108797026170235 0.11540956466104373 -0.20897077881310472 28.022800657860262 0.028485656653033972 0.81309898389788127 0.58142807788176043 -9.9562871128086154 0.23701628926732574 -0.57057048185914883 0.7863031246618355 1.8424045652051082
0.97176189060017815 0.11258307355308966 -0.20737376769135246 27.955168567057868 0.029658106919867838 0.81359286592397551 0.5806780908657927 -9.9532007376820477 0.2340923421880714 -0.5704311527844107 0.7872795407362948 1.8272541502705746
0.97237179744486379 0.11004244176218017 -0.20587313701612908 27.891345422538361 0.030903557681663633 0.81347530203650775 0.58077784315453074 -9.9521128216509283 0.23138292429749599 -0.57109420762920526 0.78759973867181388 1.8162199270687438
0.97331706572861842 0.10744050272920697 -0.20275706630035739 27.821131523918293 0.031176931077287327 0.81349730898916439 0.58073240587725949 -9.9465422694413821 0.22733650945247297 -0.57155810434345455 0.78844114861496317 1.8018623864512724
0.97394299416111285 0.10520751101200039 -0.20091397102030084 27.765280370888945 0.032107775963984439 0.81300534207087971 0.58137028173691374 -9.943765140175957 0.22450865205406462 -0.57267241368069377 0.78844287793219059 1.7920738327213368
0.97477412567518795 0.10544595960629205 -0.19671439580488531 27.691844100147922 0.029870580422784954 0.81180012578765814 0.58317090479236733 -9.9431584526225638 0.22118578692894983 -0.57433588201839758 0.78817202582099466 1.7824099926745078
0.97563425692196282 0.10522579245479867 -0.19252358121172888 27.62464477868879 0.027753634208646648 0.81124926579599432 0.58404140652326419 -9.9396175160227447 0.21764083373425624 -0.57515403271447185 0.78856217646025728 1.7666513128557135
0.97771371099263615 0.10813377853166914 -0.17995273067522993 27.482753304506254 0.017498423850357905 0.81219643238570483 0.58312156569851414 -9.9254579516674148 0.20921210409477062 -0.57327483911331512 0.79220341727351928 1.7279395892295952
0.97787414484408508 0.11046455131871162 -0.1776506114467524 27.419473802403751 0.014949580097002443 0.81014235047097904 0.58604255991206033 -9.9269447681786982 0.20865921235443349 -0.5757316691613491 0.79056585951096714 1.7217062245297086
0.97771857561895936 0.11421933961858333 -0.17612589062011294 27.349944169921127 0.011102894513070114 0.80970285684931764 0.58673504185746839 -9.9137241384226193 0.20962612581227777 -0.57561725657519014 0.79039335859417936 1.7095858009444134
0.97700625766723215 0.11959263165124892 -0.17651168497807357 27.28573296944419 0.0068183510281922613 0.80992604341168528 0.58649238212678367 -9.8981006822156292 0.21310157805217289 -0.57421024604078741 0.79048738811789543 1.6924071203389204
0.97556664092397272 0.1287110724500759 -0.17805389337239413 27.218906113079754 0.00050586046499008996 0.80910919957160665 0.58765810406543706 -9.8903828147391248 0.21970314795538673 -0.57338971302016339 0.78927483412379762 1.6805901046979215
0.97318783056404445 0.14143357976893148 -0.18138905412343395 27.150242840410762 -0.007939708562244064 0.80879383753517453 0.58803868018445216 -9.8824615284048427 0.2298747647524525 -0.57083191123032972 0.78823126152870493 1.6669735918226407
0.97031551027330265 0.15356047222531374 -0.18683412935809945 27.085312184491979 -0.015217882680201446 0.80978227753446286 0.58653310139993786 -9.8659557224373113 0.2413632668195225 -0.56627894571583426 0.78808116908677062 1.6441660001268588
0.96587676666880895 0.16994598392278742 -0.19544931352635361 27.020571643143651 -0.024074161683980883 0.81026602556164362 0.58556759008653436 -9.850000007983212 0.25788079872030167 -0.56088085220397177 0.78670843600556717 1.6289270307399524
0.96041015674884067 0.18803825512073888 -0.20555764501670873 26.958047118430692 -0.03414083047501635 0.81173006900243094 0.58303404597997965 -9.8279367001509428 0.27649002605545014 -0.55293391077818399 0.78601358499926699 1.6013371690186589
0.95332648003674847 0.20941048390088768 -0.2175221177102204 26.891124519641625 -0.045861574151738561 0.81247853250469659 0.58118443736505809 -9.8053883097136918 0.29843816524879574 -0.54408260719435853 0.78416119393369743 1.5801910026679213
0.94520542809162256 0.23080422301795164 -0.23090281363208257 26.830977930920799 -0.057734922935206441 0.81428029813844471 0.57759352033868194 -9.7773890799967571 0.32133063560731084 -0.53261337450410051 0.7829876218175843 1.5473893780241861
0.93483286230330043 0.25454565313119476 -0.24757631152804607 26.776451691458323 -0.069610718197141916 0.8150686635136648 0.57516729885323492 -9.751453144794727 0.34819802910110897 -0.52045132743616074 0.77967207741462796 1.5240163862870555
0.92368013436203622 0.27749636472186412 -0.26421729116596626 26.719188499852628 -0.081997516303304749 0.81674727690767401 0.57113946894255918 -9.7157578297306255 0.37428787945246117 -0.5058850197723288 0.7771672471642963 1.490762147336907
0.91095656065433972 0.30204424531880192 -0.28094024003444512 26.661971746563133 -0.095063461486400061 0.81645071918659995 0.56953591759423516 -9.6909682331943081 0.40139890743628087 -0.4921153289722634 0.77246451057603993 1.4627941666690933
0.89785636806162339 0.32412674958477344 -0.2979862287670359 26.607546792783459 -0.10716261269683416 0.81732075578726238 0.56612980543275293 -9.6555469874091635 0.42704814338804825 -0.47637026813493299 0.76857091466296923 1.4281312477787262
0.88347022836357358 0.34724552140504217 -0.31448514028385438 26.552627024181348 -0.12038674655943231 0.81700796605930615 0.56391933345866985 -9.6274176125043329 0.45275532779642713 -0.46034609942930538 0.76360597292856069 1.3951523343184511
0.86841585770082452 0.36918779825094367 -0.3309898302310238 26.497780606266552 -0.1328127299834426 0.81634158381025357 0.56209180504301259 -9.5951855097628052 0.47771819815460936 -0.44416977403329394 0.75795681604371512 1.3636875476391666
0.85274291390508195 0.39047460700844544 -0.34692809639213423 26.442982930201897 -0.14522742600120792 0.8152459618943092 0.56060950433620571 -9.5673605546507812 0.50173550554224644 -0.42767230784401117 0.75190283918977441 1.3303077917918853
0.83703833639429315 0.41063757901100639 -0.36158484773321697 26.388734986220566 -0.1564989178598149 0.81293335940806 0.56093443633835938 -9.5467541836096839 0.52428514390070324 -0.41293599003417647 0.74472072350614327 1.3020880179333743
0.82126934449181244 0.43037706612337651 -0.3745560635646199 26.326383008717983 -0.16916417659467139 0.81065635888243048 0.56055307434758295 -9.5245320588941773 0.54488544223078272 -0.39700358784085932 0.73857159848348453 1.2663960954080573
0.80794955047661188 0.44505243185435817 -0.38619406622210373 26.260849186031745 -0.17827200286746694 0.80930269787998821 0.55968583705306896 -9.494572810670002 0.56163744255370174 -0.38335033077420777 0.73321613935935892 1.2278502439012342
0.79582236094922942 0.45890142847987758 -0.39506486651222505 26.187060803493683 -0.18701978517150852 0.80680442496179194 0.56043752534646984 -9.4706697544575906 0.57592566340422546 -0.37212376812184411 0.72789664886658367 1.1894561618666855
0.78553677814374501 0.47129120139856812 -0.40101941806830155 26.104144066345963 -0.19609251826101701 0.80422794378757212 0.56103933793742711 -9.4450728573180989 0.58692392562034612 -0.36208012637468545 0.72416730637256355 1.1466914340720347
0.77723364495436886 0.4822904520181624 -0.40410862530149327 26.016313612731821 -0.20420190600383575 0.8008247801485795 0.56301088185254466 -9.4265746489999511 0.59515497371302106 -0.35507124833207204 0.72091259239422179 1.1010383908954191
0.77176935260458035 0.49030588282072107 -0.40493481901622191 25.924895658847184 -0.20943851315186574 0.79724666965328295 0.56615656574439277 -9.4064863658936311 0.60042283066938984 -0.35213333979920519 0.71797948119205657 1.0575172040689469
0.76971616035015578 0.49578302799761442 -0.40216442115797607 25.828061637075827 -0.2132823088740855 0.79348634168854493 0.56999130017489652 -9.38507366821832 0.60170398803494107 -0.3529569587120312 0.7165010091267151 1.0098535180500761
0.77121736823068554 0.4980550514588365 -0.39644033177222388 25.729038651795737 -0.21562082030580099 0.79034497427644657 0.57346532893158997 -9.3593535927521856 0.59894192772754584 -0.35678563221113441 0.71691880980883216 0.955860672327425
0.77654463515362049 0.4972869702548422 -0.38689029301455763 25.62827351065485 -0.21554732349894554 0.78667642730001242 0.57851495232442285 -9.3334828327038313 0.59204542135428384 -0.36584951543667238 0.71807823467097276 0.89997692377081706
0.78579192306597301 0.49306587954035019 -0.37338598270071799 25.525611784165839 -0.21410795642722011 0.78323666625660249 0.58369350486861094 -9.3006876401410015 0.58024894367748714 -0.37871673195720357 0.72103037404593162 0.83636377347075863
0.79776241121445124 0.488808587983112 -0.35304574713096476 25.393669830162427 -0.21483623929380904 0.77750734405812072 0.59103952509267976 -9.2788331824636625 0.56340085688557306 -0.39566209604869085 0.72527993230955912 0.74023524030841115
0.81192992576852685 0.47922095502096046 -0.33334227441222181 25.284302059984768 -0.21119869426554866 0.77349703416394078 0.5975763128505972 -9.2331034169858732 0.54421035196148349 -0.41478863823444595 0.72923622949602018 0.6690435248831148
0.8278063278469141 0.46720031469826118 -0.31058098705885601 25.170514633363123 -0.20707390311842633 0.7689690938389856 0.60481975113892406 -9.1877008962986206 0.52139915825009553 -0.43636039997494641 0.73330247450134567 0.59512974672539354
0.8444534334966618 0.45261415205355909 -0.28642420989947176 25.052872478885636 -0.20145107441929447 0.76385889884965485 0.61313705422483211 -9.1396177315387543 0.49630218946828236 -0.46006522582024229 0.73622287706913769 0.52315221932292022
0.86195366654319683 0.43579333495667855 -0.25907536729700054 24.927554688457686 -0.19685600607687967 0.75860189393249022 0.62110456397735347 -9.0918236570548494 0.46720829359526472 -0.48436281414800525 0.73966821931621873 0.44582665677279232
0.87921311583770378 0.41640514131039197 -0.2314974194871921 24.799594844281209 -0.19059234712960901 0.75273814005968998 0.63012685208226549 -9.0427758630256854 0.43664499785819499 -0.50989415645774083 0.74118087877094196 0.37161813011252798
0.89609133286937737 0.39512619363360663 -0.2022266408290469 24.663706613844376 -0.18521006307298668 0.74688684524001414 0.63863704319740144 -8.9911266363526341 0.40338264178430266 -0.53482271035553164 0.74246017589839808 0.29481143978490931
0.91219631436306925 0.37187028062832167 -0.17207666444886069 24.523520078341381 -0.17974885480907005 0.74054996006130813 0.64751533251964211 -8.9396506752897142 0.36822307540030724 -0.55973051644394745 0.74237020125011177 0.21754395960824419
0.92681966509592784 0.34791500270639369 -0.14128148952811287 24.375790649215446 -0.17541948993802906 0.7338180015114566 0.65630720185566571 -8.8894127116914081 0.33201402220592119 -0.5834948941932071 0.7411480267187549 0.14022354389760711
0.94020014671374463 0.32237375536066587 -0.10999475430271455 24.223400978090325 -0.17131297274381144 0.72664034408294154 0.66531622234896881 -8.8389954530654844 0.29440711521485191 -0.60668688151771166 0.73841416448032948 0.06338966913108994
0.95168385533236066 0.29671582413608855 -0.079104735679832811 24.065954590853938 -0.16826910884885934 0.71937580416013225 0.67393171716144495 -8.7893090055514342 0.25687223771156187 -0.62805905144039198 0.73454644604466646 -0.014501679396411506
0.9608689051696524 0.27283150055743544 -0.047894878449074217 23.898961649064287 -0.16827180089323271 0.71225382941128557 0.68145365470669217 -8.7399643063886501 0.22003533375851644 -0.6467282696716895 0.73029240520851701 -0.094762690959762183
0.96836418617829678 0.24886459764345875 -0.01836341381672961 23.730057739439236 -0.1680506849741516 0.70476569348153206 0.68924907295636872 -8.6901114330128735 0.18447159729064944 -0.66435813333717419 0.72429172331442659 -0.17365500895997499
0.97425103914192046 0.2253095726353409 0.0083969762276752801 23.559228099662697 -0.16726364071840999 0.69728063318783318 0.69700975106148788 -8.6435090979160396 0.15118792023343258 -0.68046698307857278 0.71701248086447888 -0.25188671452911687
0.97804910455901373 0.20546044976277295 0.034726829031607974 23.379422461337729 -0.17010355270592484 0.69099382965748579 0.70256124909654982 -8.5965759203343239 0.12035252564086107 -0.6930465575692305 0.71077544879751253 -0.33596040438870289
0.98056326616394685 0.18722756735779075 0.058664461739426001 23.196172811733152 -0.17312347925823451 0.68494092943182139 0.7077317176152248 -8.5524883264556752 0.092325196882629454 -0.70413192031774607 0.7040414027670725 -0.42052549564293701
0.98179678469498499 0.17188750981844708 0.080806915118710868 23.007217360039682 -0.17751769236080092 0.67912283091633829 0.71223566986431863 -8.5124441723083528 0.067546594743816094 -0.71361534771653556 0.6972736858952322 -0.50535542164009006
0.98176487298748449 0.16118667364911854 0.10077991072530729 22.813991819386704 -0.18424394462928675 0.67624156004053571 0.71326819734331559 -8.4703181781717483 0.046817764099844339 -0.71882974946219025 0.69360787787684197 -0.59690216274372965
0.98091165185732154 0.1546569635101448 0.11787092469461104 22.613135821138872 -0.19193111063306853 0.67271099283296221 0.71457845537970643 -8.4399263119683212 0.031221467321343767 -0.72356143053614463 0.68955353397599972 -0.68686676648127609
0.97928047935185691 0.15273659440817308 0.13297095731395886 22.406654249874592 -0.20149245171812458 0.66919245311757258 0.71524978335620937 -8.4128436820809842 0.020261654942690912 -0.72722279489787622 0.68610237714200106 -0.77667534201568589
0.97713677892963569 0.15537919376906295 0.14512415859081559 22.195126778692178 -0.21214155392729045 0.66715872537466114 0.71406946178489672 -8.3893158683357942 0.014130688600727196 -0.7285303983363588 0.68486771156153647 -0.87093218472647527
0.97449114674764103 0.16160986049333637 0.15572173227199801 21.974518230720651 -0.22413905433769837 0.66576412267324414 0.71170205653891971 -8.380987861404197 0.011344127602850883 -0.72845067503054028 0.68500432466991068 -0.96848313828921184
0.97156838770305454 0.17106446500454692 0.16368206019229858 21.751799713824639 -0.23643121962522226 0.66463945123551904 0.708769834465236 -8.385413952053387 0.012455777880848336 -0.72731791444598437 0.68618766013629728 -1.0651630900765143
0.96848177244160394 0.18266932817178366 0.16933686247724822 21.526456733814182 -0.24852641025032532 0.66317654068168086 0.70599681252649149 -8.4095245305240756 0.016663728768083891 -0.72582972688830272 0.68767254395445776 -1.1583211082160518
0.96500219149080491 0.19650105845976423 0.17366088921267261 21.295294151158899 -0.26122637537952131 0.66206844941461629 0.7024429863667252 -8.4506745636107823 0.023055394683701561 -0.72322382587544642 0.69022876386170751 -1.2484759642404979
0.96073995843648918 0.21320463626950387 0.17754581193776875 21.053972417744351 -0.27562138279353371 0.6600494201434064 0.69883303894087123 -8.5023425866249305 0.031805433662085929 -0.7203322469815866 0.69289960914119808 -1.3317412921899339
0.95601066248006528 0.2321703729069638 0.17927780445071298 20.808814541913144 -0.2901794689571543 0.65918167793674409 0.69374014679002305 -8.5483375359097007 0.04288926462613496 -0.71524571541306015 0.6975557881367549 -1.4128816927624668
0.95102145835542817 0.25214099796625555 0.17883820311134646 20.555641804596625 -0.30406408006708424 0.65875591854690252 0.68817561348276834 -8.5811332293429743 0.05570656119769276 -0.70884804924892575 0.70315803495055107 -1.48854548281133
0.94515337229679175 0.27425802981752018 0.17739119458590494 20.294068769743628 -0.31902473780889851 0.65865207608996579 0.68146948525105766 -8.5855378240940947 0.0700593998116293 -0.70068536144477156 0.71002232694123368 -1.560823673703253
0.93967249719646539 0.29449174854962762 0.17404082293744072 20.031206132027794 -0.3312759929633165 0.65659018613166475 0.67760279217381814 -8.5694085693740973 0.085274934762375354 -0.69438025426402272 0.71453778625731457 -1.6148616742667479
0.93279201542673318 0.31600564552917809 0.17331903516296351 19.749217929541196 -0.34651301264924622 0.654036870283491 0.6724317841792723 -8.5122532954255981 0.099135200715368896 -0.6872963002253567 0.71958043864161569 -1.661044657212257
0.92553022696751386 0.33857588415968481 0.16958823554406735 19.479849867893229 -0.36085264644556053 0.65280899402044967 0.66605238898996821 -8.421642205021417 0.11480055105572308 -0.6776479823562499 0.72637046022384899 -1.711545944058807
0.91838127826551286 0.35949009488260708 0.16535628023361185 19.212441446470638 -0.37361907936948979 0.65016354039189916 0.66158608984482614 -8.3200428929476757 0.1303250216286094 -0.66936854006321922 0.73141038159923388 -1.745340384903997
0.90983433222512944 0.38421369948345419 0.15678431373607127 18.998719003347297 -0.3869988248191415 0.64924340669205483 0.65476324610923198 -8.1721707421033258 0.14977782710754051 -0.65640142595528628 0.73939419155874542 -1.7740213511653034
0.90226435546398964 0.40388080133756238 0.15099447397199608 18.738890621465053 -0.39883507975889265 0.64865153003469178 0.64821429461048685 -8.0327443677674264 0.16385851217702749 -0.64508254579904878 0.74633698628203415 -1.819965544208608
0.89533719558984659 0.42056800111391873 0.14660785324242254 18.4884517807333 -0.40897272047421085 0.64595495189212082 0.64458010676251176 -7.8948487018496127 0.17638769827068967 -0.63707515770518852 0.75034833466442596 -1.8414524247989379
0.88835489115798216 0.43731594685276215 0.13992980377304123 18.262223275717005 -0.41825119218064249 0.64497558943522648 0.63958770256482689 -7.7474876005177284 0.18945059407444717 -0.62670667114763856 0.75587513568306031 -1.8709680682240484
0.88168152228927843 0.45212860421957907 0.13497191744994907 18.037940926297676 -0.42740778905803584 0.64408707101102036 0.63440872220435818 -7.597551378171751 0.19990066309590415 -0.61703449676894095 0.76112295635522498 -1.9020242940812315
0.87540795131697691 0.46547881970666133 0.13034717939221752 17.826762488660005 -0.43576288773460647 0.64322069153495187 0.62958545699094348 -7.4409839794515173 0.20921669255633074 -0.60794457838341798 0.76591890247597227 -1.9275035669911365
0.86989447240714901 0.47642760802543843 0.12767278953107877 17.616734304103794 -0.44330768572458562 0.64170623204534194 0.62585254455956474 -7.2907709600721571 0.21624500607644095 -0.60102399791133887 0.76942072449451937 -1.9466202940611721
0.86588690327099416 0.48430256496132884 0.12526330793830176 17.424560343869519 -0.44837127358121714 0.64034336185598439 0.62363737857358514 -7.1463323335931266 0.221817654326533 -0.59616390741041492 0.77161228847797714 -1.9536262458807168
0.86183379033520635 0.49168608063039859 0.12444804518661097 17.233639323956709 -0.45461947503785261 0.64010385299864114 0.61934496873115996 -6.9881756719939423 0.2248636270114821 -0.59034892689883944 0.77519319769759965 -1.9682383097782645
0.85858635296252073 0.49737466002159514 0.12428967002498841 17.054392645470092 -0.45960450927981006 0.63934144807246396 0.61644643548833178 -6.834678003691625 0.22714129865830834 -0.58639658964305685 0.77752547874575118 -1.9694251416386159
0.8558141422152119 0.50180647492319297 0.12558827855178251 16.873259518509254 -0.46469377443377657 0.63914737864627047 0.61282160893043858 -6.6808341725619398 0.22724843230907343 -0.58282149076261758 0.78017771047262596 -1.9674604442927925
0.85410130878263479 0.5046171433057336 0.12598608263515104 16.708745575684826 -0.46754886170867649 0.63881600676640837 0.61099277525510975 -6.537146169039187 0.22783550261254559 -0.58075437852932366 0.78154675840176568 -1.9454855712400647
0.85302865743571199 0.50638402822484452 0.12616388370768705 16.55131645298837 -0.46915490395358789 0.63824595303696885 0.61035709181448139 -6.4048850487454514 0.22855149461276025 -0.57984249533016419 0.78201463855835973 -1.9059230883199412
0.852216332385755 0.50768239476777055 0.12643539400750844 16.39584218493998 -0.47105761452611872 0.63939701470218924 0.60768098652738101 -6.2719882771069999 0.22766652501396609 -0.57743401669176897 0.78405223662411361 -1.8670876573468917
0.85213818666127095 0.50780439680372447 0.12647215274694454 16.247691843393383 -0.47142433945839957 0.63996121678612905 0.60680205436025758 -6.1583756628741835 0.22719947843217561 -0.57670125333349398 0.78472674314293922 -1.8077678554696637
0.85139972027679289 0.50848844246597602 0.12867797088516927 16.089231188057227 -0.47405106780011724 0.64097112642470522 0.60368170438353785 -6.0383428875063521 0.22448630566287861 -0.5749743637488286 0.78677212685850939 -1.7532620137930801
0.85122124553827105 0.50848553311475198 0.12986475178924023 15.94198607374452 -0.47533332114250415 0.64211499274507311 0.60145371384972901 -5.9373296393795014 0.22244240817773825 -0.57369922320411171 0.78828204111161082 -1.689359787581985
0.8511701101761644 0.50858002209405417 0.12982990668373617 15.805059343942224 -0.47570375605396764 0.64289750685159375 0.60032385606450156 -5.8476697719328774 0.2218453966591229 -0.57273829696539102 0.78914856850300386 -1.617970074775144
0.85232828544986972 0.50841999910396785 0.12266050029739337 15.734884402499393 -0.47083819300154273 0.64380227266311385 0.60318324721833216 -5.8051713047118136 0.22770131715281636 -0.57186339122637586 0.78811444089163962 -1.5375065011386291
0.85255950290454208 0.5077265542338697 0.12391949052897798 15.595549136977544 -0.47107252503342834 0.64385118871458091 0.60294802673982717 -5.7354058250016005 0.2263470127167358 -0.57242413725892327 0.78809747932447249 -1.4601632969468006
0.8525987299928901 0.50810899886931205 0.12206822224697289 15.478382115727932 -0.47093827146911776 0.64586843191402288 0.60089193131760466 -5.6544982727023649 0.22647858636125062 -0.56980629509066227 0.78995457843781303 -1.3904406122947408
0.8529998879732581 0.50794026817860516 0.11994946886191588 15.366405176952016 -0.46985901332937219 0.64731785865785829 0.60017672185428339 -5.5917959381985041 0.227208491722378 -0.56831001559470307 0.79082237415489864 -1.3163346567255836
0.8524976516546483 0.50898369835652835 0.11909386520984402 15.242489118260824 -0.47043128567739789 0.64769479547372855 0.59932116379463474 -5.5326698654629292 0.22790822578226619 -0.56694536484881453 0.79160014773698983 -1.2470380190657659
0.85144138603002695 0.51078037235582596 0.11895788066080527 15.119147816110903 -0.47191665447149395 0.6472358642080982 0.59864881801873548 -5.4756081676100399 0.22878425948412459 -0.565852584423576 0.79212916580155079 -1.1744719924585356
0.85005910192976919 0.51363906899197342 0.11650935598231242 15.013757528851038 -0.47317758107883595 0.64762606231235786 0.59722982190959939 -5.4185012763826537 0.23130607426251484 -0.56281026129491363 0.79356292112876292 -1.1059676090332333
0.84840937299479124 0.51739400061877716 0.11182568550329565 14.921198583042008 -0.47400245572038058 0.64853011996165577 0.59559244074582496 -5.3670010992574575 0.23563363042153762 -0.55831185875477984 0.79546505931319755 -1.0431963210777915
0.84607833004569111 0.52207109287679354 0.10767187845266231 14.82592802761158 -0.47562540387835756 0.64815553094146827 0.5947057111677444 -5.3246994687441482 0.24069053702346449 -0.55437909564882926 0.79670062363157623 -0.97890158884842993
0.84387638921298402 0.52662779291869644 0.10264408143891671 14.740738359663252 -0.47675449568827477 0.64823993943641811 0.5937087937368688 -5.2843334400787851 0.24612555854659865 -0.54995286038446201 0.79810654726363028 -0.91315305487503662
0.84116159889915898 0.53196424337173698 0.097268742725224247 14.660100842154954 -0.47837113258544467 0.64806199720505153 0.59260164300102869 -5.2447885737819311 0.25220670896375724 -0.54500430415964163 0.79960120335148033 -0.85356551838325012
0.83782353768634876 0.53823188270376254 0.091422973807979202 14.586265344852137 -0.4806480849536251 0.64779246296391835 0.59105189565515581 -5.205210061489403 0.25889986119954567 -0.53913946745559604 0.80143589668953086 -0.79736694948543108
0.8349539641036936 0.54368043939442212 0.085225921217761569 14.51947125891995 -0.48216061966249757 0.64806353213916934 0.5895208182566416 -5.1703642574784698 0.26527912596773301 -0.53331532711069918 0.80324451270743435 -0.74449217231496778
0.83186766495699316 0.54905250468769207 0.0808550251695688 14.447391079384532 -0.48419490984526514 0.64683438393977444 0.58920333420067139 -5.1407630719120219 0.27120375601922486 -0.52928879342890334 0.80392903658944947 -0.68680067912132614
0.82873804049372224 0.55437984530984308 0.076526122029410309 14.383264528123073 -0.4868178935584398 0.64668296209086029 0.58720480673502207 -5.1065806065752852 0.27604637065165205 -0.52389324643063073 0.80581279934884709 -0.63968753649165466
0.82627050459111173 0.55848836770954491 0.073265246712733156 14.318131391498213 -0.48834340236268753 0.64544820974118622 0.58729662855386111 -5.088600646038838 0.28070941311538489 -0.52104448147449534 0.80604892761754265 -0.59016835716729132
0.82424101051226151 0.56174295711726474 0.0712152140969671 14.25764639060321 -0.48973384491015431 0.6440848579073124 0.58763547966748408 -5.0715660503563313 0.28423145100295094 -0.51922976218979222 0.80598569237740758 -0.54250090692440389
0.82189118420704821 0.56534196448700536 0.069880930966247076 14.204074100114457 -0.49230990596665508 0.64323167973237871 0.58641620260337768 -5.0453426509961972 0.28657605938012182 -0.51637338174874592 0.80698989635033525 -0.50070450307015957
0.82138086138284994 0.56626446350607329 0.068396183549570597 14.164321266803476 -0.49227285427364997 0.64321845103381725 0.5864618156324678 -5.03050519254582 0.28809879815653755 -0.51537809578971805 0.80708394909137104 -0.45921011412836543
0.82106413441182613 0.56684317429849596 0.067398092953463495 14.131156269413038 -0.49225608560685424 0.64330461565414843 0.58638137560898529 -5.0153683768797377 0.28902877601646543 -0.51463383801424623 0.80722634954834716 -0.42635414763364077
0.82191897201844855 0.56559139372674161 0.067495027804860441 14.104193682779039 -0.49127619098241693 0.64393202158636798 0.58651449747597995 -5.0024648733194397 0.28826534236696694 -0.51522609300959854 0.80712153079453897 -0.39784199091890032
0.8235333491903426 0.56288192325350184 0.070404284285660562 14.073312796375729 -0.49009831238515117 0.6435041577135231 0.58796772292587285 -4.9989544459162181 0.28565095303283 -0.51871604899005019 0.80581461487837758 -0.3658653514262733
0.82656731329885236 0.55794960160901008 0.074018366979174702 14.049001354837243 -0.48768926242932986 0.6443356150664945 0.5890592486906715 -4.9909079760880539 0.28097270311731892 -0.52299508336238609 0.80469278788971255 -0.33886490678586434
0.83037372573419677 0.55097667656350935 0.083091380379308577 14.00680358418424 -0.48612489812125398 0.6434633159444707 0.59130156811930312 -4.9861687738620013 0.27232711770389184 -0.53139407497334445 0.80215851179571374 -0.30516795682251685
0.83537833767089664 0.54203353908273821 0.091338247517955246 13.982504934914761 -0.48310553602604606 0.64473510928722644 0.5923898040255039 -4.9768918273574441 0.26220616699688093 -0.53899562276685509 0.80045714727708805 -0.27920543025247435
0.84180489964836602 0.53008657279495941 0.10184663112002654 13.960194427126508 -0.47889012424578958 0.64637041772052628 0.59402822491498208 -4.9679080312498751 0.24905573638817621 -0.54882921609393809 0.79797100933170295 -0.25436429745687966
0.84974835926222858 0.51459175621326203 0.11455588316844015 13.939945868674561 -0.47310888324413725 0.6484923894344865 0.59634352972178362 -4.9641129505473769 0.23258484586626857 -0.5609393418925982 0.79451327502469271 -0.22743771444137026
0.85831708359165515 0.49649479341078551 0.12955579543461987 13.917585165701608 -0.4667328814707945 0.65052361845314177 0.59914892905570705 -4.9599932729707028 0.21319521891610266 -0.57472771113859888 0.79008598056205392 -0.20392217580985894
0.86720150095847814 0.4748526323793032 0.14992176045460878 13.880675791090775 -0.46082193075276079 0.65120641359972975 0.60297044291065838 -4.9549946051014349 0.18869209011683688 -0.59198410824026693 0.78354968618353449 -0.16882477743294502
0.87708754350301077 0.44971225250506924 0.16874931400948334 13.863502463842739 -0.45189183613444062 0.65346884377450509 0.60726620081398874 -4.9539732446296894 0.16282263192473651 -0.60888205767852011 0.77637067845860419 -0.14103059233629522
0.88602127608067205 0.42240805749399413 0.19114845355515733 13.839822817955016 -0.44417267552699191 0.65509392619593987 0.61119766211626014 -4.9429050000802075 0.13295462627366969 -0.62643705256421334 0.76804927350209107 -0.10814708180276074
0.89474280834347231 0.39190377758533601 0.2141185093166397 13.816769261628384 -0.43512861925580315 0.65716680255302928 0.61546314132266799 -4.9394865756764261 0.1004907539138539 -0.64385031081499955 0.75852382008823804 -0.080581634091453178
0.90228090940014671 0.35959108788853478 0.23787267611725466 13.801920321679654 -0.42606839774315519 0.65921669418850493 0.61959589293971251 -4.9302868885057674 0.065991522005669753 -0.66039957572239494 0.74800903698354881 -0.053817891108181561
0.90793371677362578 0.32485440866635318 0.26481310223564003 13.775804138176445 -0.41816050750550959 0.65954611824320719 0.62461244614004607 -4.9256768337104617 0.028251653197011055 -0.67784108099196183 0.73466544291349689 -0.017685427268410044
0.91206823927951286 0.28754965797746113 0.29231271114102181 13.750590178929935 -0.4098709314173174 0.65972468918331029 0.62989614545660255 -4.9234319996560307 -0.011719491314474226 -0.69431875149604727 0.71957218181659877 0.017109569628896384
0.91410973475556634 0.24859496038208434 0.32031849540377488 13.727012010581639 -0.40190042816187799 0.66006853994466153 0.63465389655986659 -4.9143839991834639 -0.053660401306804995 -0.70887944549687187 0.70328549898575332 0.049352578704541468
0.9136564002876767 0.20792801889818927 0.34928200808292276 13.702088658899795 -0.39459887554051465 0.65998169516878846 0.63930891552073155 -4.9067008418309319 -0.097589495518350305 -0.72193497006254426 0.68504466231426631 0.085294058702372
0.91091531354033806 0.16615924810424662 0.37765645211903764 13.683715072836783 -0.38738882585036399 0.65944885888769433 0.64424925309851488 -4.9017652808238763 -0.14199714491490284 -0.73315639994557058 0.66507030008478552 0.11750953137725972
0.90694109425714398 0.12358632438078136 0.40272108459044287 13.679870189733899 -0.37826632790474068 0.65966019065709447 0.64943284336081208 -4.9040555235110244 -0.18539804939944099 -0.7413331594420246 0.64502148025518369 0.14479768217356176
0.89889222091151877 0.080669447562391791 0.43067994545222998 13.66156257194756 -0.37268422468139578 0.65766672291801698 0.65466094296200628 -4.9067307870036512 -0.23043273174265888 -0.7489772505198371 0.62123573170364321 0.18074497327525549
0.88830066055672785 0.038483695512446507 0.45764718029742768 13.645325117859787 -0.3679052304874269 0.65608226963896832 0.65893990381928869 -4.9066281033890569 -0.27489575812382822 -0.75370754317910693 0.59695666636736733 0.21110366936410169
0.87416803048015534 -0.0043666542298252146 0.48560394028187553 13.625667848681953 -0.36510232988008273 0.65343021974028825 0.66312083110568465 -4.9078164684468177 -0.32020390878716865 -0.75697416089388136 0.56961353261349301 0.25410299028352984
0.85657777309617766 -0.045599402674144335 0.51399923454549457 13.602798259262851 -0.36441899676998923 0.65177276319074207 0.66512484539059247 -4.9019756757038717 -0.36533999703118702 -0.75704224428922473 0.54167677348284582 0.29173570795136888
0.83654628538386 -0.084548870641580079 0.54133335467500887 13.58150494050931 -0.36505076929913427 0.65076078769610313 0.66576897872404495 -4.8960571559816568 -0.40856853555379891 -0.75456072364679894 0.51352688934956792 0.32188580880614998
0.81423942981191377 -0.12290385743441563 0.56737006685875702 13.565489951518027 -0.36684247091515931 0.64854276492464913 0.66694743690695124 -4.8960582042500684 -0.44993416459792213 -0.75119033799139889 0.48298273637464273 0.36313129285446871
0.78954659801208327 -0.15813698530415549 0.5929661570835717 13.546548363368471 -0.37061090608737507 0.64727381730563505 0.66609621055796908 -4.893940334569912 -0.4891459146886955 -0.74567372175067603 0.45244554902645995 0.39898295865428157
0.76216657604110605 -0.18962535244061232 0.61898653949625648 13.519751254080958 -0.37695597070239339 0.64733921829325314 0.66246217447586886 -4.886768837499937 -0.52631388592511352 -0.73823719912454533 0.42189990674466038 0.43487359905904882
0.73420022390015349 -0.20713837387512893 0.64656300953065016 13.500894907343081 -0.38360830963151354 0.65917798502361369 0.6467836182540968 -4.8787722305684085 -0.56017380874744327 -0.72289562049342626 0.40450862273233046 0.46539123306016433
0.70455187548214726 -0.22354782645974422 0.6735228459671676 13.487099636288997 -0.39117241453322199 0.66954553065607447 0.63142135257427345 -4.8736038259854899 -0.59210708226032727 -0.70833265607594276 0.38428381630451491 0.49989848619579108
0.67287930240562976 -0.23758185009417548 0.70056285149866604 13.467995758223378 -0.40034013624297032 0.67940591438857667 0.61492713292452972 -4.8676168475743626 -0.62206207062243646 -0.69423516764829118 0.36204462748848532 0.53249920435197873
0.63955860236469486 -0.25039816661246322 0.72681878917542808 13.447390763740009 -0.4111439111091057 0.68746656865979183 0.59862375607140716 -4.8636805094130535 -0.64955791004284291 -0.68168209242450328 0.33672547626891125 0.56621644329277754
0.60407078577298401 -0.26241231466696535 0.75248804833481264 13.423442341567995 -0.42277855213110249 0.69488460684792375 0.58171614987357456 -4.8602813709056258 -0.67554184299237774 -0.66953353932191628 0.30881719202390545 0.60325988508713524
0.56778922579974478 -0.27387708284021756 0.77627748811920294 13.397736184922046 -0.43572141488989119 0.70009536885465717 0.56569720090752873 -4.862129251195209 -0.69839977353381055 -0.65943750121083822 0.27817249742691708 0.63986033467748282
0.53154239822572125 -0.28448934208824322 0.79782735797078752 13.377723712085944 -0.44797257499863313 0.70498114501225329 0.54983830098157616 -4.8608718540014983 -0.71887638084551275 -0.64966714509463297 0.24728394538879073 0.67061895205238686
0.49488634008868349 -0.29372086129152636 0.81781144895127988 13.357583938753896 -0.45953231330036309 0.71030881555302749 0.53318987197852152 -4.8509330162288959 -0.73750767007973883 -0.63967917129590757 0.2165479032078953 0.69462912305266034
0.45733905462717039 -0.30349604735418806 0.83590139272112152 13.330979592651024 -0.47192415211850519 0.71386222870372296 0.51738603873450584 -4.8442643414486906 -0.75374304889660915 -0.63110289784672835 0.18324996199046262 0.73051496656576143
0.42164887917292926 -0.31346476117379302 0.85085372784895852 13.309773904510978 -0.48213065872528743 0.71720808256060398 0.50315265499335537 -4.8414906251553687 -0.76795979752154553 -0.62237642131751658 0.15127901235355867 0.75736511415976804
0.38614558499778207 -0.3237581330244298 0.86375474440795774 13.284999495689807 -0.4920452037010199 0.7197466767800047 0.48975120089588475 -4.8379195916759556 -0.78024554128911405 -0.61412164313324358 0.11862336504155702 0.78926609283876503
0.35160467873133383 -0.33421882521362611 0.87445521713067687 13.260887742532075 -0.50115990511209785 0.72177223536743851 0.47737154268004295 -4.8354351007948173 -0.79070405298206781 -0.6060879615414867 0.086281420202827253 0.8217828009559125
0.31929050318618246 -0.34389644924667234 0.88305651391666073 13.237475171266945 -0.5085639392488539 0.72410068014489626 0.46587651229632387 -4.8295510738423397 -0.79963510069956456 -0.59784064533053427 0.056305137598339661 0.84865114907888928
0.28487445823089219 -0.34562859015314956 0.89408468319080492 13.190835834304703 -0.51524332480289581 0.73131858291324647 0.44687520241317813 -4.7761601939586651 -0.80831358970000844 -0.58797449600684837 0.030251161164148721 0.85282047134134897
0.25595211856950584 -0.35392070869332271 0.89957136735102794 13.163762687349058 -0.520143860128505 0.73395722575300093 0.43675754777173187 -4.7652974593002444 -0.81482444598232329 -0.57969554312843796 0.0037682232717166642 0.8782857329512298
0.22721548515210133 -0.36351197086561526 0.90345568255697595 13.131173940826558 -0.52420070663848883 0.73619809650583856 0.42804904142035982 -4.7565072550474303 -0.82072330444968122 -0.57085147782814405 -0.023277624333677638 0.9182785032118802
0.20040182007400753 -0.373330872817981 0.90579422051147473 13.102541914968047 -0.52866739653771277 0.73718220764609088 0.4208006375566376 -4.7514940942975796 -0.8248332524511014 -0.56319308601136109 -0.049635204441382363 0.96582956144794252
0.17522105574085367 -0.38418122724455978 0.90647800097847075 13.073155628806573 -0.53243435084235657 0.73748917499173539 0.4154796972333159 -4.7559511329443636 -0.82813721306806332 -0.55544081719196092 -0.075327650494273923 1.0187772564960049
0.15242664568262798 -0.39251251886479444 0.90702813639950397 13.040104004365011 -0.53376979228409327 0.73969769048406153 0.4098013366712478 -4.7506081348105456 -0.83177877258976662 -0.54660886310684709 -0.096761687883695435 1.0603470536012229
0.13281593461918484 -0.39900448512794756 0.90727909066560875 13.005280527237911 -0.53361996181079274 0.74260791158523687 0.40470140351629752 -4.7441340999353265 -0.83523030588471858 -0.53789302886242585 -0.11428659428351629 1.0946199420624785
0.11106570453367082 -0.40215932316529857 0.90880816901459949 12.976138181032409 -0.52644062628958432 0.75181833821566713 0.39702575900621745 -4.7385413130782448 -0.84292625790650877 -0.52252948731517701 -0.12821177254007843 1.1282890532527756
0.089991435901751959 -0.40457097140911341 0.91006805820082903 12.940132705497188 -0.52109086158274265 0.75959423068328502 0.3892054967335678 -4.7271667387852983 -0.84874369242975589 -0.50925331005871199 -0.14246126054106667 1.1730427999527271
0.071730095835332741 -0.40817734890635216 0.91008024107286056 12.90435487903841 -0.51677209486467501 0.7652078627176867 0.38393167205142797 -4.7232106738432931 -0.85311276823209559 -0.49784352830463913 -0.15604623034395515 1.2227251794941634
0.055538207198673417 -0.41158939497229186 0.90967558914565827 12.864821398050466 -0.51251067714622256 0.77014552040332107 0.37974818395065219 -4.7206615415488828 -0.85688290527485611 -0.48730898550000146 -0.16817145803816347 1.26992214624042
0.042667649998266777 -0.41703397060599573 0.90788883625927641 12.833205142128818 -0.50806189027766746 0.77339085547742659 0.37913018913214724 -4.7244214993492548 -0.8602630919033486 -0.47744031252554681 -0.17888029708271236 1.315905966838758
0.029265290414503542 -0.42078248454639711 0.90668938643612451 12.792461941822712 -0.50442308526760593 0.77689090838118147 0.37682604411554704 -4.716834944479368 -0.86296054013266699 -0.46838298130229256 -0.18951646102729947 1.3688985061875714
0.018165731566652576 -0.42303691240017222 0.90593033779842991 12.748182245913227 -0.49970411428703015 0.78095839848221893 0.37469958367297718 -4.7054545850836913 -0.86600566069816365 -0.45950380911045419 -0.19720660499009712 1.4100004352590345
0.0066513276712694136 -0.42606047532223096 0.90467023340463926 12.709195129867897 -0.49578839870916674 0.78426150806749195 0.37299832528994503 -4.6873788664194631 -0.86841788532112241 -0.45100594046187242 -0.20601946054315445 1.4629121907290363
-0.0036237463100998735 -0.43059985527584327 0.9025356686021353 12.672045678036403 -0.49283270264551587 0.78609054563406899 0.37306511665907377 -4.6793354998776451 -0.87011654142752448 -0.44344719945124766 -0.21506228314850784 1.5206375970173447
-0.012620284522282033 -0.43362797988804408 0.90100360902539745 12.635124035482017 -0.48828745353219744 0.7890059994950942 0.37288724231835774 -4.6677335967595788 -0.8725915947003039 -0.43524281478154409 -0.22169258228325961 1.5625673629734911
-0.022157076085014937 -0.43800404359595896 0.89869990640533204 12.59968042500704 -0.48407239875659985 0.79122169555774613 0.37368722381258462 -4.6628838531518708 -0.87474737881367481 -0.42675600320594737 -0.22955682735717375 1.6061540522780293
-0.032602307564761235 -0.44114298894647591 0.89684444183192824 12.56353283467319 -0.47952875972118597 0.79420200251734963 0.37322291971111998 -4.6506899449289358 -0.87692032599416614 -0.41789477443586376 -0.23743356830382023 1.6440976751308454
-0.043746027336402094 -0.44425838048527433 0.8948300265753738 12.535572519301676 -0.47602248068046815 0.79674496205873047 0.37229029442203498 -4.6431041837034899 -0.8783443988431282 -0.40967298764091514 -0.24633140323204938 1.6848137766915658
-0.054325447430772389 -0.4471442119999125 0.89281061790080873 12.513332612071565 -0.47091257620903393 0.7999246024629626 0.3719703965944629 -4.6443173668510962 -0.88050558847154248 -0.40022828991645321 -0.25402209474952042 1.7083300361314451
-0.065248431579488564 -0.4491441461834012 0.8910736098244636 12.489560545018243 -0.46601706399698889 0.80333069127394929 0.37079360366778852 -4.6439626023976013 -0.88236655548589515 -0.39106180637656524 -0.2617249039611147 1.727249911802329
-0.078503625036006941 -0.45320683636239834 0.88794185864311659 12.475172097194033 -0.46134418425128365 0.80609259352429974 0.37064305513901874 -4.649067958264137 -0.88374132217166568 -0.38054998901544368 -0.2723655289250495 1.7530166784837851
-0.094468353486957923 -0.45624498676605807 0.88482554339276553 12.461982860843944 -0.45592552400610864 0.80994077597148473 0.36895508666837001 -4.6477468050014465 -0.88499019584920746 -0.36855996997713775 -0.28452750619445033 1.7767765102173665
-0.11119197646569723 -0.4581861553620466 0.88187402241147728 12.450608828315568 -0.4487826614745532 0.81489352624640499 0.36680057748252842 -4.6423600286110904 -0.88669637820928804 -0.35498448968405111 -0.29623562404661152 1.7862383598246743
-0.12951422897511411 -0.46007911235588989 0.878381053340063 12.435563557410731 -0.44080459809815192 0.82021132017020471 0.364615820501767 -4.6427154127448782 -0.88821020641991555 -0.33997147033018293 -0.30903402494389698 1.7880244110789205
-0.15002531738598335 -0.46343805703105556 0.87333703198622881 12.438514652380906 -0.43274750757029701 0.8250046906786529 0.36345131042536638 -4.6450237345933489 -0.88894431706093435 -0.32340752565996411 -0.32432325465740042 1.7942696226127302
-0.17378593754756966 -0.4626194407825599 0.86935706181105121 12.438712731243463 -0.42510400580879981 0.83154478732613102 0.35751902175415978 -4.6486099042657889 -0.88830458298717796 -0.30743539106740958 -0.3411721679199593 1.7969984694590577
-0.20217397046905305 -0.46027674273322927 0.86444838235933308 12.440381436020234 -0.41709740827832387 0.83908966386470374 0.34922526827668676 -4.6411583771383 -0.88608997154481117 -0.28995492079684948 -0.36162232540788897 1.813685529073062
-0.23070431229931465 -0.45657574569203097 0.85925206356008632 12.434688895065053 -0.4074755068427165 0.84724562301889361 0.34079108790958446 -4.6401799490211983 -0.88359449500875231 -0.27150219653088026 -0.38150665219512958 1.824836676128577
-0.2613352254708492 -0.45133947573635252 0.85322715473086941 12.425103439336779 -0.39702242613708955 0.85597204474839284 0.33118733634225006 -4.6372754727516243 -0.87981651102506586 -0.25219939780120371 -0.40288754097935375 1.8442882761232959
-0.29241706312325166 -0.44410308607510884 0.84691481869957674 12.407659816195329 -0.38603875279411792 0.86507670716260665 0.32033790294915709 -4.6333847926254466 -0.87490933389439529 -0.23326967154618738 -0.42440419154527653 1.8630057697964999
-0.32556551874257145 -0.43576792955556104 0.83911465520317297 12.394331651868054 -0.37475740275166186 0.87425077224144476 0.30861379800337196 -4.6227264739780045 -0.86808063109869527 -0.21399041755671436 -0.44793316365859082 1.8920415746463755
-0.35784079957653803 -0.42694961201717935 0.83046010798641268 12.375743000661037 -0.36264844015086467 0.88308356448218894 0.29774070430086719 -4.6196104468159485 -0.86048595050388188 -0.19462129107528731 -0.47083593962825265 1.9181406751954877
-0.39113565403943307 -0.41648767589492564 0.82070147798501514 12.354582461147645 -0.35033534765547103 0.89198741757184774 0.28569842680110508 -4.6131370180862028 -0.85104526573048112 -0.17577389658635192 -0.49479843669577761 1.9505352719053952
-0.42454570192207663 -0.40635469993871765 0.80909628896516783 12.337103530694158 -0.33924259596945538 0.89992122101805738 0.27396397033419112 -4.6091413923058155 -0.83944946724588276 -0.15816969937090797 -0.51991050974328323 1.9954432979601837
-0.45688593081342832 -0.39501720286801034 0.79700480278545427 12.308036229095034 -0.32649702570658135 0.90792213083693973 0.26282522051977214 -4.611240675648987 -0.8274387822851329 -0.14013855206489068 -0.54378878969288502 2.0374326042523689
-0.48694969245881836 -0.38312148563695986 0.78491905586346367 12.274525787972641 -0.31499141487562915 0.91521887606149988 0.25130622247643236 -4.6123958366451978 -0.81465354941159596 -0.12486927622138928 -0.5663455290606918 2.0690483895933287
-0.51754415474074933 -0.36943525086085982 0.77179378289479417 12.239098746576156 -0.30251762483595113 0.92273752310088608 0.23882744843350065 -4.6028789801739389 -0.8003943618974948 -0.10987747213608083 -0.58931808606192182 2.1143672439631627
-0.5465751940963246 -0.35629973170344109 0.75782983471662146 12.19439424214355 -0.2899872033514509 0.92950770786735704 0.22786584410037472 -4.6015732851229521 -0.78559721173828656 -0.095215136418680166 -0.61136821859318369 2.1635053342603223
-0.57539929161479764 -0.34344197429156115 0.74226899807543101 12.153264993451126 -0.27785797815773777 0.93566776322866418 0.21753340163929424 -4.6020738803775147 -0.76922727407657854 -0.081076797848601889 -0.63381066073973047 2.2234649605208858
-0.60200484310430658 -0.32906209022182109 0.72753577895372645 12.107765223127624 -0.26593395984402401 0.94174548164956917 0.20589943369105698 -4.5882351117304037 -0.75290723059394016 -0.069524014350920718 -0.65444412561187892 2.2817764162024909
-0.62748915702421049 -0.31576346390770604 0.71172381769760462 12.060681932800495 -0.25481970704980927 0.9470210376874767 0.19549442722590388 -4.5840471863262522 -0.73574742589838238 -0.058690621383162229 -0.67470818599270244 2.3474341254038715
-0.6519587312040509 -0.30354944392737554 0.69484354202812149 12.015606256968795 -0.24422554173821984 0.95160254568441172 0.18656494796617104 -4.5798172816502172 -0.71784656965780491 -0.048065893711946868 -0.69454011568245266 2.4226591479539099
-0.67447088992294146 -0.29050795962087339 0.67874453518497868 11.958539855426851 -0.23434125915637949 0.95603056802360364 0.17632279280191898 -4.5637649563411902 -0.70012369828735144 -0.040133258045950707 -0.71289278906092135 2.500556646298898
-0.69400239747886983 -0.27903332265012049 0.66370255170853099 11.89778521403473 -0.22458646178414532 0.95974775212048924 0.16865696986174811 -4.5460558736395527 -0.68404794676752023 -0.032010266329753082 -0.72873434760043998 2.5681481938532622
-0.71236458930860658 -0.26886882449146898 0.64826402577634701 11.82983098057152 -0.21580913311948408 0.96286887506984442 0.16220341390966192 -4.5279197091607095 -0.66780469447391388 -0.024353329101130125 -0.74393803868352837 2.6474769013983628
-0.72940071355655967 -0.25784076365253938 0.63363454740272651 11.761732007169931 -0.20674974955700284 0.96602208021513014 0.15509958605666643 -4.4940387833921305 -0.65209595928919795 -0.017874035244119065 -0.75792570793105685 2.7223940420932879
-0.74439059507935168 -0.24708272612071738 0.62034890860721537 11.676049520184158 -0.19737637810048428 0.96892649508188111 0.14907720314077585 -4.4611286325348249 -0.63790689549913426 -0.011470552780752964 -0.77002806383505318 2.7925561506543097
-0.75814672915115855 -0.23849264259642305 0.60690592063743709 11.59662494814188 -0.19024592609492613 0.97112375968908482 0.14396225537140159 -4.4291024302169335 -0.62371469814465985 -0.0063168658931110301 -0.78162655566683803 2.8764307687024719
-0.77055697711672155 -0.22988364310145809 0.59447073573990306 11.510625378347219 -0.18364220982658802 0.97321465671301011 0.13830679928689454 -4.3900829246694979 -0.6103421038948138 -0.0025966504153148431 -0.79213368418460339 2.9574414760738592
-0.78195898884537396 -0.22082835040823415 0.58290220399300186 11.419006876302667 -0.17739022779678135 0.97531252970498972 0.13152253222417656 -4.3376832596830939 -0.59755572697960735 -0.00055592844116431506 -0.80182719091924159 3.0451777220613012
-0.79099883462337517 -0.21126577199430016 0.57418430595769021 11.305022378034067 -0.16952207581699738 0.97742568704643373 0.12610032558444553 -4.2863238397766654 -0.58786317237530561 0.0024082951354350251 -0.80895679160223533 3.1170754985258133
-0.800536256039033 -0.20217313946127671 0.56415221744435218 11.206244687840718 -0.16468008648109531 0.97934929997006748 0.11728349314680943 -4.212484898223031 -0.57621365124716317 0.00098505254168877428 -0.81729851204312332 3.2075036658307496
-0.80881880861777256 -0.19649865806776748 0.55425663027490646 11.105992093704256 -0.16142196765080238 0.98050340506934008 0.11205365235980883 -4.1627011193991796 -0.56546890558709872 0.0011619057604519297 -0.82476879595989416 3.3068217060525109
-0.81671109131637087 -0.18960615846131881 0.54500687885050036 11.002821110050508 -0.15847343096473179 0.98185930820087264 0.1041079755713762 -4.0961426789580342 -0.55485959034614252 -0.0013429716471819733 -0.83194292558327954 3.4154814174057013
-0.82396604331502976 -0.18381673068587082 0.53599568000473019 10.899122161801646 -0.15570951195849117 0.98295616320668333 0.097732947871455395 -4.0380223497308645 -0.54482520807083035 -0.0029309953862390044 -0.83854451397443586 3.522313429094317
-0.82950924667176351 -0.17838249840487433 0.5292391651690932 10.779207472637344 -0.15284426383083374 0.98395089633174726 0.092082922531605924 -3.9884944370590527 -0.53717133272360529 -0.0045075348901883116 -0.84346110842715194 3.6244143232272812
-0.8346204304201863 -0.17328526843935646 0.52285844438731555 10.656085307980049 -0.15066771035925033 0.98484614515566915 0.085891276781287051 -3.9330835985899935 -0.52981881637058192 -0.0070912702612991197 -0.84808120820223176 3.7311473475765271
-0.83969847652621032 -0.16868810859789976 0.51618871601113592 10.540091049158745 -0.1499347827401383 0.98559954086606538 0.07818635411162668 -3.873277514269915 -0.52194446969407526 -0.011741680555368901 -0.85289864784363845 3.8496347309593175
-0.84438008724714231 -0.16227737603457643 0.51057645998208889 10.398610568982095 -0.14733369362929705 0.98661241135473787 0.06991947141060087 -3.8158289936745544 -0.51508742071813141 -0.016186506359374905 -0.85698479918247172 3.9760030872086012
-0.84758468330679615 -0.15457505096932814 0.5076482623249573 10.268003570312073 -0.14291657042136055 0.98778120975631856 0.062154127387809052 -3.7406486321872774 -0.51105289209896398 -0.019870462253639691 -0.85931956000495657 4.080747139666526
-0.85176239593705838 -0.14998509816743824 0.50200128604941496 10.14167159833406 -0.14289421820976431 0.98832681204142381 0.052833275520795857 -3.6838456817947161 -0.504065534697407 -0.026731683967531596 -0.86325161673898876 4.216121794110812
-0.85484504532984174 -0.14651725451871769 0.49776765925813088 9.9886619042039069 -0.14230290125158898 0.9887235078018014 0.046644500377661109 -3.6658131565628449 -0.49898881026572323 -0.030959962021914859 -0.8660552222469422 4.3564280763126986
-0.85847812753065078 -0.14194435842161193 0.49281548642848594 9.8544787384658292 -0.14238498510987255 0.98912471010495628 0.036862228297373442 -3.6222533568409454 -0.49268836049447079 -0.038524108971698029 -0.86935267438549224 4.5043472804067619
-0.8614517623689224 -0.13583891277219801 0.48933490667266366 9.7066369179681899 -0.14104604615940963 0.98965041735823012 0.026420906219859458 -3.5872278202896259 -0.48785948179191407 -0.046258417607480978 -0.87169563772349856 4.6505317425479227
-0.86529206692199612 -0.1300627157084861 0.48410053594722829 9.5809495109295835 -0.1402462659884266 0.98999839471336926 0.015302396585349848 -3.5592268562081943 -0.48124902472437664 -0.054652250159397391 -0.87487856743341896 4.8049363566914103
-0.86872744076769925 -0.12175135610135324 0.48009295031762872 9.4569600994514005 -0.13753562314045942 0.99049410778097258 0.0023183654890056534 -3.5240957553965213 -0.4758115026190195 -0.064015855369248642 -0.87721455997764575 4.9480353493330611
-0.87310082162294367 -0.11491860187542967 0.47380235354453193 9.3622018333992632 -0.13630429865169205 0.99060696246106006 -0.010907982982305661 -3.4992174631310071 -0.4680983800980425 -0.074105066403508613 -0.88056365226082356 5.1065530464132625
-0.87674983841369691 -0.10767077802900288 0.46873950590939811 9.2706813858488495 -0.13531456977531539 0.99047233199291185 -0.025583720664600587 -3.4692434333939826 -0.46151889240645261 -0.085857807537533803 -0.88296588203439086 5.2516697147747688
-0.88086162345052244 -0.10072725158054485 0.46253304867991907 9.1859282879574913 -0.13384121979383176 0.99022533837638271 -0.03924674663558339 -3.4467428288207791 -0.45405872771725242 -0.096476940386851423 -0.88573295736208357 5.4026295781514682
-0.88444322607946124 -0.092165198595450235 0.4574557421325216 9.0991284356212336 -0.13102646442797214 0.98991337762474363 -0.053884788382966994 -3.4318204058121755 -0.4478752565856482 -0.10759684459793885 -0.88759826136090791 5.5431287954282649
-0.88863235849968469 -0.085951379681350082 0.45049405296647477 9.0493064187684702 -0.12970380945935372 0.98927965906088056 -0.067101996841522071 -3.4193648096635187 -0.43989709391972603 -0.11805980052185577 -0.89025413801999265 5.6830362202097469
-0.89384180315819228 -0.078575718904589809 0.44144386656237355 9.0057644567718107 -0.12769090311953163 0.98836648421915285 -0.08262400457971876 -3.4042829283704497 -0.4298160818157345 -0.13022115523561403 -0.89347668494576404 5.8409059920768662
-0.89918374254391864 -0.071350661368292531 0.431714813583017 8.9906745794065976 -0.12506992765029643 0.98736394135481509 -0.097313722104515929 -3.3868485215845219 -0.4193162414482195 -0.14149745734320665 -0.89674542609546992 5.9864735507521738
-0.90278130558919956 -0.064927302574342663 0.42517097697171208 8.9376918582868701 -0.12244614038130415 0.98643186948547978 -0.10935771380704433 -3.3990485097249001 -0.41230190029198543 -0.150786644779308 -0.89848234861449372 6.1104572026636177
-0.90863342537073821 -0.055914365481964406 0.41383436545529695 8.9418088990945961 -0.11882880166261786 0.98464696840478194 -0.12786736685604561 -3.342058817822199 -0.40033113068366943 -0.16536000527340833 -0.90132738472849749 6.2360886896856931
-0.91238300518404558 -0.048904273604168748 0.40640573799416152 8.9092833068208002 -0.11625495139831739 0.98291253843241133 -0.14271554949523996 -3.3360002023241639 -0.39248189528525435 -0.17745792125346793 -0.90247805959906491 6.3361494964096989
-0.917804610750939 -0.041810358703661107 0.39482475908862369 8.9074538840620114 -0.11438350216377695 0.98012187171864862 -0.16210345774067278 -3.2854055361495882 -0.38019877816356507 -0.19394073961858568 -0.90434278821646452 6.4634116962434103
-0.92229002553993622 -0.037521495843808567 0.38467290798701609 8.8865247357763675 -0.11350011070732266 0.97768745645717892 -0.17676244611262157 -3.2869248330113634 -0.369457485590656 -0.20668665858234539 -0.90597008311814342 6.5613145228704495
-0.92663002489577395 -0.030986301575470353 0.374695404397134 8.8604364825031485 -0.11101126738101072 0.97471472929512071 -0.19392703527255115 -3.2589984237531078 -0.3592120480664861 -0.22129402524653383 -0.90663976248235856 6.6217193507746472
-0.93176563150065705 -0.022570182446147447 0.36235810301210297 8.8218443313798165 -0.10475645854503227 0.97233011184769991 -0.20880670005376331 -3.2438927783928886 -0.347618889514487 -0.23251825833380688 -0.90834815307465044 6.698362097431616
-0.93795116672672618 -0.017179842793514602 0.34634153928970751 8.8323515483441444 -0.10170893289184753 0.96847420475901869 -0.22740494208875053 -3.1893311401553124 -0.33151606568306091 -0.24852075912884311 -0.91012885377623798 6.7637197199812178
-0.94426351150166909 -0.008215433352067196 0.32908802394097536 8.8386025462266975 -0.095510603998526913 0.9635240677778466 -0.24999819066678897 -3.0861721636096258 -0.31503038801102157 -0.26749556532337004 -0.91060528065784729 6.8049438519992931
-0.94861797190301766 -0.0026474822348384747 0.31641260123519444 8.7591646344566758 -0.090640449616162064 0.96033438859571374 -0.26370849621101822 -3.0871410333204521 -0.30316373839228516 -0.27883839928946808 -0.91123042903850715 6.8401476975416315
-0.95429438619930473 0.0013882883532135959 0.29886501488789324 8.7341035761879358 -0.085793843786078794 0.95662903757009632 -0.27838875847656125 -3.0783561630690803 -0.28628943542663637 -0.2913056077955925 -0.91278661363428104 6.8400365890433239
-0.95987380563334779 0.0067926213431570926 0.2803500268490145 8.7199966137929383 -0.080055823937202814 0.95146834178662676 -0.29715157686194843 -3.0217821981148654 -0.26876261330901335 -0.30767166732264334 -0.91274574927206031 6.8317679300199927
-0.96589589059567027 0.0094512026026404971 0.25875819465238453 8.7060200056534338 -0.074303962674036578 0.9471855857016972 -0.31195895141808044 -3.0132345824348827 -0.24804041941049215 -0.32054662844631004 -0.9141804030553109 6.862248675505576
-0.9712428915269502 0.011054825429050069 0.23783405242543065 8.7007054067719007 -0.069205243027918917 0.94268430676659398 -0.32643059310278022 -3.0189498909595796 -0.22781106205760937 -0.33350275652641825 -0.91481038002061665 6.8656903625736039
-0.97754121304510977 0.015841590016012128 0.21014809260152795 8.7326559789464486 -0.059086420557940507 0.9365741807095318 -0.34545274486377947 -2.9715319184058928 -0.2022917984099849 -0.35011119384280459 -0.91460383786753319 6.8887423859247754
-0.9830305141387361 0.019095128909861356 0.18244556537238485 8.7549172119178635 -0.04939600998018033 0.93027813670067561 -0.36351426736065967 -2.9234998997749226 -0.17666647239974909 -0.366357700108289 -0.91354857183468607 6.9266044729365461
-0.98689435694789895 0.02387255698458458 0.15959207138016215 8.7369575891983242 -0.039561914674052741 0.92301906733476202 -0.38271484978217019 -2.8722579949798788 -0.15644290693961163 -0.38401289348078393 -0.90997786484551391 6.9099044721023439
-0.99081285806203478 0.02043485610667713 0.13368731037328091 8.7562303176827072 -0.03373094762039569 0.9199372985168337 -0.39061181493930797 -2.9712717683750496 -0.13096603938263027 -0.39153260841652693 -0.91079641692036661 6.9383773667057858
-0.99339123892363901 0.020045027579519051 0.11301346512294355 8.6896420400946397 -0.027235201480912706 0.91534374675333663 -0.4017512527421136 -3.0230222392681765 -0.11149928354053469 -0.40217411919329155 -0.90874852826348418 6.9207303113222141
-0.99587721663785089 0.023621830954212535 0.087581838779606805 8.6296022810362771 -0.015046165781776715 0.90910985229416774 -0.41628462541504441 -2.9892914116268892 -0.089454917566971812 -0.41588614495321574 -0.90500637133615736 6.8997574521727136
-0.99801669777497004 0.024979363995532199 0.057781505144143312 8.6470178857241837 -0.0029421065349849603 0.89838653806077551 -0.43919582447959543 -2.8330715607815495 -0.062880958735381479 -0.43849476576756702 -0.89653127409085154 6.8634988287210534
-0.99920145880119482 0.025536646744687475 0.030729861740691759 8.5833812664203002 0.0088346990791306687 0.8912713456075757 -0.45338431445192562 -2.7453176391608256 -0.03896656030170223 -0.45275077931672125 -0.89078523730827297 6.8490227461059785
-0.99963525275117693 0.027000613392955817 0.00057300392173734475 8.5542063580029915 0.023552442907501903 0.88196443380915035 -0.47072711832737424 -2.6409516491244238 -0.013215290014943098 -0.47054192626386548 -0.88227867011376393 6.8113206303270903
-0.99923550459173627 0.027902084514687422 -0.027383937683147157 8.4635770285379373 0.037649578872412964 0.87548482282888251 -0.48177674726683339 -2.6014151772993195 0.010531646311436865 -0.48243942487737834 -0.87586602043346562 6.7826138071831741
-0.99854126544565247 0.024156703932985669 -0.048288661788149854 8.3261402825658983 0.045021309539701217 0.86620814136084823 -0.49765101981962739 -2.5327046471801622 0.029806423628584783 -0.49909909787063217 -0.86603214005901386 6.7184338566045572
-0.99749614643116802 0.01997075469090635 -0.067842514782741378 8.1516312128041744 0.051889200168875056 0.85847471071856418 -0.51022414874495314 -2.4942187546672367 0.048051521940571849 -0.51246691601873506 -0.8573614822380593 6.6587738411129731
-0.99541405068433808 0.016031239403823849 -0.094307301219874129 8.0169777684350052 0.063171597409573108 0.85047746078121089 -0.52220440249376188 -2.4879993757724463 0.071834650280499054 -0.5257671424369551 -0.84758993325355014 6.5527963329146388
-0.99480479350555573 0.0055971402816108878 -0.10164691258978957 7.7531832840929908 0.059564905519050262 0.84172903371472763 -0.53660437552462947 -2.4417349667441473 0.082555707548751397 -0.53987119373267078 -0.8376894707042617 6.4317435691148193
-0.99152638471561749 -0.0044009098338857258 -0.12983089156827049 7.6647702612792736 0.067461925998091116 0.83664783093864037 -0.54357087442788588 -2.4442676569028703 0.11101494022610686 -0.54772350595743313 -0.82926150523721542 6.3542352822672434
-0.98854442939731046 -0.016446910040637367 -0.15003136424648447 7.5158401888126782 0.071651894118930456 0.82374791645302015 -0.56241032725980211 -2.2879362232168914 0.13283793575901312 -0.56671762747370347 -0.81313296178045902 6.2234785960824057
-0.98330093846668154 -0.026125695783229791 -0.18010195010156446 7.5096344587353876 0.082255014079605282 0.81898462833069618 -0.56788933007831333 -2.3440057261305212 0.16233723254173155 -0.57322039965258875 -0.80315938415287103 6.2087071613699587
-0.97860719771169857 -0.036232736395668867 -0.20252195288446828 7.3255437731389872 0.088636710194628515 0.81408115670655357 -0.57394721351461697 -2.361090716281141 0.18566498375496185 -0.57961975389784792 -0.79345412891903733 6.1382063939978213
-0.97404503741828896 -0.042416582872940013 -0.22234454924325814 7.1861081391674766 0.09865247356378376 0.80453354738626737 -0.58565643562571368 -2.3131442689132697 0.20372519368146783 -0.59239058451958182 -0.77946740844758677 6.0145624694446873
-0.97115811066389113 -0.056938505366501219 -0.23153818410441679 6.9091678661424449 0.095063544034931904 0.7980887583292704 -0.594993492757662 -2.3212480170034309 0.21866606203812344 -0.59984359664421893 -0.76965759456895344 5.8961571250610527
-0.96825148046084264 -0.071746690869928728 -0.23946081711754477 6.6526534951632819 0.092791345314465881 0.78633103305839458 -0.6107972435137945 -2.2626769541984153 0.23211815271563507 -0.61362522666407138 -0.75470871492341263 5.7075397234768754
-0.96881454692520252 -0.098268831176834187 -0.22746782296679749 6.1372491649735279 0.066775879526889875 0.78049220276997755 -0.62158901480695317 -2.4135998905492482 0.23861968816408621 -0.61739384369655581 -0.74959021217333666 5.5637602716949779
-0.96610495180559108 -0.11893773681757559 -0.22911795402680829 5.8477212189688954 0.051813608510792655 0.78013854561788765 -0.62345745613818548 -2.4846480378480504 0.25289636626453893 -0.61419676358795672 -0.74753311868322792 5.3902014232714741
-0.96114543085766302 -0.1201965413445702 -0.24850000440692216 5.8741575743286392 0.055905712909518637 0.79680941698444174 -0.601638848703267 -2.6816473854856104 0.27032205238477269 -0.59215500036199742 -0.75913005706582792 5.39446207607876
-0.95415070036353766 -0.12203880157121273 -0.27331844413949352 5.8656458480784659 0.058743253492140803 0.81900900136677079 -0.57076570136034177 -2.8971751899597766 0.29350582816177495 -0.56065210834461943 -0.77428905600157116 5.463056345954838
-0.94406116486963887 -0.10881026902227675 -0.31130185084621792 6.1363136966539962 0.081058600698871247 0.83846599537586142 -0.53889171254632129 -3.0861461932472913 0.31965296844816271 -0.5339804303096376 -0.78274317614950362 5.4962122989818747
-0.9326238591152558 -0.093030241587093485 -0.34865184863874632 6.3686893402289293 0.09965606144703347 0.86221743755680202 -0.49663845983758392 -3.3469271217854182 0.34681609943287434 -0.49792214705034898 -0.79485352653865604 5.5981655521314524
-0.9349299667975095 -0.059331076926846957 -0.34983679122515027 6.3573116795342894 0.098112972258788414 0.90425717548379636 -0.41556323858182287 -3.8918069424053954 0.34099824318983674 -0.42284605224214566 -0.83959598274686753 6.0995406822767047
-0.93908424607525265 -0.033534305407852377 -0.34204711537168031 6.2278217623348979 0.086282069874506997 0.9403526089425821 -0.32907806866008255 -4.4168161136050914 0.33268030177851737 -0.33854456311642661 -0.88017691153134825 6.6072384056571973
-0.92377569716284968 0.0061434926464922499 -0.38288473308476828 6.6111206238638456 0.10812378040890597 0.96337079390307001 -0.2454097829440697 -4.9345582365163025 0.36735229608834413 -0.26810253813172158 -0.89060278441398943 6.7816701779472002
-0.90757112851333144 0.0094170228444529769 -0.41979276598077031 6.776345447396098 0.12489809343373454 0.96055203903280684 -0.2484758470486321 -4.7456089610628309 0.40089289460609906 -0.277940821022505 -0.87294546625988034 6.3959932436152878
-0.90809489482516215 -0.014623436978917733 -0.41850904062326083 6.5465746422245781 0.11080371277873292 0.95538033103358777 -0.27380825463926467 -4.2317054557737235 0.4038393235272249 -0.29501623373142699 -0.86595567011712471 6.1684606599637295
-0.91540372433728789 -0.027900869198275939 -0.4015688769904916 6.0937465641831272 0.090898718673123768 0.95749971057715388 -0.27373660184244775 -3.9323016855943753 0.39213957261797511 -0.28708160119145076 -0.87396264785421218 6.121356409670117
-0.9224196635124664 -0.024787989191214103 -0.38539268280210692 5.7810033299803623 0.09163182794905568 0.95539203316876053 -0.28076622137354157 -3.6657906759383927 0.37516072885133356 -0.29429851944839636 -0.87900102899724697 6.0747337108543942
-0.9220487749595867 -0.031575483804159081 -0.38578367697203014 5.5753384976943039 0.093309219758616099 0.94914311910408411 -0.30070039734827197 -3.3273770635860855 0.37565868298704969 -0.31325760689870513 -0.87220996647397508 5.7978637433424725
-0.91743561617259428 -0.039049618976351154 -0.39596340416232206 5.5305196297921588 0.092294344784805138 0.94714270722163652 -0.30724981054121547 -3.0763783136323481 0.38703183861118728 -0.31842710219871528 -0.86533839420574266 5.5349382781352183
-0.91342111905075862 -0.037601721606834261 -0.40527517787826906 5.48995914636044 0.095806281444221209 0.94788206826406796 -0.30387619370273727 -2.9605536170494302 0.39557934186189647 -0.31639484065900153 -0.862213018398861 5.3554229083859344
-0.91645764599149793 -0.041701875359057318 -0.397952681477661 5.2996054644130908 0.090145840401723104 0.94746759504514844 -0.30688578298388097 -2.7856980825857183 0.38984498273286794 -0.31712160117358806 -0.86455467120773255 5.2158156498785768
-0.91617967497088992 -0.016018240113275073 -0.40044752359567498 5.396516460803821 0.10413929908405382 0.95536215967612703 -0.27647450198028822 -2.7119819727635193 0.38700104593723927 -0.29500264378923768 -0.87361526463360484 5.0625182453837247
-0.91597566705741107 0.028713677233587444 -0.40020507505334885 5.4754533064852779 0.13865593257739761 0.95863805188574502 -0.24857115246503525 -2.6234940488106617 0.37651442166246885 -0.28317593509411954 -0.88207045073721191 4.7932821979506173
-0.91599578639049772 0.07815870784651073 -0.39350087128571581 5.5077890696787026 0.17955371086945057 0.95698921819380078 -0.22788615836383694 -2.506128107039955 0.35876480349647377 -0.27939730250770461 -0.8906317775172603 4.4709986964144175
-0.91370981588293176 0.12840668920927517 -0.38554648815089942 5.6239967042216881 0.21394851949820293 0.9586292428807387 -0.18776582675883507 -2.467731575063469 0.34548574987068009 -0.25405057933453801 -0.90338137006254438 4.2994700569715762
-0.90586542055967012 0.17800110206688277 -0.38434808116761493 5.8210920466580172 0.24163981012769245 0.96243774800449666 -0.12378927004181603 -2.5316016178136937 0.34787647519731063 -0.20501021652348964 -0.91485122786455686 4.0803246797493919
-0.90063490777918975 0.21815824503128883 -0.37585069244906055 5.9446611041386408 0.26269696138736542 0.96226605524263908 -0.070953121183040452 -2.5376044405686105 0.3461893547863874 -0.16263769259503874 -0.923959907993819 3.8544447431288917
-0.89526587404073021 0.24481919502644603 -0.37223994482684297 6.0532318540484997 0.26975079525474882 0.96280472252920102 -0.01554267463787716 -2.536337012516495 0.35458923169989059 -0.11432684733723449 -0.92800638399765911 3.4315170071106245
-0.89180019196993854 0.27601652056371706 -0.3584791458066714 6.1215915014525821 0.27689044493142878 0.95959828645487677 0.050028093492953889 -2.6190430176420509 0.35780455434225128 -0.054644386800141463 -0.93219627326179566 3.0869238250596651
-0.89661439160867151 0.3086109335405251 -0.31755617528156721 6.0208059308535447 0.29231700147056633 0.95117981299392806 0.099034004281826959 -2.5965671372141994 0.33261599993305913 -0.0040317554590484465 -0.94305373205159926 2.8391875176071464
-0.89477011818302921 0.34168388042003806 -0.28746923568937482 5.9894013532109094 0.31508910373265775 0.93930826683172775 0.1357160144217559 -2.4608700945004407 0.31639420398559553 0.030856210439406968 -0.94812583656476779 2.7345313448788122
-0.8933122766607291 0.37595859073833332 -0.24626878490233459 5.8698918877066655 0.34283868837447867 0.92433951811652459 0.16750548946759361 -2.3237923564096743 0.29061109772493726 0.065204242945972768 -0.95461698946800166 2.60243702840559
-0.88898622977475039 0.40880574269104691 -0.2063524848740535 5.7338461505656859 0.37185205771273505 0.90742346523458217 0.195726089003147 -2.1680720005181624 0.26726303606312579 0.097265201816912034 -0.95870222179247921 2.5032445143248845
-0.88363894581426439 0.43758869895690489 -0.16642819468304915 5.5993738079909168 0.39904369940354656 0.8898832271298619 0.2210700523347171 -2.0194585373379299 0.24483941554943245 0.12893398550477608 -0.96095248996777505 2.3720922569796499
-0.87618742520608484 0.46449148856206812 -0.12862057752990397 5.4810763773026068 0.42556237076303016 0.87086184374485642 0.24595999207159397 -1.9121610095941437 0.22625707613526955 0.16077097425438286 -0.96070829565275218 2.2521150772216543
-0.86604821180085434 0.49133139929777048 -0.092487571600933599 5.3484474678406153 0.45430065385331053 0.85060699397953543 0.26472373845492803 -1.8001234099805676 0.20873766010233397 0.18724635605851842 -0.95987884204091589 2.1536427440392156
-0.85512382951932886 0.51523986012537526 -0.05736830768100315 5.2095625253031654 0.48158373313901381 0.83044850260244252 0.28005783777864923 -1.6901185406425006 0.1919383863746115 0.21185648695129636 -0.95826743906519463 2.0420878126632247
-0.84129634406337361 0.53988971627819637 -0.027194773811360682 5.0551407844354106 0.51140187988005437 0.81119049770145979 0.28361610267050169 -1.5255414091059742 0.17518155930562124 0.22469773184415268 -0.95855221588776529 1.9475035612236398
-0.82873185627556123 0.55964325324407282 -0.0017144948100179457 4.9223090590567748 0.53586791553908875 0.7944008720778053 0.28595949282689415 -1.4122236108963244 0.16139729703391928 0.23606499855000307 -0.95824017290537977 1.8643914767649785
-0.81460981084495021 0.57974834809048836 0.017398533314758439 4.795270096681298 0.56047141190368999 0.77909482304667266 0.28086127027512736 -1.2857223207187074 0.14927375025046791 0.23854372678446994 -0.95959066163543794 1.7866217288770618
-0.80225612189089657 0.59627401231676447 0.029024422892562796 4.6877272231859957 0.58030184961226849 0.76750892830848549 0.27235970389053549 -1.17656946053936 0.14012450972317231 0.23534516609105674 -0.9617576485645507 1.713637398592307
-0.79052148000310729 0.61134288681531201 0.036546742591060964 4.5630042494982161 0.59817227320247224 0.75793294594656557 0.26024523246458764 -1.0714275422538009 0.13139909141802936 0.22759069442549909 -0.96485063848527108 1.6289167690788029
-0.77823446673754848 0.6269556613689703 0.035745117976028196 4.4421313978597139 0.61522596828753706 0.74978919703236058 0.24354294889860881 -0.97906897776404944 0.12588932729340346 0.21152484178215311 -0.96923119975713168 1.5614301855019852
-0.76562123277932925 0.64257419251997894 0.030373261674670856 4.3132464041411058 0.63226411956307149 0.74295255951044803 0.21968972991473285 -0.87810732836475258 0.11860105830301437 0.1874030453972701 -0.97509686059654332 1.5201408515778927
-0.75614735124976207 0.65419015930662883 0.016625843266937706 4.2119185224264033 0.64387562767578554 0.73920646405814039 0.19747906111731076 -0.79933573438107541 0.11689892763871916 0.16002824426028314 -0.9801661092671432 1.4461162147370883
-0.7481892643649275 0.66347804755496909 -0.0031153012238822903 4.1145517310815514 0.65254553458544473 0.73669382522859173 0.17738808630418609 -0.75502848523392219 0.11998812433597486 0.13068698589649827 -0.98413604838742907 1.3761208709854602
-0.74168421366265114 0.67044299025977649 -0.020266327125181671 3.9789333240157103 0.66021780690646736 0.73503886180297817 0.15437071964267415 -0.71333339373206661 0.11839330490880841 0.10111413576207781 -0.98780512091295569 1.3078321804880606
-0.73394014180816169 0.67785386468628672 -0.0429651762766141 3.8329222691393232 0.66903925573652556 0.73240577471496804 0.1263655627442988 -0.65338805666881816 0.11712532828611913 0.063999369481524293 -0.99105284328326104 1.2633406779416931
-0.72870226991689124 0.68109090184431631 -0.071471569472528751 3.7166763825131723 0.67433859774552674 0.73181816422106682 0.098537455349245101 -0.60745572282043903 0.11941715709464581 0.023608429448052172 -0.99256344112123629 1.2152849565944683
-0.72388193905330089 0.68166589659235266 -0.10642623612332573 3.6287777915241866 0.67875469292034862 0.73128329004028003 0.067207265577964345 -0.55829772699287983 0.12364062904659276 -0.023587181493509492 -0.99204669230745179 1.1899258293376518
-0.71798755477871046 0.68186606778143566 -0.13983038579354184 3.4983581007356923 0.68510497655246017 0.72777939492412247 0.031117895605765285 -0.48194716580430175 0.12298391067916689 -0.073456231404563338 -0.98968638455921876 1.1880847293027621
-0.71373408846063757 0.67801727948912149 -0.1757163045463741 3.3739102830733172 0.68979742386226595 0.7239535020831418 -0.008416700929457583 -0.37407619041606116 0.12150376538299104 -0.12721594057241839 -0.98440486562289542 1.1954930240590973
-0.70978748485677001 0.67108637737655241 -0.21411398936154591 3.2724516899768048 0.69325775551049607 0.71937973922019083 -0.043433572545203122 -0.3072971022466191 0.12488158697442157 -0.17926478990338732 -0.9758425714917569 1.1947332959510992
-0.70771883930479218 0.66074190570680136 -0.25010833359970797 3.1413333497445515 0.69615084267105654 0.71255226582070086 -0.087425812676595896 -0.15715704358591367 0.12044936173121186 -0.23598602186724901 -0.96426269695649558 1.2222631561712125
-0.70733170310412818 0.64500850564341783 -0.28921599096775108 3.0733729157287595 0.69556752785335729 0.70799825634973645 -0.12216498353334185 -0.077141653155186937 0.12596696384283534 -0.28758041771542409 -0.94943658417339272 1.2478102714744614
-0.70739550746240831 0.62480891736455635 -0.33046242268029996 3.0314525156933003 0.69379055382038146 0.70314406316910449 -0.15570193916470948 -0.0030635100778396295 0.13507873056706804 -0.33941455951649091 -0.93088747619495682 1.2565686654577963
-0.70664039718956562 0.61046172799203313 -0.35776504540934984 2.8921589387141009 0.69415472991194072 0.69609758932596444 -0.18329581848875207 0.0083287202046385331 0.13714430356618504 -0.37786852844813867 -0.91564557291988513 1.2887112581685771
-0.70668544534373923 0.59437865369245868 -0.38380945451364512 2.7386101551032684 0.69302332900042796 0.69077783013700289 -0.2062635567723457 0.037579616195050673 0.14252840699483765 -0.41175235934473337 -0.90008091179269001 1.2847888833816867
-0.70459331964114269 0.57290753811733397 -0.4187185291880568 2.6847290713989569 0.69229772243791621 0.68452610273633241 -0.22835909918346142 0.06694319520516398 0.15579511360870074 -0.45077817986338198 -0.87893510291415033 1.2588256528902386
-0.70283919930684058 0.54962080253054302 -0.45159055940464554 2.6357961986251381 0.69174291314310465 0.67609709787732264 -0.25374092369610607 0.18374175773104234 0.1658577765255824 -0.49072363675244318 -0.85538383799230489 1.2213685699161005
-0.70825340432868877 0.52619224702511935 -0.4706366267381642 2.4884628400320223 0.68546218338102272 0.67205128791079793 -0.28015827949921257 0.35921102114457965 0.1688748365249946 -0.52102666494920713 -0.83666749907030713 1.19645252053258
-0.7058439676859436 0.5220473134116097 -0.47880152029947154 2.3375122439597429 0.6847601864011077 0.67589548122321097 -0.27252300009717373 0.43336864967694189 0.18134988392961499 -0.52022293396366581 -0.83455396384952274 1.2200463093446545
-0.70341406122621497 0.51397626096075322 -0.49095525421167086 2.2792023700948474 0.68152541011220236 0.68384135262653889 -0.26054581134476174 0.43987849743430668 0.2018211431952488 -0.51787006826684756 -0.83131150512467555 1.2313815070050995
-0.70170615919108115 0.5031334668990034 -0.50444541889038008 2.222549118914579 0.67712577056788315 0.69117950506556558 -0.25253035977911709 0.47702697926723586 0.22160585954832501 -0.51877510181533326 -0.82568955228362872 1.2055431134495485
-0.69955062366326448 0.49132606784393884 -0.51887148696893237 2.1828951145629141 0.6707817724470293 0.70181825537788822 -0.23979772761883947 0.47956582351132004 0.24633460716099045 -0.51580018561003893 -0.82052996888565244 1.1752205504528601
-0.70074810508799845 0.47869245796257359 -0.52896656218075722 2.1097647115940017 0.66248750821960134 0.71173780000078801 -0.23353716086101151 0.54163360678868133 0.26469301968235359 -0.51408446265160357 -0.81587668834919458 1.1827743327877429
-0.70164913038234356 0.46978116696940497 -0.53571835230330245 1.9824652289276519 0.65665817490464407 0.71817652072338833 -0.23026620770870956 0.62333919280988082 0.27656561457383516 -0.51334991988166578 -0.81239357493328601 1.2447099521730136
-0.70058797637383474 0.45751115772825091 -0.54759476614972424 1.8962866454754275 0.64993898376733861 0.72590407752074504 -0.22503908020216243 0.70600620999180297 0.29454338345971165 -0.51356285963152715 -0.80591400562789217 1.2437014246743126
-0.7011954521424939 0.44184057488148853 -0.55955504133470158 1.8140543133820828 0.63992810306911718 0.73605950380232166 -0.2206998635356201 0.8132860774581937 0.31435165149406363 -0.51282873676372276 -0.79886777751532789 1.1872292278844443
-0.70228286910611515 0.4253735276584083 -0.57083809764899529 1.7427596626253801 0.62598164648155241 0.75086219911635421 -0.21060136800694582 0.85877972802311764 0.33903650250131956 -0.5052359052023061 -0.79359368071203717 1.1460338080136827
-0.70513351108616606 0.41142136966491638 -0.57751120173234649 1.6440920409432369 0.61235901302840101 0.76395691537385779 -0.20343615857399286 0.92060092903453428 0.35749569326941183 -0.49709384228282733 -0.79062920592292651 1.1582324074793551
-0.70575471110971488 0.39635871238372261 -0.58720529533031385 1.5483901412969332 0.6023037302594787 0.77209071850134781 -0.20274648929041819 1.0471566458010209 0.37301542094390788 -0.49676522978323473 -0.78363499297597095 1.1937432364015255
-0.71090042792400299 0.37812869716364245 -0.59299179586128903 1.428672823686794 0.58657959522128533 0.783956658037961 -0.2033133954956847 1.189610767376037 0.38800123717264534 -0.49237246744642205 -0.77911770179685913 1.2232892753718121
-0.71306903577957215 0.36287569276608533 -0.59987813913487942 1.3010899216631824 0.57269736555169726 0.79503862818217652 -0.19982819417777031 1.3039179324201018 0.40441349841781715 -0.48603992767851556 -0.77473538127526265 1.2584256964580469
-0.71022390087161291 0.34459109632418344 -0.61387212590637052 1.1981423928634416 0.5596229738312426 0.80539193969222334 -0.1953610775949865 1.4320796235334985 0.42708797429919021 -0.48228705125982324 -0.76484969921947332 1.2018808893814963
-0.70700419977513818 0.33153948751937362 -0.62468122247727931 1.0740203954520469 0.54493825456008482 0.81839588320225976 -0.18240196565443442 1.4660163698081028 0.45076308657356273 -0.46937165079815413 -0.75927787614923337 1.1915816615163513
-0.70410557070768043 0.31478620455031148 -0.63651000834489746 0.95267399519400831 0.52941918820876455 0.83008908066572773 -0.17512121891963761 1.5781291931011099 0.47323426382161377 -0.4602844376951456 -0.75112420275270009 1.1576950079540507
-0.70073369076537406 0.29749853973483059 -0.64843420135120955 0.83471752063198601 0.51159230475718842 0.84302496907233349 -0.16607894277667837 1.6677088825562825 0.49723797958278038 -0.4481110580829652 -0.74293396159026148 1.1352176304595591
-0.69438466972103208 0.2843747508199948 -0.66103020472023799 0.69146904744791027 0.49794591585981368 0.85304459849286352 -0.1560922094810652 1.7385075375183894 0.51949956240111039 -0.43754532802695451 -0.73394433752624599 1.1517526375999414
-0.69095962139893397 0.26835490663148953 -0.67123799481483948 0.53183023328955914 0.4810993463830382 0.86375300866971072 -0.14991383833334457 1.8456024892862961 0.53955372346602837 -0.42651656955014916 -0.72592382203170436 1.1456427227759045
-0.68585721507645747 0.25458621855082453 -0.68175196211786493 0.34206423797175672 0.46561737708619666 0.87348090560568648 -0.1422377084237523 1.9551169139623834 0.5592855609462285 -0.41499031900306016 -0.71762294866510623 1.1590753166784038
-0.67820791621653242 0.24090924651257023 -0.69425986296629216 0.19549973589724029 0.44989008595975061 0.88311833836381859 -0.13304477066257125 2.0884898383686314 0.5810619011227266 -0.40257264610287868 -0.70732052965637116 1.1578915531835394
-0.67679023473983868 0.23431727329728033 -0.69788995808459831 -0.12402648957037088 0.44174271076934563 0.88761900532699567 -0.13036824331279923 2.3211222129650184 0.58891285912513835 -0.39651975589728511 -0.70423982246122163 1.2167222086970986
-0.66650055657525131 0.22473871925168826 -0.71082312578727425 -0.33613882667635336 0.43012530338407345 0.89470031960881813 -0.12043073312339103 2.4414299256714456 0.60890822910652065 -0.38601016328717241 -0.69298407078761293 1.2068723350521982
-0.65433166145927402 0.21198755306174447 -0.72588659869075989 -0.51729663812769611 0.41572223938220487 0.90267731772246185 -0.11112461362104405 2.5330838472584358 0.63168433295039927 -0.37447955540493216 -0.67877828934692186 1.21128380041636
-0.64314250881872725 0.20407690277385424 -0.73805171302869021 -0.76685619057133336 0.40417511364509329 0.90910765385722114 -0.10082535002763417 2.6293729221949489 0.65039233610208624 -0.36314720355862568 -0.66716858265900147 1.2541645938198214
-0.63149836754045641 0.19258669817593574 -0.75107934033591262 -0.99535632068649582 0.39090161299134807 0.91563174795057267 -0.09388520173989727 2.7541121406458391 0.66963104823066633 -0.3528864772567375 -0.65350240505665247 1.2383328291969247
-0.6155175835295279 0.17664763620105228 -0.76807142701089415 -1.1785868341753514 0.37686464206310011 0.92188669866750839 -0.089988645853652335 2.8948008417586428 0.69217855061293398 -0.34484855726028968 -0.63400972124004107 1.2365183272452829
-0.60451647140194398 0.16984376643831531 -0.77827561365225273 -1.4610873071396675 0.36573559729403354 0.92712118657686149 -0.081754377694952432 2.9982009956076472 0.70767033898258025 -0.33406496434430144 -0.62257793963641328 1.3289266792916818
-0.58711233327847623 0.15754214006897574 -0.79402744424534311 -1.6605764972467345 0.35222951656379731 0.93287540934889557 -0.075351431926434578 3.1060467751552063 0.72885765124167956 -0.32391965783912791 -0.60319365007586501 1.3457043067861061
-0.5746522778140486 0.14480170981147153 -0.80548570715984769 -1.9143924033031552 0.3416078499834122 0.93682128055212399 -0.075299170874513655 3.2901178547688188 0.7436927029579059 -0.31843108067579246 -0.58781188353657066 1.3990924962721147
-0.56309412667978287 0.14055052840291996 -0.81435284334518854 -2.1935635370819413 0.33416087756743662 0.93999991791279491 -0.068823413365653077 3.4154955326529439 0.75581843878149313 -0.31087892062601952 -0.57627492076985942 1.5570597684872285
-0.54918440657778045 0.13290787589068184 -0.82506483629957106 -2.4430229847711513 0.32411207296089412 0.94387224506519973 -0.063691044555507142 3.5412276876844331 0.7702907579172964 -0.30239160292872996 -0.5614369659591274 1.6474419080145197
-0.5365117528422263 0.1241615225162178 -0.83470896448320053 -2.6902249348497009 0.31601935307897178 0.94670495376009933 -0.062301677390230896 3.6942838573295993 0.78248764050412345 -0.2972097691068431 -0.5471557781891252 1.7661186631807411
-0.52713036531335034 0.12509726258147261 -0.84052617618919889 -3.000843492460179 0.31034613195223471 0.94912421518826429 -0.053371364284112995 3.7892671317731761 0.79108713574858502 -0.28898771433727677 -0.53913564583990969 1.926886843855949
-0.51631244965007661 0.12504887057717112 -0.84722147889658139 -3.25941655296791 0.30261443510548414 0.95210198784504807 -0.043889730089129317 3.8711225217045349 0.80115289302487414 -0.2790422633023209 -0.52942370299127361 2.1055704859766977
-0.51132557047553218 0.11376852115070205 -0.85182327073933262 -3.542879713034274 0.29848564128552252 0.95300245681783391 -0.051890646994839182 4.1099354024963155 0.80588614761903088 -0.28079002990554153 -0.52125279489073528 2.2570827544788572
-0.50359519694889965 0.10950437783579477 -0.85697180166257247 -3.8170409987709393 0.29392337031412702 0.95448029011237501 -0.050758528053726854 4.254839883816544 0.81240441283463283 -0.27744579114088558 -0.51285758548063276 2.4261973046206866
-0.48988573138025537 0.11077465898894442 -0.86472015422095716 -4.0184588082828006 0.28689716853692537 0.95712917931014341 -0.03992178350958802 4.3004297412062193 0.82322656958794027 -0.26764287593540476 -0.50066486404130495 2.584969336509606
-0.47958839098091177 0.10224389544649379 -0.87151658680731214 -4.2127412984365469 0.27792898941624472 0.95975395125195895 -0.040346374041756748 4.4290442891252448 0.83231631732076816 -0.26156937683945131 -0.48870339575392374 2.7138301076772717
-0.47733891522175886 0.094524279139979309 -0.87362046717552455 -4.4860444537372421 0.27388901535183063 0.96067458176550813 -0.045707277530724275 4.6380900944271328 0.83494452946559228 -0.26109291182016647 -0.48445652448155507 2.8859741702715453
-0.47083376636447105 0.089834466315581285 -0.87763621912090761 -4.6642976132899392 0.27048228384502021 0.96159259265097929 -0.046679973058579821 4.77278996785489 0.83973501688153329 -0.25936355646189485 -0.47704889372307413 3.0788412930738454
-0.46434056021256476 0.089051678494558265 -0.8811683395916946 -4.8466937129923826 0.26666975721347885 0.96281835466036081 -0.043221019386634627 4.8733134702183003 0.84455614658185196 -0.25505021953806944 -0.47082300366952845 3.2719999939295028
-0.46096856899399885 0.085333622932821915 -0.88330411025692834 -5.0389875578298771 0.26467959862541984 0.96328272259866232 -0.045067797975886531 5.0121278203221298 0.84702578973199605 -0.25456741570764246 -0.46662912724006067 3.4593573270855447
-0.46474466642988865 0.083842059693288895 -0.88146633744650693 -5.2690306393279966 0.26053264316507724 0.96438594836048663 -0.045634246463193064 5.1178193094289064 0.84624768057016897 -0.25085902740629423 -0.47003681930076291 3.7179434788192314
-0.46232296935672634 0.079154659729390425 -0.88317156422085086 -5.3938160834069224 0.25641929181788675 0.96538757713679635 -0.047707155580265385 5.2149194511097274 0.8488266129126687 -0.24851834087863739 -0.46661763303387538 3.9544108987591051
-0.46332357288599968 0.083320246537883697 -0.88226356794612004 -5.5792800991910676 0.25687657112780232 0.96545468172758153 -0.043722817108659828 5.2822868709953186 0.84814249629043748 -0.24689065200440558 -0.46872093183371355 4.2235915377792379
-0.46505967526121017 0.085230303671877519 -0.88116700674840154 -5.7421324170017121 0.2574003726101276 0.96537086742395795 -0.042475128125557836 5.3614444880633139 0.8470327895814338 -0.24656618516153958 -0.47089337403363429 4.4948590920307083
-0.46493706781365374 0.085941813857235025 -0.88116259998014634 -5.8922461186705606 0.2549497167889393 0.96611438257278814 -0.040294437522317254 5.4024693394853589 0.84784088417702685 -0.24338653294077028 -0.47109322930922048 4.7274570262863955
-0.46844871795834475 0.084528870541969753 -0.87943770028813428 -6.0335350768679241 0.26091414514511896 0.96425107300896984 -0.046299860304780213 5.5737028789769711 0.84408507124956023 -0.25114684598049264 -0.47375695693855069 4.9826066144524743
-0.47019222598135446 0.078446588286111493 -0.87907076132298301 -6.16138171943863 0.2612397295099414 0.96377770248152417 -0.053724704978319118 5.7198391920275826 0.84301427885432179 -0.2549091465320617 -0.47365414878582501 5.2291649764710897
-0.46921929645322602 0.076267001221033706 -0.87978213005305528 -6.1812417964782602 0.25051049108974338 0.96683253827728044 -0.049792939080623509 5.6497287527045978 0.84680443178452713 -0.24375846129531978 -0.4727621673283755 5.4774697433795669
-0.46949649196780263 0.07776567986226865 -0.87950300912815915 -6.277662038919078 0.25053934380573356 0.96690332371490939 -0.048249350197216108 5.681838633444567 0.8466422392222821 -0.24300300743945596 -0.47344108095945825 5.7050227990100471
-0.47651103368959435 0.083081934852181932 -0.87523404119886294 -6.4462981725665065 0.25035985549192752 0.96712959843876611 -0.044500366085372382 5.6743944636982047 0.84276757028859162 -0.24032838351906916 -0.48164830586744078 6.0212196428782603
-0.48007308407479887 0.078630260396498217 -0.87369738244823081 -6.5247193242640193 0.24982353768825688 0.96698687520750304 -0.050245230553288611 5.7730122326080728 0.84090310616850228 -0.24239155374395355 -0.48386806126232074 6.2792840864807911
-0.48198187802696579 0.082564159120780356 -0.87228242495322483 -6.5829445919347824 0.24960239247124555 0.96723771414194026 -0.046366475109765493 5.751116066534097 0.83987624976911346 -0.24007158092983988 -0.48679926160956533 6.5838314763534029
-0.48625714394144759 0.07760584976839556 -0.870362753136663 -6.6571632355591506 0.24743043188398292 0.96751103011118411 -0.051967181864144202 5.8338368224333834 0.83805260654902336 -0.24062364533628147 -0.48966119915862993 6.8669617305434913
-0.48699996175834559 0.076031069490048883 -0.87008638290664564 -6.6841569103424048 0.24526540938165464 0.96802308639657697 -0.052689497664095496 5.8633467544361118 0.83825766695463033 -0.23906187624848244 -0.49007499744053051 7.1391700057151519
-0.48755716041155583 0.080093408618556572 -0.8694096049775859 -6.7562763573106537 0.24353346856586366 0.96873709139689701 -0.047327554766324963 5.8156965945352175 0.83843870677569543 -0.23480522491576059 -0.49182013107696099 7.4198031051482722
-0.48696574523114733 0.081772780040188592 -0.86958471434126061 -6.8086626647475361 0.24362249304833125 0.96881049318897561 -0.045324487507854845 5.8054154620884431 0.83875648662313707 -0.23392186886102129 -0.49169921234040848 7.6978537175337367
-0.48263150694717583 0.082849228430291605 -0.87189611413883683 -6.8347018366121244 0.24111000928460904 0.96961735557825812 -0.041329737286868937 5.7916646940460819 0.8419814676848143 -0.23016991356372191 -0.48794366372092068 7.9144874132990735
-0.48137486046509781 0.084349501681170586 -0.87244679223339749 -6.9262827954075314 0.23898792936732818 0.97027657530118794 -0.038054395784391348 5.797927138392506 0.84330481637953658 -0.22682268181982229 -0.48722526379811137 8.1680003863472468
-0.4782663346239997 0.082830690200986101 -0.87429994276915779 -6.9839018780936701 0.23879626812671473 0.97029812157138318 -0.038702682126687434 5.8508037325501103 0.84512582228569877 -0.22728975347752373 -0.48384058580285316 8.4223869315364155
-0.47934596351403869 0.081019986965619725 -0.87387825752497628 -7.1219040536048723 0.23773782225782389 0.97048763378659642 -0.040428709296741992 5.9024694251906888 0.84481250886270931 -0.22713325247392538 -0.48446084515645937 8.7396408846425668
-0.47457502356345826 0.084718542968644575 -0.87612859529124698 -7.2240486678104636 0.23539750261841208 0.97131871251000101 -0.033585331454800194 5.8049847698972634 0.84815479882552003 -0.22217724277068529 -0.4809061343173513 9.0101632402432141
-0.46977717843234945 0.080549284915221314 -0.87910250558384095 -7.2754821817882931 0.23377977605189107 0.97162654396878445 -0.035900910356193395 5.7860483283510984 0.85126753663772958 -0.22238181525233189 -0.47527877010425112 9.2319277656880079
-0.46067365340494737 0.0764213029557433 -0.88427346986839184 -7.2495296922753827 0.23541365296221234 0.9711238797641516 -0.038714624508172549 5.8110660239431287 0.85578046078274439 -0.22600485527166941 -0.4653618036926821 9.4061437620753274
-0.45637032158604196 0.07365453584375363 -0.88673622849475076 -7.2772991308736241 0.23019190286387156 0.97241472340752977 -0.037700047163993958 5.7775177889205143 0.85949858489200759 -0.22132468242358025 -0.46073589779692514 9.6323083911200609
-0.44107809594732927 0.09224944851704639 -0.89271504553456471 -7.2298517078625784 0.23273404369868347 0.97243226580225695 -0.014503562677768714 5.469858208397766 0.86676696878638515 -0.21416238622827652 -0.45038815942015242 9.8096305524751148
-0.4410780959473295 0.092249448517046362 -0.89271504553456538 -7.2298517078625828 0.23273404369868361 0.97243226580225706 -0.014503562677768665 5.4698582083977687 0.86676696878638582 -0.21416238622827663 -0.45038815942015287 9.8096305524751237
1 0 0 0 0 1 0 0 0 0 1 0
0.99999569452568904 0.002506527341298484 0.0015258606660195941 0.62419018393971248 -0.0024992280505824966 0.99998551478731756 -0.0047669775219371597 0.067435941376490074 -0.0015377871230974137 0.0047631435240601018 0.99998747375881325 0.08039912251761866
0.99993270370198672 0.0049418114735715968 0.010496026228748097 0.75771910827602562 -0.0048838786492523692 0.99997273888782812 -0.005537978919693304 0.033911801846155942 -0.010523107743165453 0.0054863449158129574 0.99992957963193108 0.0083438223415832798
0.99981693655360715 0.00741205164651012 0.017639582504974813 0.9094905950049168 -0.0074288770678169087 0.99997201077717646 0.00088850872908235361 -0.062584948741732857 -0.017632503114181235 -0.0010193883655693293 0.9998440156750894 -0.042406564789080545
0.99974855196058887 0.0048328432999332959 0.02189695134816964 1.0958586386669988 -0.0051561447180534263 0.99987817852429428 0.0147323549572335 -0.21089805442172019 -0.021823084666295647 -0.014841554385498933 0.99965167995610849 -0.13127974838000064
0.99963613228555315 0.0028120065012398518 0.02682714387736863 1.2328261957539246 -0.0038392150605781228 0.99925831384087072 0.038315566648799815 -0.40909568354258818 -0.026699502933550702 -0.038404620025941867 0.99890551189978138 -0.21330021515830169
0.9992577897232886 0.0077035267916202143 0.037742884790363057 1.1261310949071275 -0.0083427704949232025 0.99982391772826895 0.016808679869780553 -0.39711997784507619 -0.037606752821758863 -0.017111084520465576 0.99914610689765315 -0.38450958194705931
0.99881042278563026 0.0067430110779222808 0.048293593119517371 1.0711747854027882 -0.0077942285687132374 0.99973604894923318 0.021612089958979779 -0.43345570633561648 -0.048135115412857719 -0.021962792012387624 0.9985993422946019 -0.46210344581604468
0.99859136311395902 0.0082711754565606092 0.052410658942356074 1.0994086548446478 -0.010420529008683722 0.99911012292215595 0.04087021959389902 -0.48918317634185032 -0.052025975141119271 -0.04135879508691151 0.9977889295735719 -0.52919380092691914
0.99854190726545855 0.0099514210732281321 0.053056843604607662 1.1328587691481633 -0.013021384244317489 0.99824130165294922 0.057833789661299366 -0.57892528153525424 -0.05238800422828041 -0.058440336180149474 0.99691535454126134 -0.68456396064556702
0.9984714397647324 0.0089109481679772035 0.054547034538000652 1.1284810829234049 -0.011995357985619574 0.99833153892123172 0.056482296181739826 -0.57753418888587571 -0.053952714120227944 -0.057050270796137087 0.99691241904248962 -0.65615382648686948
1 0 0 0 0 1 0 0 0 0 1 0
0.99994246927864383 -0.001662576371277216 0.010596885048832301 0.40670061882665004 0.0017100330592301741 0.9999885434630692 -0.0044708757023212186 0.14554021111119825 -0.010589330472925792 0.0044887395133753356 0.99993385646137423 0.18891714304362581
0.99980387549138627 -0.0036483056502795751 0.01946536458139447 0.56846559210085001 0.0037518540444237101 0.99997899195590567 -0.0052857580421379361 0.18069285804580265 -0.019445671591225889 0.0053577525822701578 0.99979655947779367 0.28092786737473568
0.99970311710426119 -0.0048585962002268236 0.023876174211690391 0.78584885731232379 0.0050961925902692946 0.99993800313049441 -0.009900440216586091 0.25491854072768921 -0.023826591722416617 0.010019178527327097 0.99966589898252045 0.36575756924770392
0.99941211547542341 -0.006356718294669792 0.03368999218552976 0.97350004444888838 0.0065237516206343178 0.99996695685248249 -0.0048503472017751908 0.23874568302509194 -0.03365804667135508 0.0050672808988359514 0.99942056140473778 0.45992990036095671
0.99956343276192916 -0.010427867230142123 0.027644230324225881 1.2955192067067636 0.010591851249515958 0.9999271291199171 -0.0057921616956686664 0.26145685330527579 -0.027581815971694991 0.0060824366031362875 0.99960104411343653 0.48586099158243906
0.99971590054912052 -0.020418306059593577 0.012296786853390829 1.7457203257050442 0.020435284427671847 0.99979038803433962 -0.0012566401651621156 0.22276330833552793 -0.012268550836228125 0.0015075714912767375 0.99992360202596353 0.5319783144276512
0.9996014259624405 -0.020691309857758331 0.019205699941054678 1.9625546222116967 0.020912092428474787 0.99971669876485791 -0.011366908152936745 0.33840767068315358 -0.018965062723822514 0.011764008970780549 0.99975093622802713 0.5707087054204727
0.99827225760356864 -0.016827720856133141 0.056296780634973051 1.8481027577679847 0.017308075567988249 0.99981775040160903 -0.0080558365176176278 0.3363416531607365 -0.056150959201130515 0.0090163070407919908 0.99838157834975061 0.66420603296123482
0.99740755579996665 -0.017317321603737754 0.069844670559815109 2.0290171700642325 0.017727921256704571 0.99982899545625759 -0.0052631409678008173 0.32703523530447987 -0.069741583299007967 0.0064876973884097581 0.99754399468972998 0.70623729086882092
0.99618771386210214 -0.018517979122597016 0.085247423418033999 2.1685369353725488 0.019150449059818921 0.99979478027391022 -0.0066073926666123444 0.36469957668084574 -0.085107573405695164 0.0082147298347896441 0.99633790410820744 0.78471009358435273
0.99628636398345638 -0.025376268222243203 0.082277128971158187 2.4885743535685259 0.025387554288139109 0.99967727066587952 0.00090917615709314159 0.33128751803470979 -0.082273647226135657 0.0011830152706567235 0.99660907453573733 0.92034646275138787
0.99608630364849315 -0.03118031241230057 0.082703469103498239 2.7562135085367285 0.031719645805534664 0.99948319989396983 -0.0052150934490409265 0.44039462436236326 -0.082498119698896047 0.0078180079036885911 0.99656055460697646 1.0129446068587216
0.99567197270643737 -0.034463768871187267 0.086310899671273936 2.9868500717297488 0.034505573059945879 0.99940399713080341 0.0010079418523689077 0.42084459266880642 -0.08629419560246257 0.0019746276019552713 0.99626774144863162 1.0700791521539241
0.99579611554201053 -0.036036016808545741 0.084211054880085012 3.0086684281623564 0.036193315653362187 0.9993447489593108 -0.00034151056788473295 0.42799460970896347 -0.084143568818172754 0.0033879521876936862 0.99644788203222923 1.0127689633608441
1 0 0 0 0 1 0 0 0 0 1 0
0.99993733437271437 -0.00069544731236832757 -0.0111733468856053 0.89093488174645019 0.00074451689234119299 0.99999009506809999 0.0043881044073031126 -0.09235051015750903 0.011170184518948852 -0.0043961481694881552 0.99992794783378491 0.20316340189045234
0.99992010818044064 0.0015141014657381858 -0.012549292934957261 1.116468791326954 -0.0014481946570968211 0.99998512135367279 0.0052592588370883302 -0.10066005595123621 0.012557069269979957 -0.0052406648463515539 0.99990742343644856 0.19329457818387144
0.99964226531488765 0.0064123801097864617 -0.025965800150341709 1.5261818004307017 -0.0059620872655814098 0.99983114194481904 0.017382206786154375 -0.28553675583842919 0.026072876932886836 -0.017221178201466188 0.99951169883588453 0.21620828517776972
0.99958462770578538 0.01244624355097422 -0.025993519880084411 1.6427646580460395 -0.011939324351300146 0.99973726314564026 0.019566737390258195 -0.33756590329250036 0.026230222803494487 -0.019248264844777811 0.99947059972374597 0.32840634873175689
0.99935600295079841 0.013526402980246356 -0.03323576068965195 1.8282646382797936 -0.0128547883848249 0.9997105008882079 0.020338850248471645 -0.34076253941360152 0.033501250451068269 -0.019898513418453317 0.99924056932349903 0.36636770024771148
0.99928278184373232 0.015899204138937841 -0.03436767694214974 1.9365299302500816 -0.015061963616280816 0.99958673975793733 0.024484422642153891 -0.3993949024355864 0.034742756981469128 -0.023949217270010457 0.99910929123368697 0.35576228458110676
0.99889591016845647 0.023248974026779563 -0.040822124582546845 2.0772657276450306 -0.022128118402876439 0.99937139856205937 0.027697547040519889 -0.44491352827297859 0.041440403288085015 -0.026763649654254186 0.99878245881298156 0.36678785650592782
0.99853691574458492 0.028339421790410133 -0.046053285093215775 2.1828693975237115 -0.027332238869251145 0.99937641705369151 0.022354546636429867 -0.3802581723450309 0.046658081976073337 -0.021063100662327666 0.99868882499845901 0.38685043700027044
0.99822861315898437 0.033909601992622572 -0.048885322576338784 2.2284094733174085 -0.032521878946569369 0.99905285662015975 0.028908771486923675 -0.44000723821809701 0.049819306101906512 -0.027267720326430125 0.99838595150759413 0.38056392473884293
0.99672971055892201 0.044049320250650947 -0.067746154684845863 2.4543312469145109 -0.040543339510859477 0.9978089001566447 0.052284188714124734 -0.64936769255796756 0.069900799068641925 -0.049366548933894701 0.99633168279239359 0.39960465535082584
0.99335792317716098 0.055807397505195526 -0.10062589549839823 2.7920797370116377 -0.049632041196751332 0.99678724414982167 0.062863744613631506 -0.76847983263397601 0.10381087104827434 -0.05745193020169994 0.99293634175021395 0.45028551815748447
0.99051763458181907 0.065527052847189793 -0.12075189823600904 3.042068211586519 -0.056312893496626153 0.99534574437600054 0.078202987018547651 -0.94759365078712499 0.12531429929770796 -0.070661548933964716 0.98959753025852759 0.31331171313171069
0.9873238528611844 0.080443163517617669 -0.13682290383785969 3.2265052074181684 -0.065281926711402427 0.99157253650476318 0.11190252407500557 -1.3031508529763303 0.14467162685265364 -0.10155196843384152 0.98425470183841057 0.31693366356283637
0.98316424398765001 0.088493643936200586 -0.15986539440130704 3.3957000949026717 -0.069339088734126295 0.99014636984592341 0.12166452668900959 -1.3314556715360215 0.16905667723492457 -0.10853129163440706 0.97961257577598182 0.3168458702634514
0.9791935271256117 0.11067376806560622 -0.17009219117133054 3.456161594887377 -0.082456358079381648 0.98286855148489893 0.16483433960877589 -1.6814488515017423 0.1854211030265672 -0.1473795357712083 0.97154427947895117 0.39400324312413121
0.97475151062440335 0.12877964918752091 -0.18241517067004823 3.5217638489338561 -0.091149421306273293 0.97525189193229345 0.20143368704865089 -1.9769389584903019 0.20384129986579086 -0.17972075349725578 0.96236644539977778 0.47017439792171906
0.96815371367814163 0.13948669082414217 -0.20789865265112481 3.6772747192396085 -0.093724781108842803 0.97196002324998798 0.21566033156327641 -2.0344240446145099 0.23215092525622719 -0.18930709518349539 0.95408006562125836 0.48871676209137155
0.96037668302298917 0.15491770676824587 -0.23168325540579904 3.8591017725428274 -0.097889096366604186 0.96581662393382295 0.24003327632976676 -2.2402724567099042 0.26094894427510262 -0.20784309722177516 0.94271252002875672 0.53393279501298707
0.9549569545421992 0.16613165953420403 -0.24588104170899264 4.0002427656550887 -0.10179204574511316 0.96171417697216721 0.25444885779616289 -2.3823817600554182 0.27873929467248215 -0.21795897208226697 0.93530652306841566 0.45941437082290387
0.95197685738239368 0.17473647968505557 -0.25141047248596432 4.1125345302560694 -0.10128240871135075 0.95464480539989238 0.27999137345394848 -2.6318817726598138 0.28893240852138508 -0.24108184956623283 0.92649749331326081 0.42914474983335515
0.94469242095199735 0.1792274656071392 -0.2746520441720689 4.352840812804458 -0.098958909361266889 0.95420816073812564 0.28230111625495213 -2.6381934485109149 0.31267133551683773 -0.23950845820723154 0.9191693719839189 0.38726408129978357
0.93905991358979846 0.18653533045825346 -0.28874045296693451 4.4993073378599773 -0.10075147500999455 0.9524281123780679 0.28762793855128366 -2.6446947374678142 0.32865729715317565 -0.24100884059050764 0.91318077059538905 0.3547991401625446
0.93313590454768724 0.19256881088569833 -0.30360276138078474 4.7011826862500667 -0.10102086769136832 0.95087516341179235 0.29262810510523463 -2.6871903399136907 0.34503937157207526 -0.24239157716526649 0.90674922408816105 0.31096179192586521
0.9283852120817333 0.20023933418581841 -0.3130576736525959 4.8366709805635297 -0.10474150407583818 0.94925559901625411 0.29655189269371346 -2.6944877642908858 0.35655310307426336 -0.24252426019083681 0.90224822965024487 0.29378320516148404
0.91987436047963944 0.20742089843386011 -0.3328779533478668 5.1079919982277069 -0.10299423718568843 0.9466782763341689 0.30527434910831458 -2.7828746136902365 0.3784486068658629 -0.24652953577585235 0.89218823123342661 0.38235344560947443
0.91692979752338544 0.20932106410785922 -0.33974172327589797 5.3287094969568543 -0.10034419210284651 0.94496845927510043 0.31139308612502919 -2.829357571850331 0.3862263449390142 -0.25143449066505635 0.88747389109711472 0.41545548453627662
0.9144000509374508 0.20799829467858291 -0.3472884338073885 5.6147400226612385 -0.094062293542069506 0.94359060704790143 0.31747291415895379 -2.9010851265399302 0.39373192882873115 -0.25763050227365214 0.88238409579900789 0.48528707330344051
0.90703241747664576 0.205586078075675 -0.36745960070181094 6.1078901160001635 -0.082395012987052582 0.94248949221935785 0.32392069846022575 -3.0507238840680717 0.41292039848054896 -0.26352973562305931 0.87180779014706289 0.69081634041478002
0.90199611026064719 0.19727497149780499 -0.3840385432416944 6.5973096547193997 -0.068119597464177936 0.9433908567810031 0.3246127104463461 -3.0998953593124865 0.42633641354683849 -0.26663885118741643 0.86437317492011168 0.88291023969857552
0.90291395720298862 0.1904711918453979 -0.38531430153192248 7.0093864741959777 -0.058989416519186808 0.94288246063519865 0.32786112024032232 -3.2264393608834525 0.42575419507829343 -0.27330091566532821 0.86257751818009243 1.0257128305618035
0.90756142732096168 0.1814872616416208 -0.37867483346660985 7.3342064417582851 -0.055614519512897594 0.94578521811444771 0.31999585374744499 -3.1895337328515727 0.41622023119796608 -0.26935607484894891 0.86845150934492543 1.1287648910276018
0.91326134541172577 0.1729388110800654 -0.36884398137827612 7.6830279796424117 -0.048658821360660881 0.94524477985201427 0.32271446398683229 -3.2614117578147752 0.40445770369787243 -0.27677513216459787 0.87167051810573093 1.3515908016990132
0.92075240847468431 0.16558646895360635 -0.35326494814451154 7.9849237295010624 -0.045284210872986862 0.94470369050850134 0.3247834315127982 -3.3005420384967339 0.38751044183825412 -0.28304780239227079 0.87733665090843382 1.5936336221270258
0.93401569890438974 0.15175602923964776 -0.32339570465539497 8.2090944510251624 -0.042342606984275326 0.94593056071083514 0.32159365346203622 -3.2836994019565373 0.35471365611422334 -0.28668010377893377 0.88993973968094064 1.723631508961935
0.94650975190500231 0.13599081902144633 -0.29261884199519228 8.4559684893131717 -0.038857551050571558 0.94829043165282179 0.31501642490838028 -3.2281471496467451 0.3203269896138683 -0.28679566659484446 0.90285041139013478 1.8785208314044852
0.9572625277779041 0.11835638123820913 -0.26389433478658308 8.7617007174793429 -0.032953037895533221 0.95112486371948413 0.30704330461361373 -3.1414937380482884 0.28733699762772119 -0.28522492989707005 0.91437639359264877 2.0715651805825868
0.95618995842445709 0.11819486926472547 -0.26782594401538029 8.782082262520948 -0.032121639795633018 0.95170790323248433 0.30531994232553478 -3.1309743759853492 0.29097931827721846 -0.28334085445682328 0.91381015344030991 2.1111602511158338
1 0 0 0 0 1 0 0 0 0 1 0
0.99864078924362554 0.029621603923921536 0.042885133086456105 -0.31345851601880059 -0.02993678205160508 0.99952916585535401 0.0067257479059898029 -0.20193417623248619 -0.04266571386093794 -0.0080004490795546317 0.99905737056250277 -0.17664743977917663
0.99723560990209781 0.041085831672126864 0.061911976054723206 -0.4438902642964539 -0.041727116616058338 0.99908759929896307 0.0091003662533136846 -0.24863878165204453 -0.061481591408329948 -0.011658617535721788 0.99804012472197479 -0.35249895507526352
0.99642232761111471 0.036054626040449941 0.076436960818256836 -0.60377681648217796 -0.037249454595943574 0.99920419946392103 0.014263446496886335 -0.32800697668053835 -0.075861869014368213 -0.017059651659635657 0.9969723893443081 -0.33243117188831844
0.99611030006748458 0.044653396635804699 0.075962782126191855 -0.52480759624663376 -0.047366065689244979 0.99828882789620976 0.034290988885329769 -0.53041964791549245 -0.074301587604760619 -0.037755665356303619 0.99652083962801041 -0.54719076161943281
0.99540622852270166 0.051471975728055598 0.080728408462334256 -0.53870955798108278 -0.056148280428469484 0.99680734617704136 0.056766937669826774 -0.75665009465939403 -0.077548764162538253 -0.061038924647592724 0.99511830394919809 -0.63700413992721461
0.99501675876847351 0.056182961126902804 0.082371868067285928 -0.5086289340135226 -0.062186785666404357 0.99544746334581657 0.072229851217206334 -0.90516491100835228 -0.077938780195497784 -0.076992354148915365 0.99398074626435595 -0.90657518323468855
0.99422204536354131 0.061430815445580121 0.088027151645543672 -0.54052331417489985 -0.069083059927099136 0.99383656638151319 0.086697232678517297 -1.048660571935319 -0.082158720439435381 -0.092277484993335254 0.99233805248970453 -0.99026069259268457
0.99282302945194956 0.06218830813612318 0.10215207546114717 -0.65788681243183889 -0.071878523349667128 0.99296521999823362 0.094093303454235777 -1.1533763740985139 -0.095581954734796401 -0.10076053892782698 0.99030874161750648 -1.0522758259047915
0.99225183647436155 0.06488794744927974 0.10595209903100714 -0.70964827385506002 -0.077351912119249425 0.98998246071703733 0.11811608342700661 -1.38302313003772 -0.097226409502525327 -0.1253964981507027 0.98733112153258296 -1.1168959592649597
0.99139173867847497 0.065623060526795368 0.11329622415229429 -0.78036171438221746 -0.08084160787263453 0.9874829265606444 0.13543302473101634 -1.5722331120997184 -0.10299055741492788 -0.1434262307889371 0.98428748920477549 -1.1619540954586272
0.99054204919163547 0.063447849456901115 0.12165861737883595 -0.89552466034662814 -0.08220887744732501 0.98433152671785806 0.1559908522258322 -1.7957369005911386 -0.10985512847421502 -0.16451691678543315 0.98023774403933694 -1.2347787146481004
0.99017499583844759 0.06318521643176668 0.12474416235159516 -0.90736240348646768 -0.08379905460279978 0.98228323761863423 0.16762267012886659 -1.9039826529282695 -0.11194282497778636 -0.17642921956956178 0.9779271621230633 -1.3323870020734774
0.98983601737944282 0.061431828826422397 0.12826062960021892 -0.95645405120986937 -0.084998269625446141 0.97863021943629269 0.18723831810490477 -2.0949857132592382 -0.11401733578313158 -0.19623716267087304 0.97390503804416273 -1.3942390267170126
0.99056161137857945 0.058037148541294228 0.12417481005529236 -0.90622390563867183 -0.083573333853247486 0.97378846320882073 0.2115455666991316 -2.3410207551121154 -0.10864249597522062 -0.21992662028640109 0.96944782724893208 -1.4651596445589246
0.98990000880243545 0.057040576669982648 0.12978576650039081 -0.92437401750030623 -0.084332733259333714 0.97281780360736692 0.21566991233259369 -2.3597832477726621 -0.11395596813659301 -0.22443683654359062 0.96780274009136669 -1.5892082563118022
0.98964009971976596 0.052754339412335288 0.13352697367880353 -0.8837218094151259 -0.081187018646656783 0.97269480497800664 0.21742466367012039 -2.3671252052732772 -0.11841089911794087 -0.22601282273792719 0.9669007513328941 -1.7308912200575555
0.9885267560016946 0.05446905803121635 0.14088283921740816 -0.94637539214607924 -0.085467419621676449 0.97074678961566563 0.22437912254505959 -2.4367298436068934 -0.12453984443533871 -0.23384565886086187 0.96426450467698488 -1.8799454718916864
0.98794366193282745 0.053449823902659392 0.1452943122476921 -0.90547681312195427 -0.086653591736153238 0.96863860047271455 0.23287425085973965 -2.5141929126720073 -0.12829059157233325 -0.24265691417933177 0.96159198525933298 -2.0086273744935044
0.98587509226358472 0.05743617301942764 0.15732574005276664 -0.97437336480027004 -0.094628209228378141 0.96607777782857762 0.24028988577139032 -2.5844681656993171 -0.13818756989142916 -0.25178326635159831 0.95786710054830748 -2.1182682330336888
0.98411795197626994 0.06109896185046991 0.1666696536830474 -0.98687689367538911 -0.10159963843779454 0.96377773048095783 0.24659683635092242 -2.6567104757974884 -0.14556568987004306 -0.25961395010624722 0.95467859871419003 -2.2365071213178611
0.98091610222770309 0.067930558154067469 0.18217859275800552 -1.0516921766944054 -0.11236473506132238 0.96272645949941549 0.24603237692287391 -2.6577522550879458 -0.15867503491415777 -0.26180756950210038 0.95198688533319287 -2.3564855701158036
0.97749430670729931 0.072587536475668582 0.19808061465779467 -1.0203616223530194 -0.12270253693673799 0.9594059519042708 0.25393760430457829 -2.6443907776465063 -0.17160701554454208 -0.2725275564031161 0.94672053068307427 -2.3438881242302525
0.97520368422379 0.079851383373480897 0.20640138286767326 -0.93822954554604132 -0.13243192192912909 0.95778351944264373 0.25517154217941307 -2.6180322687201563 -0.17731204226025804 -0.27617835986442585 0.94460888901814388 -2.4366829351033519
0.97230504348110469 0.086270637263473254 0.21721021975809848 -0.88998210905886455 -0.14156766299738729 0.95687927616285517 0.25365458332840846 -2.5768474030328679 -0.18596101530876141 -0.27737957386261258 0.94259167871837812 -2.5378956654766416
0.96763243581299196 0.081090336207680455 0.23898080788285342 -0.88172783392660981 -0.1451328129012294 0.95351374488679908 0.26409847582166973 -2.646850225332753 -0.20645565088413706 -0.29023420833126767 0.9344196961389083 -2.4454617776337124
0.96403514676542335 0.081060644228310608 0.25311145323406448 -0.86340561533255 -0.1504290940071939 0.95154418465682156 0.26820654787301429 -2.6753860791992814 -0.21910573583807333 -0.29663586533505343 0.92951591698032821 -2.4633192957265546
0.9594164992570593 0.085535480515513088 0.26870739202022242 -0.91456324215522544 -0.16055199603316159 0.94905423074927164 0.2711441012942673 -2.6801739507432458 -0.23182544623724305 -0.30328163259565938 0.92427117979898876 -2.4760143400480086
0.95484339739023794 0.087355884602568365 0.2839771749376539 -0.91243363408025213 -0.16834089381976938 0.94664239686604212 0.27482633775472826 -2.6632353747426589 -0.24481713569157953 -0.31022108548745941 0.91860081003162253 -2.4179988497762035
0.95199179568475734 0.091516684791511385 0.29212380483911693 -0.8751162374135536 -0.17437744838860025 0.94643084185172077 0.27177411040296701 -2.6244279121670688 -0.25160311294257148 -0.30966652708456271 0.91695284260478382 -2.4789333341691129
0.95118227693560276 0.090047962808410362 0.29520101699970042 -0.76801278136132478 -0.17405537053163522 0.94638249244451489 0.27214868359704186 -2.6188953593844047 -0.25486663970142787 -0.31024432692405962 0.91585558554760138 -2.5346975233758893
0.95269210954685513 0.091236430862832216 0.28992008914625889 -0.61896983292399288 -0.17317746114891858 0.94684359675732832 0.27110287757539703 -2.6263516009402506 -0.24977452103282641 -0.30848519731594504 0.917850517066785 -2.6477842919632475
0.9499998572862195 0.091285749826824358 0.29860874574385293 -0.64813285875347304 -0.17648471585439596 0.94588563156635597 0.27231143396139118 -2.6474674746679292 -0.25759156862357835 -0.31139570304496883 0.91470175461686631 -2.6300164023668375
0.94864465599782022 0.094520822953934061 0.3018925813511959 -0.6899959010242549 -0.18063757187958299 0.94528957914411238 0.27165728259517613 -2.6644116529257698 -0.25969864125987624 -0.31223937226054299 0.91381791957594927 -2.649782203131883
0.94846320499762837 0.095268122588764506 0.30222761883064042 -0.71518269020457259 -0.18219515780076126 0.94428015837157298 0.27411659376935366 -2.71319550829964 -0.25927297051482717 -0.31505391177411096 0.91297237605321235 -2.6522905916931614
0.94952076481832903 0.097482394285974425 0.29817360712022994 -0.75796518542051461 -0.18227845727415948 0.94501946759266131 0.27150095742857966 -2.73885320739678 -0.25531330006987074 -0.3121464218522404 0.91508454807863271 -2.7108778283674382
0.95502601956920929 0.090339648048486765 0.28242529974538028 -0.66055417562867769 -0.16989285397864506 0.94733296093521535 0.27147132314981004 -2.8101609690747171 -0.24302617166219595 -0.30724421738446656 0.92007568752305569 -2.7600555008771628
0.96087049962623849 0.086427854709813248 0.26316935398766006 -0.60014963887056227 -0.15953701187808095 0.94934734392964715 0.27071675680448248 -2.8767424111408304 -0.22644165868725652 -0.3021089977209942 0.92598829836395902 -2.8203967335174096
0.96658047548281645 0.080855662280848173 0.2432787419659552 -0.5872689425182297 -0.14790069423320901 0.95098888206919829 0.27156128373925342 -2.963965084165666 -0.20939811140683004 -0.29846692958835813 0.93116589439334108 -2.8521563226972222
0.97080962167255991 0.098132859091848754 0.21885753456173357 -0.67331356050891633 -0.15634376017561424 0.95088935739123048 0.26714426562111121 -2.9885089507412914 -0.18189366982424393 -0.29356323333577072 0.93847499748864738 -2.9310724967309869
0.97551934971132082 0.1101529894543956 0.1903373774461066 -0.72245983324337804 -0.15866501751595377 0.95184292038693274 0.26233655316394094 -3.0396858840260319 -0.15227412963292195 -0.28611426707442422 0.94601861272440146 -3.0140523631891813
0.98043268782781612 0.1214646912413742 0.15491311571446001 -0.7932952726174779 -0.15892335073650279 0.95277971320079424 0.25875507087532584 -3.141240723826126 -0.11616846917045331 -0.27831124104974636 0.95343995084952438 -3.1282227971259826
0.98373973784179736 0.13761449571156384 0.11540528047279211 -0.82608902730324374 -0.16322847373290636 0.95309646967675166 0.25487954969463261 -3.1803849592254774 -0.074917244702256192 -0.26957256919012507 0.96006147531627239 -3.1985562236705194
0.98611725199730393 0.15071860197808379 0.069689800767815488 -0.83565125592048695 -0.16364801894606154 0.95325016870111456 0.25403433186545105 -3.2817135236224857 -0.028144114985469822 -0.26191223508852846 0.96468123745754275 -3.2863187475522619
0.98662433245706116 0.16161809115778072 0.021260743500022015 -0.85838496510489504 -0.16174936505372609 0.95443638470709435 0.25077545823299324 -3.3921291329077947 0.020237823706488266 -0.25086008083743927 0.96781178456033412 -3.3998278668136339
0.98474956237431888 0.17229639351249326 -0.024129902324201466 -0.99623466977682595 -0.160933899865291 0.95480530294738497 0.24989420428993711 -3.524013315263451 0.066095228857580374 -0.24219988902999193 0.96797243477080674 -3.4948616649364888
0.9799248658499734 0.1837148069399242 -0.077434662780553387 -1.0233235721010381 -0.15936412585733528 0.9551833831025599 0.24945496594470842 -3.6407593828823006 0.11979287407287233 -0.23210681669389766 0.96528549816392994 -3.5931998818772022
0.97073118722273699 0.19783553853429683 -0.13616923972021139 -1.0314695293443392 -0.15976628589675348 0.95525829460062583 0.24891027396927767 -3.7859883113033526 0.17932009380962433 -0.2198697120786508 0.95890646763204113 -3.6882095166956783
0.95820227217771725 0.20725027322435569 -0.19722000365553652 -0.9912075844871352 -0.15482527538065866 0.9553404255483875 0.25170181846051337 -3.9210363720060055 0.24057751286594334 -0.21064661298358425 0.94749694708836973 -3.7611136994018164
0.94402215672936585 0.21616420946971576 -0.24918908914390614 -1.0866365332346468 -0.15396868033520478 0.95678475163450327 0.24669127369150592 -3.9755137715356379 0.29174614492718198 -0.19451471302715073 0.9365085228315293 -3.8835106816186946
0.92675747173378598 0.2238649929676387 -0.30167043857361958 -1.1864066616543321 -0.15325629058293905 0.95848401518395765 0.24045977217321948 -4.0486026385115537 0.34297681843290617 -0.17661499811861378 0.92259094102272832 -4.0300417307248209
0.90784254981665558 0.22816345696461937 -0.35180014446891245 -1.2634365796180271 -0.14931744187507193 0.95990828367114855 0.23723488042738211 -4.1247721680316687 0.39182420330331547 -0.16284202112926524 0.90551436756147496 -4.165174573919586
0.88693196822601583 0.23255449264447708 -0.39908657167285844 -1.3693800521322776 -0.14773667515065111 0.96144988503199236 0.23192238655938235 -4.1935662883320672 0.43763633139189523 -0.14673965559056776 0.88709746641674325 -4.3019059639413424
0.86348746727583714 0.23560736273801208 -0.44595802995483658 -1.4315824173648537 -0.14487202811525318 0.96278777694063122 0.2281486183247462 -4.2889412632991748 0.48311643454485526 -0.13239662834587673 0.86548809551334116 -4.4333444637196937
0.83766683269570774 0.23673422164396485 -0.49221050954258105 -1.4939115993079903 -0.14183373892168477 0.96455280429934431 0.22253331935188092 -4.3508837764260262 0.52744427943152106 -0.11659672388578067 0.84155079233167296 -4.5504272659796108
0.81150527104139869 0.2370965348524362 -0.53408279155295169 -1.551570957794228 -0.13843508843324584 0.96597160689794892 0.21848244999879043 -4.408445467567045 0.56771024419373095 -0.10336386132474962 0.81671353044352857 -4.6537278862382072
0.78783200251882202 0.23827194697181972 -0.56793240363043307 -1.6828094222146608 -0.13692051919320514 0.96681570410164241 0.2156853396184093 -4.4827531420438183 0.60047773250225189 -0.092162213453799768 0.79431267091759916 -4.7695876519431097
0.77420201867866156 0.23920744444106659 -0.58599576175759116 -1.9118330846568101 -0.13303458981386301 0.96665114927269102 0.21883179276065612 -4.5612480375211257 0.61879967048063522 -0.091462309908287173 0.78020613537660533 -4.9353676400088693
0.74636753591323113 0.23015203920404939 -0.62447220929760305 -1.8699743014739671 -0.12542838492513739 0.97013171267858511 0.20763472809331943 -4.5321537903649087 0.65360785000631927 -0.076645279734193883 0.7529424144677892 -4.9380260979637747
0.71875758653347921 0.20981206776508232 -0.66284721318016337 -1.7562648161453109 -0.10130564511336264 0.97480902029055028 0.19870717206065566 -4.446897728634962 0.68784060513227463 -0.075672122874398645 0.72190652563261148 -4.7945021644179713
0.68571716971445151 0.18421369213487784 -0.7041713419252722 -1.480816810848218 -0.074776834846570911 0.98015380490406767 0.18359450891137105 -4.3547461097120577 0.72401684243471209 -0.073238202886985723 0.68588320981691475 -4.5607001457849954
0.65074183879791403 0.16217785264067344 -0.74177719252533625 -1.1659241070418458 -0.058005727282567074 0.98468685776537324 0.16439929363162134 -4.2500027929440813 0.75708017728661359 -0.06395417310086654 0.65018418075392614 -4.2939601049765113
0.6367618641225129 0.15874136732456726 -0.75454324375687654 -1.0024532567308151 -0.054339703768118974 0.98538400166286466 0.16144833805670666 -4.2736418284448279 0.76914337089622986 -0.061802488354485909 0.63608091265151023 -4.249379098296548
0.62598344110674131 0.16333033460796492 -0.76254044696462719 -0.85274836660269093 -0.049953333590708859 0.98421117593008101 0.16980290232355413 -4.3692731267544369 0.77823479485521496 -0.068202367782778051 0.62425879337457824 -4.2011256274402129
0.61740008426517434 0.16648460301890752 -0.7688302887549322 -0.69300576634492261 -0.044834345467190589 0.98320667543067053 0.1769025575142901 -4.458556514115104 0.78537062423793536 -0.074749651144369017 0.61449611246769564 -4.1346999689184782
0.60723519514067359 0.16872676924663754 -0.77639982941913388 -0.58618725366298707 -0.045880483870670473 0.9830068899932547 0.17774261004492528 -4.4820058764297377 0.79319631805894142 -0.072309968644587011 0.60465764648465137 -4.0195082297761324
0.59479851528675787 0.18835640886878663 -0.78149637839898067 -0.47225796743185622 -0.056639468692592586 0.97956528304346391 0.19298659757143569 -4.6210100477531144 0.80187698358220083 -0.070524602048029419 0.593312382903878 -3.8523019704489889
0.58568763664002277 0.19536825130948141 -0.78663920488830197 -0.38666252733566991 -0.062992770340778159 0.97855235933210571 0.1961305456331662 -4.6541763395402658 0.80808533161530571 -0.065318652970226126 0.58543280605235704 -3.7035621313021623
0.57520548210685685 0.20780697940164497 -0.79117312433258413 -0.27235615010689068 -0.079657009921037511 0.9768265377146802 0.19865718206697253 -4.625760705547779 0.8141212527164845 -0.051246214770603683 0.57842926218080204 -3.5568210583541813
0.58500860130792687 0.22390066563664404 -0.77950845301588045 -0.093111659846039169 -0.093214475139553263 0.97333030231986617 0.20961675555731613 -4.7366903208230235 0.80565252933271481 -0.049966133664570755 0.59027738180148281 -3.5736618504305673
0.57787784763719396 0.28598930471717032 -0.76437380305554281 0.17517478089336325 -0.13999361626969462 0.95744522192334136 0.25238944989816253 -5.039708031276029 0.80402672879322723 -0.038842819201920828 0.5933230610573883 -3.6053894540874167
0.58361031147763653 0.33160782745546841 -0.7412389986416259 0.34137618696010025 -0.17222516859845338 0.9425982134540738 0.2860893204829964 -5.2986356207156353 0.79356001388566089 -0.039304665924704163 0.6072212509442807 -3.6046147588556949
0.58209260301975985 0.36480559920424011 -0.72669462382689731 0.56573342862719644 -0.20173947676771317 0.93055894435950559 0.30555070706187543 -5.502579831561639 0.78769879079707228 -0.031255813247426795 0.61526716889093991 -3.5718505998430956
0.58285212542594222 0.39378419297616302 -0.71078647233087788 0.72771740258508411 -0.21631292737832544 0.91835785652670443 0.33140242124145125 -5.7636070214567567 0.78325737617687408 -0.039406303021077976 0.62044744011618735 -3.5443711494186134
0.57623476679622687 0.42576429427741302 -0.69762329322762318 0.95010543072452891 -0.23527114505706731 0.9038699033389378 0.35730475247552418 -6.0775930896177579 0.78268830439635062 -0.041760789701772112 0.62101131600370207 -3.4340306318213867
0.57531086397965714 0.44421347190207511 -0.68679822449368977 1.1423839528691544 -0.2593973523023661 0.89541767169131314 0.36185661088534776 -6.2428988094138349 0.77571284854996603 -0.030026398445570857 0.63037131279182212 -3.2963019679944545
0.59452908000129856 0.44805415772826723 -0.66766956256461385 1.289206536815221 -0.27937938543448504 0.89373229913091945 0.35098395473925909 -6.3216477193207323 0.7539776734274426 -0.022137055643735939 0.65652693679723995 -3.2351516372033773
0.61135759524784661 0.46098916655846572 -0.6432191532040239 1.3853331238423332 -0.29428570004917493 0.88695342447459913 0.3559628485661791 -6.4931076712189064 0.73460044750826103 -0.02833039231130903 0.67790823227937724 -3.239248660305996
0.62168136924081718 0.4817983420684509 -0.61756184525839575 1.4362131176576509 -0.31570791517536106 0.87569130645114523 0.36536727836728 -6.6947251274013784 0.71682688805212225 -0.032172867232784425 0.69650852053620416 -3.2200996823125725
0.61962553740664705 0.50198482707222192 -0.60338663125958913 1.5659720675969309 -0.33182571756243279 0.86420268053052585 0.37821345841737386 -6.9137597094302849 0.71130576165085324 -0.034131515540999698 0.7020535258006857 -3.0912740890768551
0.60694227678495205 0.50292353838804482 -0.61537710973544302 1.8737099625408473 -0.3334500467817027 0.864004168808574 0.37723714369436817 -7.0763775385026042 0.72140982731896508 -0.023763644852039464 0.69210053477147904 -2.8122209590815999
0.60324542493349387 0.52878597266392968 -0.59705975614729734 1.8874418546897631 -0.36166787027038461 0.84858500640702572 0.38613448242195647 -7.2288038008369639 0.71083845486220887 -0.016996529500159598 0.70314991934441518 -2.6929821791622182
0.59856471680482959 0.55717840236480742 -0.57556277479920048 1.9530869799063761 -0.3929008509593056 0.83032749547967044 0.39520269681001846 -7.3996767800495507 0.69810400450921917 -0.010415286297488635 0.71592061061233148 -2.5351101322456784
0.60251921820357335 0.58449738133474649 -0.54344586014448482 1.9533194104023313 -0.42456307635453344 0.81131525289225381 0.40188773882858503 -7.5989422669337809 0.67580824639222148 -0.011418039989522998 0.7369890382299239 -2.5048962391361691
0.59146668376612188 0.61832971957981941 -0.51752827930369993 2.0239227031265656 -0.44327734730955859 0.78548761724983673 0.43187312547711859 -7.9643221809302949 0.67355204353999809 -0.026030002526237286 0.73868131397211934 -2.329569325339329
0.59248499042150027 0.64173583477127027 -0.48696678993095183 1.9915050822567437 -0.46738746033858886 0.76618485060997632 0.44103257999156059 -8.1178717533194344 0.65613298807747722 -0.033703012716806709 0.75389230589675871 -2.2663924370609476
0.58055042309242999 0.6668528748630651 -0.46719209061591122 2.0889999732165676 -0.4855744129030114 0.74414273483314486 0.4587690919503446 -8.4390861238072663 0.6535890878687437 -0.039482065319750938 0.75581907275285831 -2.0488100871613422
0.57042009702551988 0.68946474546272862 -0.44638467455033837 2.1163795862179513 -0.51126665243436487 0.72340132565410387 0.46400100447137349 -8.6220569336821278 0.64282759976369641 -0.036453899735144714 0.76514298675224424 -1.9170884519000526
0.5704200970255201 0.68946474546272862 -0.44638467455033831 2.1163795862179522 -0.51126665243436509 0.72340132565410387 0.46400100447137355 -8.6220569336821296 0.6428275997636963 -0.036453899735144811 0.76514298675224435 -1.9170884519000528
1 0 0 0 0 1 0 0 0 0 1 0
0.99999814942012977 0.0012096373275645173 -0.0014959725436972354 -0.014490097810781255 -0.0012094094318663273 0.99999925692369518 0.00015323473353155242 0.014036537304136336 0.0014961567905290448 -0.00015142520665427863 0.99999886929199322 -0.052038572148086645
0.99999371527449987 0.0023884523794009431 -0.0026200585363152632 -0.0042890027817343614 -0.0023885040289364141 0.99999714738266399 -1.6584279837518584e-05 -0.036587016570400706 0.0026200114515282226 2.2842195979910441e-05 0.99999656750322297 -0.12488717132729359
0.99992947775026475 0.0067502517893000789 0.0097710606826378436 -0.10253788497126741 -0.0066405328111227863 0.99991502408983346 -0.011218196085476816 0.0020361072786602686 -0.0098459560260617529 0.01115251990398837 0.99988933310128081 -0.18810835280912216
0.99975910213216246 0.014167541663052481 0.016763605433138543 -0.065759015857088793 -0.014104714951384366 0.9998930725098929 -0.0038601247215842771 -0.17450200749288144 -0.016816501420702058 0.0036227489495773632 0.99985202953737906 -0.3566182409694888
0.99914913366142788 0.023561268809594586 0.033850780134292005 -0.1177765607952722 -0.023457464696420911 0.99971884679211021 -0.003460450645439192 -0.26427442629724968 -0.033922795486727206 0.0026634527845222364 0.99942090730864253 -0.48492691156626039
0.99813951850678861 0.030618377333506443 0.052725862387440488 -0.20553131060377847 -0.029634271639515857 0.9993735658135019 -0.019346469900260545 -0.20937381120797657 -0.053285190620205904 0.017747983622634994 0.99842160310056338 -0.55278068127408708
0.99656961967465785 0.035446556438651224 0.074783251989661667 -0.32327866689790041 -0.033469731772503807 0.99906065913337672 -0.027524106289934409 -0.237470613156673 -0.075688639811958378 0.024926712752075256 0.99681988784072284 -0.5780932266875517
0.99416517951912819 0.038047290564866623 0.1009356206320256 -0.42764200040730144 -0.033294654989732379 0.99827488985695378 -0.048360213297725066 -0.17279961066720126 -0.1026014706561961 0.044717423469598366 0.99371690649672773 -0.67877042374847296
0.9895833676180561 0.0478468039429975 0.13577717733900524 -0.57787117586311931 -0.037444529674683244 0.99623741209377281 -0.078159618359764232 -0.02235689199792425 -0.13900599170952699 0.072261345802182422 0.98765157427693517 -0.69030025005289719
0.98322115771707475 0.063844530029516747 0.17088016562142436 -0.64496559126824238 -0.042392311954705032 0.99107716262516798 -0.1263683093579292 0.36756109331168163 -0.17742335501458162 0.1170039901377575 0.97715455245688398 -0.65950188248343267
0.97424927960159258 0.088056317486502986 0.20756788322496858 -0.67964619602432663 -0.048804442325789968 0.98111854995956127 -0.18714838320038041 0.85250254698533001 -0.22012829805603512 0.17219894272603412 0.96015157997005318 -0.5824944266133234
0.96662623707323081 0.11458523222020027 0.22913738751825061 -0.51789667025081854 -0.058929754724136307 0.96986590787709714 -0.23640517072578432 1.2316370704895858 -0.24932108175964443 0.21501243055873973 0.94425031262659576 -0.54917176230164255
0.96147962302537204 0.14169181073301443 0.23554270372522293 -0.17587710137547688 -0.065815918989587177 0.95064875445338404 -0.30320819656431708 1.8014163653402988 -0.26688049631725552 0.27602604302389488 0.92335498279807116 -0.48494940878755854
0.95482217880930842 0.1710992611965147 0.24298075987997866 0.18382237201293328 -0.071225937394318317 0.92555435933776553 -0.37185480197673798 2.3371642367443677 -0.28851598343271323 0.33774867983289764 0.89592653525553601 -0.35339553796767792
0.94497268149615055 0.21239867278587166 0.24882410458951729 0.60968826577013124 -0.087198350966420327 0.89659413843793301 -0.43418359999829298 2.723889424399645 -0.3153142540620576 0.38859458915113693 0.86577778122780868 -0.16280543952346235
0.9349003598798169 0.25663371325194695 0.24515394004401866 1.1126237696537229 -0.10896418005429633 0.8649395672630571 -0.4899044319537133 2.9993125120407149 -0.33776933632537415 0.43129883167626726 0.83659619484731296 0.058289232268227791
0.93273240087168374 0.28565177134480163 0.2200303022124947 1.7846379760839428 -0.12782714840351692 0.83255865846500399 -0.53898636378481612 3.3063529121472777 -0.33715054277751039 0.47460419903592305 0.81306848774399076 0.185041933461113
0.92314572993789734 0.32187021856213166 0.21024158413642205 2.2538411930239453 -0.14728835960451836 0.80123845489843581 -0.57993368372338683 3.5048932028309698 -0.35511702356045494 0.50439716572829074 0.78706759479909383 0.24429350625872695
0.91557457437957424 0.34918547718881038 0.19948107998024339 2.7011503507437165 -0.16593756876951696 0.77987808052026486 -0.60353533682369354 3.4776980527394015 -0.36631669634419245 0.51948020370794701 0.77197953077463566 0.29131086314444188
0.90419304529029509 0.37854492755451863 0.19783496827256433 3.089489941420231 -0.17995110079407861 0.7576828246109002 -0.62732315325727228 3.440864453679918 -0.38736615517061068 0.53162061200859401 0.75321111696253285 0.3819621343334404
0.89096478099019594 0.40457061747266854 0.20616589076002825 3.3104578893991299 -0.18210333358506961 0.73428783547639598 -0.65395699443357447 3.4704071780741188 -0.41595689071380587 0.54510915434357998 0.72789825863133517 0.51288757773924099
0.87686166734988402 0.43293614173001421 0.20899740074056031 3.5567744349507215 -0.1831849539206433 0.7028381226160999 -0.68735860077151001 3.5966601116488794 -0.44447372137109875 0.56443322951559582 0.69559919524760938 0.69432791817687811
0.8619807371175755 0.4618862037815003 0.20892664644452519 3.8210431084162533 -0.18440235202508842 0.66958161528853744 -0.71948330976834241 3.6415656945455277 -0.47221285603619123 0.58165418869282415 0.66233935665203836 0.93507638134306614
0.85331764720247705 0.48100964073488522 0.20119323669777209 4.1497474889920154 -0.18586354001816247 0.64115510797541231 -0.74456354464139218 3.6907137870933666 -0.48713831451113143 0.59795472490576929 0.63651112283927913 1.1537754962409827
0.8407331375876439 0.507070106542582 0.18986231435682629 4.4377085550037947 -0.19334642493901194 0.6086918950829 -0.76948771063850707 3.733305218295091 -0.50575186734735722 0.61022461758870583 0.60978763907066758 1.3897788015942176
0.83401186483668677 0.52245895516483409 0.17737206510525275 4.6793261477648054 -0.20102077072175317 0.58710890083773037 -0.78415163603447535 3.7803775851248269 -0.51382376263663054 0.6183362990518847 0.5946808910876098 1.5227565930951366
0.8321228471608082 0.52336141376623979 0.18347860314923131 4.6988601131689416 -0.20073051678262352 0.59262620729056614 -0.78006502169023062 3.8180955463662078 -0.51699016128469144 0.61228017199073326 0.59819241396211886 1.5481700770848503
0.83284413099510402 0.52056935426618367 0.18809093775591218 4.683782928154927 -0.20372913537267834 0.60426313548074806 -0.77029896955615607 3.8655904843331426 -0.51465045697765666 0.60321937178597262 0.60931215040800357 1.5405686359455601
0.8404250694188129 0.50854963028387978 0.18725110475111389 4.7331898341018084 -0.20394008275054124 0.61691944340896987 -0.76014396201750445 3.9271369660304543 -0.50208977816729727 0.60065603624878028 0.62218821973565053 1.5843548551381503
0.84207835216170035 0.50568276133150514 0.18758729624572007 4.7496168551926772 -0.21152494366973193 0.62956588806252012 -0.74759881674168482 3.957431562544016 -0.49614639676828481 0.5898573874083417 0.63710832320230548 1.6234638124191993
0.84787428135970244 0.49565361963381643 0.18824636079527346 4.7379992822151538 -0.21763171889267527 0.64911460896170126 -0.72889413453828622 3.9604142237615485 -0.4834724789898468 0.57704221143378565 0.6582375318097704 1.640251631771013
0.8513353340311004 0.48719860834819184 0.19459101997199124 4.6703977441137292 -0.21704489575502603 0.66477174564471186 -0.71482168365206467 4.0573784986289603 -0.4776187415259629 0.56631796917991906 0.67168764729380559 1.7273470766833214
0.84495381394750979 0.50898341201696229 0.1642831049960044 5.3070009050196463 -0.24621910940512653 0.64285781114326879 -0.72533439516944986 4.36265557241948 -0.47479385259215745 0.57242442378331182 0.6685066017602519 1.748813013404082
0.86644273615120493 0.4633081221223691 0.18607140819120357 4.6207292653881336 -0.23665155461639983 0.70925631983438286 -0.66404180175093552 4.0726452087590186 -0.43962828238007473 0.53132010760974557 0.72417257375650024 1.7427348688818001
0.87559385834982062 0.45273053415568848 0.16843532486737822 4.6329168790091364 -0.25367308536672728 0.72769999063907687 -0.63726186876700275 4.1685140831465057 -0.41107829057321832 0.51525506990906211 0.75201519396379768 1.6926197341641009
0.88559604041579831 0.43864440289259943 0.15267855452176213 4.6788947532409439 -0.26867014002616796 0.75195787727101338 -0.6019765000964663 4.158882982667965 -0.37886146420318217 0.49208783628643626 0.78378157181752783 1.652856275749272
0.8942252245087533 0.42569266098571279 0.13837270769618115 4.7182413582353764 -0.28159374402268073 0.77529515092502521 -0.56535156520472396 4.1669567103261445 -0.34794570148165183 0.46658674149084572 0.81316087060642306 1.6350503557765597
0.90098220533897111 0.41500220794729586 0.1265078379445061 4.6875509985999431 -0.29357034524538433 0.79785738167028841 -0.52653589707325521 4.1670333563013218 -0.31944877219208379 0.43726052407357924 0.8406876447479581 1.6346634057927891
0.90799148107881233 0.40108050281275032 0.12118539743622658 4.5341343532492884 -0.29583509667844982 0.818521716996783 -0.4924467426817753 4.2374240753956798 -0.29670366674774523 0.41128655347349946 0.86186443543653268 1.6341031932106818
0.91515920111555182 0.38965102009617258 0.10322654286353476 4.5582515956556344 -0.30588655964746164 0.83809060898960108 -0.4517051513437495 4.2474896740643553 -0.262520569176179 0.38180651338269733 0.8861753421857117 1.6145162317159667
0.92167242712209096 0.37724818323520654 0.090574529138218202 4.5479819248238211 -0.31163118719927524 0.85892578095339212 -0.40636499108360175 4.2037787330968115 -0.23109725279120949 0.3463095595841118 0.90921050845940754 1.6214201233148424
0.92680240351152965 0.36729758696364223 0.07829295917218454 4.523849958463388 -0.31614729797706942 0.87558806852774484 -0.36523474675015688 4.2014055901060443 -0.20270222205750424 0.31374833364105509 0.92761726606958506 1.6229931488694711
0.93084751912917374 0.35967928600022725 0.064449261853254128 4.5222104093395687 -0.32187553322353152 0.89058815692912763 -0.32132363101652955 4.1792849354171233 -0.17297120350835815 0.27835866424443534 0.94477373841408396 1.625028405287726
0.93520391905991729 0.34941459833436334 0.057472325912627888 4.4572482912940874 -0.32084474607866276 0.90479390048684827 -0.28001186859758948 4.1503497422699276 -0.14984084452741919 0.24342850308176903 0.95827463975557603 1.6199060919148434
0.93939920372721541 0.34016536132426456 0.042622329732268274 4.4788153116171481 -0.32014190176020546 0.91490926120534111 -0.2458662370030826 4.1714369192730993 -0.12263074155379086 0.21732135356616372 0.96836621714624982 1.6105564833461607
0.94212810759196519 0.33344678659189664 0.034754415499624505 4.4618125305974123 -0.31929685912873523 0.92405448065507201 -0.21017333925074763 4.1623201963738552 -0.10219659796542643 0.18691323466470583 0.97704621081680143 1.6062536498512283
0.94583495328813139 0.3239127316859427 0.021835370163770504 4.5111008086109736 -0.31503522347399099 0.93199666969156558 -0.17926242120010338 4.1517496523620618 -0.07841587281367822 0.16267375306293635 0.98355894635516783 1.5726985183813507
0.94785586980621683 0.31822012546685907 0.017470026381109727 4.5160301881384344 -0.31197300089222463 0.93765848551437092 -0.15319729520195974 4.1679205670932822 -0.065131380978758507 0.13975877893983218 0.98804118685460018 1.5683837961553817
0.94976526615834389 0.31259721649132827 0.015130083973455251 4.532346940013583 -0.30821226814485553 0.94264549938366393 -0.12815873070815947 4.1609750118374267 -0.054324368051306852 0.11705743348286983 0.99163825072565126 1.5476304099199987
0.95116947114696715 0.30818273085713743 0.017321707751723051 4.5361160855458271 -0.30464449537228144 0.94632065744869409 -0.10802288982081205 4.168402130979036 -0.049682679047802235 0.097471112065619092 0.99399749180534891 1.517467794899386
0.95161849806709964 0.30672546943895546 0.018485684568605217 4.5729744515014081 -0.3038925638048538 0.94832784727143549 -0.091233786250696655 4.179479414961154 -0.045514215368722424 0.081202096567621493 0.99565791098770073 1.527331049383279
0.95321448261043062 0.30134808253454876 0.023905716774023731 4.5933821892349638 -0.29879511103836798 0.9512267734950075 -0.076740517367601221 4.1783903520808083 -0.045865365596475936 0.066007261259868569 0.99676447052434258 1.4977112923258178
0.95408861008606327 0.29802715307788835 0.029912207078931604 4.6214529389005294 -0.29569329027394092 0.95309805357604938 -0.064572272350576262 4.1650213143235035 -0.047753556841505729 0.05276283064653528 0.99746462669668146 1.4596375385563058
0.9550427270148979 0.29409137014061881 0.03746539182713627 4.6596476045089466 -0.2919213616369955 0.95490387460528281 -0.054226459259487138 4.1455119708521941 -0.051723381520834534 0.040851637331101677 0.99782555365726044 1.422855789639782
0.95479597685530471 0.2932716120359265 0.048542807446350145 4.6842293344882933 -0.29111006342328971 0.95553524758369301 -0.046982141275795156 4.1377496799969258 -0.060162891840507805 0.030727059719725239 0.99771552771637662 1.3810991396070933
0.95470559000892263 0.29143755593246307 0.060011560534844612 4.717169822915853 -0.28916350526990325 0.9562768209430107 -0.043807635717437357 4.1310963792950188 -0.070154854612759859 0.024470241503539332 0.99723593179097847 1.3369181316758085
0.95391076808550068 0.29106891620231345 0.073028299660752971 4.7508505923186828 -0.28859583181111037 0.95650151096317593 -0.042629864958908241 4.1219488580164434 -0.082259907560022202 0.019589424339987307 0.9964183669835901 1.2810778725222556
0.95322164565155942 0.29002975416184923 0.085154189339985878 4.7954314968705267 -0.28737435748321527 0.95688776214797222 -0.042211246280523536 4.105247479548459 -0.093725519056669301 0.015765543195941416 0.99547324159180428 1.2238553125688636
0.95245927153650844 0.28814153375067625 0.098973696465028238 4.8399814953428155 -0.28511484758925137 0.95749293307720362 -0.043781352096202326 4.0878118484795714 -0.10738184086847087 0.013481084341460909 0.99412645101952535 1.1674799770243829
0.95096315641083373 0.28643787248950042 0.11671512478180775 4.8698040821215089 -0.28325939949627055 0.9580642438522462 -0.04332455711067161 4.053154164841537 -0.12423038173553383 0.0081394014222385628 0.992220017132456 1.1131181365972338
0.95021484158698222 0.28315941280300427 0.13004807483728478 4.9236125230059802 -0.27894162033787284 0.95900746784472701 -0.049962476533163616 4.0337585583382749 -0.1388644204651005 0.011199266007320225 0.99024807456000086 1.036771186736051
0.94857335520663977 0.2807922011473713 0.14616541850530954 4.9687031618927611 -0.27546299997520723 0.95968337964157024 -0.055928047385839598 4.0068394285322269 -0.15597668234924436 0.01278869088483758 0.98767794546034837 0.96432434066383943
0.94647314924135373 0.2790233929353963 0.16227915442216748 5.0160336495551672 -0.27177118109889253 0.96011317906691529 -0.065750349855605475 3.9916446649657322 -0.17415224055195846 0.018128143226513679 0.984551861271864 0.88702909102608618
0.94387407512054233 0.27778207326899712 0.17871443726156663 5.0624654380682914 -0.26837902255921225 0.96036617638436328 -0.07529613208551926 3.9669498783857069 -0.19254721645742573 0.023106861042894774 0.98101561782024738 0.80804706019109851
0.94180563785965632 0.27512210686127742 0.19315788053294075 5.1205875180569906 -0.26343897551273382 0.96098690995339398 -0.084285616086190868 3.9303139702988461 -0.20881103102223117 0.028495354260640163 0.97754077567587605 0.72016081494921058
0.93886286037148148 0.27442727701940534 0.2079091124573299 5.1761786582687268 -0.25938267668892445 0.96088987152617922 -0.097011761308058636 3.9108113882533497 -0.2264004338528727 0.037152717614158504 0.9733254949528003 0.6368953909588162
0.93534098970579149 0.27487897309226139 0.22266293613427054 5.2252651137074926 -0.25695503588784607 0.96054720665486049 -0.10641040042881378 3.8719658312347982 -0.24312824292555182 0.042315646506801606 0.96907071132742695 0.54674056784515668
0.93022443699873014 0.27820100878192655 0.23934639233360933 5.250455040010273 -0.25750555809814635 0.95947677044070168 -0.11443432410445459 3.8076170081279974 -0.26148304793802174 0.044816578376752528 0.96416704462641878 0.46286622793945514
0.9267699228668711 0.28073254389255081 0.2495731333075554 5.3157652932082522 -0.25612299045393522 0.95828666238202143 -0.12683724398479804 3.7721836330631535 -0.27476994710169306 0.053627525584748093 0.96001331483963803 0.35579391299164087
0.92298641060681008 0.28246707517271713 0.26135882858347753 5.3763082023784579 -0.25435002322799488 0.9574281968212015 -0.13651854678255634 3.7228608198010087 -0.28879430659047889 0.059528139355040526 0.95553872192907563 0.25093610020886048
0.91878663447616371 0.28555463672838571 0.27256131374588716 5.4335413153868846 -0.25274276226430109 0.95591313649388443 -0.14950308224727454 3.6825395396799654 -0.30323623865061916 0.068473534459264157 0.950452081194881 0.13556335531461822
0.91471556428258372 0.28797770000004297 0.28348594455789111 5.4946618773940159 -0.25165184421461034 0.95483858898630602 -0.15797030824185188 3.6202370446316943 -0.31617524533489322 0.073158138886425167 0.94587583802108754 0.022783034479859663
0.91133057112372429 0.29082925855431246 0.29136734975637801 5.578670940217175 -0.24994008055348554 0.95326547754144875 -0.16974947852818528 3.5742260550585008 -0.3271185507858333 0.081873510346280778 0.94142986039075349 -0.10446957938612601
0.90728189682413829 0.29358406956118765 0.30107798623460569 5.6553431962502287 -0.24745147501567305 0.95160722848959156 -0.18224008943952477 3.5308824317399643 -0.34001077513479105 0.090840942235590985 0.93602382234961767 -0.22805944165485556
0.9025350485081518 0.2947115027337085 0.3139675403140067 5.7190508959844566 -0.24398221331362122 0.95076489662331842 -0.1910989035432627 3.4647194274556394 -0.35482836104372312 0.095870962784828304 0.93000300681972814 -0.35353912343703769
0.89673665984542117 0.29855311858716371 0.32669465601866871 5.78057812620494 -0.24211443242004393 0.94886816781168448 -0.20255814406638153 3.4163926986399775 -0.37046452529654889 0.10254382231795316 0.92316889029105975 -0.48869513060233383
0.89126798050264733 0.2990863862323534 0.3408646659617337 5.8503042009106725 -0.23727405981510866 0.94813525336002102 -0.21151964890946881 3.3516364128849809 -0.38644845383257653 0.10764234717990982 0.91600803360233185 -0.61878459757257842
0.88682860615265502 0.2987534069380105 0.35253570762728509 5.9497513789214773 -0.23103131029803264 0.94736085133336478 -0.22165728281041519 3.2983461285308637 -0.40019939651542868 0.11512523269836955 0.9091680943724505 -0.76178999763535926
0.88025582857760243 0.29972775900392767 0.36784908146907491 6.018833072162967 -0.22465179143598271 0.94609766347979773 -0.23330405860736991 3.2752833989753443 -0.41794885914398949 0.12272930228983953 0.90014236068506792 -0.91558148813709639
0.8746999064734059 0.29959592402561064 0.38097553192121869 6.0918394637106141 -0.21698275858251703 0.94495104438810273 -0.24492040786295263 3.2615766231280507 -0.43338038268169926 0.13156673598244531 0.89155574020337591 -1.0956386426804103
0.86732935502087316 0.29495912932148993 0.40092256353189309 6.1032655708886114 -0.20629879023969858 0.94608174984059645 -0.24974012846195132 3.2191814167654935 -0.45296865130460534 0.133897104705306 0.8814141854354417 -1.2798197024015978
0.85878519976546153 0.29193232318168577 0.42102672046503187 6.0781576664306067 -0.19599907614997028 0.94646908843057986 -0.25647734167708719 3.1947205110248129 -0.47336280252271035 0.13773809686187383 0.8700321108216148 -1.4787599238177072
0.85019210645611731 0.28562401728891756 0.44225818575516523 6.0659212955995043 -0.1827231977778222 0.9479087532159991 -0.26092379839780216 3.16096106240995 -0.49374650896341232 0.1410245238397568 0.85809467342608114 -1.6853368399320376
0.83799945725317881 0.28371536672477599 0.46611425673069001 6.0125529902873271 -0.17172819867080533 0.94792154307199072 -0.26824275192686264 3.1602812324604104 -0.51794433622220271 0.14474231884366728 0.84307966747579677 -1.8965344840658453
0.82554230246417215 0.28188897210879649 0.48889519760946681 5.9759057000408999 -0.15968944234581864 0.9475905043497016 -0.27671559057913531 3.1631379501719352 -0.54127552027173265 0.15036902430262802 0.82729073951352849 -2.1030771471352776
0.81362175526993896 0.27634337130727404 0.51152124148073619 5.9608623523550017 -0.14415249610223693 0.9482304227848154 -0.28298254923727145 3.1613514097396234 -0.56324035475004641 0.15650369465242753 0.81133648774178879 -2.3243628765766009
0.7985348460885815 0.26665302556006037 0.53966495489511934 5.9188150395036141 -0.12508134813373439 0.95046559535329544 -0.2845519432348918 3.1435894374416375 -0.58880960923827741 0.15972262209646862 0.79233321781892729 -2.5459461506970156
0.78024709703866191 0.25540030923406398 0.57095109213126605 5.8755038938584363 -0.1037056166645115 0.95302366892031831 -0.28458923301820266 3.15857159259998 -0.61681408271453597 0.16283908781616269 0.77008039764963876 -2.771667950176917
0.75935603998568968 0.24684452338239715 0.60203503703137484 5.8358963681706859 -0.086359222861216195 0.95529492849151199 -0.28276082512470468 3.1526823968764619 -0.64491897875939308 0.16272486249652884 0.74672627512457823 -2.9980441806071303
0.73571660473142597 0.23431155114025537 0.63546768173110912 5.7757303024475863 -0.065825689894400505 0.95854659237676276 -0.27722808081581929 3.1492691747445298 -0.67408312252450664 0.16213120379847834 0.72064236392434444 -3.2395846078742809
0.70955339760764868 0.22294187845697647 0.66845410820303652 5.7137482488172644 -0.046871779541647701 0.96146230840619817 -0.27091191519906233 3.1707162178637396 -0.70309104120735411 0.16089483628848841 0.69265853017894696 -3.4746481860717604
0.682270939261022 0.20908184768765584 0.70056487665839984 5.6514132492733182 -0.026224620672931721 0.96461698988930378 -0.26234773124130428 3.208169239515029 -0.7306289309289935 0.16062018485985707 0.66361323186411947 -3.7198410758182185
0.65526767280315035 0.19423491054647662 0.7299979976028329 5.5907882613272681 -0.0045082588459462144 0.96736525618426816 -0.25334588358551086 3.2840968671312556 -0.75538331500061706 0.16271834762111956 0.6347588414241514 -3.9719289559748523
0.6262999102244029 0.18002303346343096 0.75851178624694382 5.5094824425510893 0.017645682191552246 0.96944928819810594 -0.24465630486905598 3.4081831886471887 -0.77938248142545508 0.16661267969398411 0.60398937292993016 -4.215231955898636
0.5935962176924594 0.16347103461107618 0.78798524807536252 5.389987097368321 0.042691784547660233 0.97137670533902132 -0.23367650257748271 3.5512910716409944 -0.80362985377183604 0.17234998453116399 0.56962666805440665 -4.4382116492181707
0.55882763394724022 0.14399746253977283 0.81668623492687564 5.2772096326774349 0.066307469117366874 0.97389727713028451 -0.21708849149014636 3.6843093150039286 -0.82662869238623615 0.1754674453576065 0.53469260378604133 -4.6395931991474857
0.5248427284632724 0.12456032818881223 0.84203612453428811 5.16676268239567 0.090952740260111034 0.97536501172240442 -0.20097435892902049 3.8372759202495663 -0.84632600658280888 0.18206542381586177 0.50058413082352726 -4.8491498179739168
0.49218353065444254 0.10756552601907535 0.86382002162763472 5.061212091078561 0.11393817612277252 0.9758384135039242 -0.18643358804668331 4.0039292864308393 -0.8630025864239016 0.19018161935997907 0.46803577585829115 -5.0666512923480589
0.45876044503686408 0.088511103554168261 0.88414062151741546 4.9436638708466463 0.13593117514471659 0.97632348749546449 -0.16827110087139158 4.1317376403973176 -0.87810111587069228 0.19737839879864502 0.43586717930388863 -5.2904552664735798
0.42569223861543148 0.071437355419330606 0.9020436919757685 4.8233546520904174 0.15749677772140372 0.97581278222507339 -0.15160533979229188 4.2497561064497233 -0.89105604929766202 0.20660619133233585 0.40414477444746078 -5.512438946536844
0.39452927059097442 0.056448721093619175 0.91714785968994594 4.7002889896821065 0.17691580849225069 0.97477065239493843 -0.13609912540159599 4.3613738344521131 -0.90169143910347027 0.21595304377674529 0.37458888335223217 -5.7354844191707963
0.36533481310234495 0.041988912177644354 0.92992870995018362 4.5781745282188595 0.19563518050230938 0.97320809772116479 -0.12080097135280284 4.4586664875622839 -0.91008645220402196 0.22605957131714183 0.34733229007768129 -5.9482718890099671
0.34002829783091959 0.030392455058539391 0.93992396253618438 4.4568046817843321 0.20722091468362713 0.97248979441870431 -0.10641001959001369 4.5556563185738836 -0.91730052283419561 0.2309543210831545 0.32437609711742144 -6.1609800620272761
0.31976237602549429 0.023292380044356659 0.94721142724863694 4.3412043337800057 0.21669165508231891 0.97140527817951738 -0.097038714658942898 4.6703785854009441 -0.92238644260213187 0.23628214184919619 0.30557159545177071 -6.3712392539588603
0.30108816028789986 0.01407875991196513 0.95349237451265945 4.2147789178084558 0.22408317689332255 0.97084789011599992 -0.085094677217245451 4.7570069345045844 -0.92689408756763803 0.23928260023798748 0.28915599190662411 -6.5673468288502814
0.28221923929489778 0.0079458244563772925 0.95931703041565874 4.0580321279987634 0.23345050016941798 0.96933837576859982 -0.07670708724062765 4.8755993811390699 -0.93051231316004523 0.24560125638115357 0.27171098233516633 -6.7272637268419837
0.27444783282059781 0.0032073973602422708 0.9615966408334895 3.9410851073782633 0.23684441318139549 0.96896229259685063 -0.070829368698412026 4.9628806688741269 -0.93197806358563928 0.24718775885473918 0.26516994714245745 -6.9179608564125159
0.27032045469074573 0.0022863036673967693 0.9627676898355747 3.8259129891585091 0.23683721136335034 0.96911031816889159 -0.068799175374573612 5.0543807745821292 -0.93318539802625533 0.24661703922099557 0.26142886006799204 -7.0888647997665641
0.27199606274833343 0.0040289905602426479 0.96228992984675388 3.7140838888472509 0.23519889162487101 0.96938421375586059 -0.070538836816069941 5.1488803925548101 -0.93311286735734023 0.24551581080654958 0.26272107531784672 -7.2553798042103219
0.27943575257529685 0.007683238454106016 0.9601336511285995 3.6098444185425373 0.23218424510878705 0.96975004832652778 -0.075334720374868616 5.2425546760562272 -0.93166846920239843 0.24397912127383831 0.26919890764359633 -7.427838766605789
0.29017476152455401 0.011669432482279272 0.95690251965375761 3.5093463321278979 0.22652212817821579 0.97067133560713215 -0.080528775454977386 5.323374669829283 -0.92977757190619537 0.24012701342457854 0.27902093864800204 -7.5896810550682536
0.30399222496449152 0.016420590031598837 0.95253298703202527 3.4123740525102821 0.21916166510041646 0.97182912582944037 -0.086696682404799705 5.3970649543796378 -0.92712291078990772 0.23511383288228699 0.29182973439293181 -7.746040341648504
0.3209020440032917 0.022292155128179 0.94685000817143727 3.3177473908141177 0.21133521539710162 0.97283182900704657 -0.094528615793659412 5.4709953452581201 -0.92323307181208059 0.23043717645064526 0.30747260499414264 -7.905813577898221
0.34242297631054652 0.031619329232272432 0.93901369708515336 3.2298202937987921 0.20237277692626857 0.9734918482568985 -0.10657804903693113 5.5591174001429682 -0.91749210593540143 0.22652558221152178 0.32694708463290123 -8.072636670595621
0.364935928336108 0.041357756462769062 0.93011359746529321 3.1430652363698366 0.18949220360346086 0.97480304748089697 -0.11769334473733313 5.6369248008825323 -0.91154510200152339 0.21919980520594104 0.34790368266908289 -8.2294002494307179
0.38980461960489932 0.049441772334161929 0.91956939362026235 3.0633242900036293 0.1769163996531809 0.97593684056666719 -0.12746713599397924 5.702056452737259 -0.90374384980946676 0.21237418480881459 0.37167762854166475 -8.3950078395958379
0.4162575337610751 0.063229398417421298 0.90704559354142644 3.0448275078987925 0.16203963256212137 0.97645113102043679 -0.14243014501165968 5.73116283753152 -0.89469146808622257 0.20626495559032976 0.39620947115009653 -8.4306045621411574
