0.99981029790187581 -0.00054514657803272307 0.019469746392052203 0.14445771727590501 0.00051494387649061405 0.99999865646948027 0.0015562429240063885 0.012416815748125641 -0.019470568614358322 -0.001545921874777101 0.99980923534611876 -0.099695692782176978
0.9997662045881881 -0.0037269456900410544 0.021298968030230268 0.30056116874363936 0.0037241353086094201 0.99999305065854427 0.00017161241598084604 0.020754463977830293 -0.02129945960658287 -9.2252054907055977e-05 0.99977313652149402 -0.19404826300958056
0.99972641477136559 -0.0070756847278021498 0.022294176235606415 0.4676041849620966 0.0070174360323565334 0.99997175965969309 0.0026898837574703301 0.0022099878789257114 -0.022312579409904956 -0.0025326998893800911 0.99974783532216116 -0.27595700915311766
0.99967538172342041 -0.010173954830917225 0.023358549167963372 0.64114502849496069 0.010149251687273906 0.99994780364191471 0.0011758749504351847 0.003383283947884644 -0.023369293235399182 -0.00093842144538007857 0.99972646033746093 -0.39613858339755054
0.99957537306593414 -0.011882401738929647 0.026606053615920243 0.79476134072930238 0.011774038368688622 0.99992175404452244 0.004225850094145017 -0.019610945214820395 -0.026654185048340703 -0.0039107949882624862 0.99963706418978315 -0.49157452856703682
0.99943121364098431 -0.014377067506424746 0.030504903376752397 0.94514821761802892 0.014307994002536488 0.9998945563518552 0.0024814281271241367 -0.0051336752890466667 -0.03053736248815005 -0.0020435527500920225 0.99953153696340413 -0.59100711643322346
0.99938454713298974 -0.017287520328531859 0.030523246758489338 1.1325451221934919 0.017107389291033438 0.99983472663946515 0.0061527747749313402 -0.035881026781173345 -0.03062456829792163 -0.0056268149673322889 0.9995151198305553 -0.68789896149922125
0.99910252209721329 -0.018093383902947988 0.038298561303631913 1.2583429225854681 0.017836559475097841 0.99981615218315023 0.0070369723440564264 -0.040706138352973965 -0.038418842838883194 -0.0063475422503722024 0.99924156299780731 -0.78964983736966343
0.99889425358562933 -0.022250639812667276 0.041414721797150805 1.4373608981891035 0.022132479311312566 0.99974956899559109 0.0033094792134214343 -0.011255286372101731 -0.041477988296719177 -0.0023892092952885538 0.99913656131972295 -0.91816710784366851
0.99877445813964183 -0.025345866475403364 0.042510808278318608 1.6277911462520243 0.025277023707150237 0.99967815956071571 0.0021562397381602607 0.0061630597529207251 -0.042551778345600345 -0.0010790504674389996 0.99909368019706524 -1.0407554918540416
0.99856707451326721 -0.027804240745243045 0.045724412457631106 1.7960737426211846 0.027482179072163927 0.99959296516575435 0.0076572726594123005 -0.038415845990786908 -0.045918705681459705 -0.0063896938671296659 0.9989247440527359 -1.1701751561879483
0.99824182642747694 -0.030879791054401182 0.050593423240292965 1.9615875559693912 0.030657716985976233 0.99951662389022244 0.0051597438211110893 -0.022282394959091886 -0.050728299399276887 -0.0035995932448312086 0.99870600407153309 -1.3150027478358828
0.99813448864681076 -0.033861478500146418 0.050802980695563354 2.1629128988488517 0.03333206159806678 0.99938121071494257 0.011232512611091219 -0.054754783971551667 -0.05115189383974305 -0.0095181901493804726 0.99864552660735828 -1.428616868742667
0.99800660584937906 -0.03680854991683475 0.051263489288400667 2.3589920577178001 0.036283994775382279 0.99927958062661237 0.011126161325533023 -0.043424381660289252 -0.051636095942103492 -0.0092439383231196458 0.99862318378862813 -1.5611759365901028
0.99782376901556702 -0.040347428215191855 0.05215180748534267 2.5406092412024406 0.039510010709888174 0.9990747186406469 0.01699016264833185 -0.080096019013869216 -0.052789061757837916 -0.01489266965766008 0.99849462860307614 -1.6676995176128564
0.99755066421524519 -0.042236964417858167 0.055755817279344227 2.6849356384816954 0.041104570391767549 0.99892771694115645 0.021303300674707024 -0.10807668685047137 -0.05659581801362415 -0.01895930282192174 0.9982171398147176 -1.7840332217419781
0.99737419373156688 -0.046643426585090367 0.055399534607325718 2.8648819325896122 0.045519435848778045 0.99873461756360049 0.021380941047990126 -0.10033253350529391 -0.056326713363340976 -0.018803043277350995 0.99823531640850804 -1.8923491374303627
0.99694955517991557 -0.048139707198054577 0.06143413560435261 2.977916447431562 0.046955437050454324 0.99868499856328796 0.020578157741796253 -0.087041925137771509 -0.06234397611613518 -0.017630718519986658 0.99789898607349015 -2.0123029627786644
0.99674905692860838 -0.051781722134785456 0.061724960629275398 3.1339795655470959 0.050788615085354656 0.99855517647701109 0.017552096988022146 -0.052792505601849421 -0.062544656763319231 -0.014360110853371605 0.99793885239860136 -2.1320525781964621
0.9965272325596719 -0.05955770218594348 0.058192395356197787 3.3331490136388453 0.058084112954293179 0.99795469539893022 0.026695725379567135 -0.09987183025017525 -0.05966331024402248 -0.023222963668722757 0.99794838712689282 -2.2118382660252331
0.99626679934070483 -0.06353053543626111 0.058449427701301564 3.4724690970683252 0.062184721750567898 0.99776231116811664 0.024564828378452176 -0.081211242778693432 -0.059879252769487322 -0.020838461546868893 0.99798809291901247 -2.3321980516220182
0.99595378082672137 -0.06823128355236574 0.058485540108266384 3.6013073118049057 0.066515048463215584 0.99730969717996143 0.030807730178473963 -0.10783374761650555 -0.060430247268193869 -0.026792906815241952 0.9978127706937282 -2.395134417569845
0.99562200403677004 -0.071213271240677056 0.060543332225832844 3.7025936777197548 0.069387044711319637 0.9970843740419324 0.031751993128577044 -0.10297492669464092 -0.062627973813904766 -0.027412060130709487 0.99766042111299336 -2.482864744280862
0.99550955376455597 -0.074785229804117642 0.058033591708940166 3.8380706291018787 0.073257206666587041 0.99691915416022248 0.028028231122843292 -0.057626320390087311 -0.059950896864881087 -0.023650993036485404 0.99792109933275008 -2.5758684966702932
0.99528337802754818 -0.077702291745024687 0.058080558534192459 3.9308329371651891 0.075812189344797082 0.99653987803167332 0.034070272076493942 -0.087422660596032153 -0.060526930938395715 -0.029506361181764772 0.99773035700082313 -2.6289820407733338
0.99522160264173276 -0.079311531900089896 0.056952985372866263 4.0379257339777315 0.077585140165632976 0.99647484098733052 0.031912964524680648 -0.062500155925519066 -0.059283283147106312 -0.027341766346296367 0.99786668455879646 -2.6973324896647171
0.99502344840849899 -0.081621298844479107 0.057151558965608223 4.1158600395808955 0.079712762592166683 0.99620613655827217 0.034917172903400143 -0.07740069807916089 -0.059784718759763621 -0.030187697139419271 0.99775472454117431 -2.7543013446399049
0.99481650873230421 -0.082900764958102668 0.058886136934177109 4.1784490992741521 0.080817164320669169 0.99604459278246138 0.036929055498166719 -0.08613606294913792 -0.061714665233112947 -0.031978623456648904 0.99758140907746606 -2.810191119629855
0.99477906752333412 -0.083040202951128128 0.059320582526146207 4.2414383617170417 0.080866905362912606 0.99599465899582384 0.038146859226130772 -0.091773239600080145 -0.062250706296648632 -0.033150625116699549 0.99750984236745277 -2.8630168198656905
0.99487519179851303 -0.081741932224837763 0.059511421256948527 4.2940382378566921 0.0794329426141656 0.99602985540245692 0.040186251064455503 -0.099797798301932097 -0.062560054120234174 -0.035253136925822735 0.99741839564215107 -2.8908376343281921
0.99499544770601234 -0.08256516529897065 0.056276571710311259 4.3772627576742309 0.080420897516040271 0.99598351903822535 0.039361263279366815 -0.089871764077268046 -0.059300407140480071 -0.034638465372858772 0.99763903213015204 -2.9308426562568872
0.99520762636691096 -0.078254408748237456 0.058634699049307036 4.3815431408853618 0.076272250825895796 0.996461384341504 0.035316473070865863 -0.076923115115359486 -0.061190883104353617 -0.030675022863517684 0.99765460896907199 -2.9790615437860946
0.99559925073028255 -0.075286523224124602 0.055803865153978664 4.4346614277644365 0.073406980017704321 0.99668767173101647 0.035001432886183258 -0.076461311154132475 -0.058254160623773865 -0.030751007141701543 0.99782805549342546 -3.0050076711395626
0.99596629253351165 -0.071335682208357454 0.054427608627604304 4.4757660774869805 0.069635458867307903 0.99704222339980686 0.032522417288833705 -0.069041020274195897 -0.056586632744764935 -0.028601139869554017 0.99798793970306643 -3.0341948587281049
0.99654641781260711 -0.065643968799800612 0.05085377572089872 4.5217999063567573 0.064110570993488644 0.99745430550407554 0.031220876321320951 -0.070081118453724361 -0.052773779775088278 -0.027852787860341215 0.99821798740388235 -3.0440169480063162
0.99717198692711007 -0.0577218191711606 0.048127124154798154 4.5506942784559072 0.056537358755383856 0.99807169790198702 0.025620556434428805 -0.054715320455966908 -0.049513185645891744 -0.022827120681692802 0.99851257729113196 -3.0717496472765471
0.99764762002164098 -0.050155714224394625 0.046729333354932061 4.5625108230471882 0.04911319652096309 0.99852379207428932 0.023197641886079187 -0.057040248945046244 -0.047823845439788362 -0.02084804528540686 0.99863819214725047 -3.076372897537786
0.99823253474837947 -0.040056373572302434 0.043900951083791516 4.576880633673615 0.039279011768687949 0.99905831590922156 0.018429342014984893 -0.058265891201766666 -0.044597822865029828 -0.016672382819086336 0.99886588982046698 -3.0792639127129671
0.99873663832873083 -0.027863594587238045 0.041818026693088713 4.5799170311986526 0.027256759919658535 0.99951573566513241 0.01501210166736386 -0.070344949577993768 -0.042216066828968536 -0.013853312039624727 0.99901245710302577 -3.0813954818474407
0.99896521475296918 -0.01266499426759175 0.043681776907036958 4.546189102885192 0.012238959600572853 0.99987502769329661 0.01000684082139877 -0.079923108410588847 -0.043803054476255703 -0.0094618663873009389 0.99899537811894756 -3.0857772167335566
0.99914779333618631 0.0035412233918912998 0.041123555394909653 4.5490213688942909 -0.0036270903874264459 0.99999139477586352 0.0020136011383874901 -0.062842972004083453 -0.041116070906044994 -0.0021610439865487694 0.99915203978280365 -3.0878753474036564
0.99907777397546793 0.02015529729171834 0.037912603963671333 4.5695338539060879 -0.019919699907513577 0.99977991871058869 -0.0065817701755072544 -0.06152450837018289 -0.038036917643499181 0.0058204926020951698 0.99925938312434703 -3.1112915425299632
0.99881626374094079 0.036707644103757327 0.03191582915951395 4.6173464272279992 -0.036147796178181181 0.99918532338483645 -0.01794509302847104 -0.041826066545533808 -0.032548550168142065 0.016770163883865288 0.9993294519252699 -3.1368390494532625
0.99822186661291512 0.054193424963778311 0.024822927033747239 4.672722174233285 -0.053556098594297614 0.99823514220337417 -0.025658237927950522 -0.037995902495391608 -0.026169625889287812 0.024283195030818647 0.99936253537938369 -3.1424619509687748
0.99682592304318307 0.076857208649484379 0.020761710616315158 4.6909456792256936 -0.076093738880293041 0.99647375250433556 -0.035352559640655166 -0.051443051628581406 -0.02340559873884384 0.033660511709389176 0.99915922049448069 -3.1808361667191796
0.99495862979873917 0.098625386588433131 0.01817575608599625 4.6947667000675608 -0.09773281810312151 0.99420511998194483 -0.044771371068003545 -0.060228784666561445 -0.022486023539916505 0.042769294148592346 0.99883190088392426 -3.1987793439244037
0.9926766846244357 0.12027286675526021 0.011288814176429934 4.7397616674752312 -0.11942943107108657 0.99115177075840166 -0.057920448172656132 -0.04149960317131024 -0.0181551865062059 0.056148061809435497 0.99825737380595825 -3.2416756319918552
0.99028015120619028 0.13907322533479416 0.0019647193241097531 4.8084093647025368 -0.13862276545026594 0.98802895415069836 -0.067694273456458509 -0.060758912190933559 -0.011355660525285055 0.066763940528213259 0.99770417720844473 -3.2704497310148897
0.98706801248090636 0.16016249236748595 -0.0066869107686766899 4.8555814280994118 -0.16017265633700603 0.98373740453773462 -0.081273852346919265 -0.053826291744051069 -0.0064388585122361992 0.08129388016324772 0.99666937654824272 -3.3136445313440492
0.98336231992166634 0.1809997224427656 -0.015415843600665766 4.9060241940493929 -0.1816361839596875 0.97849112550336759 -0.097792709276896525 -0.02540136699328473 -0.0026161870806450027 0.098965740470098332 0.99508740208002044 -3.3840680763288504
0.9795935464426202 0.19878502749992727 -0.02968158705027878 5.010825263045545 -0.20087068856326334 0.97334493754850859 -0.11068242419106257 -0.037703556188936789 0.0068884137572152344 0.11438594927062938 0.9934125046350919 -3.434492444044337
0.97468801744583711 0.2191953997755054 -0.044007333079385313 5.0981118939576797 -0.22297309001369822 0.96743697904288961 -0.11978602886025867 -0.074811316556697025 0.016317774886510126 0.12656645802748792 0.99182390671183629 -3.4764418250406757
0.96979486968750428 0.23682743720991967 -0.058400990679766347 5.174837344120955 -0.24274229675419276 0.96055302404674414 -0.13569843536737788 -0.071298177878773822 0.023960135523323264 0.14577603705423114 0.98902743082609568 -3.5517638440505395
0.9655251704757859 0.24988450338777762 -0.072930652981776214 5.2901964801423071 -0.2585735697601943 0.95297895520884812 -0.15802158064809435 -0.022974503933707906 0.030014233276471451 0.1714317528805443 0.9847386962565905 -3.6910750359105173
0.96048923880074077 0.26176890990967916 -0.094538140201041343 5.4202959440328078 -0.2749653185834488 0.94505898396984711 -0.17679816286993158 0.022142976343353549 0.043063856356299182 0.19580744271497608 0.97969635584355697 -3.7318416384528321
0.95640225133616563 0.26837239609506264 -0.11519978582145297 5.5787342269812941 -0.28608970213762719 0.94021193447960327 -0.18480855118994371 -0.031837115223098851 0.058714699777122042 0.20970878683621511 0.97599938973022182 -3.7836969834701639
0.95309951123289927 0.27025109361572885 -0.1362558919353988 5.7441309340320625 -0.29332924213459788 0.93572823511464454 -0.19588421508119289 -0.05297629305661742 0.074560561936931433 0.22666498716990924 0.97111467201093915 -3.8310064099976162
0.94747148135253223 0.27866748679607745 -0.15697841834595022 5.8254994210240492 -0.30785441965311983 0.92767019061546463 -0.2113141588808197 -0.060408248987936265 0.086737813689756776 0.24854063902353174 0.96473006713282006 -3.9038640496138579
0.94248279467833751 0.28262882846678933 -0.17845763378124471 5.9361356850371427 -0.31774566423851636 0.92327170894906885 -0.21588664690501341 -0.18555217984016129 0.10374909441982952 0.26017358969302801 0.95997178533189675 -3.9636649693530583
0.94091689107071097 0.27459390387027571 -0.1981756595929724 5.9860673907554958 -0.31710278642884132 0.91981034223984903 -0.23107305586691945 -0.20771770776178081 0.11883276878408806 0.28026259519581564 0.95253957964864322 -4.0577317930268473
0.93840606908121782 0.26403046613799286 -0.22289450971814209 6.048330671486613 -0.3157451240272463 0.91726067067008499 -0.24277124766925084 -0.2681381310720668 0.14035336178572841 0.29819586682719146 0.9441293125640281 -4.0993881782854631
0.93589756246086508 0.2489023480195251 -0.24928572708877325 6.1122146148616725 -0.31236320113441685 0.91352041066824541 -0.26059487690585958 -0.23700375288872116 0.16286492304014075 0.32175779779655295 0.93270945979991093 -4.1091594972420005
0.93339605356141042 0.23068806118700352 -0.27487238060919461 6.2129178445757915 -0.30687252989308095 0.91019001794433552 -0.27817868651553873 -0.22711730812662428 0.18601359518326818 0.34400167101377799 0.92035959969281778 -4.1684416008214562
0.92950332356222809 0.21705817777376316 -0.2981766572827344 6.2981775994986098 -0.30379588578330369 0.9090171658514361 -0.2852995828397944 -0.34344091016571671 0.20912109235538567 0.35577175217961898 0.91087585821731709 -4.2804930944179498
0.92440820574720162 0.19644735348466194 -0.32692186598040773 6.4201992827863581 -0.29782637602469686 0.90725354357708043 -0.29696878187921777 -0.39939093260398617 0.23826229011582017 0.37188633340807625 0.89717982374385907 -4.3060824723719149
0.91671292745399779 0.17392058783837092 -0.35970687756098979 6.6169505256503109 -0.29536450241436674 0.90127294203681063 -0.31696513162464013 -0.40266470410396926 0.26906731379384408 0.39681067661829283 0.87757852501613653 -4.3547400038162776
0.90887652397565821 0.15425570353006027 -0.38749018322322831 6.716501403500363 -0.29271195217634172 0.89775122149581577 -0.32918453389533031 -0.43279521318392034 0.29709119343905155 0.41261110289377451 0.8610974977026371 -4.406812403100175
0.90407337603411653 0.13341393227987045 -0.40601976974021492 6.7273931389917214 -0.28730229485264175 0.89305536891365445 -0.34627951055022338 -0.42096408447748218 0.31639962408113048 0.4297124977564869 0.84571771126848261 -4.459071198536666
0.89454303527352508 0.11872278136257292 -0.43092651256236669 6.8648594731853487 -0.29007954053781965 0.88767865216430253 -0.35760379004302334 -0.48654220460100484 0.34006854927351976 0.44489494454005879 0.828505805723594 -4.4880549476633789
0.88478377038688816 0.099414107364379042 -0.45527410964923759 7.0665079404130937 -0.28721044174920018 0.88569513902164299 -0.36476606594317668 -0.63767614233036096 0.3669711729961791 0.45349857328372745 0.81220145420913403 -4.556667647557437
0.88379707725424006 0.078315276397995334 -0.46126938302858167 6.9768207810358946 -0.28083040694678957 0.87733778950000996 -0.38911783003267386 -0.43063894012777659 0.37421519045993218 0.47343966943840043 0.79738188506580387 -4.6536741935054771
0.8757722058906029 0.060055896664256314 -0.47897425052434661 7.0717299629984449 -0.27881463204326018 0.87291899736304779 -0.40034338386099594 -0.48035880439969159 0.3940627416390553 0.48415463781579482 0.78122265861492246 -4.7276676141056555
0.86631324621597039 0.040551090828150414 -0.49785235608902617 7.2911718893823334 -0.27749651565742134 0.86781202055749018 -0.41218682751140512 -0.52766460007813576 0.41532763359634278 0.49523520271541016 0.76304983504531909 -4.8056674656875762
0.86303156896904265 0.027102830582056293 -0.50442239000392619 7.3057650474633764 -0.27189921773479686 0.8664919625216716 -0.41864363637889873 -0.57145191476157708 0.42573151910334073 0.49845472759297049 0.75517915634780297 -4.9353591437208415
0.86197004847506897 0.01503812737075292 -0.50673611501161842 7.3070248039351782 -0.26674528085614091 0.86346049452057017 -0.42811555629674436 -0.58362755032735969 0.43110856019437344 0.5041922541327597 0.74828843382726484 -5.0282716585046563
0.85567195000323082 0.0058613766947548506 -0.51748541838481843 7.444272579599887 -0.26914833468585742 0.85910618620635848 -0.43531107814733538 -0.61719404119766375 0.44202340199756174 0.51176381767882728 0.73669064538739326 -5.0680075622731522
0.85785092902472304 -0.0080405122037831341 -0.51383570694816505 7.4012597659482324 -0.25538955150029846 0.8609941684052379 -0.43984681305728401 -0.60300637143119984 0.44594614086893508 0.50855126795208538 0.7365511844457453 -5.141184504469134
0.86014490557816115 -0.01446318660738426 -0.50984464069076607 7.4213171863645293 -0.2502709393216444 0.85902177897263565 -0.44659382013385512 -0.59463534311250998 0.44442682000414668 0.51173469638460933 0.73526349166618732 -5.2135555760581322
0.8578296501201601 -0.018764812784115181 -0.51359144577757609 7.6239219501590849 -0.25801721139830497 0.84854121139008531 -0.46195771580837236 -0.39512471399590243 0.44447205761101138 0.5287964583597583 0.72306216581232508 -5.2128896517331933
0.85688073466328174 -0.040220872505342696 -0.51394327311272736 7.7904106997022131 -0.24275082509447296 0.84802152257884922 -0.47109609864549179 -0.29786738409668023 0.45478285310559707 0.52843332470422355 0.71688965529094761 -5.2039230607482949
0.85937372869495698 -0.051903656303646559 -0.50870699316132795 7.9197722613347024 -0.22637079595623283 0.85342549999781403 -0.4694903392953072 -0.32609973642100704 0.45851178519975694 0.5186240704169004 0.7216619821059842 -5.2275677294446901
0.86657171136277011 -0.064814804064344006 -0.49482573724484119 7.9640105636493352 -0.198632012341278 0.86481198455197061 -0.46113507245549717 -0.38876993948303862 0.4578196072025032 0.49789484085435443 0.73654730649942834 -5.3635206379749842
0.87016367279578777 -0.075895725002454797 -0.48688296486208765 8.0705451193313795 -0.17851785446885407 0.87239379453902899 -0.45503894655911753 -0.44573266589709687 0.4592891879659069 0.48287566326762227 0.74557664638953902 -5.377425714179112
0.87655671878774699 -0.087940984945849177 -0.47319626151821248 8.1909275935895955 -0.15431824685896703 0.87990712253957992 -0.44938773279929617 -0.4577370772517298 0.45588836071392908 0.4669366540237237 0.75771760154736789 -5.4190089172112614
0.88146511446998677 -0.096114988026005252 -0.4623647489257523 8.4179849109890146 -0.13031784591421874 0.89154780977807213 -0.43377386034223014 -0.60507878769254886 0.45391244861613017 0.44261090356732463 0.77334279400187445 -5.4913802076153155
0.8919866909350278 -0.1044799351682815 -0.43982233497403339 8.4770426541488657 -0.099363020444468986 0.90381989037147537 -0.41621700582394072 -0.67293903960825918 0.44100650036357875 0.41496210539774109 0.79581387127954917 -5.626272360533239
0.90546993376773988 -0.11943613991216738 -0.40725815832899642 8.4697035222147381 -0.062638587768464218 0.911469005817648 -0.40657183714094225 -0.607894145679852 0.4197625595083691 0.39364865034275126 0.81782646919643853 -5.7703764672241737
0.91453531801823873 -0.13080406506645545 -0.38277336461589057 8.5868335538135927 -0.031778567906131192 0.92011579278980993 -0.39035503132483768 -0.64184612111841532 0.40325584275880544 0.36915745207278433 0.83732162330852034 -5.8976086074498593
0.92002473117686034 -0.14194891972780246 -0.36524648966287931 8.8467645197158564 -0.0085280844723188576 0.92460961866701319 -0.38082059403828661 -0.58919551525189506 0.39176748946049483 0.35347921757374984 0.84945316347946498 -5.872870936018793
0.92990963772782098 -0.15370484977398441 -0.33413004177545852 8.915260340019195 0.023494759085643923 0.93145553012194104 -0.36309584368422793 -0.57766532322405217 0.36703686729866841 0.32979601962608734 0.86978073299100456 -6.030370147891543
0.93855165053787104 -0.16526208247142316 -0.30300040160014069 8.9974021291409354 0.052438013686539886 0.93599641930620792 -0.34808182625148321 -0.53928792013949423 0.3411320184228509 0.31080403334443074 0.88714699957988119 -6.1251243380557909
0.94543005333337549 -0.17558368969814234 -0.27446745192469951 9.1012082227067594 0.077221021355445341 0.93912467208590056 -0.33478614687643765 -0.47873712959752823 0.31654214271542525 0.29532222773021383 0.90143544066870984 -6.1609143219679101
0.94965639798955148 -0.17780708479583504 -0.25794837924266434 9.4431853695697932 0.089173105652232687 0.94269628034616948 -0.32151497671155527 -0.40730557992550703 0.30033461836066522 0.2823266966085618 0.91109316394990625 -6.1649864027989709
0.95421702781302431 -0.17697823804395924 -0.24114013994052008 9.8388568452880705 0.10344997254715432 0.95169122370866566 -0.2891053750726465 -0.52458610048014476 0.28065631475466735 0.25092333086972657 0.92642836475011425 -6.3306614891278707
0.96376833337478895 -0.16355174701834765 -0.21071645790309804 10.171158033530457 0.10610574945862827 0.95984297638321436 -0.25969796036864612 -0.58348271690587716 0.24472876724203163 0.22793044275624638 0.94242004634299725 -6.5677254535898415
0.96993673004356518 -0.16119735535565657 -0.18231333560312676 10.490748881206915 0.118039645236745 0.96676203056277699 -0.22679907057684265 -0.77121247099079404 0.21281302090045978 0.1984605474357018 0.95672568129362034 -6.7598775623436085
0.97202889059020081 -0.16533805962940393 -0.16680276345422779 10.860563172924337 0.1300319841745135 0.97029214598995783 -0.20402165209075565 -0.85613084683946139 0.19557995538812886 0.17662524584041189 0.96465123416817933 -6.8796752622485497
0.97652404888252409 -0.17034780553644704 -0.13184235701396754 11.040109399453684 0.14472049927209918 0.97217648475302165 -0.18419788159393213 -0.95951748353966304 0.15955174409738049 0.16079336939741865 0.97400653658654124 -6.9950034089667152
0.97930973094135065 -0.17487533160274352 -0.10183844696581833 11.264713584442474 0.15524190352527481 0.97202050384010397 -0.17628412153191694 -0.9585589605264071 0.12981680273920074 0.15682716126762256 0.97905711744275192 -7.0840178177611177
0.98157368195641592 -0.17832464467487763 -0.068654409851832854 11.458698971774139 0.16501112476864416 0.97221511983639475 -0.16603942141579356 -1.0413808318357363 0.096355776127390297 0.15165118483903503 0.9837263250232785 -7.2365026344542045
0.98237220994720975 -0.18392176617528791 -0.033430899634886567 11.686628922646053 0.17611541280107848 0.97055133178570452 -0.16435776143188685 -1.0495912508986536 0.062675373930602629 0.15557280063030951 0.98583411444659441 -7.3183752014264218
0.98231384492155216 -0.18710406274851163 0.0071819063233796382 11.83461544441945 0.1857689210022021 0.96906775869327866 -0.16247334258537008 -1.0970007164382036 0.023439668622110915 0.16093398884072457 0.98668679588342478 -7.4933101723092248
0.98114883998614821 -0.1887820948975521 0.041331276775916803 12.072991888981997 0.1929931517174778 0.96825513902252602 -0.15885726028930341 -1.1660032471013566 -0.010029814753543424 0.16383927002571921 0.98643605794468459 -7.6151974040164347
0.97865735508100027 -0.19071671353307343 0.07653049408572149 12.295501717584951 0.20099866353595205 0.96588020530516061 -0.16332472640853263 -1.19730376460307 -0.042770534280298353 0.17522147179727862 0.98359957158315869 -7.7621998123963927
0.97542034796035726 -0.19018541540960157 0.11128635383717445 12.547113487456672 0.20723747349062768 0.96340894163954438 -0.16998776647216224 -1.2112548505212539 -0.074885074388137574 0.18887222912448051 0.97914223006641521 -7.8982345801920992
0.97121120616301526 -0.17922974302567313 0.15692511665865436 12.707691836474815 0.20654462762154763 0.96176806191236752 -0.17983745962953493 -1.1476122673677018 -0.11869334363837478 0.20707219586482284 0.97109885999091938 -7.9423166250886341
0.96576521613392752 -0.17404970066620443 0.19236488505907978 12.984399137858668 0.20963661861110139 0.96040344082695661 -0.18351490126157619 -1.1858665284018637 -0.15280718387265685 0.21755903232398116 0.96401142732395084 -8.0307481664221712
0.95951510443002119 -0.17323698072337493 0.22208041984941956 13.298751716387349 0.2159445051138035 0.9586872306566705 -0.18516685580037903 -1.2790528464663626 -0.18082791565961251 0.22562744134012799 0.95728445230898174 -8.2046323697417289
0.95151115532419395 -0.16465830945231327 0.2598348752995332 13.491435234478102 0.21756031389926192 0.95737301938185415 -0.19001160905514838 -1.3264411952150523 -0.21747190878288705 0.23732792268921532 0.94677422123880706 -8.3596684341403495
0.94484608989412466 -0.1540486970807706 0.28902398748114427 13.787084845395192 0.21750905677779084 0.95490694267358434 -0.20209537613073633 -1.2803500242608665 -0.2448584828659596 0.25381436082598835 0.93574707779777522 -8.508217458666314
0.93616382610864424 -0.1400009422697342 0.32248570022438328 14.016899451361672 0.21601356637475844 0.952773187470079 -0.21345114752599392 -1.2365404037010559 -0.27737236673411086 0.26948652916554539 0.92219389543122954 -8.6191901233931532
0.92400646531677533 -0.12884799188069437 0.36001423172023544 14.188922479300869 0.2176996708212077 0.95129446628098213 -0.21827893106646659 -1.2660785719203835 -0.31435474448008049 0.28006612328429509 0.90705240268209941 -8.7247528009762743
0.90961653931931252 -0.11286809126222076 0.39982314261630797 14.36994421655487 0.21531724094838839 0.95112494542992621 -0.22135903851275984 -1.2775415322496615 -0.35529739254198195 0.28744065849448447 0.88946142732393185 -8.78647652165475
0.89382871016542043 -0.098364439710130272 0.437486769953713 14.541116271327317 0.21337869502404747 0.95140293393878328 -0.22204051387643128 -1.3084681214230756 -0.39438530575295955 0.29181654218564662 0.87138013307221862 -8.870850297516947
0.87829104490195176 -0.080597131136913538 0.47128435460721263 14.745278294514335 0.20969453047206665 0.95076608068523349 -0.2281930404472049 -1.2784130702974783 -0.42968947431271493 0.29924565539191933 0.85195011203351778 -8.9614761836729695
0.86137020353098059 -0.064490122492616042 0.50386743948173951 14.94880936891764 0.20690304928757439 0.9504423529853232 -0.23205702283539237 -1.2362701610951654 -0.46393156894578824 0.30413871465600961 0.83202592602808334 -9.0446284709656837
0.84174563182057005 -0.056364619337132812 0.53692394340164162 15.155009043051532 0.20623477375909019 0.9526806840821429 -0.22330860321384183 -1.3138665462981083 -0.49893036528510276 0.29870142929648041 0.81353914886298717 -9.1476519705080452
0.82245044907083686 -0.043993575811210855 0.56713298626558661 15.364056064597074 0.20347262814798034 0.95379225632339448 -0.22108645678123734 -1.2823113416460001 -0.53120066680844125 0.29722869488808012 0.79339835802539693 -9.2434769134614925
0.80167600060898803 -0.036130609102236068 0.59666587729941389 15.552486546605715 0.20247184081037159 0.95558049496670439 -0.21417532845322756 -1.2644026659671026 -0.56242398928783022 0.29250725926904753 0.77338138039939452 -9.3666017515966828
0.78068435126550795 -0.03270568728731351 0.62406913215461746 15.74572296730673 0.19994611332222748 0.95920779030116632 -0.1998548643213087 -1.2922192097926679 -0.59207558255385595 0.28080376251862832 0.755377886556718 -9.500391948939404
0.75662996136892924 -0.027662045653859147 0.65325792210205647 15.893745029402034 0.1912660951864231 0.96476537115815153 -0.18067943836035194 -1.3310016837135508 -0.6252426588061557 0.26165356837680981 0.73526119696655512 -9.6015020144892134
0.72662717308038749 -0.027007574517042925 0.68650094119375471 16.09780869951134 0.19042361039475025 0.96799572307869586 -0.16347210375345758 -1.3398551519447077 -0.66011498994147455 0.24950926038938759 0.7085148756621189 -9.6447348230834926
0.69836144799293109 -0.025956191566131107 0.71527446765322111 16.259803511801202 0.18182405179191793 0.97299256055025074 -0.1422163538550916 -1.3551819407435248 -0.69226534085362568 0.22937252065853267 0.68421995339186392 -9.7160274096719608
0.66819791982484222 -0.027038800485084377 0.74349205995093282 16.396708761707856 0.1706397510867517 0.9782686218391865 -0.1177819123376346 -1.3845298540609032 -0.72415027120812792 0.20557092886200282 0.65829095232731882 -9.7865341168950586
0.63400274416364866 -0.031295812629869066 0.77269728387305692 16.540990325597246 0.15719830159992992 0.98353521130198451 -0.089146969119864916 -1.4309026350195257 -0.75718505952446058 0.17798612373158984 0.62848367153963725 -9.8257699315166001
0.60352969417968472 -0.033845323655774889 0.79662186908847299 16.674937338986073 0.14136299719788004 0.98781303758114092 -0.065129914846801806 -1.4380717360808353 -0.78470912526018743 0.15192069263716296 0.60095897687116406 -9.8921390492055821
0.57218429798873771 -0.041593719421151892 0.81906965005416366 16.809524065210148 0.12472809664414884 0.99150894899985831 -0.036781870000371995 -1.4803086343178493 -0.81058499310230481 0.12320700693512075 0.57251375738878596 -9.9444644413806866
0.53949011584534823 -0.049973689519926277 0.84050761166151189 16.923780091128073 0.10622580074908269 0.99430071490253769 -0.0090646345496459731 -1.5149718312953901 -0.83526432592347022 0.094173874827727364 0.5417239030535228 -9.9754557499988401
0.50835637272451861 -0.057274022252788229 0.85924006231399475 17.038159552197243 0.086777321411785943 0.99611393966100248 0.01505708144470079 -1.5228582495965111 -0.85676338320388434 0.066908187750258738 0.51135095542397324 -10.019702877425466
0.47699620597333048 -0.063549153921243107 0.8766048850667798 17.127113849202317 0.065207373292032023 0.99719260190745718 0.036809145186885245 -1.5233374141962996 -0.87648309621772036 0.039603279370902592 0.47980096113666604 -10.046796940490447
0.44825799695389978 -0.07497845158667947 0.89075417482296515 17.228465015490858 0.045550316783419809 0.99709742514768407 0.061007322550565027 -1.5545043018800264 -0.89274292873581906 0.013227114633303007 0.45037218678629554 -10.08754428103539
0.41999885191388586 -0.084702050522366207 0.9035632390864099 17.311298820155024 0.023403594810460015 0.99631471814121486 0.082518205052820745 -1.573264969371011 -0.90722281504653857 -0.013510923450974205 0.42043337023425764 -10.110913611273496
0.39454772773251412 -0.089781071462722795 0.91447878583820397 17.378663314772993 0.0020517254061717975 0.99529876646437387 0.09683055249947424 -1.5648116007535855 -0.91887315825633298 -0.036328015105442105 0.39287707282880624 -10.140773974443656
0.37158547798529784 -0.09808897461649517 0.92320246187340849 17.453917198553587 -0.017333968828744731 0.99349661438758463 0.11253448682537737 -1.5729809907996732 -0.9282369126872092 -0.057818943773572107 0.36746864310553995 -10.167738713396474
0.35089087665311958 -0.10723118035812124 0.93025645208222529 17.514689130426586 -0.036849468058337081 0.99107115482023611 0.12814087086913842 -1.6008526118062127 -0.93569103307952195 -0.079242917931432122 0.34380641438502779 -10.188818107513899
0.33329898833264737 -0.11161672574696309 0.93619094788935076 17.566674943995189 -0.05526090920812881 0.9889478575279228 0.13758040196344182 -1.6031564860870609 -0.94120030614631911 -0.097590171761599606 0.32344727868018419 -10.205079849379427
0.31806755612846382 -0.1130616516098487 0.94130233861056556 17.60903984809115 -0.070438519063184116 0.98730141242539271 0.14238797721370294 -1.5906741785330003 -0.94544774830270339 -0.111592938656878 0.30606465211008982 -10.225842820256656
0.30752868544792922 -0.11425857273194627 0.94465395049400347 17.651238015077723 -0.084530167059769831 0.98555899343696096 0.14672464452971709 -1.5960385457331152 -0.94777674506368637 -0.12497379330396824 0.29342936544201059 -10.243617340191989
0.29877210043378521 -0.11189504908395695 0.94774191106697547 17.681418765409312 -0.096727384196899829 0.98443736488479916 0.14672044085640593 -1.5899354457429997 -0.94940984045290433 -0.13550857024251878 0.28329910384965729 -10.248365766872251
0.29418862537664547 -0.10863951598256971 0.94955279382774327 17.707151854805595 -0.10529721645434278 0.98378630664346034 0.1451791964015049 -1.5977655067067065 -0.94992923363057258 -0.14269533428915057 0.27797930258589487 -10.2525206802889
0.29092871985593016 -0.099771920906240236 0.95152826745276919 17.711247692688239 -0.11247252155249143 0.98408502141730858 0.13757398924840247 -1.5825732865803217 -0.95011073662948053 -0.14704500814639765 0.27507699598587265 -10.237679596721097
0.29189037822316743 -0.088789968253008403 0.95232155737354096 17.707479608464904 -0.11747638204272455 0.98481455099661308 0.12782644408529525 -1.5792426372225334 -0.94920983284144733 -0.14918660021251592 0.27702716753802847 -10.234112783063571
0.29449695329784265 -0.0757622071777517 0.9526445467548974 17.705587287919442 -0.12102617929893128 0.9858695796004634 0.11581811577947794 -1.5758567788821691 -0.94795791490054626 -0.14940301195746039 0.28116637707138414 -10.224691451790839
0.30081985968006175 -0.060285036870696439 0.95177367391180079 17.718752179466559 -0.12138300140182354 0.98746306261739147 0.10091019243350262 -1.5686245753284409 -0.94592472163103603 -0.14588493512278913 0.289730921220823 -10.228693889520864
0.30939373573121398 -0.044109009881709162 0.94991047553837371 17.738361857669208 -0.12051140525812927 0.98905090846377075 0.085178058616645083 -1.5651835894576587 -0.94326693861970745 -0.14082860403428338 0.30069051663256752 -10.235193217930833
0.32141671461767884 -0.029730064778223545 0.94647103432311119 17.765655543868696 -0.11842417600065905 0.99039805076594956 0.07132612128506971 -1.5928229105271772 -0.93950359770622605 -0.13501045991807514 0.31480972921713735 -10.252055622942819
0.33306524485483391 -0.0082558684235564186 0.94286763827504583 17.796997693695154 -0.11667325304749059 0.99191600406573777 0.049899828672807116 -1.5725503240167331 -0.9356574665405637 -0.12662733320587699 0.32940950774387501 -10.261271455117081
0.34984626103175587 0.010169650497956585 0.93675192652636163 17.83105002438235 -0.11353168685000244 0.99303109105837439 0.031619744976953405 -1.5896826161654676 -0.92990222589425686 -0.11741307593349218 0.34856279187076533 -10.300330985801734
0.36773784194783876 0.028709432882922235 0.92948622801152225 17.898826741924378 -0.10957023485833581 0.99389854502139441 0.012650922395001566 -1.6002383280590546 -0.92345180883066968 -0.10649624720099861 0.36863980536489582 -10.341004321629903
0.38335534425293871 0.049027827012569442 0.92229873263012585 17.951594874885338 -0.105494259580144 0.99437908788599683 -0.009010592136494959 -1.6055062091065639 -0.91755634226370419 -0.093842963260111475 0.38637269186397383 -10.370985756382698
0.40062771188099389 0.065785353414715558 0.91387620810977488 18.025617705431891 -0.10183492292429901 0.99443641754252188 -0.02694178795472223 -1.6304005109305717 -0.91056415751225439 -0.082270886352926245 0.40509803296572855 -10.402417840724882
0.4158491488432039 0.082884820870046186 0.90564871328552299 18.090700799752369 -0.098570706529035018 0.9940793587175909 -0.045717003248137107 -1.6545714444560384 -0.90407593775122119 -0.07025905664726563 0.42155707055900105 -10.419695650146618
0.43145427315853557 0.10075412841929339 0.89649083418611075 18.141658068011299 -0.09599859403788788 0.9932289960192896 -0.065425005993601501 -1.6938572606374118 -0.89701253063487851 -0.0578339612423577 0.43820514922924958 -10.482546767481164
0.44663299104852561 0.11965978357695564 0.88667948408732455 18.230171229585334 -0.092578645269050561 0.99187765132000738 -0.087223387070516606 -1.6824731958860382 -0.88991469576987836 -0.04313074316797702 0.45408322281998381 -10.523783347993291
0.45930176620634999 0.13855325298302176 0.87740804854272347 18.317189954361524 -0.089552749418919428 0.98995040303786741 -0.10944635488071852 -1.6697870573596652 -0.88375459977939563 -0.028305399007728608 0.46709379331754519 -10.560221231769397
0.4716966074280563 0.15383175627384427 0.86823850484908038 18.406665917662821 -0.087523236054510803 0.98796989507952515 -0.12749576293782655 -1.6832775657857901 -0.87740640166994932 -0.015851724772297102 0.47948590086710041 -10.611003189519991
0.4821808805030412 0.16720662789459828 0.85996717499299336 18.501786299515995 -0.085776953912940643 0.98591149373455755 -0.14359958460772343 -1.6907747766558119 -0.87186232436935218 -0.0045243905899926759 0.48973014736185072 -10.654800051369719
0.4906384530373431 0.17864437171709618 0.85285408884223968 18.607629300304218 -0.085966723822138214 0.98390735433551602 -0.15663984320655316 -1.7104655697229993 -0.86711223656249425 0.0035364584387930983 0.49810025362902566 -10.698476029952307
0.49759022173599377 0.18816485007063127 0.84675732086036415 18.721963335826011 -0.08764538187551052 0.98209846483175567 -0.16673599614661691 -1.7284696472298144 -0.8629729186183196 0.0087518325512761352 0.50517437302220092 -10.752248514095925
0.50655934604502972 0.19001223185464272 0.84100712284739265 18.875271234041808 -0.088499189273854237 0.98172092134141842 -0.16849903886499468 -1.7950704081265161 -0.85765116593653767 0.010926314391136791 0.5141158363846845 -10.837384565222958
0.50784666418474078 0.19896265523032322 0.83815608779041328 19.013203135352981 -0.092701780560375036 0.97993469062310867 -0.17644937515992626 -1.7948953505720076 -0.85644506277832411 0.0119106648467611 0.51610075615672257 -10.885053630999058
0.50647322656352589 0.20204901759630917 0.83824880868552254 19.151942604334337 -0.096648272752857936 0.97933437731214945 -0.17766059998917524 -1.8380468328284409 -0.85682202478007108 0.008965037813132886 0.5155343305239608 -10.92414486899259
0.50517557459587104 0.2057666082219039 0.83812752118790668 19.309600365090798 -0.10122283837860556 0.97858444060415239 -0.17923847131137036 -1.8456638655787785 -0.85705984378123223 0.0057092511165422492 0.51518523720054121 -10.995256117869245
0.49981311221427016 0.21016861129657796 0.84024758713390746 19.45717426475877 -0.10425948828325354 0.97765844313497641 -0.18252103349972645 -1.8190255974502776 -0.85983534002831008 0.0036226223322436608 0.5105585810128338 -11.058669617695857
0.49387716382374858 0.20891260688505681 0.8440621243355847 19.626657361562021 -0.1100161086624637 0.97792094946886698 -0.17767124816547775 -1.846947899927915 -0.86254379766373568 -0.0051126582517820708 0.50595657702753627 -11.108535481867177
0.48405384267504559 0.20520628457513751 0.85063638422206578 19.80245547827278 -0.11564560387654982 0.97858869062972242 -0.17026528969708854 -1.875817304386008 -0.86736265292872183 -0.015954790580670106 0.49742082079661343 -11.156667957406707
0.47053246574666707 0.20330367680099407 0.85864242480648401 19.962367573418046 -0.12186436953104522 0.97874285285913187 -0.16495909619044544 -1.8770487610312232 -0.87392692721826726 -0.02701930747381813 0.48530576228443123 -11.188210842986001
0.45775603064753434 0.19762680705923633 0.86683508324097325 20.143901556212427 -0.12990156608896009 0.97938600627431793 -0.15468882907849965 -1.9035055521542759 -0.87953680965235859 -0.041793490469367624 0.4739918824420285 -11.240111689419827
0.4436127868700166 0.18818136658412671 0.87623939000477935 20.324735807128622 -0.13776510232167688 0.98040526623659408 -0.14080586109196921 -1.9514229538522128 -0.88556675180796796 -0.058251928775651253 0.46084513763975132 -11.294940814212767
0.42705052537522037 0.17991850798963202 0.88614738010081229 20.514360469842 -0.14517577552840286 0.98093384201038591 -0.12920058745404356 -1.956072118580384 -0.89249753107584306 -0.073471954387561336 0.44502812151817672 -11.350133684672128
0.41162877339377846 0.16748014355855376 0.8958304272728963 20.722305284061033 -0.15274931213833742 0.98174254020244778 -0.11335445469018875 -1.9861634310740015 -0.89845945960605167 -0.090177526415684731 0.42969595433742491 -11.426044615896197
0.39503444084314898 0.15271709590042926 0.90588370068540247 20.933963065877879 -0.16009019852333783 0.98244145014360507 -0.095811927109774153 -2.0218162940594264 -0.90460981582365052 -0.10717409042986786 0.41254671911921881 -11.50205258219418
0.37672505895297159 0.13733449529406919 0.91608813241914866 21.143381336215274 -0.16745704481676166 0.98275197580505802 -0.078464591966642433 -2.044664356296249 -0.91106331728267786 -0.1238458334122626 0.39322492475465609 -11.574007310156448
0.35790171133592119 0.12425642046608759 0.92545486491550411 21.362520612280598 -0.17091918614927504 0.98307916993055389 -0.065893682965233111 -2.0209873057509218 -0.91798311358591367 -0.13459453042976166 0.37308352355672791 -11.698618175125997
0.33825701547435694 0.10412565791389833 0.93527538128958476 21.594447468136305 -0.18008404624961022 0.98265450852395175 -0.044270228866802291 -2.0626218223216886 -0.9236622368424231 -0.15345345952942421 0.35114115109127053 -11.783016961362053
0.31779099884759021 0.083612654293140617 0.94446694229787997 21.825744556794955 -0.18835242183516557 0.98181927108946765 -0.023543239075671064 -2.0882102036353589 -0.92926435756477765 -0.17041080646309409 0.32776197277951435 -11.875345841234054
0.29548360610500912 0.061132223572982987 0.95338989388612816 22.04696787447498 -0.198266231338008 0.9801472048829506 -0.001399382421913603 -2.1279951956305649 -0.9345479870152219 -0.18861152669219899 0.30173788619368724 -11.968180268387801
0.27531709610033162 0.037275485004313012 0.96063054022479122 22.2811541079517 -0.20574068400401832 0.97838117565942573 0.0210010966579996 -2.1668390911456914 -0.9390800112559311 -0.20342274536780097 0.2770341479431504 -12.096480103643195
0.25372945055945362 0.0085129052523754412 0.96723776619968782 22.503996294998664 -0.21314685383022663 0.97587335410618337 0.047324575516570239 -2.2568651770958508 -0.94349869349198034 -0.21817132531501851 0.2494223089244717 -12.237198458570948
0.23159151916778264 -0.020076441948712324 0.97260593496453573 22.712496448274536 -0.22140418893838426 0.97246149792789383 0.072792995324915385 -2.3465194843738297 -0.94728324875408565 -0.23219726855955239 0.22076882729087521 -12.387743015704942
0.21050722909919195 -0.049517240371842193 0.97633741575489053 22.909151544506713 -0.23060228247177389 0.96801763260267459 0.098815233082362119 -2.4388089758993274 -0.95000489146940126 -0.2459469574446298 0.19235592090689846 -12.567378755426878
0.1893529440954419 -0.080433176280687968 0.97860920019984898 23.106517374404717 -0.23878788436865334 0.96294748792084084 0.12534943871308193 -2.5223582013940051 -0.95243152448936241 -0.25741530580045507 0.16313047385000479 -12.765661927122883
0.16861572812078596 -0.11296593440385409 0.97918712915078754 23.290483421114441 -0.24661477550519584 0.95698046364651912 0.15287100673906451 -2.6160452371619005 -0.95433216897096096 -0.26725847014296367 0.13350288912238406 -12.970921524119296
0.14844223032501658 -0.14538816397796606 0.97817543724592215 23.474676973493406 -0.25535898990513833 0.94995341308224679 0.17994526736765715 -2.7123501520107758 -0.95538300724409075 -0.27649736842962214 0.10388702864521437 -13.154626351695402
0.13014785791779082 -0.17785825034395503 0.97541169659995264 23.641740591950352 -0.26355736658500467 0.94217996046467767 0.20696481975822814 -2.836522509411723 -0.95582375446427803 -0.28401296604797011 0.075746851541477422 -13.347537317599762
0.11255329177370688 -0.21278936008878158 0.97059386189276398 23.81152457015822 -0.271111355823491 0.9331624928973381 0.23602202141574383 -2.9767330101460279 -0.95594476265862316 -0.28970407329313169 0.047340898416871169 -13.519286103180319
0.093781520463289025 -0.24495743733331377 0.96498750267280142 23.992616320833548 -0.27980255383407338 0.92370912924818194 0.26167150286474822 -3.0733063191191778 -0.95546614659417672 -0.2945459190663845 0.018087130060204126 -13.672616185232823
0.07608120991562306 -0.27664607841426658 0.95795542526559274 24.187913030582266 -0.28892645333212186 0.91340518973984441 0.28672715937148346 -3.1546335260892495 -0.95432340119201542 -0.2985932126729044 -0.010437398285857435 -13.814369802085285
0.059490745144548107 -0.30806932967988532 0.9495020481034957 24.379658590338519 -0.29877421033866647 0.90208698643668883 0.31140494559027088 -3.2330665120114142 -0.95246775403614226 -0.30221243689193106 -0.038377343696351485 -13.949213406153062
0.043042294960169869 -0.33502072419340551 0.94122711138464776 24.563844725315064 -0.30727695335030897 0.8919955887911537 0.33154900620703892 -3.2718919900068655 -0.95064621957083173 -0.30348802931590108 -0.064550610203444547 -14.091182348881972
0.028691623106262276 -0.36562672311337535 0.93031924096457541 24.756907710107011 -0.31441800691025817 0.88016046492916422 0.355610563547061 -3.3457679409073866 -0.94885094071414056 -0.30271216579624383 -0.089706393221656189 -14.223794220981507
0.013758425629634696 -0.3904327783319908 0.92052862602319785 24.928732349892265 -0.32160154029402716 0.86997073407838843 0.37379589501172866 -3.384036686144368 -0.94677513434009408 -0.30118626703598655 -0.11359435524806849 -14.357097610376085
0.002103657695188943 -0.41628936251168858 0.90922975164911624 25.108278856146917 -0.32835251173491942 0.85853186023671557 0.39383711480236888 -3.4415749002917067 -0.94455291152040355 -0.29937637117530935 -0.13488360063488947 -14.488825528074416
-0.0082551586657986231 -0.44019257084656888 0.89786544255077061 25.279660325195092 -0.33485787612782941 0.84727255293435522 0.4123098638636476 -3.4928168491220224 -0.94223248466106391 -0.29725363179545644 -0.15439631871858062 -14.619424277167667
-0.01858946210589596 -0.46341200464848326 0.88594793630680591 25.450350720569695 -0.34187367308798672 0.83563691627352044 0.42992247651199861 -3.5522831705222981 -0.93956203815817418 -0.29489024756433668 -0.17396240497159843 -14.730619530304311
-0.027421881522784686 -0.48016584134601309 0.87674899784272686 25.613987843252247 -0.34787796421113731 0.82683770050254068 0.44195060701846034 -3.5719519665587502 -0.93713871034658747 -0.29288253930909963 -0.18971256083293153 -14.851239267165585
-0.035474261975947163 -0.49701263877555196 0.86701788541795666 25.770091068494423 -0.35151740132481685 0.81833050139949537 0.45472047132837368 -3.6076073629441523 -0.9355090022565844 -0.28864100085852901 -0.20373826179752585 -14.966439375157631
-0.041478346077444828 -0.51132488914262697 0.85838592984156026 25.927990778544146 -0.35634369808414468 0.81019803588354322 0.46540123709135617 -3.6447588851036787 -0.93343383035028027 -0.28657634304619256 -0.2158130764431927 -15.075828607088452
-0.047879980606163386 -0.52288511349540912 0.85105738087513638 26.075512206657994 -0.36077934860084487 0.80356757862753914 0.4734104014508172 -3.6726547799462539 -0.93142137031544636 -0.28437704665385177 -0.22712095072038085 -15.170426026014187
-0.054178689523955104 -0.53063324050839455 0.84586821294397108 26.217826941116805 -0.35629310963964123 0.80162381133525762 0.48005675198214842 -3.699069499183393 -0.9328021706797115 -0.27536817021561455 -0.23249189492823796 -15.286050174376959
-0.059223815868361784 -0.53803291416551913 0.84084072386424635 26.358371799033769 -0.35505937893753103 0.79859049078775546 0.485989779163993 -3.7369972363468138 -0.9329659034833403 -0.26976621600550921 -0.23832920853219797 -15.377386367346904
-0.06144499942479742 -0.54279449066248531 0.83761485955786397 26.482739128637988 -0.35467838528052748 0.796302839524893 0.49000513342146773 -3.7767294695725195 -0.93296717791168027 -0.2669755207337291 -0.24144630100390829 -15.471954103202656
-0.060856028380964267 -0.54545798352543562 0.83592591299591901 26.612787916722436 -0.35489076540495901 0.79457927495698899 0.49264218296762619 -3.8132603261584621 -0.93292501758714641 -0.2666821404166228 -0.24193294017729583 -15.560561528959536
-0.057556547892187115 -0.54688590829672934 0.83522634483186398 26.743215793183801 -0.35553493846362261 0.79299170166647437 0.49473130952040767 -3.8492252967964595 -0.93288914203478779 -0.26847712080281749 -0.24007891260797343 -15.646026190313954
-0.051930032256748637 -0.5476437802564238 0.83509853412412771 26.865476558921856 -0.35681851275682336 0.79120209009971365 0.49666870404310098 -3.893467439656578 -0.93272923225543958 -0.27218659512969884 -0.2364965892521067 -15.726203104263245
-0.043912316614858504 -0.54303908957476243 0.83855843901503369 26.976329407136376 -0.35737008876738879 0.79236609629217813 0.49441135616112564 -3.9077187132884701 -0.932929969560366 -0.27796495577771663 -0.22886055854075638 -15.810844979069358
-0.033465836297235763 -0.53689420723061054 0.8429855562482319 27.086729928937309 -0.35949932132968992 0.79347001151126584 0.4910861215670872 -3.9230583503478971 -0.93254505294083201 -0.28661812760976196 -0.2195672406372482 -15.887996353565697
-0.02025380097651297 -0.52961944005825812 0.84799353314655712 27.193526827788968 -0.36117384317714968 0.79476642419054422 0.48774971653915261 -3.9421781238860238 -0.93227851983763499 -0.29639429767077713 -0.20738172956554113 -15.965056745627113
-0.0080924526244461337 -0.5205350068624961 0.85380197870535657 27.296346064755657 -0.35921837275482804 0.79834921336739062 0.48332255708899197 -3.9632331087847472 -0.93321844864206072 -0.30279009254982175 -0.19344634131400862 -16.037979915653978
0.0062821129373028528 -0.51191036976638571 0.85901589530269207 27.384953965146625 -0.35482874166888961 0.80199329473379566 0.48052400490267255 -3.9980706168875195 -0.93491020913385892 -0.30782223527171249 -0.17660229989898535 -16.111498816402111
0.02098696312668491 -0.50079745610606374 0.86531003422843478 27.475526090800773 -0.35065547284927912 0.80683316554152706 0.47545870729547834 -4.0212050815965963 -0.9362693451884283 -0.31340413357186925 -0.1586743908779813 -16.170668886446879
0.039075201009870164 -0.48768886295109565 0.87214259248101522 27.569585186536514 -0.34624904729923106 0.81212581486779112 0.46964162727520359 -4.0411894926069687 -0.9373285047998986 -0.32032988274401414 -0.13712782471399865 -16.234650257382292
0.060122854396472247 -0.47415184759833556 0.8783878800383722 27.660754602519091 -0.34226410528227286 0.81684085625146707 0.4643557879403416 -4.066863788103217 -0.9376782628463487 -0.32855903727862218 -0.11317435402068421 -16.29581328472073
0.084707737338912015 -0.45953448149295156 0.88411122578209922 27.74820798857905 -0.33712832145170818 0.82175149950087212 0.4594224286462536 -4.0962198244960648 -0.93764017304618275 -0.33697556793790318 -0.085313378217322766 -16.362855259680877
0.11013844884780466 -0.44185114785778951 0.89030168214047167 27.830542002041636 -0.33129842687354588 0.82820401408568434 0.45201710521115601 -4.1084512840172902 -0.93707570368488025 -0.34474000955664158 -0.055167484756633467 -16.422705708169136
0.13786989463414023 -0.42302337543811758 0.89556859926334664 27.907808548158531 -0.32650243117756333 0.83424990160697499 0.44432337784984166 -4.1238584476332294 -0.93508719090184944 -0.35366414223341058 -0.023100214492389082 -16.479845755729144
0.16872089144895486 -0.40442521678522625 0.89887346429677906 27.982730005055213 -0.32226029763378827 0.83919519978112012 0.43806359953014595 -4.1495479501626278 -0.9314942626541789 -0.36358171116345861 0.011259571474938057 -16.530692151177441
0.20084946428642036 -0.38433964822561245 0.90107853569912022 28.052401316772034 -0.31852776235927288 0.84421832391320772 0.43108640221603933 -4.1675768861378728 -0.92639060730463629 -0.37360200263246279 0.047137949963493075 -16.575464192574206
0.23480704032489597 -0.36193187918475123 0.90214797491523402 28.11290774725774 -0.31508199617253296 0.84964611109456645 0.4228768397415632 -4.1773594101286768 -0.91955912778993987 -0.38354504394096189 0.08546466969766553 -16.616158683729505
0.27266091042064367 -0.33912325227621576 0.90036184264671493 28.17149344920508 -0.31052540172943122 0.85471832413606741 0.415969423475822 -4.192570070874635 -0.910620668999645 -0.39300382460179001 0.12774189226328381 -16.669862511239259
0.31177663549770507 -0.31685483895528027 0.89576690081089427 28.233021300717677 -0.3057349384498767 0.85916433698000527 0.41032034981555326 -4.2124654703854914 -0.89962296378470752 -0.40179553642659011 0.17099377163770435 -16.708577415869904
0.35098776133365572 -0.29253633381031918 0.88951114933698638 28.278992015224087 -0.30271551798962348 0.86348802003886826 0.40342502948829173 -4.2273519855744723 -0.88609870023731718 -0.41086607629515076 0.214518439271697 -16.741796701840752
0.39173419877710469 -0.26816166368609584 0.88013273978279283 28.327349690766169 -0.29943071229736706 0.86735394899520013 0.39754040762609688 -4.2419364796990635 -0.86999170458203312 -0.41926894625232747 0.25947636629741777 -16.776270804921232
0.43273846444825192 -0.24454840523549065 0.86771740727252189 28.373152416910333 -0.2957305565259753 0.87073880413272264 0.39288340880514794 -4.2600785504865897 -0.85163422860040461 -0.42662631479351376 0.30448173705807025 -16.810331365064474
0.47439210318279446 -0.22049636843938822 0.85225200729763417 28.419460234930352 -0.29212308427405037 0.87383488541631416 0.38868585858463289 -4.2790129148530793 -0.83043135542440905 -0.43335198688190957 0.35012828990739997 -16.844423326589993
0.51536588446192988 -0.19639085293806077 0.83416343603339149 28.462653901589011 -0.28721302117111103 0.87750781025865932 0.38404260623635994 -4.2930506779893385 -0.80740738515481514 -0.43750505804769146 0.39583157855349349 -16.879313066940828
0.5542518029990765 -0.17255094681222394 0.81426722249300809 28.494001349985265 -0.28366375315002973 0.88055507796482579 0.37968095793599999 -4.3066372310582679 -0.7825214463649619 -0.44141695189986152 0.4391027904196505 -16.906885279686712
0.59090275964397909 -0.15000402028549151 0.7926744114346822 28.520448115167543 -0.28006127218349847 0.88331354647716465 0.37592933170064602 -4.3163318682641094 -0.75657095666440322 -0.44413508362673154 0.47994209549047273 -16.926029133324466
0.62626002701717909 -0.12758930474965807 0.76910295011392404 28.546030681278456 -0.2757012797415041 0.88652585425286945 0.3715652218522571 -4.3196869658075752 -0.72923739818343059 -0.44473911347521367 0.52001917083502036 -16.949954462340674
0.66059056170243879 -0.10527028447150746 0.74332918481446997 28.570039114442341 -0.27070684340209422 0.89011144361828742 0.36663254475706653 -4.3199627527234217 -0.7002413260619017 -0.4434182959092422 0.55950183210425086 -16.97712350861676
0.69192163208418167 -0.087163178216993153 0.71669172969769579 28.587201107910026 -0.26458329220945959 0.89300978648618579 0.36404560527975149 -4.3289404359085308 -0.67174410048586664 -0.44151568670094793 0.59483086828057652 -16.997721042567147
0.72061131369688192 -0.070606231311803727 0.68973480024716605 28.605067138337215 -0.25842962326762575 0.89576266063670262 0.36169515565847504 -4.3319033482010942 -0.64337661162790727 -0.43888952585929814 0.62724996588377224 -17.011261801666524
0.7466666696048021 -0.056971823975732014 0.6627541744675407 28.613150139588559 -0.25105341895204869 0.8985078685992951 0.36007747902033382 -4.3442840097957482 -0.61600411145848721 -0.43524455348462437 0.65658290666770314 -17.025995659563986
0.76915693933700002 -0.043334351554655405 0.6375890029204363 28.611649968850674 -0.24548143318449536 0.90111962596873374 0.35738254805691833 -4.3390935070832741 -0.59003090481043841 -0.43139952905549972 0.68246463476085584 -17.034050630345611
0.79054305163102601 -0.035528055646385288 0.61137504101810736 28.626639192234926 -0.23639148816872863 0.90324022326156617 0.35815661853966901 -4.3502946120746806 -0.56494313681934305 -0.42766208195768712 0.70565175250709733 -17.04098939524442
0.80791289258898502 -0.029947053050021238 0.58854051007735941 28.624018611062692 -0.22632630998522743 0.90634781359906691 0.35680532814500088 -4.3476565246699863 -0.54410767261358295 -0.42146982667542199 0.72547227776478129 -17.041759426253837
0.82452591985541668 -0.027775266422485102 0.56514205476299417 28.63595283901385 -0.21410297549648685 0.90921461710775764 0.35705559219979227 -4.3459763135014615 -0.5237527311338146 -0.41540018610100982 0.74372425133050268 -17.050538648681179
0.83720480541689157 -0.0290025347549752 0.54611991976547725 28.634887407052513 -0.20159071848322246 0.91190888890372945 0.35746798536342217 -4.3489552174341011 -0.50837908691082379 -0.40936662213247443 0.75760786207349051 -17.053981939713186
0.84664486634705194 -0.031957564661470442 0.53119787683036779 28.629504031884377 -0.19041919388496739 0.91391063684109075 0.35847995546321854 -4.3472312508990099 -0.49692353625923352 -0.40465548548069863 0.76767241528011054 -17.053467512498436
0.85377525684879685 -0.041221243265567968 0.51900734088875078 28.627131492825747 -0.17594658864139867 0.91536876739637418 0.36213646270528616 -4.3609932949146097 -0.49001082512351246 -0.40050072256973962 0.77426646736307192 -17.053367368598956
0.85852797631934585 -0.056052734316250373 0.50969383442678673 28.643972529533372 -0.15755660873478711 0.91708341690121253 0.36624298148741358 -4.3722299373841027 -0.48796068378610385 -0.39473547778286744 0.77851029129904847 -17.056561579956366
0.86122362008758813 -0.07017079447420968 0.5033586552410596 28.65331261212437 -0.14121432928372088 0.91838222449868945 0.3696384759867235 -4.3723860895845155 -0.48821346704917773 -0.38942284130196697 0.78102334232987214 -17.068547109440686
0.86160814161136279 -0.087282849365566809 0.50001311434365558 28.669900089183379 -0.12362551422730327 0.91935105808220663 0.37351086227198532 -4.3742053649240846 -0.49228867805490772 -0.38363437829495273 0.78132996950660771 -17.081900231844561
0.8594749711038101 -0.10710419321957422 0.49983143742754821 28.685386182952421 -0.10581944980003176 0.91934411373846814 0.378957312343289 -4.3784938446365871 -0.50010500706364003 -0.37859621277716798 0.77881954879205617 -17.089197854228217
0.85650373482758679 -0.1303314045938537 0.49941473466747877 28.719321309299634 -0.084773326453860445 0.91893136762151784 0.38519946095911678 -4.3862665720135734 -0.50913145193392073 -0.37226182530289098 0.77601952170922717 -17.111362801350559
0.8500183576998106 -0.15465343492053668 0.50353858505639471 28.741646401657032 -0.065284709259768189 0.9176284812572808 0.39204065748634254 -4.3893012671708593 -0.52269178136850813 -0.36611512595457663 0.76990455008207359 -17.126427377300395
0.84162263954965455 -0.18269778601312547 0.50822519770607055 28.777818407206748 -0.043661688508397606 0.91494487983269468 0.40121007443050538 -4.403073613872273 -0.53829823476774286 -0.35985745213047654 0.76206143098315504 -17.143366892573685
0.83123764166097458 -0.21167959270360254 0.5140386494406215 28.818425934121713 -0.022071965803494353 0.91137166411569481 0.41099211448951023 -4.4175950652804499 -0.55547890276001533 -0.35297795948164556 0.75289424802471649 -17.164960515432764
0.8184775879773869 -0.24003226029713001 0.52199516472412832 28.846544516998183 -0.0019173597183237139 0.90740074741777421 0.42026206980570513 -4.424794054137668 -0.5745352571517518 -0.34497593771495955 0.74222694688838597 -17.188262275128274
0.80371791517585545 -0.27108114674716255 0.52967209167901219 28.894290866985759 0.018977999758858465 0.9014155104549495 0.43253891505435177 -4.4388106171448767 -0.59470778400028468 -0.33758715821175167 0.72962837270763026 -17.208814404158723
0.78716264453836859 -0.30135829949015586 0.5381060735317561 28.941456523766764 0.039150434642659056 0.8951491569395873 0.44404417606544183 -4.4471083840960901 -0.61550159586361186 -0.32846790126091124 0.71642628604106884 -17.234871480707682
0.7686169904889838 -0.33145161097335973 0.54714509183106275 28.983842241008922 0.057073706193890558 0.88742238068471513 0.45741022105017065 -4.4662200533011891 -0.63715815461543845 -0.3203456693058877 0.70100509139664036 -17.260688814267791
0.74872543870705877 -0.36019748238952698 0.5564782036281104 29.024138260879695 0.073774060631185606 0.87954906673885125 0.47005406835469671 -4.4799277381057516 -0.65876217666993331 -0.31088778181051463 0.6851139917634359 -17.292066110736585
0.72694928512529577 -0.3890355671287648 0.56585869646460485 29.075247737147471 0.089414435384309751 0.87064747274902743 0.48371276284654374 -4.4921710488999365 -0.68084491303139416 -0.30103871130559257 0.66770195349028416 -17.319646158667489
0.70424817871822887 -0.41752096678219425 0.57420444535837534 29.129059845515918 0.10423803559998594 0.86083536721190557 0.49809326686013322 -4.5080783256740453 -0.70225987690192981 -0.29092733260112513 0.64976330493440515 -17.352780573910003
0.68162311719765589 -0.44463883064273108 0.58110776658586782 29.189465978451093 0.11836331551706415 0.85072865626969485 0.51210436332974885 -4.5194493881813029 -0.72206651469345862 -0.28028033053752494 0.63250524477842651 -17.392134254142178
0.65775220018837854 -0.47011988973973096 0.58851451334563554 29.250262358425498 0.12937048574357654 0.84021541995095039 0.52659408038366617 -4.5343660158438395 -0.74204131998549661 -0.27023200651986284 0.61347317959828573 -17.421130713506003
0.63451597509167601 -0.49359870509978288 0.59476869090199869 29.310290236491056 0.1382744508136669 0.82959814586712 0.54096866140841804 -4.5468368979955649 -0.76044043396287031 -0.26101194359196367 0.59464536632913167 -17.457370677129418
0.61132477184248257 -0.51735475871271475 0.59885396965290738 29.381854663399828 0.1471560400929999 0.81783732057141956 0.55631575291798863 -4.5675250669697727 -0.77757772807346015 -0.25196462195687286 0.57609609101802284 -17.499872267198747
0.59532739623868003 -0.53083706145768217 0.6031561203126824 29.446907927106363 0.14366497449033933 0.8089052393101398 0.57011638190925162 -4.5792656805445775 -0.79053505070449859 -0.2527534925566382 0.55782614281517651 -17.541303779919502
0.57987597359012888 -0.54420651665789155 0.60628633703884849 29.520736577396502 0.14006036594474827 0.79969033625183905 0.58384797678577594 -4.5912374320048919 -0.80257519843583724 -0.25364272773431673 0.53994297617727371 -17.585466151783823
0.56394675236519975 -0.55645705673176094 0.61017997714622707 29.591311831893176 0.13559218478521939 0.79125167359782356 0.59626801729911216 -4.6017295338805377 -0.81460347404238043 -0.25352777568161894 0.52167503969043383 -17.626655707285046
0.54945900453206997 -0.5688355716273833 0.61198112290329254 29.667454421305372 0.13203212568352313 0.78236530112898517 0.60866415483158098 -4.6203506415414513 -0.82502261794820941 -0.25363483207300302 0.5049822292251307 -17.674477430074248
0.53517630312230402 -0.58122023189133309 0.61300029903461617 29.751749026759406 0.12962292129411432 0.77357609976502939 0.62030469621590423 -4.6393449105999895 -0.83473601985988588 -0.2525134846151989 0.48933906162901619 -17.725855686735791
0.52165836812093813 -0.5918081384196997 0.61452068660835935 29.834080989662016 0.12665539489219368 0.76603085540488547 0.63020245914496553 -4.6534527699202179 -0.84370075140069789 -0.25091802619156117 0.47456209943275995 -17.779966197794767
0.50723226194326632 -0.60304663579528173 0.61567051862169775 29.920000397241555 0.12422999617275024 0.75809534062173001 0.64020181394505715 -4.6737574935699975 -0.85280850165487676 -0.24824626801548474 0.45944689564904884 -17.830552900115652
0.49408102744651716 -0.61275141463616023 0.61678168113099663 30.007672248735968 0.12229616418183961 0.75134963318209524 0.64847311196651758 -4.6934691423878254 -0.86077150658220714 -0.24496822769191001 0.44616474634117165 -17.885957868573971
0.48236697395266748 -0.62125939167702204 0.61754260637857461 30.102197379067739 0.12138160039805471 0.74558618804947208 0.65526158385385613 -4.7119997682394184 -0.86751865082230573 -0.24111823747479938 0.43505561257440717 -17.948720279002124
0.47046196893266778 -0.62741916286433141 0.62049232860577663 30.187772540379378 0.11868813676166239 0.74177375016881075 0.66006426183557587 -4.7285801512027179 -0.8744018881384249 -0.23689005388812823 0.42344355041591697 -18.004438003614315
0.46068339702912919 -0.63259226365240928 0.62257355844014328 30.287028814181301 0.11752390296996955 0.73874032844697168 0.66366471908394054 -4.7443134551065507 -0.87974936199602161 -0.23257204280218452 0.41467011584440472 -18.07007466804107
0.45035231160348166 -0.63901152018758056 0.62357603586167254 30.392128209721381 0.11788890991548472 0.73485283506398513 0.66790232498274937 -4.7715332542384843 -0.88503389785495756 -0.22727865686416923 0.40627504449778828 -18.132772586087974
0.44164789076723554 -0.64238256929915571 0.62633200081224316 30.496059375792342 0.11781444650867166 0.7335843368269388 0.66930843185786615 -4.797081539770307 -0.88941941555978399 -0.2218076991963894 0.39966792190829714 -18.199052332842186
0.43350002472883986 -0.64365902978601131 0.63069864589598257 30.598099923682678 0.1174360090902361 0.73426135317608221 0.66863222252669419 -4.8211728200588091 -0.89346880881710322 -0.21578535308718089 0.3938910624322256 -18.263522281009863
0.42728090820574804 -0.64338421172945004 0.63520688092946986 30.707162206061664 0.11879292654617289 0.73642983167944154 0.66600251021687995 -4.840668775006562 -0.89628079645023473 -0.20911207308489843 0.39109190071474176 -18.337061645010095
0.4221938670318548 -0.6410817972719608 0.64091065512069711 30.816386516795347 0.11981280656062053 0.74027258536861351 0.66154470048193736 -4.8661581894308386 -0.89855285321719158 -0.20251081096628262 0.3893483548405241 -18.409344386245234
0.41807484211233992 -0.63761928155803127 0.64703560812227523 30.930551066802238 0.12167320482922282 0.74515730215875919 0.65569522361083721 -4.8941609135492339 -0.90022722554882129 -0.1954027810060539 0.38911270289695254 -18.481665010842743
0.41562270831702808 -0.63237400168953251 0.65372844998392554 31.044930090092283 0.12391665069257969 0.75141635881421154 0.64808804910098849 -4.9252258106492199 -0.901056284597334 -0.18835227021079229 0.39066737039851285 -18.555709298954415
0.41491750193083399 -0.62523504360414506 0.66100272831570017 31.167377157491813 0.12745219910982186 0.75926585435392313 0.63817810942892539 -4.9522430610634007 -0.90088811932089929 -0.18054501560976413 0.39472027285778388 -18.633575814566107
0.41590281784819916 -0.61538938552521327 0.66956758455650178 31.291706781833664 0.13173454380483907 0.76926927564722036 0.62519660228901752 -4.9803466358301183 -0.89981712368372868 -0.17181584830306357 0.40100929939022623 -18.713877718411126
0.42136648029637847 -0.6015438365272805 0.67867171888821354 31.417002913547798 0.13223627512781869 0.7811058623392545 0.6102353639044279 -5.0115553183070949 -0.89719778021513286 -0.16738770730041708 0.40867774422122416 -18.794845920642636
0.4283157386976405 -0.584465671904142 0.68916290262138635 31.542914706514036 0.13291360396527926 0.79511452579448627 0.59171518888023333 -5.0360120686500469 -0.89380064995772723 -0.16184180311726984 0.41824350431165747 -18.878460218606353
0.43666429444954535 -0.56570282529098437 0.69950311465402282 31.671589857506984 0.1346928232245734 0.80989671540765529 0.57089854943210816 -5.0654336438812777 -0.88948419734398587 -0.15507296292290762 0.42984908845504832 -18.966325095165047
0.44632770404935851 -0.54511856960285854 0.70967409821139849 31.80340771470917 0.13637046267332198 0.82521781482684586 0.54810460224547441 -5.09404351858573 -0.88441770533401942 -0.14785568357874848 0.44265564418085612 -19.05536027945956
0.45553339106735258 -0.52351598851984893 0.72001412443560031 31.938362905451505 0.13794496938974979 0.8405475328068609 0.52388074073433943 -5.1257143650349493 -0.87946603973248438 -0.13932284398613393 0.45511386498422124 -19.140890034536728
0.46750210789994739 -0.50163891387480919 0.72787373849837977 32.089412129720088 0.14094762397499169 0.85515987838853402 0.49883399011125146 -5.1606516727733815 -0.87268295869972756 -0.13061386787401055 0.47049385874215222 -19.238866854535257
0.4792946618786933 -0.47653622353868164 0.73701414826995071 32.233330408133234 0.14234117980943109 0.87084367146085406 0.4705000408151303 -5.1868793321583668 -0.86603441942283588 -0.12060069457541149 0.48522145134245664 -19.335467614607033
0.49152725434630795 -0.45187794709052403 0.74445099178390084 32.384162455668431 0.14466418436172288 0.88533391700941189 0.44187795730917517 -5.2215898433725059 -0.85876261679100674 -0.1094996635886403 0.50053630405419869 -19.441385705999327
0.50355484608102175 -0.42690360400744853 0.75112304576132538 32.540636789925735 0.14638676494217517 0.89898068229614658 0.41280097856972087 -5.2562494985220694 -0.8514713336560914 -0.097913460483257164 0.51517911663625382 -19.546984022427253
0.51638491351465943 -0.40070986693668881 0.75682113054145028 32.700767498134361 0.14661070542552554 0.91208809695100723 0.38288458372585304 -5.2879231726530307 -0.84371317528475731 -0.086757742823745196 0.52973688932435259 -19.654552558727531
0.52877442112715323 -0.3773097671141793 0.76028609825636562 32.875114884171843 0.14834811836646086 0.9230547630438205 0.35491229930681029 -5.3268106995647626 -0.83569758126895088 -0.07488153352035562 0.5440609419898339 -19.764716689012502
0.54112511156334597 -0.35206598750436724 0.7636970302928584 33.04507657130852 0.148258271011034 0.93385987173916574 0.32546155691898188 -5.3620918534711199 -0.8277699551882608 -0.062891020009883947 0.5575317218685778 -19.879377033396999
0.55278247690182236 -0.32804419970195581 0.76604081893342313 33.221286615039858 0.14803239058526851 0.94329288298880909 0.29712783148044436 -5.3992736486604818 -0.82007191426599702 -0.050848204929615858 0.56999694340192653 -19.993811789110634
0.56393060574737719 -0.30617991150560597 0.76696553618256913 33.404686908655904 0.14885924316293914 0.95120500479173919 0.27027756951716209 -5.436540263097533 -0.81229501883635447 -0.038247884249547053 0.58199132444056234 -20.11478022449996
0.57484101179218727 -0.28459974958093015 0.76717715926649321 33.592121374565011 0.14797339610666446 0.95826356678511715 0.2446115504568937 -5.4745653942291961 -0.80477430699941865 -0.027090941488570018 0.59296238977094351 -20.235821945603067
0.58512827917663102 -0.26563694868325222 0.76619965309444382 33.788656111612035 0.14788408255094207 0.96393778067823621 0.22125608038917874 -5.516700606449783 -0.79734258323249041 -0.016154456826764634 0.6033107312892515 -20.367277683646154
0.5949793306614245 -0.25115259564911974 0.76349326767457038 33.990579189735264 0.14891408860214739 0.96792430655425465 0.20235397450323769 -5.566706629212109 -0.78982541760915437 -0.0067015281969813349 0.61329511592572628 -20.501848617239055
0.60298145319429364 -0.23740992241413511 0.76161006810769805 34.198944243461796 0.14886928384520784 0.97140777393039379 0.18494559490566903 -5.6103738655797875 -0.78374186020086545 0.0018615818303894908 0.62108391629632131 -20.631995293247314
0.60929158966013452 -0.22528430540652056 0.76027017599464464 34.404097338616282 0.14762838917355176 0.9742566365542551 0.17038152728512715 -5.6591550530808137 -0.77908254856558601 0.0084254298105053416 0.62686473393632514 -20.764844454280183
0.61489536975529457 -0.21625548463590683 0.75837803872368859 34.618325762903233 0.14667753344347179 0.97624772870714871 0.15945555298286918 -5.7054600061268257 -0.77484797569357999 0.013188538926752083 0.63201002919616611 -20.901598648462354
0.61962557740960933 -0.21323574073350698 0.75537716585401293 34.847365012301466 0.14820142041443887 0.97686300449174246 0.1541914700705222 -5.7598876113677386 -0.77077914009588444 0.016406990254114063 0.63689114286811255 -21.045711458889446
0.62228104446751209 -0.21270872886022785 0.75334009475341779 35.079198548803561 0.14936318264818116 0.97695636501105154 0.15246934293030542 -5.8149451826536556 -0.76841196071223961 0.017642492200907061 0.63971227993787383 -21.18358253174932
0.62388620560874908 -0.2160810593687692 0.75104925153626789 35.319808651064477 0.15107004226968676 0.97623559813248251 0.15537663681374095 -5.8761030909129044 -0.76677496358433139 0.016523701794227054 0.64170329787158076 -21.327963191722791
0.62061101480150593 -0.21768352044566122 0.75329665685799274 35.519692960897665 0.1503647100920911 0.97590211205500244 0.1581313430206262 -5.9385378156404416 -0.76956638587321791 0.015131180157837616 0.63838751955302564 -21.474654464830852
0.62034709533438037 -0.22477627135227848 0.75142871195287997 35.767692105545379 0.15245430230921048 0.97433856681477815 0.16559602327572942 -5.9999862843041987 -0.76936803093032746 0.01183152797786181 0.63869620942048799 -21.626267795949666
0.61880316681480729 -0.2331196633641556 0.75015855876804383 36.019944645270208 0.15362563269525931 0.97242521859463982 0.17546611986405861 -6.0616567443236757 -0.77037770328517896 0.0066645925719185156 0.63755296053496868 -21.773400336583517
0.61575126446237882 -0.2447362055899773 0.74896900469004857 36.265986898201923 0.15598394873393298 0.96958944610701259 0.18858768182271704 -6.1242642689550308 -0.77234667607904639 0.00070403928651057552 0.63520084719585479 -21.924716833037078
0.61180173406953842 -0.2593941240811764 0.7472705845820945 36.515834224980026 0.15836201665443825 0.96574294438169017 0.20557732622573691 -6.190034716117621 -0.77499684507141409 -0.007433287909323627 0.6319213846359466 -22.058387996816585
0.60714959637818744 -0.2732622685580422 0.74612137095804776 36.746560752520558 0.1598451807419447 0.96181248482738935 0.22218519803024245 -6.2538669753544136 -0.7783436810377401 -0.015635747909052682 0.62764371866206503 -22.198378214179396
0.601525829397207 -0.2900783836127141 0.744326009171141 36.982823446409057 0.16146399701412065 0.9566606030255479 0.24234246075960178 -6.319777279154148 -0.78236567807913615 -0.025593397184238198 0.62229327795207912 -22.325028460432119
0.59610504193525204 -0.30857427283890448 0.74124267087190321 37.239308428838505 0.16517604794060611 0.95058260977391018 0.26288700078578342 -6.358718945988783 -0.78573255765947092 -0.034272731688081634 0.61761616534587471 -22.440597375690427
0.58924121338391044 -0.32897273855105674 0.73795103478488 37.479886835325139 0.16788634680058442 0.94327161263498749 0.28644866792314472 -6.4232885506442488 -0.79032206536817062 -0.044895457311494198 0.6110445408519587 -22.553287914649601
0.58198493934393969 -0.34871327094346105 0.73463772367388225 37.716520386897557 0.16924246379099542 0.93554974032080196 0.3100059222589685 -6.4757245626542259 -0.79539331077573483 -0.056086879513771594 0.60349295200492881 -22.653299144382025
0.57305869667162357 -0.36750419235495158 0.7324919103789167 37.938776820244179 0.16950621276755143 0.92763756923770435 0.33280051678440165 -6.5144632292056359 -0.8017926003663427 -0.066552300788913152 0.59388502023327738 -22.737735716176985
0.56457202434135134 -0.38942778790392407 0.72773925779729998 38.179764154830366 0.16912281352568589 0.91757095483284212 0.35980691598731462 -6.5536172317827877 -0.80787121701188536 -0.080059608139202973 0.58389601460220009 -22.804782212213553
0.55458840604078075 -0.41057898274586668 0.72377938545700193 38.402441407880616 0.1710104018402753 0.90746660177464433 0.38374445810461749 -6.5465968626130007 -0.81436302859816367 -0.089046423796513494 0.57348373303998601 -22.8869651948777
0.544274633050428 -0.43042970816929299 0.72006624010789388 38.61235047196319 0.17163875594332581 0.89731699771629869 0.40664768912122873 -6.4954226443625878 -0.82116092288664666 -0.097736748128354284 0.56226529929317648 -22.962806328199953
0.53316391980422706 -0.45039637247174225 0.71615594829847473 38.806813218174099 0.17100557069776667 0.8864085022206597 0.4301593448726389 -6.4099533463572342 -0.82854893000312491 -0.10687878580533362 0.54962132030649502 -23.026260512043208
0.52221855771701375 -0.47625038986986723 0.70744140684919032 39.021270350297193 0.17214066840243589 0.87133103390181588 0.45951041298490208 -6.3108289155840191 -0.83525766578818339 -0.11818542849434577 0.53700729625740029 -23.084777442532097
0.51135476723948603 -0.49511398987833999 0.70240902546038109 39.18450046336789 0.16923163404337963 0.85936485734466916 0.48254812816959941 -6.197167614327185 -0.84254196100874335 -0.12788345861653713 0.52322926614612619 -23.154535528658513
0.49995342159194434 -0.51274137974137435 0.69795619757934624 39.330805817444478 0.16519317586951987 0.84756781926492031 0.50432133247826172 -6.0780218230349767 -0.85015162817267464 -0.13683957485836931 0.50844580819191665 -23.225560750223725
0.48944941840943379 -0.52956137869895437 0.69282321916137424 39.474074745422975 0.16097648967664455 0.83570726207799195 0.52505232299409121 -5.9641649682153561 -0.8570448276432524 -0.14545830433690946 0.49428336519589533 -23.309991026083555
0.47986627108886659 -0.54730516590709299 0.68570067612820396 39.621407519565928 0.15912865855308009 0.82289823298638565 0.54545079354143533 -5.8660567544928384 -0.86278991179681963 -0.15262880959797076 0.4819730434187609 -23.410986100534487
0.46920388230196597 -0.56472574210753301 0.67892013744906632 39.759593225677492 0.15503035005931406 0.80953623335731595 0.56623023359949254 -5.773886765838097 -0.86937523969414354 -0.16042419731058469 0.46738717304179966 -23.494117839795461
0.4588589843409534 -0.58167467144506879 0.6716420245107213 39.894974925271576 0.15067316717616713 0.7959133291567051 0.58636129575867579 -5.6909846707905078 -0.87564035378840999 -0.16785871758702822 0.45285474685305749 -23.572400504859285
0.44978158272144175 -0.59583792815386905 0.66533727628767347 40.017585415610561 0.14634191947700509 0.78404061152586169 0.60321170585619333 -5.6053719397876582 -0.8810678580270539 -0.1739467816645589 0.43984309327322813 -23.654704700431505
0.44203436737154689 -0.609025848299383 0.658553820249836 40.142411316848445 0.14162596430571231 0.77235258694741915 0.6192039790489936 -5.5313011186637775 -0.88574697532473323 -0.18044111931277279 0.42766026021158465 -23.736704328365491
0.43559395281483948 -0.62047208356535222 0.65212905301574631 40.263481543716551 0.13619616556736391 0.76156205722429804 0.63361963154643663 -5.4619459736932052 -0.88978003616393342 -0.18718340341057368 0.41623774544332692 -23.810006875340299
0.43009539680479303 -0.63094158493591734 0.64570168502635983 40.381348695301078 0.13078861475664111 0.75123564736449633 0.64694616497733803 -5.4018061702005991 -0.89325936205413869 -0.19379813860664086 0.40562296973326684 -23.878711454939015
0.42877896487698464 -0.63910059438134648 0.63851313967719681 40.516694199130818 0.12738154438607316 0.74249052032066998 0.6576334612713679 -5.3344748935429598 -0.89438388929409984 -0.20064460494952405 0.3997739374644238 -23.97211375569303
0.42775945380963332 -0.64603304648171422 0.63218917463844615 40.637994769226175 0.1221582940748769 0.73430914435081418 0.66773305423012508 -5.2888287232243574 -0.8955999111574322 -0.20840197546167968 0.39302597338912526 -24.029391853801229
0.42742335796532305 -0.6524291355310573 0.62581586443285753 40.757984004523308 0.11897518590436004 0.72680801977166754 0.67645769086810614 -5.250658004045059 -0.89618869564655324 -0.21467725893951747 0.38827760209616147 -24.085260050898064
0.43071313271936162 -0.652607380637789 0.62336971697392995 40.86422296535639 0.11645179820133024 0.72513711120358271 0.67868634040401876 -5.2184707925758422 -0.89494423066398399 -0.21972659532338551 0.3883233798122937 -24.131747125867552
0.43529758404252239 -0.65156620201511561 0.62127087306451145 40.974291879491034 0.11616749512016472 0.72496292472327561 0.67892110797513172 -5.1927906342930363 -0.89276039697348208 -0.22336123694202512 0.39126542324549818 -24.175544092097656
0.44109411358026396 -0.65069857787365171 0.61808360576709076 41.077753123267556 0.11631334661468323 0.72434264503218271 0.67955789892184604 -5.1813821482635909 -0.88989167226361532 -0.22785761637695739 0.39518820616875394 -24.210117305553844
0.45050708032948683 -0.64833732972518232 0.6137606027253798 41.179887793289197 0.11718196038434395 0.7244709766707832 0.67927181019247629 -5.1664883780863464 -0.8850490148762854 -0.23409508932590131 0.40235274377095387 -24.259788170725642
0.46105553366212759 -0.6469919214336004 0.60731313873420256 41.275351284184801 0.11659609987778403 0.72263190646637854 0.68132846502260347 -5.1677782107049728 -0.87967786397795678 -0.24331991565925112 0.40861017396872823 -24.291234627737996
0.474019226025298 -0.64426444891342183 0.60019088065769721 41.3642622186171 0.1166642164477929 0.72158114869191392 0.68242956153223644 -5.1615840412521035 -0.87275153048218701 -0.25346393376325321 0.41720594473504002 -24.319183340486283
0.48987470413241974 -0.64160588804997343 0.59022424439426335 41.454581690197536 0.1177944208571637 0.7195286536586547 0.68439973040547664 -5.1614980899156988 -0.86379815273366933 -0.26574499239641136 0.42805648032722465 -24.356118995794564
0.50745439369770973 -0.6388558422051468 0.57823286935043972 41.540539480815404 0.11979754249118003 0.71684368251300523 0.68686511314396204 -5.1648592058834613 -0.85331036975414987 -0.27928184280677187 0.44029883618798016 -24.38964197980598
0.53106805546048497 -0.62587958386726117 0.57117551327727933 41.606219136633008 0.12150030104671938 0.72337211368826226 0.67968408984154716 -5.1699171845077787 -0.83857283363758928 -0.29156051110587622 0.46020437964963401 -24.417772369396246
0.55772164370711741 -0.60979325580796162 0.5631152220565141 41.67149800620922 0.12254041502282408 0.73148639426654016 0.67075442726005907 -5.1733962921726642 -0.82093264938523747 -0.3050898886788313 0.48269011280455398 -24.440240621834313
0.58579038922280191 -0.59407462067756245 0.5512939007108717 41.741454098027155 0.12682187521488134 0.73903267934697037 0.66162444847830348 -5.1899476219765335 -0.80047850181074776 -0.31765711691074772 0.50825989829492968 -24.474213193444562
0.6145633355971335 -0.57441948676989196 0.54069784515821695 41.793788465108385 0.13046613020408523 0.74998076999976615 0.64846544510878035 -5.1968258130135805 -0.77800417441636904 -0.32798033149805172 0.53585297119744735 -24.507819689855992
0.64278619771642953 -0.5550149986564531 0.52800024175338489 41.849151945211673 0.13417952859964349 0.7601719182609592 0.63571574527632335 -5.2163361526476786 -0.75420273012634531 -0.33778248319566717 0.56309966783522092 -24.529401263938624
0.67181237798998095 -0.53221266025110237 0.5151871631241326 41.896410884713724 0.13804564117231452 0.77329487100062777 0.61883636240725792 -5.2139289942585725 -0.72774413754613754 -0.34462258595827289 0.59297870409877385 -24.56237498396154
0.69964643366709567 -0.5101927807161688 0.50019815509657528 41.939229035545289 0.14085426955377475 0.78482905543530812 0.60349269133353622 -5.2393453045389231 -0.70046765992827031 -0.35177646346739211 0.62096568113301376 -24.583730200368024
0.72754477848006749 -0.48827656080762211 0.4819383731062199 41.957898535970884 0.14687508569769059 0.7970391238625284 0.58579547986797331 -5.265367751482076 -0.67015394090289848 -0.35540770278418782 0.65159731452330338 -24.633791892967615
0.75375985775921661 -0.46652043254924791 0.46282260407727294 41.89547435821931 0.15329903435447464 0.80968491349342187 0.56648896452370157 -5.2833288947604622 -0.63901915690907973 -0.35604638303908198 0.68182511704101678 -24.634319961549775
0.77901155884732276 -0.4447545840788612 0.44196645927389483 41.835542185834129 0.15879023662164429 0.82184077468707017 0.54714111691171463 -5.2928826445969337 -0.60656957715987236 -0.35604929574792804 0.71084614865770934 -24.618726451432615
0.80178258630868704 -0.4244550983347618 0.42069294478251074 41.772086091625866 0.16498270777940127 0.8338060773358118 0.5268283700899592 -5.3001729255025651 -0.5743913216840324 -0.35299475193760893 0.73855894462024929 -24.598338672821452
0.82238730986655184 -0.40471057786995573 0.3998605516059599 41.702260386126078 0.16980758612331059 0.84540358992687936 0.50641697624953219 -5.3077852325795902 -0.54299585289892449 -0.34857153971446281 0.76397211037815915 -24.56956345522039
0.84206365661155336 -0.38323724043182944 0.37954975399830798 41.622935236746272 0.17088954315871477 0.8569866869184759 0.48617957843115955 -5.3124447778592288 -0.51159120619200027 -0.34453306951683227 0.78712858019279408 -24.537996868789676
0.86174335577511718 -0.36024051927231476 0.35724663336671603 41.556903927904074 0.17043735202049096 0.86878290235279221 0.46493803631849911 -5.3129195628256936 -0.47785928662492583 -0.33976909343533851 0.81006633390880112 -24.521480548655767
0.8788706684023605 -0.340140682786504 0.33450061903607736 41.49002510168296 0.1703675814160196 0.87871618731187318 0.44590665991723089 -5.3146353422876915 -0.44560210437613967 -0.33490622279918286 0.83022682834628991 -24.489073801722515
0.89405223471204087 -0.322267521616103 0.31114987725824411 41.439248186851295 0.1710655236927352 0.88756566550242433 0.42774265163175967 -5.3274530970611327 -0.41401351211057835 -0.32919725687291695 0.84865892905054074 -24.472615136748271
0.90702587085731001 -0.30469448885653494 0.29062921060346519 41.369077158030059 0.1692694691359693 0.895825773808272 0.41090635161705386 -5.3310708322841256 -0.38555403825399831 -0.323508039222004 0.86411262700227265 -24.433608243489903
0.91874008814498254 -0.28841122069156622 0.26969541748897113 41.313540055409433 0.16701950254287232 0.90274589665254246 0.39642695650942888 -5.3508862166522064 -0.35780041392608986 -0.31916894249941963 0.87755914327076612 -24.409250984689411
0.92702144712794943 -0.27472893438696389 0.25525526277709881 41.228378854141397 0.1645784248028376 0.90966114224388361 0.3813535739716748 -5.3528824102279353 -0.33696465490347677 -0.31151343294014822 0.88848984374815709 -24.379274733655695
0.934294948190456 -0.26536191238571594 0.23806722840573588 41.177972902003944 0.16556639917704491 0.9143815777162827 0.36945107632354951 -5.3643925399817949 -0.3157225320583576 -0.3057603404434221 0.89823710509117916 -24.357817979477815
0.94004079650385608 -0.25655482519566597 0.22472855309732501 41.115037759198849 0.16425286610913992 0.91800797180831484 0.36094647757156084 -5.384616356624111 -0.29890516369465564 -0.30239210532883559 0.9051048103680952 -24.328905482159495
0.94425004526477319 -0.25156876284382795 0.21237940008084499 41.070946265608626 0.16613700520307159 0.92101738774884989 0.35231444331227657 -5.3987269420212964 -0.28423642891020906 -0.29738885154879396 0.91146559093300994 -24.314325680240678
0.94683463409322388 -0.24783551607244123 0.20513832566016912 41.004253632269098 0.16672688750664491 0.92331896820385495 0.34595408356791402 -5.407541862565477 -0.27514781602603616 -0.29335923358243793 0.91555122161899116 -24.284525659877652
0.94878568631068638 -0.2457652519463035 0.19850733585369018 40.951978187508622 0.16798171821087157 0.92461808567014026 0.34185309417732146 -5.4309916990233988 -0.26755908468763145 -0.29099971922229623 0.91854847428628483 -24.266446051812537
0.94919954647079863 -0.24646023862316194 0.19564654803355022 40.887608908692791 0.17088505241243032 0.92579986926295676 0.3371837791690061 -5.4347929460951159 -0.26423194326506239 -0.28662161964950622 0.92088518682182241 -24.245831117581883
0.94931741942424086 -0.2480336828434942 0.19306923460974515 40.829655952600632 0.1732859785190132 0.92546191947281486 0.3368860419405964 -5.4533326078688615 -0.26223731013417595 -0.28635559673382693 0.92153788060654673 -24.218545414060284
0.94859201855686504 -0.24993691891437003 0.19417702977902349 40.760821788353923 0.17586363979564149 0.92631433716189271 0.33318722809578444 -5.4493617146271722 -0.26314475584370101 -0.2819100660351011 0.92264920318615351 -24.198049547786148
0.94733576203093028 -0.25325055447999356 0.19600793512726089 40.688859981243468 0.17831473018243579 0.92554498173660649 0.33402147203757709 -5.4526825290120611 -0.26600528373933069 -0.28147938368157727 0.92196016485800381 -24.160286595067909
0.94612520707984293 -0.25625850839590059 0.19793602350969991 40.623845849095048 0.18049293343734385 0.92489034727197894 0.33466422949323504 -5.4606246636181943 -0.26882967378492073 -0.28090820991531429 0.92131492123750325 -24.133272797974481
0.94483526932849415 -0.25876431364402674 0.20081669207834216 40.557619119011697 0.18175832461328698 0.92424051334165391 0.33577281744019577 -5.4683032518846044 -0.27248894521929318 -0.28074989489275287 0.92028760246511265 -24.104895678806059
0.94385017008494343 -0.26099386048451034 0.20255631616914693 40.500813419356511 0.18331349496979929 0.92380184866036374 0.33613435851404977 -5.4751568130753867 -0.27485090320495736 -0.28012916520970527 0.91977422871394521 -24.08464911013273
0.94304791048701508 -0.26095650988344465 0.20630641889075188 40.430876541714404 0.18090383650605474 0.92276230062522402 0.34026980248360911 -5.4918107652424091 -0.2791674058042331 -0.2835691035608347 0.91741709327995369 -24.05158041661706
0.94224505976916761 -0.26129139952611607 0.20952577854355142 40.367542744182209 0.17980183503039274 0.92243017800523475 0.3417511767718357 -5.4977058332690198 -0.28256954446702354 -0.28434023851525952 0.91613595131988146 -24.029928555442961
0.94178689743781541 -0.26052844498216365 0.21251439755844642 40.300567004630352 0.1774690433599079 0.92207458877523496 0.3439232347252808 -5.5045157195999801 -0.28555591127373431 -0.28618766935379514 0.914633500067907 -24.00249603078603
0.94207072083565047 -0.25815223359926465 0.21414990364674152 40.239660625197693 0.17386611143378858 0.92183653384820263 0.34639281193123073 -5.5168994227489687 -0.28683328300441602 -0.28909311501736301 0.91331913294886491 -23.981909480346438
0.94261677690286694 -0.25427037287071763 0.21637973422073734 40.16668092073418 0.16896277465939741 0.92225606378191094 0.34770006269325504 -5.5149681064139573 -0.28796734655277917 -0.29118779215084212 0.9122962660351458 -23.949948541252329
0.94417115015128161 -0.24845798859154514 0.21635495632651827 40.100381429382267 0.16313955973817948 0.92312893761232606 0.34816439879914662 -5.5164244400499003 -0.28622774720568056 -0.2934307285336385 0.91212503763561892 -23.925471249320406
0.94684826053195803 -0.24039270098076884 0.21375153997755436 40.03974322351376 0.15631460543539774 0.92459321120271432 0.34740917939143301 -5.5153610779485494 -0.28114785372679135 -0.29553128956681329 0.91302636393030578 -23.908023490710008
0.95051631815966764 -0.22964266231397579 0.2092438208347833 39.979980939385158 0.14734769690486016 0.92617332062421509 0.34711905217194339 -5.5168500006034673 -0.2735093876433185 -0.29911072834197072 0.91418017210050706 -23.889140275128746
0.95472354214579569 -0.21629561767369393 0.20425269605990604 39.912303546554831 0.13640640725094302 0.92842532947115641 0.34557155504651216 -5.5137151472553487 -0.2643789895840345 -0.30206392265798626 0.91589362728157198 -23.867996132953738
0.96005709045112408 -0.19871636438967583 0.19698271395803188 39.843833227254635 0.12268138944162969 0.93167587654424977 0.34194932044116566 -5.5050779113953565 -0.25147496845450329 -0.30412475662013017 0.91884083096668778 -23.849182942863678
0.96522459869508159 -0.17987683189205894 0.18969923411124967 39.768879362531294 0.10787167537230373 0.93503452982205593 0.33774861908351167 -5.4924618667926177 -0.23812848575147635 -0.30554010111427715 0.92192194403039684 -23.836616006945814
0.97146417793472928 -0.15864879742479826 0.17631763968833611 39.711888229822193 0.09273398413560334 0.93825270277378126 0.33329007474575678 -5.474679535214694 -0.2183065715363105 -0.30742873127500592 0.92619102565869316 -23.818877556121485
0.97724586453088835 -0.13394702969440661 0.16446493089203684 39.639791311132321 0.073786920323120578 0.94163031171373524 0.32846285398979796 -5.4578526270066074 -0.19886178779872757 -0.30885360496186481 0.93008786684675882 -23.802390547114594
0.98288454806580416 -0.10785418581699675 0.14935005783471508 39.576722711506022 0.054715406531436889 0.94502991294189753 0.32237352238223488 -5.4349201783278707 -0.17590960593890145 -0.30868420472512426 0.93475658451365717 -23.790222368121103
0.98766337391674119 -0.080066356811725276 0.13457502862825976 39.505446436025395 0.033586208339490359 0.94771204742867077 0.31735444185946599 -5.4130998509899655 -0.15294778989176597 -0.30891949382558287 0.93870960360580624 -23.775429010799098
0.99165674275178239 -0.051826747848941944 0.1180292030064066 39.439493513163029 0.01250328520150551 0.94997228587330462 0.31208384118986077 -5.3900394274795334 -0.12829876232487655 -0.30800429263250634 0.94269442732300812 -23.762799745420555
0.99451062095481724 -0.022533033814486524 0.10218065959455831 39.368309210816712 -0.0098811137396158221 0.95194910895357765 0.30609681075397444 -5.3627367904957604 -0.1041680776405544 -0.30542618805466709 0.94650084799278789 -23.754414280948154
0.99638718622460143 0.0056519615607659758 0.084738600755128193 39.304605931313638 -0.031030983609832023 0.95302175689295399 0.30130816275845168 -5.3383470709424188 -0.079054748014447077 -0.30284911460855041 0.9497540526879521 -23.74745864387312
0.99718834597818562 0.032608347771134222 0.067469239664659217 39.241722442135334 -0.051288824907321742 0.95342170482426647 0.29724822826993491 -5.3123870763813761 -0.054633863902496888 -0.2998728871132334 0.95241345669276289 -23.739025048418977
0.99698617547856982 0.059224618338436473 0.050109983908208318 39.178051118727694 -0.071420255849323114 0.95290310079493634 0.29474536052296513 -5.2900476967378163 -0.030293777562918598 -0.29743591759917293 0.95426105545752338 -23.730050757585143
0.99592344746541872 0.083500090213010192 0.034120693472063243 39.114063806679248 -0.089835490850895608 0.95225865020469258 0.29177568043604241 -5.2665269118936138 -0.0081284298713830416 -0.29365149079266739 0.95587798938100355 -23.722195921261545
0.99386347740748726 0.10858374609598102 0.02109403610646127 39.038474959436215 -0.11002413912742071 0.95076188857942778 0.28973525852776311 -5.250845849741669 0.011405134140690302 -0.29027814473129609 0.95687434995750076 -23.718722507572039
0.99169767142385823 0.12831973680364986 0.0083530616626086365 38.961963693230437 -0.12526005076271532 0.94927679429958556 0.28841547719778204 -5.2311620359834707 0.029080030526450563 -0.28706726206752375 0.95746892318948729 -23.710897966218223
0.98911902127005236 0.14710844817508112 -0.001632861688349966 38.877280070204158 -0.14028315481394998 0.94645491793726055 0.29076403626965075 -5.2230507309976684 0.044319276136001472 -0.28737117598655038 0.95679339931611562 -23.698811585268576
0.98617633339198918 0.16556185986021829 -0.0067461112618854768 38.772562562879124 -0.15650313380177244 0.94404698883007765 0.29031371306069559 -5.2152771167964627 0.054433524300350145 -0.28524472552615027 0.95690774790036803 -23.701447369244079
0.98378641607917927 0.17902940259623351 -0.01061887678239669 38.669270630550486 -0.16817125569027197 0.94145175393177216 0.2922105812224246 -5.2034496218102655 0.062311445960121573 -0.2856870105987071 0.95629504635208329 -23.691561423485997
0.98211232417217897 0.18785145249787136 -0.012931144711923945 38.565919618366507 -0.17573376369285629 0.93909000199377668 0.29534321128759983 -5.1927677528100427 0.067624159939063816 -0.28778776893705621 0.95530370722758495 -23.679043017681511
0.98137811443200218 0.19170446802418206 -0.012099316239088564 38.459293832184734 -0.17930801129667334 0.93686595705927389 0.3002179468123829 -5.1822015376067165 0.068888559273076549 -0.29245781822850292 0.95379389333246611 -23.665831235148612
0.98138671771595776 0.19189981533248127 -0.0073872299313459296 38.345190242541257 -0.18060023175863751 0.93531254863997193 0.30425974535801908 -5.1645642576146251 0.065296757801788285 -0.29726233739234409 0.95256046327181498 -23.65554039169286
0.98250916889919693 0.18620908730303423 0.0013816058701094684 38.227262243932813 -0.17743909884937281 0.93393311649143951 0.31029711587462389 -5.1465252656568286 0.056489815263743366 -0.30511491233035176 0.95063862274005573 -23.646412738454465
0.98426792771160787 0.17618048443123241 0.013307268084524277 38.104551704231639 -0.17123521886098059 0.93265575123682853 0.31754015416400366 -5.1207300774474422 0.043533278074700518 -0.31482326246712361 0.94815144734880163 -23.636849441722909
0.98626505789176955 0.16275117886902576 0.028165392922644035 37.977692850366836 -0.16300063465366196 0.93150531156951699 0.32515941877835935 -5.0898606528189729 0.026683865616659815 -0.32528434990715349 0.94523968548788329 -23.632419604558407
0.98840404845555885 0.14476179982970411 0.045841665619019534 37.846697552537982 -0.15173108188292395 0.92978720155983208 0.33537059889944698 -5.0552586327361793 0.0059258575158999882 -0.33843726320486783 0.94097029872738291 -23.62491835479354
0.99006967772158583 0.12378821956158345 0.066622143121101193 37.708820695164718 -0.13932877766491863 0.92710756469824995 0.34793541813629708 -5.024687694940817 -0.018695586930475114 -0.35376268906860914 0.93514834911487266 -23.617030219322515
0.99099523939119472 0.10011757358847541 0.088909543710138331 37.566202119435303 -0.12568745270494347 0.92448762519639471 0.35989622822596112 -4.9872284534122633 -0.046163835808253437 -0.3678302629168605 0.92874635824103335 -23.60807270364927
0.99075680888452122 0.07374802919957435 0.11385154297654015 37.413962522449921 -0.11133623126770345 0.92156398432746267 0.37191943535878391 -4.949378257335491 -0.077493156188560897 -0.38115751465722264 0.921256619929683 -23.599000032227572
0.98936415174144876 0.044754612653076065 0.13840375679582068 37.261009376962051 -0.095412989312683813 0.91786858939186466 0.38524487547299863 -4.911796173548038 -0.10979497583833805 -0.39435298560307824 0.9123764497325636 -23.585898577181126
0.98634989757185931 0.01465790646017115 0.16400922333267554 37.100146923434558 -0.080099757062479002 0.91295287130444769 0.40012633466880998 -4.8762292838046655 -0.14386767697615199 -0.40780166816133739 0.90166506584558104 -23.568829494397448
0.98190313808361851 -0.017834024347770362 0.18854223663971281 36.93861997798313 -0.063228030555710857 0.90756286347129522 0.41512873304534004 -4.8393632220957867 -0.17851734810261 -0.41953735998519398 0.8900112134142274 -23.550484190710151
0.97558105249222338 -0.049519812517260113 0.21398457464598036 36.767902386821874 -0.048460432427900456 0.90171360014395519 0.42960932229681448 -4.8045667544308914 -0.21422697427510531 -0.42948849982704163 0.87729495154665671 -23.531099061089549
0.96769330349450211 -0.082912803922398151 0.23810740710365003 36.595628095300732 -0.033056615431121594 0.89450825328231875 0.44582759558606727 -4.7734862209043794 -0.24995385683788979 -0.43929540374961923 0.86286882994828518 -23.507300476448329
0.95820505042803661 -0.11524644276789224 0.26184220202929614 36.416940492012969 -0.019245188466536119 0.88722818484760646 0.46092924699232202 -4.7410187968197839 -0.285434237706501 -0.44670393488458149 0.84792858809191018 -23.482982003206242
0.94738142349762289 -0.14659445941512836 0.28456722031956522 36.233418382878362 -0.0073371320123676257 0.87879759150818648 0.47713830243781913 -4.7135446767735703 -0.32002281935113752 -0.45411987143065757 0.83148093030829773 -23.454827310928387
0.93546779688074566 -0.17571422509516263 0.30663416655403958 36.043551600917425 0.0022771487229748212 0.87061835299040036 0.49195375598726354 -4.6842120790720996 -0.35340460607181878 -0.45950864467982439 0.81483556001915713 -23.426611179450749
0.92361721932464036 -0.20159406624878026 0.32602310442712734 35.866939357628851 0.0094643513216670985 0.86226751292206005 0.5063646534003583 -4.6617460315145136 -0.38319924089314067 -0.4646015159386454 0.79831307966638843 -23.407356567498979
0.91145043728985942 -0.22521538329531748 0.34429076591054147 35.668231324645788 0.015193448339716763 0.85471125641615164 0.51888132292757638 -4.6362203513558198 -0.41112924913179361 -0.46770364471817688 0.78244874670847353 -23.3784983686737
0.89933090967129903 -0.24574262287049653 0.36168284202395151 35.463379528700663 0.018606005875326646 0.84789764997784556 0.52983336220684918 -4.6141545246082449 -0.43687267190242174 -0.46976604652398612 0.76711285354767922 -23.349540797899753
0.88826127509109665 -0.26100840803591879 0.37797687509700179 35.252588981656267 0.018249120498344002 0.84227505081754084 0.53873899837615802 -4.5920446484203676 -0.45897589999320887 -0.47164324409967368 0.75292348450593549 -23.318325456974581
0.87863918444809808 -0.27465369206446433 0.39058742041665845 35.039913765892905 0.018130375869861794 0.83660793367310315 0.54750201349952865 -4.5794635955345351 -0.47714198413386205 -0.47397522588272367 0.74005608721651783 -23.288818090552759
0.87063013382102317 -0.28248467734903943 0.40274753524484341 34.818507711954076 0.014195729960941509 0.83278112847134078 0.55342034053048339 -4.5718484196357805 -0.49173331322340097 -0.47610712988256043 0.72905442152237676 -23.259220505130067
0.86456952079726057 -0.2862000841595404 0.41304849053769371 34.594503019619047 0.0086819376766858799 0.83035001543716658 0.55717454699732594 -4.5665701702525041 -0.50243822273646077 -0.47813006984561141 0.72038008623424443 -23.230888599408512
0.8601822758048836 -0.28438452924909557 0.42333425554152998 34.360965334463259 -0.001215850266422528 0.82894286738266898 0.55933196254418405 -4.5684273916516078 -0.50998526851200388 -0.48164215153905415 0.71269619317179611 -23.199916357074983
0.85763034847796438 -0.28046207106642135 0.43105824671695941 34.125791477779963 -0.01085447407043587 0.82814113364908104 0.56041452796217661 -4.5869774476501872 -0.514152084272951 -0.48530741747015216 0.70719470076226654 -23.172956910387047
0.85639735377157455 -0.27231132472500746 0.43866857065392323 33.885524102527256 -0.023145848713975906 0.82850835576591542 0.55949814487035521 -4.6174698267749399 -0.51579825720949679 -0.48930608707900902 0.70322948673038099 -23.147535121837191
0.85640552907513456 -0.2615649307619769 0.44514419772139124 33.644280343463329 -0.036790615324151787 0.82906715639760931 0.55793736279877548 -4.6653519468756128 -0.51499128186175069 -0.49419777132061654 0.70039456196355965 -23.121358541872567
0.85760407789019888 -0.2478469027697594 0.4506519259623098 33.400512200214699 -0.051007871672415099 0.83091749187831088 0.55405263172203012 -4.72937407802476 -0.51177479677447202 -0.49814459193902172 0.69995608641425022 -23.097253100697351
0.85991207657072477 -0.23190469420144338 0.45472126998322715 33.157586549958687 -0.066539120818870146 0.83230974571955652 0.55030267360871421 -4.8090036981212654 -0.50608671783447912 -0.50346866832761528 0.70028246732582278 -23.070388452886576
0.86223905349962038 -0.212466617974675 0.45978446131473644 32.906288747790597 -0.084592158592650582 0.83460843080741787 0.54430959382488886 -4.8824970462739143 -0.4993876062986693 -0.50821914906030763 0.70165897357883356 -23.034364592275374
0.86518519257453197 -0.1926213792518664 0.46298119487175587 32.65123762692528 -0.10176134299344702 0.83662624352158121 0.5382389411062134 -4.9510799731800725 -0.49101854508963322 -0.51278995008295214 0.70423522737220656 -22.982876966704463
0.86823793140962757 -0.17176729317577433 0.46546631613533368 32.3974904494954 -0.11902204202332461 0.83865730325032928 0.53149570197460971 -4.9977274148913153 -0.48166030350666095 -0.51686548027504486 0.70770998814904296 -22.912436120660189
0.87012281812989056 -0.14593939339063564 0.470731319147633 32.128916388517197 -0.14118453919079885 0.84130398505867598 0.52179932025432241 -4.9940588321556278 -0.47217921096039289 -0.52048947941448764 0.71143340837752078 -22.813287797685593
0.87265069085332414 -0.12172555918647612 0.47293092518247931 31.858507415894742 -0.16084808168906259 0.84275226273622461 0.51370859275461045 -4.9798756512955942 -0.46109507302742325 -0.52435819045163512 0.71584902160729547 -22.705812997258874
0.87547048302344876 -0.097241258524207105 0.47338733717254999 31.597121431787901 -0.17902103484478463 0.84460540551391738 0.50457227238501079 -4.9360006326429815 -0.44889074666091261 -0.52648442200819145 0.72201887159887235 -22.596178368207145
0.87794314507512206 -0.074890879435589405 0.47287121945934418 31.345108361557539 -0.19587652823621082 0.84505722419470441 0.49750444573136227 -4.8811262771134949 -0.43686178558181549 -0.52940499054476731 0.72724283171755144 -22.465705471109391
0.88052868630726411 -0.05569218668049207 0.47070969071472168 31.107712978003384 -0.20950762311633278 0.84506965268897738 0.49189819877722246 -4.8163324960860088 -0.42517736116372468 -0.53174774324568264 0.73244013346278014 -22.326656269600381
0.88270255011570431 -0.032402744202383801 0.4688136838738684 30.862088574046126 -0.22550759600564588 0.84604304463726454 0.48307089620951288 -4.7262812053790801 -0.4122893791537528 -0.53212895879576261 0.73949728805990267 -22.197836217704861
0.88411395284910499 -0.011782528232949641 0.46712277872736019 30.628827780355742 -0.24044437762957008 0.84570344708172795 0.4764159746066578 -4.6354790580779666 -0.40066072885155496 -0.53352305631764663 0.74486517486966597 -22.06057251698498
0.88508398974746405 0.0067916974453642465 0.46538178298953831 30.40631903009578 -0.25384621554738879 0.84513075597622889 0.47044245573217203 -4.5411537559770165 -0.39011335525072677 -0.53451649006261592 0.74973574805137955 -21.923065807525866
0.88547820204471339 0.024612572398556052 0.46402863595212268 30.192595611576028 -0.26603203592423946 0.84560140664640793 0.46280148761604079 -4.4367711954325282 -0.38099253216521967 -0.5332471119073614 0.75530934594826249 -21.799629511771755
0.88529028236715046 0.038165004360080558 0.46347011596055054 29.989559704655004 -0.276462463446284 0.84458064005412337 0.45853249476016356 -4.339228472389224 -0.37393799252216031 -0.53406645175292777 0.75825022443816947 -21.661891638099892
0.88488946802238444 0.050321822864220198 0.46307487896309335 29.794739668907948 -0.28545880443387045 0.84417188887891337 0.45374782974444394 -4.2353916736319546 -0.36808137735322444 -0.53370547699103632 0.76136362106126632 -21.531404907336338
0.88405153149637983 0.061321036981360752 0.46334934993203136 29.607542717906323 -0.29426131278775369 0.84323943662759426 0.44984167471723346 -4.1318634690433802 -0.36312968682735547 -0.53402900945501841 0.76351152421241086 -21.400862140185804
0.88317793713008141 0.069872101288552535 0.4638045071236116 29.434556584339457 -0.300632898564623 0.84334078197136209 0.44541686740015218 -4.0221023089802701 -0.36002304324485557 -0.53281724345731707 0.76582582445831582 -21.278711261912715
0.88240942405618572 0.076809410112652479 0.46417014429514625 29.276764110058856 -0.30596793666904065 0.84314735175658873 0.4421381740546062 -3.9133877011338898 -0.3574034555895067 -0.53216807283413547 0.76750238578696417 -21.148360003707751
0.88062576477601995 0.081643056999875702 0.46672547997336195 29.111247719241874 -0.31031110831753356 0.84377071093740363 0.43790181938298967 -3.8050493894622384 -0.35805764684948987 -0.5304577255615226 0.76838097511892012 -21.018196622952072
0.88005964977109985 0.084807735447227736 0.46722870294223379 28.976347739811448 -0.31323311428628059 0.84318464418081707 0.43694927844337589 -3.7162692483642594 -0.35690338883132922 -0.53089293066114751 0.76861737373984151 -20.876869345824758
0.87853828657762723 0.087881876886764007 0.46951810905662283 28.839922052770142 -0.31661906425169323 0.84311813294929239 0.43463108729643529 -3.6210852919655259 -0.35766303578875641 -0.53049843506551375 0.76853663752836909 -20.727713495384812
0.87736129715939704 0.0898230134012587 0.47134804604484948 28.714871923993861 -0.31862587794878283 0.84354225844765107 0.43233552724059537 -3.5392769758474278 -0.3587683154183875 -0.52949814397838402 0.7687112665853798 -20.578047224219901
0.87716205769609579 0.089641965057990422 0.47175315858920663 28.612061838969165 -0.31844459122209995 0.84391258416630899 0.43174598157612554 -3.4779278708218948 -0.35941586895926114 -0.52893843534600937 0.76879409776218677 -20.42637469117221
0.87586548179139601 0.090619005964813579 0.47397030873702933 28.502154061560983 -0.32026878395403258 0.84386056598807169 0.430496517053154 -3.419866906394359 -0.36095368654569943 -0.52885493372780445 0.76813078003737656 -20.268017919531761
0.87499273274594613 0.091212791489303321 0.47546602855567943 28.403816346031764 -0.3209051610563351 0.84462159732145359 0.42852565261086062 -3.3670031296288463 -0.36250185551137376 -0.5275363343001932 0.76830841511981762 -20.113655915530387
0.87484148795435501 0.090523917552804534 0.47587581500293025 28.317917338232025 -0.32047363704230281 0.84482629493889239 0.42844507155608869 -3.3343384572348866 -0.36324787530650249 -0.52732717712129784 0.76809962202477022 -19.956733608730939
0.87380265506757149 0.091931747491036109 0.47751175252563899 28.226778879517138 -0.32144845049394494 0.84602271680140717 0.4253427515910056 -3.2887010185341707 -0.36488328773993545 -0.52516103859598195 0.76880821397074384 -19.810510730773451
0.87367775273279558 0.090445655068607203 0.47802381515880854 28.14912603550572 -0.32083522675012738 0.84574043280400568 0.426365896380899 -3.2724295833623391 -0.36572112552594849 -0.52587327732040512 0.76792275297996593 -19.65600128383285
0.87420286263875857 0.091125713463622859 0.47693339084189273 28.083186811802658 -0.32045445939362521 0.8462209687962895 0.42569826335587602 -3.2493448991904361 -0.36479897808099643 -0.52498207237506223 0.76897043459150349 -19.517726934828485
0.87402753259143284 0.093414332270076589 0.47681194909384095 28.011008795384004 -0.32136236678104202 0.84717719259252922 0.42310404579479938 -3.2226406185607028 -0.36442022650920308 -0.52303400164575953 0.77047604221896793 -19.384475263689144
0.87482047102569327 0.095037036784828263 0.47503379365424458 27.95063744160004 -0.32078350299731506 0.84843785277317896 0.4210120594310916 -3.2010306606898125 -0.36302491330369568 -0.52069297250951707 0.77271711557338207 -19.258917347929071
0.87494075572063135 0.096727995363043967 0.47447061962998038 27.886304478092129 -0.32158215224876796 0.84863627607731917 0.42000165509277526 -3.1885089127496045 -0.36202706160459996 -0.52005784855020432 0.77361246165458841 -19.12567909025308
0.87527109393894753 0.1004319647283322 0.47308977221635756 27.828175407984173 -0.3232781628379382 0.84905009883561178 0.41785782163238905 -3.1733759853827288 -0.35971063585477359 -0.51867846507064952 0.77561646986439725 -19.001413977552986
0.87582339564626877 0.10443892482929674 0.47119623366400104 27.772314110694595 -0.32563251114969777 0.84847391383105086 0.41719957482068526 -3.1697936897530652 -0.3562258375258332 -0.51882996109392054 0.77712201368272904 -18.87756563481225
0.87650745641749839 0.11049005601100528 0.46853668625542233 27.723728035569572 -0.32897538278579364 0.8480480402225945 0.41543918808359598 -3.1605876895436809 -0.35143971939077645 -0.51827258175336821 0.77966893912559487 -18.762808858071502
0.87689724143115855 0.11794909025545844 0.4659820169044448 27.675128696463741 -0.33296611180572644 0.84822565315248377 0.41188203374633714 -3.1461529358921059 -0.3466767894731359 -0.51633443952728164 0.78307978533393841 -18.656320795045694
0.87757490622120182 0.12511890231493059 0.46282560890075614 27.635906913838582 -0.33706144728001736 0.84752274436196129 0.40999363232453945 -3.1390523458493433 -0.34095727698400702 -0.51580079301284176 0.78593745120014147 -18.55036058229862
0.87799574791848123 0.13442945860989275 0.45940416551759511 27.599143130889455 -0.34208929219166229 0.84753359765724368 0.40578530901201548 -3.1183623565040968 -0.33481096577751795 -0.51343502169215194 0.79011777330667932 -18.454746531405995
0.87868160664625261 0.14094678345381317 0.45612787502583541 27.569067652488386 -0.3457894199339786 0.84664223993885712 0.404507842461722 -3.1172533034883014 -0.3291630465336029 -0.51315779423617702 0.79266687013611126 -18.354195361187521
0.87923382343119816 0.14881009302862278 0.45255214058423071 27.541658095487225 -0.35005689091536285 0.84614475213006646 0.40186966987497097 -3.1060733320284455 -0.32312235586109855 -0.51175640167521219 0.79605108409398739 -18.26482265054382
0.87974258524969029 0.15686194027075359 0.44882882638338401 27.51786541782872 -0.35385394162403017 0.84652034596414505 0.39773193468199347 -3.0947224044876442 -0.31755373040688534 -0.50872156978374583 0.80022621348055867 -18.189876162369057
0.88004612942224436 0.16346775814429115 0.44586668650641054 27.490306060164407 -0.35757184800219566 0.84594649767174124 0.3956221639306996 -3.0926420802977894 -0.3125078936686575 -0.50759512913757776 0.80292340934274975 -18.114114711611155
0.88050533808995923 0.16707163391414206 0.44361855093801639 27.465685213618588 -0.36004891113381221 0.84443088861391824 0.39661222364680671 -3.1056085137720486 -0.30834255493921486 -0.50894355629673449 0.80367986494473653 -18.037726030534383
0.88076033123004827 0.17015469707197314 0.44193734623346859 27.449412724583148 -0.36153048149185829 0.8443575990721166 0.39541870952376007 -3.1073915817199285 -0.30587080587038834 -0.50804293514772514 0.80519278819589757 -17.976093147133
0.88132285971669067 0.17046029991337197 0.44069638425364643 27.437498291275094 -0.36122689924210161 0.84429751191450042 0.39582425221166101 -3.1171733339786201 -0.30460653999008441 -0.50804035029555217 0.80567354323376028 -17.915204320729291
0.88084907786445144 0.17191876198784023 0.44107691086919742 27.420153675341247 -0.36250709711726015 0.84417887231749444 0.39490585722723931 -3.1114502780479816 -0.30445608314658934 -0.50774597074652572 0.80591595258172255 -17.862465401949439
0.88060545090500608 0.17045962628703989 0.44212843794815276 27.404737744504025 -0.36207921652362668 0.84394868482863383 0.39578941160376679 -3.1147800913885435 -0.30566759854133629 -0.50861983168384417 0.80490570007912765 -17.815436946945574
0.88065415155214233 0.16648086529901202 0.44354524779696219 27.394138401114454 -0.35964160177245569 0.84435495621284096 0.39714308025364603 -3.1208485679447251 -0.30839290463387575 -0.50926302576183924 0.80345814263306681 -17.778910155574788
0.88020234620728033 0.15945039679739567 0.44701163373267172 27.38257341901458 -0.35583698628495519 0.84496306327509318 0.39927116210967634 -3.1245664335218102 -0.31404437413021713 -0.51050268624359252 0.80047681941155324 -17.735130740771513
0.87973407004061399 0.15003967609889854 0.45117187590309044 27.37461106461565 -0.35072241569146628 0.84547302199910657 0.40270231710686827 -3.1290098652297584 -0.32103232413780131 -0.51250703865199354 0.79641370040378245 -17.695078378122755
0.87911313531846491 0.1383838468383756 0.45608113997922717 27.374339927890492 -0.3441899129338743 0.84625948049339517 0.40666718027106769 -3.1337487070044858 -0.32968681979283071 -0.51448498773945006 0.79158814938427902 -17.660577313450101
0.87777634621646039 0.12356375626705324 0.46286140923613089 27.371975897887573 -0.33557544276759615 0.84811939013076798 0.40997880712976603 -3.1354123178383797 -0.34190321471757551 -0.51519462169299701 0.785924101643662 -17.633280346857344
0.87551591152499331 0.10226688195120737 0.47224291791676232 27.367368674363789 -0.32434949855202644 0.84881073053389378 0.41751376805988871 -3.1489194706843069 -0.35814702491520028 -0.5187117008382357 0.77631751233493085 -17.592669492586001
0.87158464811442826 0.079284581471954135 0.48379143885776371 27.351838856096727 -0.31288110797412577 0.84968516064545452 0.42442966443427538 -3.1544138120589453 -0.37741967813580107 -0.5212955811434864 0.76537918944542982 -17.554350082300754
0.86653593390059913 0.053012779696328935 0.49629136648533895 27.345241522545585 -0.2997548406781621 0.85032247629180324 0.43254909756348525 -3.1595988307913241 -0.39907707369507728 -0.52358507570579615 0.7527258184419674 -17.514604032993866
0.86056567600587242 0.023062616777469496 0.50881709187873336 27.341984066812163 -0.28363027888444847 0.85145367532488769 0.44111280153229604 -3.1631112966309631 -0.42306096745089333 -0.52392246991622371 0.73927306412204541 -17.48240209327329
0.85206615967412569 -0.0090057285046313568 0.5233566244849569 27.3365615122188 -0.26805209428119159 0.85128963892598786 0.45105878265335708 -3.1635861298684147 -0.44959018482352847 -0.52461876397186002 0.72294108902384535 -17.441289331980105
0.84134143993091937 -0.043840975181476748 0.53872307389799479 27.325658086910856 -0.25144716157735558 0.85053743905991541 0.46190950379061468 -3.1686527134260403 -0.4784547067274586 -0.52408399484485102 0.70456870492366019 -17.404671535122731
0.82898121483560827 -0.07960391750104362 0.55358229900184319 27.321774356035743 -0.23406680651404382 0.8495804648702362 0.47267934564479402 -3.168007256680073 -0.50793983456507552 -0.52141753905038568 0.68565361111325251 -17.372501526599585
0.8138459241221403 -0.11880287237638736 0.56880637241938425 27.319886692938422 -0.21644641451630389 0.84645394416371955 0.48648398745767496 -3.1816896780672743 -0.53926409247493556 -0.51903911020731641 0.66316863665464587 -17.33311655584799
0.7970174059502364 -0.15922938262068317 0.58258841245135673 27.323715438535004 -0.19678138124880615 0.84351808116492422 0.49975427436056641 -3.1868173835130373 -0.57099942434836837 -0.5129554078651285 0.64096521507469617 -17.30158567237309
0.77591106953560995 -0.20071757216952127 0.59805891715990567 27.316098538153106 -0.17979541965115201 0.83835132596315964 0.51462672037922619 -3.19365450381573 -0.60467811209317968 -0.50683282300792742 0.61439797385509243 -17.254747778428147
0.75278476564961561 -0.24234687056107512 0.61203193620521701 27.317541664884459 -0.16236257122217518 0.83267890453191484 0.52941877319722463 -3.2013779502372075 -0.63792906507853786 -0.49790946594414504 0.58747993297749235 -17.218327423252333
0.72731055334087003 -0.28406141781281169 0.62476273089003376 27.321652744494827 -0.14557482415790718 0.82575646466969177 0.54491671990094648 -3.2129423257854195 -0.67069167996210588 -0.48727340576557981 0.55922920029556822 -17.181782829258474
0.69948937280576406 -0.32479846488283198 0.63656937920509082 27.326997717711926 -0.13021896300268332 0.81791084795533986 0.56041490564713103 -3.2253806644444332 -0.70267890177968539 -0.47489767530146193 0.52982502676540544 -17.148779291443685
0.66741702883305642 -0.36549788293336732 0.64881877839261226 27.324015937141837 -0.11765470449881765 0.80856978123753431 0.57651737127235103 -3.235979994763964 -0.73533113638207315 -0.46111409265030329 0.49665069558628083 -17.1038089285951
0.63462552461968158 -0.40369972477813959 0.65899694666610442 27.326828565710812 -0.10524978294630756 0.79962433290623969 0.59120504853562139 -3.2433164703401194 -0.76561930924640953 -0.44455309968360995 0.46497270336090202 -17.071962459148146
0.59782534766000195 -0.44057234210395291 0.6697020718709441 27.32545341944596 -0.096904397364372841 0.78958426926799774 0.60594242259142894 -3.2514169158312431 -0.79574769334673245 -0.42714481513599062 0.42934009297501552 -17.023230533859472
0.55886617452680842 -0.47467783739474412 0.67996290314694374 27.318934093174523 -0.090210991844255739 0.7802986883932207 0.61886665271469843 -3.2561850830738766 -0.82433644582794396 -0.40720376665505986 0.39326138445273917 -16.980615748237877
0.5196452772140987 -0.50514122214998558 0.68905814816595956 27.32510835741218 -0.085926734722901368 0.7715107409989348 0.63038700239070189 -3.2503738585954096 -0.85005022329797819 -0.38678614531559108 0.35750677708676215 -16.94348295661786
0.47949366571836671 -0.53612008130337896 0.69473813984782917 27.335699963602909 -0.082617660265788553 0.76058809334003241 0.64395657810257745 -3.2644320173771764 -0.87364761016566073 -0.36617073980949455 0.32040418623856581 -16.904267518211469
0.43803760441739015 -0.5616709946567866 0.70188941499179902 27.331576334117241 -0.083113851708797981 0.75213400230145899 0.65374806327523205 -3.2651543280977742 -0.89510621982555894 -0.3447029682831943 0.28278033680995762 -16.864498867017424
0.39528087689916136 -0.5855998518973794 0.70769049860486166 27.330299229271148 -0.085495473667559996 0.74363508011826784 0.66309681917489016 -3.2753264263197805 -0.91457287973140222 -0.32261382654074966 0.2438785898445075 -16.820291508317332
0.3541560964717102 -0.59253302542688768 0.72351784574423617 27.327913727484361 -0.089822862892017213 0.7485323195487017 0.65698646857672971 -3.2743427887692178 -0.93086267120010946 -0.29766420740408084 0.21187427167237149 -16.786332632269193
0.31317823997283667 -0.59868919194195491 0.73721817765123343 27.331629876036597 -0.096142362409232879 0.75229416830752427 0.65177460097863749 -3.2766154114821004 -0.9448153450055139 -0.27499951960390673 0.1780427703102051 -16.75243842800824
0.27090337679818954 -0.60352348895346464 0.74991383419748658 27.330216842434194 -0.10562766885833963 0.75570308257249375 0.6463401941408129 -3.2795267004300674 -0.95679368518552166 -0.25430739130404362 0.1409737376862833 -16.711964789747057
0.22933911561824094 -0.60839747167972302 0.75977370742949757 27.33163532113959 -0.11644718297240858 0.75782273694123314 0.64198500991276186 -3.2903830980680082 -0.96635584730741575 -0.23570578234022843 0.10295222458085784 -16.675989394501947
0.18634190651330218 -0.61262404796041059 0.76809405006000964 27.329155043615067 -0.12932238109980207 0.75969072355624656 0.63729563492092445 -3.2990446077135984 -0.9739365562620933 -0.21808663508612158 0.062336217186701237 -16.634783521791274
0.14494832701519422 -0.61718477199256483 0.77335175678082113 27.331222350064124 -0.14321527280381713 0.76028816771305019 0.63360183685912808 -3.3092836416270259 -0.97901959537653016 -0.20259530906716125 0.021812212468177106 -16.597151467395403
0.10403092063913089 -0.62316148621164569 0.77514342521462964 27.339465465631868 -0.15886072216597077 0.75895470706153034 0.63146735749526506 -3.3293100804995293 -0.98180488820533052 -0.18883197486559197 -0.020041126826588762 -16.553862814079448
0.063832213105799673 -0.62518765514612229 0.77785978455175941 27.329777010365202 -0.17291852736130497 0.76073051869787012 0.62561031067020234 -3.3217373343385739 -0.98286552053941434 -0.17444045911015818 -0.059547416066726866 -16.523537997313294
0.02405357373761452 -0.62845909564372926 0.7774706365472045 27.32209638441471 -0.18864791865389563 0.76087041503964303 0.62087693974325919 -3.3257095580397813 -0.98175016596790177 -0.16160252665124847 -0.10025584771937379 -16.478800182129682
-0.013847032538655268 -0.63378280575242418 0.77338710541517197 27.322888206820718 -0.20383902401218645 0.75900808110931728 0.61834972717751824 -3.33761453196631 -0.97890648786267254 -0.14908416395894289 -0.1396996781565023 -16.436876930872348
-0.051104563873688669 -0.6392175563025615 0.76732603192245619 27.32169221016764 -0.21874320329471092 0.75683799248753791 0.61591205877121979 -3.3467285592633265 -0.97444329468863877 -0.13637143704608892 -0.17850237139695313 -16.388752358787364
-0.084988533402189592 -0.64422810792085905 0.76009676630995837 27.318320386795417 -0.23239220380864026 0.75463386725417503 0.61361355102537607 -3.358616903156153 -0.96890185921955418 -0.12449044685323604 -0.21384881538875389 -16.351083330182856
-0.11624463403592666 -0.64823468902692394 0.75251509818741924 27.314287332622808 -0.24436115864198565 0.75302892715293956 0.61092966781622182 -3.3625724105137516 -0.96269144028863185 -0.11286816563167855 -0.24593895173790647 -16.315950551145239
-0.14688606059314369 -0.65255533116896891 0.74336802794200463 27.306727451970218 -0.25643992030702356 0.75094691329881214 0.60853701668831439 -3.3684750196214885 -0.95533400048169281 -0.10124363273778633 -0.27764487092993728 -16.2706384393151
-0.17454106195442298 -0.65592579944359219 0.73436827499294033 27.296846258338068 -0.26528887257379558 0.74956365220585708 0.60644550075034886 -3.3750745622118412 -0.94823901616646566 -0.0889700900083924 -0.30483945168490223 -16.235689801670549
-0.20120870574969851 -0.66014023540090583 0.72369187250885214 27.293162105007422 -0.27554497491781454 0.74711286834227641 0.6048944773718119 -3.3850546803976429 -0.93999469335101726 -0.07769962395155558 -0.33222393789387716 -16.181550862830953
-0.225114929560843 -0.66511974989771461 0.7119964794750171 27.292216359672338 -0.28424679384738583 0.74379667546106076 0.60495476340016963 -3.403355191598235 -0.9319479753056491 -0.066198367571074154 -0.35649789263700637 -16.132435816256709
-0.24767873620206049 -0.66776779902966377 0.70195541896364622 27.285845646824473 -0.29067536363038415 0.74236965155529 0.60365149997993139 -3.4103204154933446 -0.92420943330594363 -0.054529506038068935 -0.37797282489558715 -16.084911309833799
-0.26854053929451305 -0.67132400962066108 0.69080391781043871 27.283285940855215 -0.29688737763587525 0.73991622408930202 0.60364051084227532 -3.4265963864977382 -0.91637539456049666 -0.042989015297730013 -0.39800512660998022 -16.029807205837891
-0.28741415558255423 -0.6731809663630316 0.68133728042526986 27.273977600544381 -0.30021491352122276 0.73882180084042115 0.60333519067129004 -3.4398851670748893 -0.90954060320043573 -0.031140538361629409 -0.41444680961534242 -15.981090748350606
-0.3098829885895904 -0.6682746053236438 0.67629992256565608 27.265725913618343 -0.29679781560675583 0.74376095513937956 0.59894131453859156 -3.4463537397615145 -0.90326274695342235 -0.015122615173508288 -0.42882131066036355 -15.939034920563266
-0.33134606090779939 -0.66359837613679806 0.67070633149649761 27.255941599475989 -0.29529775906286904 0.74808814924481537 0.59427548700237887 -3.4510439437426563 -0.89610770636867798 -0.0011472349678910731 -0.44383517485503088 -15.879113749304583
-0.34994438186517751 -0.66173454736436432 0.66305830695760026 27.254195690130949 -0.29426345745085153 0.7496365610042145 0.59283559610978631 -3.468975790536847 -0.88935254382616469 0.01234565633146161 -0.45705539878626933 -15.81624210457915
-0.36640117665358996 -0.65912773835214089 0.6567349558852924 27.24769156306904 -0.29333012112276202 0.75165405637687055 0.59073989163954566 -3.4796554154344852 -0.88301054228642761 0.023807647237559047 -0.46874895001913486 -15.752276216246962
-0.37997906333637643 -0.65761162922754224 0.65050968980539237 27.237874990736149 -0.29123453445954389 0.75254452897589452 0.59064302065340779 -3.4969816545729016 -0.87795122721261853 0.034981095082154197 -0.4774703819324404 -15.696047135398983
-0.39314593228191042 -0.65652731216604432 0.64374541886542158 27.232141922891113 -0.29040962683728999 0.75294571366343344 0.59053789117726307 -3.5084679345098615 -0.8724096082520032 0.045217702903756478 -0.48667939629050871 -15.628298065020658
-0.40411690104880549 -0.65532297147786722 0.63815463121419791 27.222024915106783 -0.28744038100712377 0.7532982282601739 0.59154019869030239 -3.5232620267098689 -0.86837063380401691 0.055619981602849936 -0.49278683017437586 -15.571895345065277
-0.41540448418121811 -0.65327994849446136 0.63298058691970205 27.212126448768643 -0.28513981648467068 0.75430648655882848 0.59136875922757726 -3.5264693667138047 -0.86379071514877082 0.065169265995175543 -0.49961842159034275 -15.504984208271699
-0.42456116729033577 -0.65362305693261258 0.62651792845467302 27.209349753322833 -0.283287068336878 0.7531348267181649 0.5937477323723408 -3.5439211698950137 -0.85993967936254989 0.074597803119572634 -0.50491476075429698 -15.443309612045603
-0.43450240558959985 -0.65289264826253268 0.62043440377012327 27.200458153305423 -0.2813709190884916 0.75277780577310793 0.59511005791090654 -3.5546442123524855 -0.85559223081334079 0.084004553329934908 -0.51078877199062411 -15.380382157660531
-0.44358360975683397 -0.65127402280269364 0.61569126059860058 27.18687201975354 -0.27761192418666558 0.75303609074973576 0.59654695169595218 -3.5605456417803309 -0.852153273011654 0.093695214663034723 -0.51483590205498864 -15.333070495251308
-0.4535671403063386 -0.65000101835996094 0.60973397917890715 27.182358950878946 -0.27609751512101544 0.75297812827669319 0.59732244263959189 -3.5632961481444134 -0.84737654639382776 0.10257979561269143 -0.52098980235099401 -15.279876419930696
-0.46361204908408093 -0.64821203922796033 0.60405713317863363 27.174367357071038 -0.27391926149270646 0.75320880012487645 0.59803406391085645 -3.5708339973274072 -0.84263402858379188 0.11179291397209949 -0.52675443829005997 -15.237884318874089
-0.47431697796351679 -0.64564156595544742 0.59847336843518339 27.166670874327071 -0.27114914706854515 0.7539022275390157 0.59842256922321257 -3.5789237020154596 -0.83755689028241986 0.12156644118467837 -0.53265378616708903 -15.203450059991569
-0.48513975142088883 -0.64300182091787472 0.5926112384080946 27.159129204619681 -0.26900657744888123 0.75458590259654179 0.59852784136730142 -3.5874461681937908 -0.83203057809224612 0.13095332717750932 -0.5390513363499092 -15.174096656202183
-0.49839565213390591 -0.64100895680967651 0.58370308481606392 27.164429873242007 -0.26817224600507078 0.7542520278890622 0.59932255497172238 -3.5976571852325936 -0.8244303611625512 0.1421667883684781 -0.54781674297010863 -15.139402926246488
-0.51283719680187789 -0.63769993603525477 0.57474933767428082 27.166664436110331 -0.26720573370394446 0.75480656972855487 0.59905603925705397 -3.6027752605920749 -0.81584257393943926 0.15364190143071074 -0.55748996463849187 -15.107533492158947
-0.52829879335145224 -0.63297751440830563 0.56589738574840842 27.166057298609211 -0.26377439764788835 0.75587667218997856 0.59922743894492791 -3.6051006367770806 -0.80704612760913075 0.16730189088138525 -0.56629199642818517 -15.092580120051915
-0.54522989234997876 -0.62744191948661354 0.55591456372268633 27.159395826876921 -0.26030101690204105 0.75709451504529235 0.5992088750077863 -3.6089856612256552 -0.79684863373654224 0.18200146416797744 -0.57611433062623818 -15.082042213668871
-0.56385343557918777 -0.62156073578771376 0.54381205844720193 27.161900095226109 -0.25715751173627927 0.75786914062286148 0.59958684095731363 -3.6125812125164081 -0.78481801542978902 0.19823374439938668 -0.58716613086778646 -15.073474136832241
-0.58447331976967898 -0.61303128116294925 0.53158591666176069 27.165548040787318 -0.25487753290805132 0.76068214925540645 0.59699255524912609 -3.6163055740722556 -0.77034302858928805 0.21343691367682541 -0.60084632160311635 -15.072988916349715
-0.60741026119857588 -0.60288039854021824 0.51728908711344912 27.175581664498768 -0.25375763730555678 0.76431594422983351 0.59281379783635235 -3.6190185209997483 -0.75276811575662494 0.22881512723604133 -0.6172388528342776 -15.059375149856033
-0.63049121163161748 -0.58977472923574514 0.50462520825876145 27.168479124970148 -0.24937695228451359 0.76957267107612515 0.58785120532499169 -3.6155134268298448 -0.73504555486349443 0.24479312222295282 -0.63228503033660077 -15.055655091962391
-0.65460739408430091 -0.57683623425019981 0.48861960507762014 27.170832973655155 -0.2474424940509368 0.77423725251370046 0.5825194322577476 -3.6235630546625868 -0.71432581624074942 0.26041627383112054 -0.64955522673280197 -15.035925849329271
-0.67926117621671778 -0.56091483137939036 0.47326399231645699 27.163812372149817 -0.24357773493839532 0.7806174633661821 0.57559209769595365 -3.6257235985496767 -0.69229628160706036 0.27570079402565656 -0.66686950046216742 -15.016894550589956
-0.70442630895791658 -0.54444141488911812 0.45537580194984223 27.160147013546386 -0.24055239838849493 0.78673295119969811 0.5684943334160476 -3.629678864744494 -0.66777100781440757 0.29092062362463855 -0.6851620770827751 -14.9860133040084
-0.72821486072110631 -0.52854113493413135 0.43628819065782787 27.163289647124845 -0.23829741287342213 0.79214200616933017 0.56189446080190431 -3.6404501049833091 -0.64258653864111914 0.30521354941183287 -0.70279956574592228 -14.955769322598037
-0.75268591124549511 -0.51006685589108902 0.41628802713255836 27.156158547241809 -0.23582463257877159 0.79920893540206739 0.55285786622113042 -3.6452988088881448 -0.61469558456330731 0.31795735578041434 -0.72183963469977241 -14.913047650959466
-0.77487227234988199 -0.49359130463788536 0.39489313178276642 27.152658014040185 -0.23421909788177631 0.80444129718628021 0.54590806329335517 -3.6669858460695561 -0.58712381635458977 0.3305175084123762 -0.73894776601739443 -14.873307346489391
-0.79726155235768914 -0.47464435417377016 0.37294336591924032 27.150084332946911 -0.23162876449272682 0.81108897742139729 0.5371059357008493 -3.6785384467468947 -0.55742455327315876 0.3418295010037557 -0.75659134256991245 -14.823130532718805
-0.81810927069184269 -0.45593176365611399 0.35046176410200119 27.143724357604441 -0.22967845373763732 0.81777430424634612 0.5277243553249108 -3.6888075388937205 -0.52720492135103336 0.35124267138807336 -0.77374644212391752 -14.76767540829754
-0.83765974530952469 -0.436744328704674 0.32799472927516177 27.140496575095792 -0.22764792363061256 0.82503534471911411 0.51719735385139343 -3.6946879809333049 -0.49649025564924615 0.35856808462064271 -0.79052283631583387 -14.707259630645606
-0.85521080734631871 -0.41858817237140916 0.30561154583690298 27.12484644567175 -0.22498679400078778 0.83104603446984671 0.50866829183387241 -3.711869520487487 -0.46689979387798519 0.36626005862324923 -0.80489636098940665 -14.647458756490906
-0.87152820809742826 -0.40173558106717261 0.28115317070078888 27.124200777772543 -0.22400438226462074 0.83624321803606971 0.50051904760450816 -3.736322668854084 -0.43618874265245711 0.37323692635281869 -0.81880008401927329 -14.58216746780729
-0.88677025481474825 -0.38356773970430819 0.25790367239323025 27.119809144225503 -0.2226008381625417 0.84341303948285129 0.48898191344837311 -3.735981563238469 -0.40507700752464393 0.37620504234848634 -0.83329609628658008 -14.500624458164557
-0.89998533795864399 -0.36750229760319014 0.23445351930786149 27.110710441018629 -0.22103691854857635 0.84828854909043327 0.4811956131560195 -3.7665625842861359 -0.37572472915422478 0.38124611307975825 -0.84467883196133253 -14.421011055512642
-0.91190391900402212 -0.35176111727116388 0.21141276896452674 27.102891112252042 -0.21887557193210247 0.85260135592469244 0.47451492272295392 -3.7950999044404905 -0.34716671285781547 0.38643892693609216 -0.85448243354207154 -14.340821586165816
-0.92256605577899453 -0.33641909026240663 0.18892873902983529 27.095269424719145 -0.21796376229697495 0.85845397969744097 0.46427207870705883 -3.7987564304355925 -0.3183766182522465 0.38714204169612004 -0.86530767273936893 -14.239501195428071
-0.93169587835216339 -0.32254982648414465 0.16704610051311961 27.087639627315774 -0.21668996942671417 0.86263017724288238 0.45707180449001983 -3.8114135270941287 -0.29152743852241553 0.38965470194129759 -0.87360229271883094 -14.147686082247594
-0.93935681291882123 -0.31006738432821307 0.14651619432286458 27.070167990100661 -0.21556490113938678 0.86613728802404799 0.45093011841205921 -3.8280054532689469 -0.26672186153324895 0.39200052993613099 -0.88045160747768025 -14.045474071200927
-0.94649633290503288 -0.2964509696615939 0.12752064297213131 27.041772321660375 -0.21317747218415217 0.87101162216384131 0.44259927633095913 -3.8208803989567777 -0.24228094673436473 0.39173406367357738 -0.88760597463473934 -13.931902117831068
-0.95200378476094372 -0.28525275672439809 0.11099395741197206 27.003864851927514 -0.21112991901356359 0.87451933933487169 0.43662350191741356 -3.8225622021853485 -0.22161441987868341 0.39223308110157012 -0.89277111231905582 -13.828981550279613
-0.95675908991835312 -0.27487933849337659 0.095149320165985901 26.970607783612454 -0.20917831827046543 0.87747572976242549 0.43160256584436418 -3.821255747200853 -0.20212984694038999 0.39303650332678075 -0.8970316783862835 -13.71789917309386
-0.96077103383068252 -0.26585760657002583 0.078985780877191464 26.940220620210603 -0.2088802119606353 0.88098998568402909 0.42452997794706376 -3.8120109754836662 -0.18245020581847096 0.39137753915281309 -0.90196205255181705 -13.591804761872625
