0.99998582799503544 -0.0046555054840046479 0.002582649370652803 0.2938549771180971 0.0046464817915974907 0.99998311828457664 0.0034890332206284637 -0.021627458652187237 -0.0025988489843935996 -0.0034769835407575207 0.999990578240322 -0.13282227035666636
0.99995685779907262 -0.0085143071563732273 0.0037133696627550173 0.46036825814872484 0.0085024541884220432 0.99995874556089337 0.0031961616132861366 -0.019442137766445315 -0.0037404295714693124 -0.0031644509683973689 0.99998799764631652 -0.22324651629534054
0.999925628917117 -0.010322256060983264 0.006495203193094953 0.60814506376593103 0.010292091253370356 0.99993617389036826 0.0046605796982208854 -0.028668019673971094 -0.006542896326581526 -0.0045933838618893502 0.99996804515562243 -0.30266240271887107
0.99987692907602432 -0.013290525869328369 0.0083359836621586646 0.77263531140272179 0.013214765751103237 0.99987146716876307 0.0090784970082382899 -0.06583404957577664 -0.0084555702139200335 -0.0089672216378227244 0.99992404324951389 -0.38797466399833197
0.99979305836398313 -0.015739449342166513 0.012888373892713439 0.9213234758867066 0.015639405327514171 0.9998470642511077 0.0078266921137261948 -0.050559423773600162 -0.013009590623640882 -0.0076235059419348834 0.99988630989175897 -0.47763744793582852
0.99970419494033391 -0.019239838200791882 0.01487787769496194 1.0961628408692128 0.019095258416880138 0.99976964360746223 0.0097995319786445909 -0.065582141303227329 -0.015062991890440117 -0.0095125363082229127 0.99984129637072572 -0.5827682200242289
0.99962518736338879 -0.023406544678881487 0.014199241349642885 1.3016875936317454 0.023280969101578355 0.99968893800532621 0.0089455970999409318 -0.064491230446729872 -0.014404210023504851 -0.0086116720779789522 0.99985916900212513 -0.69137260670032719
0.99950691461164132 -0.023483427027873243 0.020843615294467009 1.4287659943612117 0.023218661193985229 0.99964776047784276 0.012854911279054138 -0.089463168973745122 -0.02113815072034711 -0.012364611868553791 0.99970010250947949 -0.77285954243821731
0.99938749925419412 -0.026828002611713878 0.022469637520750846 1.6159195811925227 0.026520622121835945 0.99955206828949805 0.013867926321455133 -0.090461971466702373 -0.022831621421152873 -0.013263523440338001 0.99965133722174793 -0.87849036682926773
0.99924318422701663 -0.029774525239901987 0.025030709590241267 1.7992191945531342 0.029416034778919117 0.99946105568662424 0.014570348783194898 -0.092344591137417553 -0.025451044649247259 -0.013823017489570346 0.99958049626518075 -1.0053832228130348
0.99906032145299484 -0.032926126194580803 0.02818411453384978 1.9721657477852039 0.032553732180458504 0.99937784183415057 0.013571432202920111 -0.086305866966400455 -0.028613434246199856 -0.012641181302948577 0.99951061620970505 -1.1439749198176348
0.99884085401504608 -0.033303339553450939 0.034753933951150805 2.1148912859731448 0.032912009815304399 0.99938892131228518 0.011772152232461957 -0.058993558537818624 -0.035124748545871602 -0.010614684774146716 0.99932656349500426 -1.2699916301306624
0.99864406766957514 -0.036769068325655761 0.036851888999455525 2.3038357262034093 0.036303607158698382 0.9992533429718865 0.013221371592092884 -0.057670140992675853 -0.037310510792963374 -0.011865587805606414 0.99923327286995178 -1.3919160488862061
0.99840428710602824 -0.040315907181074549 0.039541207827663807 2.4816823608128269 0.039736792898206058 0.99909266438592204 0.015324335561597683 -0.07106675407314704 -0.040123145171691119 -0.01372864153535769 0.99910042419324652 -1.5241852849599851
0.9982120299122812 -0.044440097740648769 0.039972753860655838 2.6699905933436252 0.043687750606843517 0.99885486041842364 0.019502519463023036 -0.094190615326978089 -0.040793673349151044 -0.017721329839854923 0.9990104257130602 -1.634340641121051
0.99804551713139322 -0.045559026278636637 0.042772898644731189 2.8222672405060836 0.044692297128253247 0.99877992575070895 0.02100615373666256 -0.10014134043091655 -0.04367773244262891 -0.019053478473781946 0.99886396503563946 -1.7549992594922883
0.99782899812656822 -0.049605569598748511 0.043319487098911709 2.9929469216435773 0.048700864722242783 0.99857773196890243 0.021696520254377367 -0.094453773239811578 -0.044334143422816559 -0.019539720587217126 0.99882565197652917 -1.8572206192285003
0.99755082768219128 -0.053047160812010719 0.045588868382093917 3.1419090158648371 0.051871633366361747 0.9982996130308236 0.026593538207871591 -0.12086094790913246 -0.04692206136223083 -0.024163636983956984 0.99860624813047638 -1.9533255560649645
0.99730320865623567 -0.056375223008696122 0.046990895231912702 3.2891092823475985 0.055348079891109729 0.99820490984729249 0.022881171498110135 -0.085421814070054822 -0.04819647348452117 -0.020218609929428172 0.99863321983407771 -2.0760171156369287
0.99706502430102872 -0.060570242456080357 0.046825025834490712 3.4469826599258759 0.059084379797239697 0.99772407567824706 0.032491612394016628 -0.14686073024240512 -0.048686480459821858 -0.029629622690799187 0.99837453497153872 -2.1627753734395441
0.99682622105854646 -0.064215099527345193 0.047052162573371879 3.5836810895668161 0.062965130781632309 0.99763445073315205 0.027584325549375118 -0.10682620074347129 -0.048712188575240643 -0.024534133427841328 0.99851149166204145 -2.2848697509198237
0.99649422734515314 -0.069635439688497211 0.046369822160279232 3.7233841167260482 0.068073279681236512 0.99708507700791571 0.034458348793274751 -0.14360811592831457 -0.04863417996868466 -0.031180999783658226 0.99832983617202642 -2.3535452464339799
0.99614467430158682 -0.073003076907137407 0.048645026700332675 3.8255592828340381 0.071201474961264929 0.99674565566986795 0.037794812694142525 -0.15315927692249159 -0.051245856651302671 -0.034185503730902282 0.99810080328128115 -2.4279034438202589
0.99586278236195447 -0.076029999847777738 0.049767035570279998 3.9238257859809877 0.074024061068775474 0.99641402876383345 0.040981967565170217 -0.16569797036231351 -0.052704431399957216 -0.037128458165851461 0.99791969642102651 -2.5026082813188961
0.99569696207325897 -0.078079023008619075 0.049912181720523037 4.0221123026393375 0.076058343612529278 0.99625265598759971 0.041179774217103865 -0.15766408421391845 -0.052940420143793798 -0.037206338219082494 0.99790430418518883 -2.5808416093146418
0.99541627539668009 -0.081613859672341652 0.049855958367921935 4.1182076263776155 0.079557907774113354 0.9959484215778347 0.041919934007883401 -0.15109974241449298 -0.053075210654375309 -0.037761348837176759 0.99787629621511242 -2.6443210452814276
0.99525749081802772 -0.084348847386960232 0.048454090798349669 4.2154325686216989 0.082361232340449453 0.99573177385510359 0.041651673948729873 -0.13701775915961467 -0.05176054847048981 -0.037463401872495403 0.99795658179210078 -2.7076087125451118
0.99504659765405823 -0.085116251476369004 0.05135652082933919 4.2656370614727477 0.082783859363854767 0.99550741764271899 0.045954477988009876 -0.1597725394560795 -0.055037270334822683 -0.041475355971184645 0.99762252065656332 -2.7547797430709715
0.99503829756482542 -0.085223555369647278 0.051339380493443137 4.3323683640128481 0.082975689983731393 0.99556047277995685 0.044433994979884733 -0.15324221029513588 -0.054898280947745182 -0.039953606199007743 0.99769228126746423 -2.8212234210813572
0.99504615717288036 -0.084425372293889148 0.052492871978219814 4.3790485514318309 0.081891307780311701 0.99545135042322785 0.048686986460473591 -0.17182501289876673 -0.056364517256105556 -0.044147088846381403 0.99743374503817339 -2.841997959994178
0.9951024917247745 -0.084494102778472926 0.051300853392570435 4.4427225474106793 0.082027896031965475 0.99545333076542097 0.048415808788023193 -0.16887988618347813 -0.05515845570458091 -0.043970590895395241 0.99750896331842331 -2.8820604038305486
0.99533982396840848 -0.082476111322087015 0.049963245328184649 4.4960770590931958 0.080015977199012711 0.9955693074313795 0.04938823233818318 -0.18193944244946969 -0.053815222896729992 -0.045160216582629406 0.99752918585011097 -2.9141257004072947
0.99583555691187264 -0.077847404465241327 0.047448131765598783 4.5401530137812358 0.07575059855595577 0.99613348744238395 0.044496314614677339 -0.15627977561074569 -0.050728595569313084 -0.04071678786322714 0.99788213371002188 -2.9581361741035517
0.99618124592654467 -0.074901096849695453 0.044863693059640858 4.5907775774078337 0.073123347118619328 0.99651890859683778 0.040037993395489108 -0.14017865878770172 -0.047706408064399831 -0.036604514744493798 0.9981904668598639 -2.9982056257143759
0.99677700847202 -0.068259319166493013 0.042145708304612964 4.6237532263903267 0.066717353565912282 0.99708675291463045 0.036970283949677205 -0.13471315958708557 -0.044546493854530606 -0.034039278915475708 0.99842723188832483 -3.0215933806854043
0.99723960696752789 -0.061703288439739969 0.041302185062933927 4.6439699898100359 0.060320650585901643 0.99760235970252042 0.033925669173305015 -0.1288457298851732 -0.043296482630164716 -0.031340646318881588 0.99857056760159446 -3.0242531147184493
0.99778845290107343 -0.054075090528795458 0.038653432468345413 4.6655080623417087 0.052896045738419377 0.99812177868615459 0.030901832593326694 -0.12237251176255264 -0.040251852162619908 -0.028788878003310904 0.99877474382404619 -3.0301398743811978
0.99838785210230496 -0.045202018027835369 0.034328914063181816 4.6984490411699387 0.044372341592716497 0.99871317580881791 0.024557845333915827 -0.10525552865306417 -0.035394802953616751 -0.022995000153870321 0.99910882184664862 -3.0303409176689309
0.99892269778839304 -0.032327504659137245 0.03329228567810022 4.6960981144678593 0.031624121395936559 0.99926981522626879 0.021441812507195859 -0.12530981221371329 -0.033961136451742084 -0.020365873911328554 0.99921562857610169 -3.0295045411999908
0.99937493426203183 -0.018179154480521348 0.030319286125055828 4.7088290665970636 0.017744773561045868 0.99973689440010038 0.014534957396211428 -0.10541116571988936 -0.030575542186964892 -0.013987863225518553 0.9994345781002163 -3.0257415523044742
0.99966824648281272 -0.0038111970612194354 0.025472961173350905 4.738427037063051 0.0037769934547995129 0.99999190007579464 0.0013907204048455735 -0.051601902595558746 -0.025478055153816039 -0.0012940478208337332 0.99967454411214074 -3.0439976561632656
0.99962035285385564 0.01366290354027307 0.023926454546849045 4.7395843662013313 -0.013568175658840963 0.99989947235772902 -0.004117012026458546 -0.064811353722895496 -0.023980299614977191 0.0037908106764071373 0.99970524405186134 -3.0459290514589408
0.999401408734367 0.029050676707390723 0.018785164428491635 4.789287940346342 -0.02885127145423344 0.9995253653248799 -0.010800379976628888 -0.073528810323559374 -0.019090006685094061 0.010251939085270537 0.99976520713103179 -3.0552414271144612
0.9987508348026185 0.048235582255485271 0.013042184845603808 4.8311393533031977 -0.047888777938460116 0.99852172715691423 -0.02571041312647256 -0.020358997251722976 -0.014263061685116521 0.025053722279281199 0.99958435165388582 -3.0962671135899309
0.99746117211066121 0.070425555445242871 0.010557048444283816 4.8347460233299957 -0.070004292583764088 0.99689578360072673 -0.03603048235785701 -0.02497939228965745 -0.013061743814387251 0.03519996845626594 0.9992949279713198 -3.1291143923580842
0.99564801894081789 0.09292658880164871 0.00704779915391693 4.8511939733192238 -0.092513450751046972 0.99467170163350271 -0.045491399183204724 -0.040934107457990129 -0.011237606923107036 0.044641405255674567 0.9989398686244535 -3.1576327861121127
0.99354598457212961 0.11342368186777595 0.0012020533079056986 4.8920747118819508 -0.11319989191470993 0.99214906252700186 -0.053160344217183034 -0.066509478820467663 -0.0072222580330173506 0.052681174230923791 0.9985852656987062 -3.1807991302375811
0.99101554743199727 0.13350269723484193 -0.0080755544132195926 4.9495948559241496 -0.13374562164377554 0.98895477358470329 -0.063879296295030433 -0.076384449624243317 -0.00054170026655367312 0.064385445832504537 0.99792495756232635 -3.2084913881404473
0.9876954675932732 0.15548649512863483 -0.016781332733675793 4.9902028688189066 -0.15633106320703935 0.98455814816305209 -0.078777227434699199 -0.052577527946611829 0.0042734028902031325 0.080431354075103476 0.99675098962046849 -3.2436101871317011
0.98402615352803502 0.17622496655456596 -0.025244610031888715 5.036764236140721 -0.17784891344637407 0.9794113082490844 -0.09551572257885653 -0.030186582278703442 0.0078926015206758973 0.098479695555271918 0.99510776120206035 -3.3157886179706333
0.98048342765335939 0.19281304397021534 -0.038410651804666157 5.1402568864627112 -0.19599516250281093 0.97395718422397015 -0.11398815541104347 0.0032330499294925845 0.015431927054526749 0.11929179927159816 0.99273930226113671 -3.3905964505654325
0.97580680965587696 0.21223536424384259 -0.052509241029579441 5.2242927738102134 -0.21726889721172324 0.96813106149660189 -0.12456513986611396 -0.02735584158436578 0.024398699424777764 0.13296013661901207 0.99082102598634481 -3.4448785521292842
0.97085682113605531 0.23043512553073131 -0.065853517561551972 5.2853633513486518 -0.23761598440868348 0.96133659196859456 -0.13917830612455445 -0.027217171938760155 0.031235825698800113 0.15077005625734841 0.98807525691572207 -3.5067383746773877
0.96521401981914456 0.2477662835920742 -0.083509069325072918 5.3748081065490512 -0.25842287743550757 0.95257876215796711 -0.16065901251889894 0.044974203347421582 0.039743079429261717 0.17665098528048734 0.98347085215420205 -3.5552944613870681
0.96112555477839734 0.25653646937222713 -0.1021112522396543 5.5229982179954762 -0.27115033473430988 0.94673121615155664 -0.17371672440403174 0.021731353609445496 0.052107234866087752 0.19465108334203277 0.97948751489152908 -3.6363499865493165
0.95657344620702012 0.26396344368204 -0.12365493282171854 5.6958771973217592 -0.28351240382832327 0.9411003722056086 -0.18425744573815914 -0.02585224768502772 0.067734473402477763 0.21131348710856912 0.97506853670852578 -3.7102669853874217
0.95141124544434585 0.27200465698725379 -0.14432639612796069 5.8244851108010751 -0.29703431216467385 0.93425382935867407 -0.19733322002519635 -0.049557615074603246 0.081161933434940395 0.23061493643279024 0.96965431554508252 -3.7904116641100201
0.94583603993609344 0.27819109238228323 -0.16734366339112042 5.9630452331387724 -0.309550542627262 0.92816131191820594 -0.20662778278208963 -0.12825990734711243 0.097839905545622344 0.24723732561534217 0.96400262328761166 -3.873345175343724
0.94072793636289775 0.27665996629829581 -0.19618922700859395 6.0853332584256146 -0.31913370878866054 0.917888588231075 -0.23586906433434332 0.026288705538238026 0.11482432521551422 0.28449921378272741 0.95177495853579375 -3.87052667603963
0.94072793636289775 0.27665996629829581 -0.19618922700859398 6.0853332584256146 -0.3191337087886606 0.917888588231075 -0.23586906433434335 0.026288705538237717 0.11482432521551425 0.28449921378272747 0.95177495853579375 -3.87052667603963
1 0 0 0 0 1 0 0 0 0 1 0
1 0 0 0 0 1 0 0 0 0 1 0
1 0 0 0 0 1 0 0 0 0 1 0
1 0 0 0 0 1 0 0 0 0 1 0
1 0 0 0 0 1 0 0 0 0 1 0
1 0 0 0 0 1 0 0 0 0 1 0
1 0 0 0 0 1 0 0 0 0 1 0
1 0 0 0 0 1 0 0 0 0 1 0
1 0 0 0 0 1 0 0 0 0 1 0
1 0 0 0 0 1 0 0 0 0 1 0
1 0 0 0 0 1 0 0 0 0 1 0
1 0 0 0 0 1 0 0 0 0 1 0
1 0 0 0 0 1 0 0 0 0 1 0
1 0 0 0 0 1 0 0 0 0 1 0
1 0 0 0 0 1 0 0 0 0 1 0
1 0 0 0 0 1 0 0 0 0 1 0
1 0 0 0 0 1 0 0 0 0 1 0
1 0 0 0 0 1 0 0 0 0 1 0
0.99495413081407758 0.038475487481728105 0.092660209578042996 0.17670118444918231 -0.041920883150797804 0.99848907035565226 0.035527678451629456 -0.062227344483892576 -0.091153261773019523 -0.039232808252132594 0.9950637515379559 0.16829014932416231
0.98938069562417852 0.056259392549345609 0.13401761032116347 0.29012401235511626 -0.063766375697175984 0.99658852534126674 0.052394279158759563 -0.081565647485286358 -0.13061274232119616 -0.060383705650597974 0.98959290601501315 0.22696476916991037
0.9820414838134307 0.071649050473412426 0.17453062091155722 0.39399778982489858 -0.085409436187673216 0.99369425872495276 0.072642607243754376 -0.14203602103117968 -0.16822530213858755 -0.08624461573527345 0.98196848929945602 0.2464258898400811
0.97321620755679339 0.087054366829849808 0.21277159247565541 0.50056217073300058 -0.10784480840527794 0.99025431091245408 0.088124327057457319 -0.15558261566556489 -0.20302637919443212 -0.10871033499697606 0.97311990649459224 0.28984378084178924
0.9627188963917388 0.10161004705936483 0.25069448511458348 0.58495581650208384 -0.13143117082919936 0.98572826912206346 0.10519328299889964 -0.18891448260407359 -0.236427946454598 -0.13422063101555751 0.96233395884435424 0.34729101413277652
0.95179515262780567 0.11435652573025379 0.28462004928872797 0.67738026709834775 -0.15262520147575434 0.98144559099802164 0.11606075902314889 -0.18548675467870412 -0.26606678730855815 -0.15390626021526821 0.95158884385949616 0.35221792780288397
0.93980603429003173 0.12679243520121414 0.31731419175288972 0.75450694216393011 -0.1748543364764224 0.97626775327889903 0.12777806902266425 -0.19675404748164843 -0.29358232052941097 -0.17557036277093183 0.93967253274161933 0.38693599488819685
0.92746767465688751 0.13927505654250974 0.34699592373920835 0.82063608282533329 -0.19649409096564277 0.97110814920265964 0.13542169238261165 -0.19460938448168685 -0.31810970541957923 -0.1937818907361204 0.92803814261085349 0.41304818414523786
0.91620349358913922 0.14877674951959452 0.3720707421142383 0.90573634280749371 -0.21533441054802535 0.96585910403976805 0.14403917098286512 -0.19907724886662312 -0.33793823395554201 -0.21208882560352024 0.9169602390971644 0.43034758881388169
0.90377226433701352 0.15871928404988286 0.39749702273833437 0.95129983122082051 -0.23591620682893827 0.95961819723089337 0.15322029532270118 -0.22024974873072528 -0.35712636078927712 -0.23225224307640766 0.90472076245402056 0.47191646204077325
0.89248266266806009 0.16905665741287715 0.41820394955250573 0.99482422672654391 -0.25471722306815681 0.95403283256276117 0.15792558584574368 -0.22556650497364655 -0.37228192691745932 -0.24746959606517241 0.89451940499575744 0.50279829404483012
0.88271547263441852 0.17746806550187955 0.43510743512242556 1.0362937060214286 -0.269670885097056 0.94960544153659798 0.15977208496809844 -0.2291727497442943 -0.38482594520479724 -0.25836909863817586 0.88608938644254787 0.51819788172659664
0.87468177458852669 0.18604154836593348 0.44757159816533487 1.0743083308331078 -0.28338587998537262 0.94542321631944026 0.16083340781417518 -0.23431197431627934 -0.39322288365198421 -0.26751352176256593 0.87966600448500187 0.54050838776730414
0.86759776996607685 0.19497324864942545 0.45744895000533087 1.0946939305705738 -0.29535825820890838 0.94212613539875245 0.15862485399965348 -0.23018872220070385 -0.40004700830988621 -0.27273389468436238 0.87497349321714246 0.55855843705296548
0.8630883182657072 0.20249604704399152 0.46268121401763329 1.1071318413753513 -0.3039055728461445 0.93991878127339423 0.15554448689231645 -0.23511624480578064 -0.40338561906236836 -0.27486002899857015 0.87277259741159097 0.58270030387842098
0.86112340912379026 0.21004347838325038 0.46297754961519083 1.1203482489020016 -0.30993781412957844 0.93875680739583023 0.15057957345060771 -0.24413010836118187 -0.40299506899166937 -0.2731618453529942 0.87348587888514062 0.58559943934539305
0.86002241393293033 0.21975698005335476 0.46050875914666917 1.1145968646270235 -0.3152454005837762 0.93849488680297943 0.1408818116558605 -0.23660535203209865 -0.40122535431319639 -0.26633478398904703 0.87640401522001121 0.58420862934161955
0.86086656611846157 0.22820771917273538 0.45478565528101961 1.1130419616324836 -0.31857224412803209 0.93866060105853255 0.13201515553777915 -0.24935208503665418 -0.39676249899736998 -0.25852952042351451 0.88076217360814812 0.5858871827333737
0.86374981646610172 0.23534326088994928 0.44558927737150589 1.1263315552949222 -0.31851085624054382 0.94018462836108629 0.12084576554617719 -0.25128792229623043 -0.39049595261883469 -0.24630553007841963 0.88704368372763787 0.5971805475533043
0.86771066630492288 0.24471516542422961 0.43265770233760859 1.1473690010653042 -0.31869435184247813 0.94186377031089374 0.10642625747178509 -0.24605319687334187 -0.38146049557505884 -0.23023276479932189 0.89525458073583219 0.60356083755114642
0.87308090312251818 0.25213157842605083 0.41732409918809638 1.1739653246754052 -0.31664797549035878 0.94406222259433981 0.092090061831298656 -0.25503329633026672 -0.37076110397481699 -0.21254690548352717 0.90407965177231564 0.60730284912096277
0.87952093866679304 0.25689070557733074 0.40056220969365602 1.2023460946195275 -0.31228477002805294 0.94673785160550195 0.078521734226420864 -0.27509147778582721 -0.35905590213114358 -0.19415098692867822 0.91289881882901502 0.62088861963553654
0.88589123768505607 0.26289774548876271 0.38220608369015441 1.2444070042671702 -0.30938484331739791 0.94874590226845057 0.064515359832312186 -0.29363972655874193 -0.34565551307379533 -0.17540236128897846 0.9218222594057609 0.64482534367262212
0.89589733190463283 0.26548627718631973 0.35620921845442016 1.3478143617693545 -0.30169183495480195 0.9521381040741862 0.04914333618730727 -0.31188829389925282 -0.32611348854005523 -0.1514927965144309 0.93311302916445893 0.6571757412013256
0.90185777757708729 0.27122877786401817 0.3362848481304323 1.3846581640627278 -0.29907845162581548 0.95366097108554582 0.032906412768311646 -0.33517900707807163 -0.31177656871038528 -0.13025245597133603 0.94118524686515015 0.68112540623895679
0.90848660288402061 0.27633237062721572 0.31351636851015441 1.459921617893607 -0.2953840301980859 0.95527651596780816 0.013966128466484005 -0.3308376471983559 -0.29563553082163196 -0.10529576906955553 0.949480086116535 0.70688811417174668
0.91507182864444359 0.27856043360908883 0.29162927364863506 1.528706655238127 -0.29064765402603865 0.95682814956305173 -0.0019579103417752038 -0.35301653769441821 -0.27958449461741297 -0.082969735634523326 0.95652942105209871 0.7386167274391483
0.92025696812414737 0.28180430904786241 0.2715021989248132 1.5882911813249114 -0.28691023651336789 0.95771454503610398 -0.021572352911348302 -0.35095063594015363 -0.26610078692629846 -0.058044652021916089 0.96219602450273067 0.76971715090639248
0.92549457768050436 0.2835671100436476 0.25109655669777475 1.6636230599615947 -0.28382536964284277 0.95820057848823392 -0.035983481375728835 -0.3780020968388329 -0.25080459770723623 -0.037965056121486498 0.96729297954787397 0.81130226310006071
0.92983399452245574 0.2851859312423054 0.23254618305160971 1.7395829327678718 -0.28099934354290107 0.95831604716054186 -0.051669359228201053 -0.39723129769596055 -0.23758811325247811 -0.017301398095335718 0.97121189761301541 0.85754812238003042
0.93403763574128318 0.28598824733442607 0.21397293615178775 1.8373132387978974 -0.27866520848303833 0.95823302575105984 -0.064305287038263367 -0.4405663090903254 -0.22342649037197604 0.00043674540841832471 0.97472068442888271 0.89542178231239455
0.93752837348841855 0.28636299380860403 0.19757728786764414 1.9372312512130703 -0.27576190351756735 0.95790475405806896 -0.079836424777906881 -0.44279571101802989 -0.21212242095669279 0.020364624472941607 0.97703089029853485 0.93777003535429182
0.93959868049020079 0.28773309104110073 0.18537526248398711 2.0323913688253419 -0.27560237507263097 0.957165723750666 -0.088753073925293427 -0.48594167468922567 -0.2029720435808792 0.03230240852935571 0.97865157432449079 1.0004670102479534
0.94137364882435226 0.28907016736252272 0.1739370335498692 2.1532922461731312 -0.27617692941744071 0.95642120764856287 -0.094788064742448316 -0.53934334775232118 -0.19375746942164365 0.041193590533816271 0.98018423326548831 1.0556789298885687
0.94173307175111742 0.29215861415917926 0.16667983004188755 2.2548734663101242 -0.27822360536812896 0.95507291690399576 -0.10211439081957492 -0.5720141321386063 -0.18902499037472362 0.049790235680111476 0.98070917475302255 1.0802620572949575
0.94087625566057587 0.29665398333247833 0.16354903150770564 2.3604568433956126 -0.28171554268735993 0.95333865090811554 -0.10854386068802102 -0.59270168162193992 -0.18811758169427201 0.056052037051902981 0.98054573814780865 1.1512386822010345
0.93965967943338147 0.30046109054390319 0.16359345927121655 2.4771379768258752 -0.2848904127083266 0.95198571026499568 -0.11207435120548742 -0.62352883803069736 -0.18941261730421788 0.058705540798292828 0.98014107142061235 1.2171769026243076
0.93759994454452855 0.3059822900465623 0.16517016125183895 2.6123833840431292 -0.28998832590964402 0.95020018671555107 -0.11413315031950201 -0.6498590525642568 -0.19186744076632481 0.05911381685861071 0.97963893441930305 1.2973630143234238
0.93524781572258486 0.31127687860750619 0.16857706851912516 2.763348445095549 -0.29444769293521822 0.9483982850552487 -0.11764883777322552 -0.65395013989998119 -0.19649956567702995 0.060393689642471306 0.97864218330302288 1.3386620027213694
0.93150775637334304 0.31792505065291649 0.17668322496389124 2.8979585198727418 -0.30113747190564022 0.94655080895126142 -0.11557590184805955 -0.68929894826169569 -0.20398412396698981 0.054453909327549961 0.97745856634865436 1.4342075211378356
0.92802687069056822 0.32263092086942502 0.18621336196744359 3.0521575983295977 -0.30741579198020008 0.94561856886168316 -0.10630641121385156 -0.76940353546613283 -0.21038454819082528 0.041410277986618067 0.97674128138397698 1.5235315586895226
0.92289809881679052 0.32850471830781397 0.20085753471019552 3.1897464997037006 -0.31397237503644737 0.94401198775601236 -0.10130505755842027 -0.80246115592166423 -0.22289110999392964 0.030430527804265868 0.97436827537806658 1.6186313482275396
0.91772258202357382 0.33447019357224583 0.21427774512470796 3.3605560175382814 -0.32098125710315967 0.94220838328317369 -0.095991640570329426 -0.83181443934221733 -0.23400063041039057 0.019314556237522356 0.97204457350724782 1.7125816877299018
0.91091910463869263 0.34040264549407717 0.2331360627292057 3.5077235629481938 -0.32948779982806448 0.94027914339556906 -0.085515625822163294 -0.88966349227394548 -0.24832272261857918 0.0010823289373188543 0.96867675413182475 1.8273815149250863
0.90419441817081725 0.34555021101496802 0.25105279487838467 3.6834920702765115 -0.33744707977766469 0.93826510029891652 -0.076079365866117091 -0.93141357272774161 -0.26184331669581262 -0.015926494547613471 0.96497897607831917 1.9260568124720472
0.89754710499026003 0.34831833648820193 0.27033965818890676 3.8871881021346271 -0.34243164247812075 0.93691174140328792 -0.070263497282693793 -0.93171302739771977 -0.27775846441348945 -0.029508054608028293 0.96019764119680584 2.0250281866284965
0.88935927320466057 0.35111008999534393 0.29285113602023033 4.0788082683346918 -0.3500803285273571 0.93493647872201091 -0.057771483736048637 -0.98609551171809051 -0.29408136075422342 -0.051141817120124888 0.95441116286357208 2.1343073377076531
0.88044440464343943 0.35310852426051925 0.31643643978944302 4.2744227534890609 -0.35777028961293306 0.93270780262315189 -0.045349474045124905 -1.0264165774038638 -0.31115602228196948 -0.073283866031001371 0.94752910497631293 2.245331076238108
0.87149767514729137 0.35330742656958436 0.34009655179616854 4.4846349166835822 -0.36481640192848996 0.93053494544527027 -0.031838784353650167 -1.0782611407986813 -0.32772060523686436 -0.096325373790842453 0.9398513857345947 2.3480957355942218
0.86124609772614591 0.3531780093028305 0.36540450585122197 4.6996149785895343 -0.37426012351934196 0.92721696099005912 -0.014073634770241532 -1.1578839015678282 -0.34377975375925329 -0.1246354724677089 0.93074243478417706 2.4643392345435595
0.85136206157624517 0.35097759466058442 0.38986839850764549 4.9423924635977414 -0.38203086151202376 0.92414673546506787 0.0022873962575017683 -1.2230684566651471 -0.35949278290534109 -0.1508891625516173 0.920867742764098 2.5731095724558211
0.83854539050364385 0.34841077420723682 0.41886938355698117 5.1474960704444941 -0.39162066508685439 0.91993458996339916 0.018804384217584437 -1.2948482127167036 -0.37878078454697434 -0.17980623628002054 0.90785176909713194 2.6807300060226193
0.82698120801642094 0.34259150710146508 0.44579495381806183 5.388143746455099 -0.39896407247505439 0.91626102365355033 0.035963945938503543 -1.3711171160957469 -0.39614359828453699 -0.20759767772134366 0.89441235106794259 2.7758528174195765
0.81420609832361446 0.33415043106314574 0.47477565109528369 5.6139034200163893 -0.40654921062592486 0.91194974723669453 0.055366035205406734 -1.4914704204942628 -0.41447095048033711 -0.23809902968143917 0.8783636395438299 2.8580577558808167
0.80117994503437984 0.3236490302235871 0.50335077322880872 5.8506668224346274 -0.41404996385581722 0.90709349640224013 0.075789288265265931 -1.6306640905185288 -0.43205708315650204 -0.26913322726874644 0.86075198685463672 2.9121871815854394
0.7876702568913504 0.31245673314724748 0.53098621104475385 6.0987894136962897 -0.4226452253172327 0.90112219644049274 0.096694366944552176 -1.7742392307151396 -0.44827065476702771 -0.30058206365851553 0.84184549834368561 2.9484759251372519
0.77399622193772433 0.29900603949859433 0.55814445869281382 6.3593582163071423 -0.42996288386491327 0.89528206878362204 0.11662733733171182 -1.9021818768035859 -0.46482444742579554 -0.33025051954218465 0.82150643784295507 2.9713985313191347
0.760789941545019 0.28373271414638374 0.58369033893585476 6.6221127305866316 -0.43702288965291752 0.88887225033532347 0.13753950888101948 -2.0316770840881735 -0.47980168691172853 -0.35972471350595953 0.80024275799891809 2.9887602645251747
0.74665806619722064 0.26727467920974163 0.60915185137694239 6.8619849311618291 -0.44491903033738783 0.88141190341620335 0.15861939654362578 -2.173461392579529 -0.49451874446401467 -0.38945770292748755 0.77702889843568845 3.0134290008912905
0.73359769850019407 0.24909001701186234 0.6322883678988952 7.0897660637459143 -0.45230005521442124 0.87336670490949464 0.18070766117838888 -2.3463913005751116 -0.50720713402736162 -0.41855078805392543 0.75336323311612985 3.0249469361831176
0.72001207723943339 0.22894933509207338 0.65510671694789824 7.3006622526096105 -0.45933871316453367 0.86484806125404645 0.2025975753395568 -2.5150086931349613 -0.52018319390163548 -0.44678857741219691 0.72786634204109135 3.0527796749408558
0.70591163989915606 0.20893564245847723 0.67678257510469908 7.5191477545510033 -0.46722448931448979 0.85549468827360964 0.22322659993928518 -2.6569340185823491 -0.53234390504606932 -0.47378764826249198 0.70152350717149792 3.0949574070974357
0.69152191827522969 0.18821865168090207 0.69740316582617401 7.7313718000816181 -0.47653640705369926 0.84443815275336487 0.24461655489119277 -2.7961761295959264 -0.54287244293415537 -0.50149570819091582 0.67364053126930712 3.149358786818417
0.67711878504010714 0.16749022836240296 0.71655926087722799 7.9370089691766346 -0.48533333058760686 0.83359144319481682 0.26377426723075764 -2.9110133510985188 -0.55313805615465472 -0.52637660399707409 0.64572901560790774 3.2110926026934754
0.66418660167373955 0.14901710552889333 0.73256403161558514 8.167979870307482 -0.49241649628673051 0.82452089515401483 0.27873156914695257 -2.9844766989198614 -0.56247857945151081 -0.54585638744473142 0.62101421235266241 3.25413628776634
0.6521753760501684 0.1264722639946613 0.7474436736730643 8.3819794933190526 -0.49828162978346441 0.81458132613860168 0.29693884981021207 -3.0829416619376682 -0.57129913031104473 -0.5660936579280339 0.59426868852355175 3.3136245017628099
0.63910677507586189 0.10703209863107074 0.76163420348272215 8.5827373994983187 -0.50511658888429001 0.80518327422855851 0.31070424286848281 -3.1577255654601739 -0.57999979455688688 -0.58328725750285915 0.56866177429889075 3.3685327952007675
0.62830046211067425 0.086991119852806206 0.77309189258345479 8.7856506699007895 -0.5115111588786595 0.79492699967866209 0.32626277679884225 -3.2468997638383197 -0.58616965432724677 -0.60043618332728343 0.54394992977041645 3.4246512309111896
0.61841563575891545 0.068070367900142606 0.78289751977052258 8.9867281984227247 -0.51683553951021111 0.78569932201451365 0.33993764205383703 -3.3203018391147019 -0.59198237013283217 -0.61485201504091447 0.52106993105728305 3.4708473414187289
0.60855915330528387 0.049138421138210528 0.79198558856610524 9.172470123651296 -0.52261077689974167 0.7758621786753559 0.35343437236547709 -3.4048986811942572 -0.59710445719036853 -0.62898592612965054 0.4978382989829343 3.5289607043526088
0.59978286357952326 0.034565136838217908 0.79941589168073368 9.36422399338921 -0.52783401775205296 0.76795533683049455 0.36281655190645212 -3.4572642433486553 -0.60137489659951104 -0.63957005241718212 0.47885110607683734 3.5756487866850311
0.59321532409585243 0.018955657620990055 0.80482063983350272 9.5532020790037784 -0.53083450808774202 0.76080651411487454 0.37334725538514174 -3.5264154861485939 -0.60523574273261316 -0.64870188154847297 0.46138440003360903 3.6229278731232211
0.58712733083944035 0.0061028260319214911 0.80947158868967017 9.7328661845079303 -0.53432052136927499 0.7541072543277697 0.38186886415875632 -3.5897144572997921 -0.60809791795813661 -0.65672292824649936 0.44601784458732463 3.6720040925453339
0.58075026805333085 -0.0053177207719575592 0.81406440040194361 9.8936639643628901 -0.53831813281682639 0.74763397364026885 0.38891776680870155 -3.6509174826020061 -0.61069035855872988 -0.66408972534187982 0.43132600508056151 3.7271307897588666
0.57879984579009913 -0.016742416982158021 0.81529775541635896 10.071076148842547 -0.53353193724804249 0.74833251113288179 0.39413465302851297 -3.7006257691922189 -0.61671258333984746 -0.66311246727470829 0.42420212787672429 3.7538105303969052
0.57561453985846689 -0.026086278628521965 0.81730496607499004 10.224875103752815 -0.53249293457132718 0.74656964182899244 0.39885466592600655 -3.7615995359318584 -0.62057970973529397 -0.66479566482239127 0.41584558179474895 3.8033431169307046
0.57413053643255441 -0.033204510732443175 0.81809020749712336 10.369830563626548 -0.53173964269198326 0.74466419178189036 0.40339582777667155 -3.8260684236517788 -0.6225970442633576 -0.66661285762040556 0.4098782972172198 3.8496268176365906
0.57401612734922725 -0.036118145511713322 0.81804704333417799 10.510227955966112 -0.53200528127279945 0.74299850703235171 0.40610786651522268 -3.8861147852339695 -0.62247559489577209 -0.66831781220650643 0.40727808147095712 3.8942382158211726
0.57603446186081908 -0.035333288644823602 0.81666140931371189 10.653894633789715 -0.53249007794736447 0.74178535672731938 0.40768713670231621 -3.9357678545292809 -0.62019240211109172 -0.66970593789995991 0.40847930315403835 3.9346539870016333
0.57945205950410594 -0.033516818263575547 0.81431685088172934 10.785600657561419 -0.53366091460664444 0.73956479754079019 0.41018281102412096 -3.9976904130260942 -0.61598809968833801 -0.67225035004225653 0.41065572918250359 3.9776089071682734
0.58520645951929895 -0.026402756798736833 0.81045437513182317 10.920278904426636 -0.53446197006803908 0.73908872236708811 0.40999788172718166 -4.0362082888511255 -0.60982276301223592 -0.67309045075919194 0.41840822507320552 4.006177642501461
0.59132051138216712 -0.015743506229465465 0.80628294960909053 11.046647153473991 -0.53689772444257955 0.73833324399102773 0.40817257907172749 -4.067419595796582 -0.60173157330084681 -0.67425229909084361 0.42813893873788123 4.0395863910251224
0.60029694645848075 -0.003570185138814904 0.79976923537399125 11.173180548899294 -0.53894948061465164 0.73703265885119862 0.40781897593409017 -4.1105320556128655 -0.59091203526228941 -0.67584769997744865 0.44051430512228729 4.0675515554458368
0.60923708212763772 0.007083109348499486 0.7929564977491258 11.289351468376479 -0.537619135177965 0.73875313494242634 0.40645967955411572 -4.1514703062812757 -0.58292010022909591 -0.67393889572771692 0.45388381946728007 4.1019492551289289
0.62023819518001388 0.0181438378948524 0.78420366129359809 11.39870888515498 -0.53454793038965265 0.74143430724937121 0.40562751157901528 -4.1969788963969901 -0.57407585853785748 -0.67078011984560959 0.4695646275689126 4.1292242111848916
0.63204609654781063 0.029715639760921325 0.77436084133450012 11.496243537262838 -0.5312624886024423 0.7440951929663735 0.40507099625655163 -4.2430578926434075 -0.56416123585604105 -0.66741240965233373 0.48608926690418697 4.1597651247295051
0.64519659838373999 0.044154406349891748 0.7627396265003803 11.599315943775959 -0.52799544423955846 0.74734025453831421 0.40336503915049343 -4.2778855640825206 -0.55221568276926214 -0.66297279910000562 0.50549471545920377 4.1930257442248244
0.66042502180476514 0.059243233720220494 0.74855128737618704 11.69941455001881 -0.52436017239043331 0.74994419027800174 0.40327425045364268 -4.3218922153858532 -0.53748041841991856 -0.65884288774080546 0.52634670046320775 4.2197637584100738
0.6773557705964095 0.076274262238229057 0.73169077960553675 11.799774261960732 -0.5206943851334932 0.75231752422431097 0.40360339447960147 -4.3674095378358126 -0.51967924465981685 -0.65437036887760835 0.54930219643178657 4.2450210624343505
0.6948590785929083 0.095161502317377841 0.71282196190473401 11.895679225610357 -0.51594823228276721 0.75645600265651247 0.40195987069509576 -4.3931407022938345 -0.50096734674158372 -0.64708469655960033 0.57472872990400248 4.2670148318947296
0.71350731934172751 0.11492170510033609 0.69115866987444619 11.990838218998512 -0.51134262066158997 0.7597976604393164 0.40154232589588701 -4.426267545977475 -0.47899481160104396 -0.63992227409879454 0.60088555779907704 4.286632467631855
0.73196578312374716 0.13578229170579115 0.6676745177069161 12.071977118568284 -0.5077336466552328 0.76217085883334712 0.40162435932027013 -4.4609600409374544 -0.45434858466844469 -0.63297610634554102 0.62682422767903567 4.3105215694065668
0.75059318180952428 0.15705609463563916 0.64182805996532721 12.148038211050912 -0.50382774415141474 0.76448975511860884 0.40213557234095326 -4.4922121060749394 -0.42751313388520706 -0.62521100234759996 0.65295001562076582 4.3335569205575721
0.76915954205076331 0.17991007520160893 0.61320955937853039 12.216979653072118 -0.500129112372245 0.76680323802172201 0.40234769182530744 -4.5160811136696255 -0.39782467222384571 -0.61615351901969506 0.67977229361723479 4.3530358880757722
0.78860306895310894 0.20340545592270196 0.58028563668129496 12.291641582193963 -0.49527596173866578 0.76940750720849604 0.40337799837751165 -4.5394563870026348 -0.36442683951868554 -0.60550665425913019 0.70749895426518927 4.3612715954084811
0.80769047239185876 0.22545736194163918 0.5447982000279854 12.36113104314706 -0.48955531852764528 0.77139111419578543 0.40656037564066755 -4.5669674605203072 -0.32859046076949933 -0.59508379820501045 0.73341910406341793 4.3845733319666929
0.82482481221796922 0.24863732868811919 0.5077829338727603 12.416235026680321 -0.48498889477261964 0.77276629532480068 0.4094118033926426 -4.5896120428535729 -0.29060247950907903 -0.58396209773650476 0.75798315766932189 4.4011120230393974
0.84062518806707975 0.27198414755771372 0.46837369339501839 12.468884502387359 -0.48004486139005731 0.77460292850520118 0.41176113731648706 -4.608251547623424 -0.25081113260815902 -0.57097716821994737 0.78171532486663098 4.412354760740306
0.8549119292425027 0.29419735875863734 0.42728621243646958 12.515844954979865 -0.47479109085385784 0.77561289920872145 0.41593034347934454 -4.629198399558935 -0.20904308954056783 -0.55845549928394778 0.80276300489923591 4.4257312191807436
0.86898316361509309 0.3147629935702877 0.38182786597127183 12.580251826797584 -0.46722603163527326 0.77606748880718623 0.42357890431283579 -4.6688233613751198 -0.16299722916620119 -0.54648285489590509 0.82145504599397401 4.4485511334515264
0.88070589252345188 0.33436964714340556 0.33549078965549056 12.635294652046486 -0.45875078246376466 0.77846519072464537 0.42841529666776051 -4.6859167526070706 -0.11791882997788689 -0.53121453848632194 0.83899121785475805 4.4594899705577946
0.88919395920544042 0.35395216816114744 0.2899171701824097 12.673792346895445 -0.45169795043563943 0.77997920671968335 0.43312977115083667 -4.7028529729553483 -0.072822142819311125 -0.51609136762685381 0.85343226783163495 4.4645072755534079
0.8957811468247624 0.37154408711469578 0.24399001685196209 12.712987282502342 -0.4436072650480864 0.78194992107377503 0.43791199495934541 -4.7142107829114028 -0.028084362016435546 -0.50050905312773741 0.86527565338873691 4.4692562519516228
0.90039125912762985 0.3870405471183575 0.19873398142462662 12.746976858914389 -0.43480870323076626 0.784309343476985 0.44249321500954153 -4.7237208808030005 0.015393897535737722 -0.48482828776900322 0.87447387570906643 4.4746953572334229
0.9030709217243259 0.40153454961252183 0.15242347523739785 12.781167545731913 -0.42531612670141256 0.7867141321284401 0.44742269352045971 -4.7364589422758732 0.059741967691768927 -0.4688825863442409 0.88123777581277751 4.4763249225348618
0.90426624993284443 0.41313940983199227 0.10778857674198912 12.813122543125996 -0.41468383575449941 0.78967858831795845 0.4521559946700825 -4.7444135641682141 0.10168512967157943 -0.45356758613885695 0.88540193088102348 4.4768158841136705
0.90377254091372716 0.42305581978666035 0.064953580617099688 12.838550492176815 -0.40393926859597978 0.79288295215478732 0.45625616869085095 -4.7478577821126189 0.14152124072551875 -0.43858909873245372 0.88747469873600549 4.4754042237574456
0.90192097647164626 0.43112757555641856 0.025837294658628343 12.848019874147493 -0.39336476679485738 0.7952752375456168 0.46130408278183521 -4.7587278604688237 0.17833315015683326 -0.42622331018095128 0.88686581702844591 4.4748917380411166
0.89997769771225622 0.43578762449061764 -0.011370574364174124 12.864050940244624 -0.38054215192202068 0.7980759428355495 0.46718568051440362 -4.7712853714166066 0.21266831976367459 -0.41612971031635448 0.88408611003732118 4.4817208214628348
0.89709777517119149 0.43951841918374812 -0.045156848662383377 12.8705603469494 -0.36900851940326568 0.80152303356381072 0.47052474884375217 -4.7735009440132083 0.24299854812469149 -0.40544344348489031 0.88123057127201765 4.4682658614287467
0.89495762472941731 0.43962837551067901 -0.076011455613748447 12.876332241494911 -0.35523491357035586 0.8052417787299273 0.47475660497619687 -4.7742651286625044 0.26992407473091623 -0.39788512064879256 0.87682861760263875 4.4712240427333496
0.89299271682064596 0.43841817609823541 -0.10175220180408052 12.87043308864458 -0.34201733705569409 0.80798808086671126 0.47977015573153436 -4.7784316540496432 0.29255452288182698 -0.39363023771558209 0.87147408859779707 4.4660396943673231
0.89237678691254585 0.43394532633218352 -0.12391579372338099 12.86876203251065 -0.32722070077935134 0.81126693207860701 0.48453336097448968 -4.7851865313286828 0.31078977325695739 -0.3918385109585576 0.86595167195904732 4.4673479334915038
0.89253081768909825 0.42856151860240882 -0.14044131959087705 12.86342335092707 -0.31405263096056668 0.8141187318216665 0.4884481911972115 -4.7852400684709133 0.3236660075787629 -0.39184909757491948 0.86121692985434595 4.4663725925483009
0.89508522157923232 0.41857259436227379 -0.15368613912546553 12.868318110051217 -0.2974129122387964 0.81723814819059915 0.49362675046601578 -4.7965870190596478 0.33221680533063724 -0.39612976711026865 0.85598668322881621 4.471270706261123
0.89938609792506385 0.40608840931586032 -0.1618544119832446 12.87265546830216 -0.28080677875345122 0.82042449804977813 0.49804738329387888 -4.8061994539674622 0.33504059435423328 -0.40248707658642141 0.85191076605221883 4.4764033964881333
0.90454286724842126 0.39226962836770501 -0.16711295572237231 12.889016225634322 -0.26430281195205629 0.82339172791104476 0.50216539705748342 -4.8111483622840971 0.33458365905142606 -0.41006170397627545 0.84847108025426099 4.479320456106529
0.91075962269482247 0.37649781661490123 -0.16960631990877262 12.912731112620955 -0.24723706497159767 0.8261550108397876 0.50630201635835936 -4.8187078006225352 0.33074271476937284 -0.41918646465328846 0.84551284110796487 4.4814335610934313
0.9180499035314118 0.35906392670551995 -0.16809958704523492 12.934396708278669 -0.23052094269916118 0.82839454346588148 0.5105120716819963 -4.8223945449107273 0.3225592497558481 -0.42992508288627068 0.84327928558821941 4.4849681722405776
0.92651637581225454 0.33920181461786436 -0.1628174877329617 12.95834097884093 -0.2127933713875422 0.8292742327339796 0.51674290320912297 -4.8384605233835325 0.31030047767486385 -0.44412427977247254 0.84051605438048238 4.4951466269430478
0.93527361476641901 0.31837079272050289 -0.15460693342885581 12.984203766805743 -0.19617602824332087 0.82991972515225831 0.52225301889589471 -4.8460940690820671 0.29458145132447133 -0.45811929466648593 0.83865873893369147 4.5029542545354264
0.94453130412668684 0.29467627054337175 -0.14500521060772212 13.026177433763012 -0.17797248649958619 0.8303255594511888 0.52809588085046166 -4.8562082075209307 0.27601885727952519 -0.47299615315636551 0.83671275209918083 4.5208405330760648
0.95360194206822069 0.26960506576172677 -0.13400165894246538 13.072970227195015 -0.15969760662737237 0.83026766162905952 0.53399652104719053 -4.8670136181411987 0.2552254111980366 -0.4878203753110652 0.83480013830267463 4.5335745926964099
0.96240077758256204 0.24391867612259679 -0.1195341907032451 13.111822110598773 -0.14257037670992292 0.82816087987716547 0.54205465105086026 -4.8848131047922019 0.23121079341862633 -0.50463178306531487 0.83179825229862703 4.5505024524610942
0.97070146071004981 0.21787372357101695 -0.10133960110773899 13.144207459568879 -0.12767941427852444 0.82495216264213456 0.55059231425943289 -4.9023774236247863 0.2035599207724067 -0.52152178279470285 0.82860025870486331 4.5664605828140639
0.97813060124436513 0.19019451899838619 -0.084181778624054709 13.192705964228404 -0.11156933337230476 0.82136595764209408 0.55938381052506803 -4.9221449305317027 0.17553578199386116 -0.53775831799206808 0.82462305368583122 4.5847526801717775
0.98456132392670814 0.16240685579409811 -0.065291750005361873 13.238038049112113 -0.09700258632290007 0.81673357951579795 0.56880291695628649 -4.9436861497020477 0.1457034580041118 -0.55368788435578653 0.81987817939207108 4.6043333784971132
0.98980351207576189 0.1351448732170861 -0.044998563595128847 13.285895538296019 -0.084551937094567459 0.81169183233603626 0.57793368066978434 -4.9634043197537538 0.11462974053902171 -0.56823607115538322 0.81484218718832357 4.6194362261494772
0.99393313115346427 0.10730982405254105 -0.02411498408216739 13.339895950748469 -0.072773715178089213 0.8060443728832174 0.58736398878589691 -4.9819494310672647 0.082467673513012665 -0.58204559151763491 0.8089635419598572 4.6404949339007109
0.99687968959417639 0.078883475855637181 -0.0028777963012847304 13.394635011109433 -0.061560671519446816 0.79975063586308148 0.59716765163450691 -5.004184358848609 0.049408179451315058 -0.59512714412428713 0.80211128537739484 4.6589381959107694
0.99847570058544377 0.05244975237244167 0.017184260719532558 13.457551489498284 -0.052095478630087219 0.79275802461744105 0.60730616291204798 -5.0253834013225909 0.018230097276466919 -0.60727566877055295 0.79428201897850381 4.6776386954293345
0.99895060278637238 0.025807009780285592 0.037837698647560807 13.520664218638752 -0.043684098886208743 0.78509832165540816 0.61782871804276085 -5.0486227883539074 -0.013762001934432262 -0.6188332760768942 0.78540179763143858 4.7036627766576897
0.99833231979047521 0.0005618098635804562 0.057725762285529177 13.588634627586019 -0.036747498249389159 0.77737745260079461 0.62796012418011904 -5.0717174380641419 -0.044521911843264095 -0.62903416485718533 0.77610168071473984 4.7274185212912636
0.99673512062658998 -0.023635268186607564 0.077204102269531213 13.658520643737113 -0.031221480341229603 0.76898852658068073 0.63849969863154676 -5.0991814650238672 -0.074460180464455711 -0.63882550049682651 0.76573994374081067 4.7546596633750529
0.99484121681073656 -0.033058473796431884 0.095906676747678415 13.728802524476006 -0.037197621642329648 0.76068461240157181 0.64805498022901165 -5.120257813463664 -0.094378441811078559 -0.64827930536592115 0.75553070881043072 4.7753399786148094
0.992594854478977 -0.043880733225332209 0.1132693079058299 13.80587328841699 -0.041945039476757214 0.75130085223073917 0.65862557124716803 -5.151746269917389 -0.11400030054851501 -0.65849943863983096 0.74389678100249634 4.8022925471069247
0.9899450805201917 -0.054420954945294198 0.13056453276718577 13.883468444425363 -0.047219555484410952 0.74294207389974554 0.66768809215785752 -5.1775739370215996 -0.13333810833263648 -0.66713974135287968 0.73290211786696791 4.8311726407596174
0.98721769574241258 -0.066700328747938228 0.14474904959259069 13.970046322078392 -0.049989148163960766 0.73279690349755588 0.6786087114753504 -5.2135491416257311 -0.15133507947228525 -0.6771704101400996 0.72009577790166657 4.8684665760718504
0.98432425380671518 -0.076910300435349646 0.15871537119887785 14.05937612859312 -0.054084865666552649 0.72492007140722148 0.68670642735945031 -5.2430646869882596 -0.16787075586201514 -0.68452589122537455 0.70939672509000395 4.8965810011992623
0.98124225863357439 -0.08646383609044396 0.1723010009263046 14.149714864414076 -0.05845350296173131 0.71825364105668699 0.69332163899615518 -5.2714176515215447 -0.18370306982515139 -0.69038808807607399 0.69972671092325678 4.9215445160118687
0.97807991411422657 -0.095802556150713439 0.18488253525224221 14.24524624624577 -0.062297955321676604 0.71258055762362849 0.69881894197248051 -5.2981353292059881 -0.19869234099241362 -0.69501857466674088 0.69099242723720666 4.9492054249668183
0.9747247181938663 -0.10503967415745677 0.19717603960619345 14.33781701851656 -0.066226989470865666 0.70705497919981797 0.70405059637384804 -5.3313832262562757 -0.2133675458159317 -0.69931389464362892 0.68222750395366349 4.978685092688993
0.97160379760315541 -0.11397431445976416 0.20735456620618095 14.441449398033226 -0.06882147859624102 0.70232818769319838 0.70851868066792323 -5.3638802902681153 -0.22638388760455949 -0.70266988864972313 0.67454085348333925 5.0118997451596119
0.96819493591227179 -0.12225374017370463 0.21829472986623452 14.538325807113862 -0.072329883890664026 0.69847100736930468 0.71197376339361818 -5.4005513822580307 -0.23951399535349713 -0.70511862468527176 0.66741349338454037 5.0438878302250254
0.96521561653233345 -0.12986793661547508 0.22692098325484644 14.647105413362251 -0.074117450726973622 0.69640152057848925 0.71381476983437575 -5.4343116164917875 -0.25072976907388161 -0.70580396795088018 0.66255214264610984 5.0768398779096096
0.96254441065091301 -0.13689459351799904 0.23402591264692973 14.760714749547507 -0.074874365885163177 0.69538527520521543 0.71472592534555623 -5.4695560581428886 -0.26058028869809258 -0.70547798639880233 0.65908931401495974 5.1100154678433878
0.95967348641288486 -0.14350874900553803 0.24172719837660822 14.869788236909001 -0.075582775235346192 0.69649851534363982 0.71356643854081914 -5.5010358096657423 -0.2707656617148152 -0.70306120436486252 0.6575643689808377 5.1404827520593726
0.9571577301543136 -0.1490708237745034 0.24824779778486067 14.98235334914075 -0.075858913054611496 0.69827779102509679 0.71179600439401469 -5.5424788450715017 -0.27945394059847323 -0.70013285600684549 0.65705363481506052 5.1753653665413246
0.95525234551652538 -0.15328510730268397 0.25297555665396104 15.103773994198486 -0.075147370618024623 0.70142238051624672 0.70877324780222817 -5.5840996507185618 -0.28608710050328034 -0.69606775531562026 0.65851640141723111 5.2107755024483282
0.95376422970256913 -0.15682820354916041 0.25639560977405218 15.228919364638427 -0.073288937852964128 0.70596718635801847 0.70444237761092088 -5.6273542382869666 -0.29148331981135611 -0.69066290356242965 0.66183247722853911 5.2491480748395025
0.95253447454304396 -0.15883358214352342 0.25971131663919428 15.352183619989553 -0.071764461706920343 0.71190884177621283 0.69859549314089275 -5.6739777353019516 -0.29585120726967329 -0.68407433381490623 0.66671910800034007 5.2898013338677856
0.95191181316434681 -0.15821599078855575 0.26235777140569194 15.477607769351158 -0.070336965851277147 0.72060594960063185 0.68976791505187296 -5.712321706480588 -0.29818888509299257 -0.67505167628779894 0.67482488332013291 5.3279003235335196
0.95190150474686497 -0.15751510931384211 0.26281650556710223 15.608969531326421 -0.067036180765206052 0.72990259707537863 0.6802560909326959 -5.7606409866206834 -0.29898106249237411 -0.66515501134732946 0.68423616913348373 5.3687994243661779
0.95253852151979479 -0.15591874800963551 0.2614568970977651 15.747089022634274 -0.062434142778004256 0.74055642482704442 0.66908755739661019 -5.8095547798831406 -0.29794687921919788 -0.6536555099335537 0.69567386863173653 5.4121028211109889
0.95430175823223851 -0.14797870199056878 0.25963524027382073 15.888439170763215 -0.061308802169829715 0.75337416940338298 0.6547278760311519 -5.8495012634115442 -0.29248826474126938 -0.64072588884245119 0.70987389750271268 5.456581145386239
0.95664241081133694 -0.1391175509671779 0.25589373741842125 16.03035204285883 -0.059190459153340313 0.76737201622322715 0.63846431244253266 -5.8990813874865422 -0.28518728474861921 -0.62592850688428769 0.72586618387090884 5.4973164930756644
0.95929097213858328 -0.1298608968681409 0.25079269973030299 16.176991698328798 -0.056486227732052113 0.78184851337598704 0.62090434706834019 -5.9503419169802321 -0.27671309482930978 -0.60979426825476246 0.74268486826757441 5.5423914358707682
0.962337130760756 -0.11882826354077276 0.244513988440417 16.324937518952691 -0.053952264628371348 0.79804789716026447 0.60017389728273762 -5.9995579256116169 -0.26645149633774984 -0.59076170967824637 0.76158006964298219 5.5824073404268093
0.96543481124607577 -0.10804228372552165 0.23719715462380209 16.476313972805151 -0.051156532884900616 0.81379486942819623 0.57889629437019308 -6.0532475641132422 -0.25557510515981419 -0.57102081872705746 0.78013882751907104 5.6289570592549598
0.96864133995282942 -0.096234574169706349 0.22906955552574529 16.63182704230983 -0.049123580687615159 0.82957159555858317 0.55623541928109344 -6.1084579065867004 -0.24355867538401207 -0.55004533865560734 0.79882995503950882 5.6768279949913687
0.97169030095434183 -0.083974179809274019 0.22083092210245436 16.787549077612731 -0.047847140955698607 0.84538773229674335 0.5320058582238878 -6.1650028289771193 -0.23136250805527256 -0.52751106074425547 0.81743713560055764 5.7251485567895566
0.97484949664017362 -0.073109475228366708 0.21053138372279059 16.956267006190291 -0.044724916282303177 0.86126716054867591 0.50618036313547587 -6.2235172525148803 -0.21833034778505031 -0.50286567072355826 0.83633604277455653 5.7704511655440163
0.97807627263741381 -0.062481269578309115 0.1986527016065627 17.134249404709458 -0.041607978418883959 0.87606085342318063 0.48040207871255325 -6.2850671565146801 -0.20404798709028488 -0.47813541183573843 0.85425461480349751 5.8198786931359203
0.98099719141174824 -0.050938969456338655 0.18721573607201905 17.311294059961785 -0.04039685798822492 0.8901493218382126 0.45387473899265363 -6.343456465173789 -0.18976987196850004 -0.45281277170779588 0.87117621034516468 5.8715100311413781
0.98359567286128846 -0.040719526433088286 0.1757312507655206 17.493612965327561 -0.039161928091335542 0.9027513762600422 0.42837634861038815 -6.4086083309693525 -0.17608491053102288 -0.4282310974551764 0.88634769219286458 5.9285882865321256
0.98605831664538934 -0.030288484135520079 0.16362030406778208 17.68100287940436 -0.038497187108082344 0.91509325636193428 0.40140042195503051 -6.471239045519992 -0.16188564716869255 -0.40210314583410506 0.9011692945008114 5.9816687619082831
0.98841927253859718 -0.021593912783369324 0.15020334418705383 17.880220409614406 -0.036930457890571887 0.92583293869849048 0.37612432904680593 -6.5379843435083078 -0.1471851995081809 -0.37731561397803492 0.9143136466738947 6.0396474885816627
0.99042545571225271 -0.013644069630970814 0.13737269030299185 18.083508286732521 -0.035908033033382483 0.93538887583995778 0.35179292789726974 -6.6042321684480303 -0.13329677355753966 -0.35335745403028551 0.92594302191894329 6.0997854092329726
0.99218888242945613 -0.0055823153499914308 0.12461965871691369 18.294055888542985 -0.035809287577943029 0.94420714381585313 0.32739970142055586 -6.6684925582440053 -0.11949442039922603 -0.32930488505705802 0.93663193206884143 6.1581654400790145
0.99361905759201363 -0.0016699589477383147 0.11277579362199866 18.517615143092026 -0.033575922610043822 0.95017837825629348 0.30989305722317234 -6.7494241111052462 -0.10767462937406896 -0.31170219879133498 0.94405927433493497 6.2320964613951011
0.99469665749304925 0.0034898777572424859 0.10279290017017255 18.732597510673173 -0.033471676261499356 0.95600373215431222 0.29143869165790492 -6.8274615337454643 -0.097253310794033834 -0.29333374313274208 0.95105052898325737 6.29788856832685
0.99563020809280478 0.0075598443479562485 0.093077051341954917 18.958457729209393 -0.033183631314439986 0.96030757431305969 0.27696246917182588 -6.9080627817232392 -0.087288804241240206 -0.27884083537100862 0.95636209313404541 6.3709977319772921
0.99632280684615182 0.010045613205336415 0.085087896986201783 19.188771540894017 -0.032355679698360819 0.96368069389728794 0.26508985307042338 -6.9912075450029123 -0.079334573481318948 -0.26686814321865088 0.96046208649043863 6.4433861939325112
0.99689972183297393 0.012509424902247532 0.077681779703829223 19.426191595182143 -0.032127006537271893 0.96594656869072837 0.25673932672179783 -7.0770337851507303 -0.071824787227622991 -0.25843904643691706 0.96335375600891482 6.5171987501409339
0.99731382760476217 0.013453909827285693 0.072000844291562852 19.670103378793286 -0.031234958301003073 0.9672461773035117 0.25191111502210117 -7.1620241651935306 -0.066253351977641192 -0.25348338170795925 0.96506821963508038 6.5993460673048512
0.99753065568417776 0.01229442978578622 0.069147942605234172 19.915760968816237 -0.029232806980950307 0.96790212647628515 0.24962154666354375 -7.2452845773032095 -0.063859486110591987 -0.25102653357549204 0.96587144355486743 6.6832327375782876
0.99767404134984339 0.011149756957260424 0.06724723144089266 20.166879124693907 -0.027825489825865558 0.96720956151563331 0.25245079961982081 -7.3397142126326882 -0.062227400175659045 -0.25373479665298232 0.96527011951828701 6.7709222897910797
0.99771613869577491 0.0097717395865348743 0.066835766558379764 20.421573985906431 -0.026686060683124711 0.96600807783892961 0.25713079884594359 -7.4360094212625247 -0.062051275177951608 -0.25832713108651495 0.96406261860597031 6.8538632258230363
0.99767961601192534 0.006725620758912536 0.067750644422798004 20.683348289016273 -0.024547406954659415 0.96371251455381812 0.2658112377311373 -7.5429653347635899 -0.063504398320899519 -0.26685755623134255 0.96164142801573205 6.9443281965636565
0.99756973894916212 0.0028669239830915812 0.069616066247495875 20.951118786803601 -0.021982236038889179 0.96107332263866374 0.27541759168762187 -7.637557392879212 -0.066116542798539624 -0.27627857184217924 0.95880068497535753 7.0405413229226541
0.99733844925026549 -0.0012191416420442222 0.072900832236211952 21.210473947712732 -0.019786743941275508 0.95781145700491133 0.28671535988560387 -7.7334198130969272 -0.070174798975687 -0.28739472250510373 0.95523807035991626 7.1319803045276782
0.99699775377980504 -0.0053521354412732454 0.077245282084031197 21.462441258838854 -0.018352965974680419 0.95284549566463861 0.30290036320800506 -7.8371486445407594 -0.07522398286421364 -0.30340866177126091 0.9498865913172041 7.2348101623672978
0.9965615900264434 -0.0093842935472900103 0.082322125328402745 21.70988100766688 -0.017402501624716887 0.94769563604748852 0.318700697134079 -7.9319813379711182 -0.081007099819513873 -0.31903748439825141 0.9442737597369032 7.3265009369775473
0.9959395776102864 -0.013515977024393964 0.08900379831512982 21.943859144115109 -0.017363863331903581 0.94125952745575681 0.33723730253926004 -8.0288867349845496 -0.088333764776755822 -0.33741342643534727 0.93720292661809546 7.4238779591995563
0.99511831325075439 -0.019736268710696503 0.096695513496504279 22.17443851509228 -0.016145305984651102 0.9340411944776521 0.35680019074185343 -8.1218327006299837 -0.097359497367413769 -0.35661958263132465 0.92916284985799147 7.5228401703050931
0.99425827955227031 -0.026900005226115051 0.10357057140227847 22.40391493561183 -0.014308466159884922 0.92577400380274422 0.37780651354785827 -8.2119901240877287 -0.10604593975212304 -0.37711919017980455 0.92007357046065485 7.6301108191881752
0.99316079367225329 -0.035222681721477966 0.11131487144423881 22.625550329321914 -0.012248421786516354 0.91671576245684017 0.39935220924256054 -8.2867584916265127 -0.1161103530097103 -0.39798438858267005 0.91001473195132332 7.7472312798260239
0.99178163337052061 -0.042247789858950772 0.12076554128117944 22.830108973351361 -0.012435488291304201 0.90760688386820498 0.41963687038438774 -8.352172257354443 -0.12733636691793573 -0.41768991920691667 0.89962246584501226 7.855445240993963
0.99029394280068173 -0.049367210459523532 0.12992607661176084 23.032211295942762 -0.01325044344721007 0.89700403428171682 0.44182370718509095 -8.3955628724319133 -0.13835581881775816 -0.43925691914159964 0.88764352438661875 7.9794891701710586
0.98844487340497045 -0.057382013934586959 0.1402998101076503 23.22897858836642 -0.014401816439638405 0.88583930930302635 0.4637685907613584 -8.41119130880619 -0.15089506261859872 -0.46043025809599897 0.87477691870955365 8.0965556118036872
0.98640112395789681 -0.064798654889607885 0.15104289781083882 23.421606586280141 -0.017116644106971692 0.87350108226971357 0.48652120176633046 -8.3909197540929874 -0.16346205415665518 -0.48249040777836882 0.86051331381492879 8.2113076999469108
0.98428881777024679 -0.074536550303534038 0.16006194388829192 23.627451638736556 -0.01733379497993796 0.86135728184363636 0.50770382366743683 -8.3364555112292056 -0.17571301250631227 -0.50250167729450523 0.84653233934219285 8.3010731676399292
0.98180124172668348 -0.082596246360184741 0.1710093033467775 23.811536738858205 -0.02142585365318524 0.84654513997520486 0.53188556925300501 -8.270135471391594 -0.1886988461522083 -0.52586993265594539 0.82936937451852943 8.3885859784462902
0.97930647836692408 -0.091402784101041301 0.18056675354879609 23.999146529236381 -0.02399526008749036 0.83347138471803639 0.55204137376607254 -8.1759572158215885 -0.20095534061553808 -0.54495043987024849 0.81403069301059883 8.4482168727215843
0.97629388981403686 -0.098887396189798735 0.19253966756639804 24.164285580559802 -0.029090423968767244 0.82152121444215698 0.56943537074438999 -8.0750104472723905 -0.21448540263872193 -0.56153733366205072 0.7991694657321563 8.4906906390552681
0.9734032322915489 -0.10676073318673952 0.20270247461191657 24.342534319694259 -0.033519332463984655 0.80889414442754159 0.58699805575657937 -7.9873634926631443 -0.22663318758631476 -0.57818025646009852 0.78380162625769101 8.5269845357002207
0.97070324445044598 -0.11538674190967556 0.21076316330148318 24.525980788506171 -0.036520168857955788 0.79611123088536795 0.60404733699004987 -7.9095920742139842 -0.23748997553573528 -0.59404781613070035 0.76857381146535397 8.5563192467333309
0.96756877261593732 -0.1238744197633638 0.22014949099822714 24.694979934487847 -0.041311333668053292 0.78217801430241529 0.62168394514616299 -7.8412863210759092 -0.24920682969986058 -0.61061664083958656 0.75169360377797823 8.5917345687673308
0.96423656890232512 -0.13253197943182241 0.22952802360355623 24.85581673019664 -0.046322524562843005 0.7684055616215989 0.63828451069027192 -7.7796008448291039 -0.26096371952744019 -0.62608958408272386 0.7347855263908819 8.6288813604600616
0.96113603604520614 -0.13987491622816584 0.23801791534561381 25.012786315800604 -0.051599466330707701 0.75594080606129954 0.6526032430242581 -7.715964364734333 -0.27121027873164094 -0.63952209151956296 0.71934447879214958 8.6591129581196746
0.95895779575474327 -0.14535472297964502 0.24345831361593473 25.171914085568361 -0.056828208540100622 0.7426679710924613 0.66724421273438561 -7.6616694207400684 -0.27779578952051631 -0.65369433929086296 0.70392699202669817 8.70291539395987
0.957169519459935 -0.14913432009445415 0.24816419078263877 25.329440631029044 -0.062148409767239066 0.73132219005911625 0.67919469188925585 -7.610522754178894 -0.28277921808407419 -0.66552746667369245 0.69073084839368293 8.7352960414317398
0.95519694360903384 -0.15342796838796904 0.25309811819984074 25.472236145385896 -0.067413965669145037 0.71988274629144744 0.69081414926494011 -7.5701971235583398 -0.28819117986628168 -0.67692591183099504 0.67728661122087486 8.7755843390224229
0.95377829625709787 -0.15600653624437935 0.25684415943902383 25.6100655423717 -0.072557672828263975 0.70985315080364608 0.70060251812841967 -7.5368777840266086 -0.29162020798060989 -0.68685549058238382 0.665723057550344 8.8164009274397426
0.95301878463442835 -0.15705506698343194 0.25901525450974283 25.741394116015325 -0.077262152087596819 0.7007688926656872 0.70919215938058688 -7.5058006207032699 -0.29289205518195643 -0.69588552579209206 0.65571150592646565 8.8641794623345742
0.95307423598451257 -0.15721506371516814 0.25871398192516232 25.877678333448404 -0.08024953318903888 0.69281273665353438 0.71663834976477614 -7.4836496506497054 -0.29190668564710698 -0.70377122395823766 0.64768553419297947 8.9061293864810303
0.95389751733524553 -0.15405578046802784 0.257577838577083 25.989001431415613 -0.082574482073499378 0.6903836046540559 0.71871547453437079 -7.4615245003375321 -0.28854979003968856 -0.70685026344287316 0.64583413020588543 8.9512759859772935
0.95525737839812164 -0.15124137473746471 0.25418376734848658 26.0977170539994 -0.082405404653605172 0.68926417182072452 0.7198084819784818 -7.4522440044069471 -0.28406458825383951 -0.70854847964822598 0.64596157911160945 9.0018677602423818
0.95725860216994274 -0.14748731867465767 0.2488040582502769 26.198945449573426 -0.081431538314824997 0.68799256474777515 0.72113461671137347 -7.447513623864106 -0.27753355317750034 -0.71057281237177816 0.64657668159216297 9.0496210313988676
0.95998406727194918 -0.14245394939355308 0.24111711446138512 26.302892465866176 -0.079583613298341863 0.6867059872666339 0.72256580015008853 -7.4499179920049192 -0.26850891806118038 -0.71284062689659933 0.64788980665486451 9.090216478846239
0.9629928549361001 -0.13505070050668094 0.23325108710287729 26.38577434566189 -0.0797779577734785 0.68380734485388195 0.72528821345543548 -7.456432725732971 -0.25744948785249577 -0.71705566270446464 0.64772751816481344 9.1364174939233855
0.96667502688336104 -0.12710376201221746 0.22222516977695139 26.468560723466346 -0.078153676419518314 0.68009018003858301 0.72895085559809936 -7.4657751817180538 -0.24378555179125466 -0.72202630194296213 0.64749256678390077 9.1831033496741572
0.97088028924233827 -0.11722634548308809 0.20892450283629543 26.547325996412276 -0.076372335179970011 0.6751421492216515 0.73372361605956748 -7.4784568896062886 -0.22706547597526106 -0.72831384874176941 0.64652935536685363 9.2295730211828282
0.97560274583214135 -0.10578271164304769 0.19237801392630607 26.628822124912762 -0.072990911741429562 0.67013347323446404 0.73864298199730338 -7.4948723245610793 -0.20705460421816518 -0.73466396806169665 0.64606287999226608 9.2662638674110891
0.98122718675280562 -0.086408716499624602 0.17241444745166279 26.690906724058458 -0.07006776051995596 0.6731888586735022 0.73614351147964741 -7.5101625326168273 -0.17967670108529038 -0.73440472102972976 0.65449674469500008 9.2975813738136033
0.98675800843190953 -0.064763467719240728 0.14870886336890082 26.754871386454234 -0.066031217035021392 0.67702036628237416 0.73299611323372926 -7.525471398131466 -0.14815029926519033 -0.73310921211498836 0.66377885770772771 9.3324605961457081
0.99157805781691055 -0.043220131964075488 0.12208593468967456 26.811984249128457 -0.059976615025458917 0.68225041652946228 0.72865435893533437 -7.5455833546733038 -0.11478571734380319 -0.72983997515783083 0.67391234575090353 9.3565019247726546
0.99539252021425417 -0.020637514224779364 0.093636657929134184 26.867101502778016 -0.053676649765170538 0.6892662677534156 0.72251700977019495 -7.5610568531934135 -0.079451544802495042 -0.72421412934566443 0.68498273473467797 9.3798150214950606
0.99796864225345006 0.0016321003174406276 0.063686147060088821 26.914717500961984 -0.046808102723683305 0.69691146053562125 0.71562798833857566 -7.5852273211100636 -0.04321562909659607 -0.71715531959448031 0.69557217956091688 9.4049802719949938
0.99923316770487358 0.024506352204345817 0.030537112832103825 26.973991367967859 -0.038922317398295624 0.70651184525362232 0.70663007700257707 -7.6009080077479032 -0.0042579063905185842 -0.70727678543690253 0.70692391317256442 9.424201270260534
0.99893587594980615 0.045977466432982284 -0.0036315727718692083 27.024743164445422 -0.030469844271447132 0.71701266236897465 0.69639387604474856 -7.6154121146849558 0.03462230972172646 -0.6955421731160224 0.71765059819286292 9.4370290625584712
0.99706182890329342 0.066266924644117986 -0.038424003464377562 27.046844429563453 -0.021819488105044905 0.72652647545117865 0.68679195569497009 -7.6565724592486228 0.073427646583923104 -0.68393565133475742 0.72583772673404612 9.4246762099917376
0.99349208396725408 0.084663325208949494 -0.076194491001424738 27.002513111734039 -0.011052215489478642 0.73745190543331185 0.67530921488274664 -7.6693944937856502 0.11336369624874036 -0.67007224128249132 0.73358834766882852 9.3819459862100025
0.9882282861358902 0.10047958093109599 -0.11536337502358573 26.955259261220036 0.0014395481853299965 0.7479349899545209 0.66377042605312953 -7.6809139158638775 0.15297967898365869 -0.65612278166334248 0.73898586806542821 9.3528202531203206
0.98142045540583156 0.11336132469820626 -0.15480019306731488 26.915632551538138 0.014996016153662247 0.75901216518850345 0.65090371991207652 -7.6891991828039696 0.19128253765184425 -0.64113161141728747 0.74321009656149251 9.3232453019547528
0.9737649010843431 0.12529015919521883 -0.18995866241115791 26.842655956210841 0.025079232022739369 0.77060180441335602 0.63682328094694329 -7.6884900184966245 0.22617017826704991 -0.62488017654884576 0.74724280887736505 9.2931981996680193
0.96392838123252711 0.13681629057243758 -0.22830544997533059 26.80311764497975 0.036190969601702642 0.78242913666018243 0.62168710765504087 -7.6838467733613651 0.26368976008508271 -0.60752444291501562 0.74925413691688858 9.2611879957198067
0.95307273003887871 0.15143831268638036 -0.26214272583259052 26.733742038872613 0.040746209201036485 0.79385183552504901 0.60674460003304198 -7.6760983259688302 0.29998686253231821 -0.58895305473714354 0.75042799896046208 9.2230499910757171
0.94101855207689 0.16502970463464572 -0.29537989307892143 26.664139444850989 0.045142930454516977 0.80394771879073401 0.59298413240250658 -7.6701591032398326 0.33532998744086712 -0.57134338364890203 0.74907979380272405 9.1964464623262945
0.92897540582330385 0.17434402757426767 -0.32651011534807145 26.609928160311554 0.050986856256041706 0.81343876203622256 0.57941152983531785 -7.6688689165244153 0.36661292375549676 -0.55490678538486149 0.74677535020197716 9.1659368309104412
0.91658514187641371 0.18448234467124713 -0.35473644046812225 26.540982152605746 0.054110992150961962 0.82180268396726441 0.56719692272846389 -7.6708691017050734 0.39616117707295978 -0.53907941263676518 0.74326960697405575 9.1421035436982407
0.90471791354136855 0.19090839924294545 -0.38084049156549643 26.480677509151956 0.058245666408999676 0.8301414390916293 0.55450214918199403 -7.6668043900013965 0.42201059140965208 -0.52385033568890171 0.73992424378222721 9.1106806514886376
0.89456388125942454 0.19662894276962134 -0.40136332818454562 26.4010672235516 0.05947905849942059 0.83766209778351941 0.54294055985617451 -7.66312656772919 0.44296467573170756 -0.50956772739471501 0.73764695298746319 9.0726371492894984
0.88467002683179263 0.19935559644793027 -0.42144547665187398 26.342101187637557 0.063674139757362094 0.84383172914312798 0.53281668218767209 -7.661032392052638 0.46184905277763127 -0.49820212670783409 0.73381884235293127 9.0433652832249933
0.87674071069105231 0.20255822816369962 -0.43622917190409344 26.268480471658268 0.065257692487332319 0.84850417013771762 0.52514960423686119 -7.6631759900178453 0.47651564485143327 -0.48888734639187148 0.73069966658657859 9.0123405004141688
0.87036861336446747 0.20369825832689709 -0.44829175368793339 26.198230648161605 0.067853631852807975 0.85211850614112594 0.51893153318737484 -7.6695377550349386 0.48770314896912204 -0.48207994258878328 0.7278355359826818 8.9840858582431302
0.86542883498872158 0.20280343871407322 -0.45815248205789655 26.139062772760344 0.070930526255610818 0.85561648510849153 0.5127273065243283 -7.6643092419554399 0.4959856772278472 -0.4762259922099355 0.72609022327015005 8.9543128611040039
0.86248352555975816 0.20209306981795874 -0.46398336098352033 26.076995984112081 0.073220778571937775 0.8573327650277377 0.50952845611919773 -7.6759502803181183 0.5007603076555982 -0.47343312214234401 0.72463797384295492 8.9247883471709368
0.86033939642525381 0.19940359057879065 -0.46909948947202662 26.017910759501259 0.077169855626430486 0.85874236644258273 0.50656328475244705 -7.6751284591145952 0.50384614352123991 -0.47201669053210288 0.72342194293364859 8.8995679753722285
0.85964861643276103 0.1976643566972239 -0.47109771635692782 25.958696397345264 0.079620267862432509 0.85901696449405174 0.50571777470931323 -7.686088585026396 0.50464330889327591 -0.47224851170003468 0.7227146559924934 8.8727446330899173
0.8603327147606159 0.193972103791092 -0.47138354114615266 25.894698648345788 0.081032263610158403 0.86096099897073397 0.5021751990147757 -7.6716238217298978 0.50325082430816004 -0.47023502762147956 0.72499491490008661 8.8334877837621466
0.86160817721003813 0.19305059714258538 -0.46942817971196266 25.82240343356381 0.081141788728581035 0.86056530248781793 0.50283533117311552 -7.6769346869429356 0.50104626441749056 -0.47133727531030439 0.72580563087946381 8.80467766436883
0.86345214007474169 0.19069806996613667 -0.46699534035313367 25.755613509561172 0.08199297634769824 0.86041590357505993 0.50295290505648649 -7.6759021737485424 0.49772236601341768 -0.47256610012389139 0.72729205095594285 8.772928759216537
0.86529774807046722 0.18818771182088925 -0.46459142512943169 25.692331026365633 0.082728228069694307 0.86052513414342247 0.50264553493281272 -7.671753539235497 0.49438431150738094 -0.47337287483237017 0.72904202478890778 8.7406064657935243
0.86714660781966024 0.18707337785941014 -0.46158456629649874 25.627329739133828 0.082695585146891779 0.85983394058270435 0.503832347928586 -7.6701858349626564 0.49113969575271521 -0.47506751722075141 0.73013194241701385 8.7141208850988185
0.8692178559382624 0.18831928065456727 -0.4571609863623935 25.559134041048168 0.080428387297488482 0.85845343644083694 0.50654612028880752 -7.6767163270515333 0.48784382074062943 -0.4770676534797389 0.73103683940586772 8.6847774052522144
0.87065344429754332 0.18889585916572732 -0.45418160940626645 25.501887030199608 0.07910070251747546 0.85754540421985359 0.50829023063860845 -7.6815685452411326 0.48549527164954609 -0.47847072438285043 0.73168306466289335 8.6583250195251047
0.87182810607274108 0.1903217386788276 -0.45132404018386341 25.438315293551813 0.076668453462970271 0.8570408469198264 0.50951244828222109 -7.6776643699046572 0.48377443267003456 -0.47880958897793047 0.73260062503220102 8.6277935540867965
0.87276074422958594 0.19287441945519376 -0.44842852457402993 25.373911167922113 0.072730111189559618 0.85700010563272366 0.51015796560659021 -7.6730370946600548 0.48269971437548387 -0.47786010219029851 0.7339282720242517 8.5914379210045997
0.87273091931642188 0.19700830388186139 -0.44668609858680997 25.310281284165207 0.068404345831526076 0.8565907989883963 0.51144212630539332 -7.6674960201820808 0.48338554792264338 -0.47690662743351875 0.73409705132871417 8.5605257573234059
0.87110652104864594 0.20351209083455904 -0.44694100043593127 25.249641608285458 0.063188591913067554 0.85607890833569356 0.51296793716060951 -7.6651316324159442 0.48701194116630109 -0.47509128763524328 0.73287627712630865 8.5334391976303898
0.86809937568156481 0.21134535002493993 -0.44915099572873379 25.194177551407783 0.057562147420264276 0.85586980786629963 0.51397808432585057 -7.6628199985169712 0.49304165455430354 -0.47203814994737342 0.73081455367871262 8.5072000801773786
0.86367238194541296 0.22012068622203709 -0.45344999742185049 25.145803221078214 0.050777524008910911 0.8570352538256012 0.51274966285275303 -7.655607223499036 0.50148944128492001 -0.46587279078867327 0.72902049565325111 8.4718257364562106
0.85804222559029419 0.23182059818970693 -0.45828239040903729 25.085351922014212 0.041886766828127545 0.85776980759990806 0.51232456112771207 -7.6481322663598403 0.51186818407549117 -0.45879207428309299 0.72629249941485419 8.4382098048699117
0.84972849291111141 0.24792258652661237 -0.46529117703322703 25.024357502740774 0.029938012976864381 0.85842212810913043 0.51206949269761115 -7.6444479800521865 0.52636983549022687 -0.44904993159173967 0.72200343158702895 8.4057988143286373
0.84095047813170731 0.26079159131510599 -0.47412027928510675 24.970650960332513 0.019137447683467944 0.86131370265018603 0.50771297375898272 -7.6203282578676506 0.54077356761052531 -0.43603492007677747 0.71933128462998397 8.356528587368345
0.82866445391430843 0.2784687857481894 -0.48556189943490202 24.91126588944994 0.0059861809777893675 0.86301033936702298 0.50515078915400791 -7.5975604721415868 0.55971366649046728 -0.42150716424462437 0.71347902704582222 8.3218072012714366
0.815020249455503 0.29565225805389983 -0.49832894285313184 24.864381348113081 -0.0078006616389613434 0.86554997160884373 0.5007618159623638 -7.5750556101133339 0.5793799639748376 -0.40424372469533781 0.70774703700471675 8.2770698436411951
0.79895877204818788 0.31392458913153526 -0.51294856750540663 24.817324492310817 -0.022434195023980259 0.8679085797472903 0.49621709371470424 -7.5482486208829407 0.60096720997145758 -0.38494941166293306 0.70046581858038148 8.2352030926499875
0.7820414232504681 0.33158766988071875 -0.52769387859198968 24.77148736727009 -0.037438149972671864 0.87017866511007136 0.49131199427031896 -7.5176299584279809 0.62210095422447775 -0.36447044869279827 0.69292979065895588 8.1886832169449839
0.76373484853196261 0.35146377272777501 -0.54146310825190958 24.719132455909509 -0.054040143709997358 0.8706542420946114 0.48891804383808607 -7.4957257680671887 0.64326413237927627 -0.34414300397162911 0.68394213849690555 8.1444672735937385
0.74493999750797735 0.36817591976028308 -0.55633703114342881 24.673393139895012 -0.070350166799194369 0.87262749991508615 0.48329297576446512 -7.4581941568738612 0.6634118284626378 -0.32088586522409479 0.67595636497871947 8.0927405808900215
0.72499941421751868 0.38545212676503054 -0.57079112410457966 24.626378756140578 -0.086299958862687848 0.87304306993340064 0.47994595022935832 -7.426881805381873 0.68332142252716865 -0.29870128224294262 0.66622021697173739 8.0471161630219381
0.70476476881095529 0.40236065961536022 -0.58430516020032985 24.576478917512585 -0.10182583381027893 0.87245573656066333 0.47796703579978383 -7.3981431508683926 0.70209552071757475 -0.27735696734764503 0.65584677513275547 8.0058410023660151
0.683866681447308 0.41781360404418116 -0.59812887765251599 24.530574777433632 -0.11697669145590608 0.87197869751460122 0.47536260342686759 -7.3692818996522762 0.72016860224691548 -0.25511750891765894 0.64519163120841272 7.9619473106109737
0.66464193794215454 0.43018855601884604 -0.61089188945255901 24.489827226792244 -0.12965127022671255 0.87161660708501565 0.47273146540314559 -7.3421456753712473 0.7358271824668462 -0.23499424785306064 0.63508744360038893 7.9181650471416987
0.64611716589189228 0.44423757795951679 -0.6206332107360123 24.43512877180407 -0.14482826798659501 0.86974482231526073 0.47177189069273567 -7.3190792733712549 0.7493713236652656 -0.21493468399599394 0.62629521863392035 7.8654932074944606
0.62939851409909164 0.45612153004292505 -0.6291348506331188 24.374457294631473 -0.15711193741081103 0.86758431210876341 0.47181913961367156 -7.2951076199802749 0.76103439447430821 -0.19811767012072629 0.61771841417676554 7.8125601889606324
0.61415968448107727 0.46920281668726688 -0.63455228214138404 24.304981305337911 -0.16996484361207156 0.8638350734107868 0.47423719580111456 -7.2805261810596296 0.77066194527433862 -0.18340578714455999 0.6102806594902519 7.7557093452568955
0.6023656355152458 0.47768443977235264 -0.63951013842603577 24.237008746683088 -0.17955318338194395 0.86172429652922955 0.474543876905618 -7.2562377027588569 0.77776365014554638 -0.17102284283269878 0.60484286533090392 7.6938777673434409
0.59314792020859308 0.48666930865545927 -0.64134899139628954 24.162881110122282 -0.18832757597389774 0.85838512265042932 0.47718728539243699 -7.2408128764608488 0.78275683892254588 -0.16225894497754101 0.60080260143807562 7.6273694116038087
0.58740787235515857 0.49260638268145523 -0.64209885783785459 24.088429937330368 -0.19360845749286607 0.8559074995802527 0.47951863086799107 -7.223192491926917 0.78579116607557942 -0.15735724928890715 0.59813956516335709 7.5599145055159935
0.58567148155710658 0.49798388178404251 -0.6395318359346942 24.00576841846674 -0.19812039430126099 0.85302946991943418 0.48279295024977537 -7.2033628050389398 0.78596261046732796 -0.15605376295452145 0.59825579647431537 7.4849645343196096
0.58791794218752269 0.50218434696210268 -0.63416352380142083 23.923240333935464 -0.19977142112697885 0.84981651199729091 0.48775329341549872 -7.1835570132813871 0.78386470296531152 -0.16007116418332445 0.59994445563076848 7.4083048087092287
0.59506795622887743 0.50445049349058502 -0.62563873528314429 23.838610458594093 -0.19822963762464144 0.84654814450905813 0.49402555581212004 -7.1622047327092968 0.77884474591332409 -0.16995863804283698 0.60375071272656378 7.3286191991252982
0.60710662134278393 0.50458810816022714 -0.61385046340703564 23.752345957437644 -0.19598127390663705 0.84372558669450637 0.49971839533375473 -7.1317011616646111 0.77007330209511959 -0.18307915080722309 0.61112121051394119 7.2383141870097987
0.62191718732416545 0.50425565669671524 -0.59912039257578542 23.662933459119984 -0.19177274730884947 0.83985632415327083 0.50780367089001255 -7.098570608532639 0.75923792417160973 -0.20091686705978792 0.61902357550457188 7.1461348585690532
0.64053771912773705 0.50098648466012308 -0.58199997642828871 23.574460565214814 -0.18535703565519066 0.836340851886343 0.51592320048544682 -7.0592646262024994 0.74522090664967033 -0.22259047970189189 0.62856923138054177 7.049083728422894
0.66145853075786354 0.4964267671976586 -0.56216819271222584 23.482119631165464 -0.17808308593497657 0.83210088266787574 0.5252566378135719 -7.0200916941091105 0.72853210402255053 -0.24732283734629887 0.63880543793509781 6.949046760032358
0.68401308533524174 0.49015978890696354 -0.54024946129435825 23.383770607796663 -0.17017193899658042 0.82739173503076169 0.53522371769282606 -6.9751824447311437 0.7093430836120892 -0.27416472811334947 0.64935821515572267 6.8467637544994071
0.70846198527892512 0.48128674252063691 -0.51618280375126624 23.281742471472942 -0.16259859414672129 0.82303178363981544 0.54422456789470086 -6.9298421471409721 0.68676292313734721 -0.30163181959557622 0.661343279100429 6.7372102355332144
0.73333153226359493 0.47096728391680365 -0.49032099819195674 23.174058918488882 -0.15410307628950642 0.81757218249358132 0.55482246556064474 -6.8852998341822653 0.66217603827535054 -0.33130883461313121 0.67212896860740234 6.6286673593511196
0.75853756939519401 0.4579783352419744 -0.46354784031965995 23.06210234711261 -0.14437785149547328 0.81180632353835391 0.56579636713281622 -6.8393694522249078 0.63543354633949123 -0.362251759846838 0.68190752355014128 6.5200389690379108
0.78340373692195908 0.44365244068053439 -0.43525980385847118 22.944810907165021 -0.13554775507824865 0.80542535494549539 0.57698943118931556 -6.7939110788701793 0.60655205141022894 -0.39301718726937085 0.69110932524522872 6.407485780637252
0.80677712173046889 0.42772328349214056 -0.40763153534902347 22.826161805637231 -0.12701029796184449 0.79931516188119234 0.58733606751031975 -6.7510048287864022 0.57704337797425909 -0.42207589927114447 0.69919444733958747 6.2951017326007186
0.82972261118617652 0.41104637898099755 -0.37762582381638454 22.699652551612459 -0.11959885033909019 0.79174373239465134 0.59903086499057345 -6.7111878720816796 0.54521234714921929 -0.45186583909430122 0.70608835139495274 6.1803370618641269
0.85113542521016694 0.39378457479074996 -0.34713426308731987 22.5661581032941 -0.11341465941387796 0.78360024393608463 0.6108254846790061 -6.6703101920823924 0.51254814698947304 -0.48052509441253632 0.71161087024966152 6.0632004771980945
0.87023401207210005 0.37691870030382141 -0.31721452929236099 22.426441667049911 -0.10916748048485608 0.77544404761165286 0.62190754154315031 -6.6293482567223192 0.48039070082328267 -0.50657558407895531 0.71596504955031204 5.9432989724532339
0.88766496905261394 0.35981541436051279 -0.28737392071201301 22.282064267492135 -0.10610477571949296 0.76708632380357789 0.63270873899688507 -6.5880043186820947 0.44809896148768069 -0.53114163781620882 0.71909379172092502 5.8215424472225745
0.9025870016135995 0.34381031310566007 -0.2590968412010462 22.133573428316868 -0.10476514769048349 0.75916152492058242 0.64241578662860321 -6.5505930349681227 0.41756552581309125 -0.55269181980778748 0.72122866274850228 5.6960050657783183
0.91518386620544723 0.32910937991490591 -0.23264889230184685 21.98137023722499 -0.10507571332457859 0.75211028560367144 0.65060680349846856 -6.5118728334215072 0.38909842650231979 -0.57097910149250652 0.72290060184801952 5.566184992433497
0.92569536799804564 0.31549834747580874 -0.20868368026033274 21.826578594645632 -0.10648999687355325 0.74672257607708437 0.65655561450853017 -6.4731204859430242 0.36297102671264764 -0.58554776672517239 0.72483504789043529 5.4312418720654394
0.93397944617751893 0.30482423207850373 -0.18645262576774149 21.666798484834629 -0.10965193281207955 0.74111928245802372 0.66235840962388282 -6.438501469157635 0.34008652979574205 -0.59818424979821605 0.72561474319699104 5.2962737056390568
0.94039626035853563 0.2965690295819034 -0.16643822937212902 21.502340693480022 -0.11364917284411723 0.73532694095516504 0.66811537582768366 -6.410200222191154 0.32052884272016657 -0.60937763381860932 0.72520353031828488 5.1597765885640454
0.94459406363011988 0.29189535361159136 -0.15013046824246226 21.334937885429273 -0.11939327858875165 0.73158859285849909 0.67121038119739318 -6.3873719396156616 0.30575692957407469 -0.61609677270643548 0.72590458510616196 5.0181262009130005
0.94704728969057594 0.2910905995861135 -0.13552746556447998 21.161546597195958 -0.12754067015739504 0.72837848007318495 0.67319994594628396 -6.369663711536834 0.29467746528286981 -0.6202669204454434 0.72693475556998177 4.8732190331649239
0.94793845438237456 0.29372081688324075 -0.12304782985732268 20.983552319153979 -0.13795598931976816 0.72701206779268146 0.67262292430054271 -6.3547174603355403 0.2870206120019238 -0.62062995014199185 0.72968324173766652 4.7216377802640377
0.94739364270217785 0.29938153302790532 -0.11320770048613948 20.799958989300737 -0.14865493272246932 0.72480309738256588 0.67272741954072068 -6.3599851563305014 0.28345545813191952 -0.62050879744488707 0.73117838832170345 4.570057651679873
0.94550363077064326 0.30791296615773261 -0.1058890432078701 20.614453258820543 -0.16036538339554621 0.7233793415702251 0.67156926076007006 -6.377381542140153 0.28338282941619919 -0.61799023735118552 0.73333637474946967 4.4181381010408929
0.94245969311273881 0.3185300840205802 -0.10152985980333246 20.430960229543288 -0.17233023998750865 0.72309681521311031 0.66890454043495973 -6.4097825285801768 0.28648213773931858 -0.61291890279424333 0.73638196837905467 4.2650483011369058
0.93716570121736875 0.33437892155608701 -0.099554935993881474 20.265723631151868 -0.18670756938628941 0.72172949451096469 0.66651843206831973 -6.4749312644272887 0.29472144814319429 -0.6060505536437828 0.73881120351037111 4.1115702763997382
0.93194863099381287 0.34917553571539595 -0.097714862977053091 20.069458128154917 -0.20111229941811465 0.72202356981422122 0.66199381239969846 -6.5332206751563193 0.30170447827554137 -0.59729256641163275 0.74311237232190441 3.9581154313831042
0.9258842485612313 0.36481446009725327 -0.098228142454969164 19.869111734098439 -0.21507496622969705 0.72270832229148296 0.65683745309773911 -6.5902566098295088 0.31061409685894614 -0.58702903726696476 0.74760670959931974 3.8100634705996352
0.91890654916862713 0.38173028139497817 -0.09946228511911534 19.653121470800563 -0.22988920188220108 0.72310782897147652 0.65135706224629397 -6.6383850098815271 0.32056467171690961 -0.57567096500194326 0.75222418952115688 3.664715512411818
0.91045596855974054 0.40074947868545124 -0.10232196561483634 19.425659924888574 -0.24655944115750536 0.72449974499711611 0.64366805224060364 -6.6583436089460273 0.33208187437745429 -0.56080297327354889 0.75843368456148086 3.5184491327475014
0.90203660356748172 0.41823811355569529 -0.10680283794832053 19.193055449958194 -0.26028804283529444 0.72439181227099181 0.6383624652747999 -6.6545924048876701 0.34435461457836425 -0.54802680836262152 0.76229031000955583 3.3873463062118234
0.89202732039779031 0.43831589098634383 -0.11030158372745835 18.939327473929048 -0.27778273206318321 0.72416473375156687 0.63120693291347496 -6.6071792601299535 0.35654454620909815 -0.53241395370460565 0.76773131267988437 3.2599157856971508
0.88169766862161236 0.45728541177872972 -0.11618637321808016 18.693692510438481 -0.29364185132557069 0.72459053203349622 0.62349260142964513 -6.5317179670558891 0.36930161697087771 -0.51561479135278154 0.77314791769810953 3.1375352022896803
0.87113096654904065 0.47562780568572544 -0.12210253714774331 18.443413956401724 -0.30894816865207081 0.72413889804140541 0.61658242387365425 -6.4414317999756543 0.38168294198963865 -0.49940068762664003 0.77776415769317464 3.0196300689746089
0.86084697264753407 0.4919089991274187 -0.13026137670482701 18.204428312428185 -0.32153615243325284 0.72422719497636656 0.61000776448753824 -6.3325023419240107 0.39440714035371577 -0.48323959547425865 0.78161531523114314 2.9171281281359027
0.85089513197950672 0.50728019413401604 -0.13654405520905252 17.957844549069868 -0.3345249734438126 0.72362110927367551 0.60370980806671659 -6.213318263114366 0.40505618933179416 -0.46801634036953277 0.7854235727498351 2.8122508106039632
0.84169740966941875 0.52114082304880771 -0.14127177038531769 17.71294702539722 -0.34618192047620572 0.72163425226094946 0.599501529521974 -6.0929712771472655 0.41437126890168996 -0.45569315171043717 0.78780721181835589 2.721701025917437
0.83186835170158002 0.53449296299123628 -0.14937308308442099 17.492990404180308 -0.35726970488395149 0.7217254074083016 0.59284972317903228 -5.9602689937072215 0.424680354395433 -0.43980644471650254 0.7913386681923229 2.6310685614595197
0.823219842163458 0.54610876906145822 -0.15515896307513183 17.276354283595531 -0.36749916749473499 0.72091458492867178 0.58755980387344175 -5.8273651803548248 0.43272792070658894 -0.4266700992468298 0.7941657088099765 2.5484966055906186
0.8156426817965684 0.55615238743038165 -0.15944132960806792 17.062531780575501 -0.37687094708978847 0.71983101902259627 0.58293360967826902 -5.6924611464465213 0.43897073350207272 -0.41537672781268969 0.79672257977308203 2.4716724699419532
0.80898486452837814 0.56457776047202268 -0.16369313163476645 16.889834218380361 -0.38416291684168147 0.71855648711382858 0.57973737860373087 -5.5773908568819932 0.44492959250615483 -0.40611393377601512 0.79819116163064441 2.3948148818402628
0.80390528291003438 0.57134165925233138 -0.16524226006724352 16.689782102201342 -0.39095442164997085 0.71700348031125283 0.57711406967244161 -5.4531131112082791 0.4482085857072291 -0.39934285723466217 0.79977143364462688 2.3310705176611584
0.799730524108067 0.57637865526310716 -0.16798432833728491 16.50727069170744 -0.39654883679708497 0.71721898413514851 0.57301478936500805 -5.3127953598523536 0.45075504306076858 -0.39164342781826161 0.80214419938191095 2.270772409413214
0.79672140672433134 0.58012643164711974 -0.16937627747586828 16.327604535098608 -0.40126411388902922 0.71736461152027897 0.56953939727047109 -5.1748569415134194 0.45190940571319693 -0.38579960788308099 0.80432366096317609 2.2202959048386779
0.79463167326986339 0.5832536742006198 -0.16845075057064698 16.138583707256874 -0.40561806347120455 0.71652293493967911 0.56751111909045293 -5.0457683899796404 0.45170177155088398 -0.38263564292536262 0.80595004456907104 2.1823887442382857
0.79321924972708979 0.58479088120941236 -0.16977292810313366 15.972215865167326 -0.4080735352876334 0.71742826299506057 0.564599572488098 -4.9143071056808543 0.45197257843838873 -0.37857141031806585 0.8077155908050464 2.1546874454951532
0.79227561654121326 0.58631102409315206 -0.16893410094199385 15.794650570648017 -0.41036876400742278 0.71691383784499363 0.56358852599514697 -4.7988433786474776 0.45154936049258299 -0.37719216870608741 0.80859708316660273 2.144949492917493
0.79200757449746251 0.58660157459003148 -0.16918213447980285 15.624824705308788 -0.41186662961325071 0.71793893695641531 0.56118585353955031 -4.6836391447875689 0.45065494710439796 -0.3747829711851754 0.81021468954835929 2.1423768532166707
0.79235597006072167 0.58619738423321155 -0.16895160084258856 15.454934948951184 -0.41182345119009489 0.71828218559673995 0.56077816193593888 -4.5887489153907772 0.45008161677523817 -0.37475769314653323 0.81054500779936745 2.160184613655435
0.79203946772003486 0.58711897645220168 -0.16722675941213122 15.276416222212468 -0.41524283329512668 0.71893772961095803 0.55740643191380268 -4.4852896157514577 0.44748952051506113 -0.37204818025567626 0.81322400394826055 2.1683162606793629
0.79201828753972181 0.58740570803195102 -0.1663176670535304 15.104698091131279 -0.41662453779152142 0.71918825772936379 0.5560505772447355 -4.4049548136116981 0.44624099622585978 -0.37111020481210805 0.81433788391039963 2.1950061371085101
0.79222675218528149 0.58713006505820675 -0.16629810530101255 14.943851928258644 -0.41667739382636265 0.71957398262480488 0.55551168574886634 -4.3340987803616233 0.44582140212873472 -0.37079855748670715 0.8147095845574337 2.2310322196348373
0.79254022656573409 0.58652841445056414 -0.16692635596945771 14.789779016224065 -0.41694842397595611 0.7209349776899231 0.55354021505866802 -4.2616706723590383 0.44501011338968599 -0.36910320641432715 0.8159220685798132 2.2624412903745443
0.79321889938831058 0.58595686259047752 -0.16570556066807668 14.627162715313379 -0.41697614231995583 0.72098211017828517 0.5534579419782818 -4.2061266633936931 0.44377322405612224 -0.36991803414539215 0.81622666804316268 2.2984132035045546
0.79308649881030391 0.58567262365424833 -0.16733613867531197 14.484470839745965 -0.417362517525456 0.72261039880708866 0.5510378757405644 -4.1428803522222868 0.44364663232084545 -0.3671808674724345 0.81753035184790734 2.3277812328375846
0.79293407319504772 0.58554384813178784 -0.16850506663399939 14.343460805452469 -0.41695323658834055 0.72310782627146342 0.5506950790441717 -4.0967619149994503 0.44430344818020268 -0.36640615920038383 0.81752123668758903 2.3704192265614084
0.79235023104648128 0.58612802471430869 -0.16921894103524729 14.201208204299759 -0.41741618387419926 0.72315077099992142 0.55028782636191387 -4.0547791209590693 0.44490992436726839 -0.36538596175376242 0.81764800382119796 2.4061501318984142
0.79155678352887127 0.58692778661832057 -0.17015766731107618 14.062196774665653 -0.41801250466117401 0.72315322601393761 0.5498317539507217 -4.0159548768465809 0.44576160040577717 -0.3640950219392653 0.81775999572168256 2.4474150348370021
0.78957925138421459 0.58869868903443223 -0.17320063311860071 13.938111950107368 -0.4200484227808064 0.72425918296588276 0.54681620167013056 -3.969411020987887 0.44735213009764491 -0.35900207439335607 0.81914197931638633 2.4773567796914433
0.78672235659181 0.59140032540424792 -0.17695646004138579 13.82006621844682 -0.42155087082901549 0.72410694939758358 0.54586077816364875 -3.9342450864082794 0.4509576442881611 -0.35484472793867894 0.81897644783729728 2.5177304931179694
0.78291425873599463 0.59515997811132215 -0.18119013196749603 13.705782642302776 -0.42393303897688822 0.72352504705875875 0.54478645792864666 -3.901547066535255 0.45533069513452334 -0.34970860260101044 0.81876605409308478 2.5546917275475991
0.77960115521939133 0.59816062045148444 -0.18554220792500509 13.599453216534105 -0.42597544392799874 0.72363341441462481 0.54304659350094109 -3.8714865033681614 0.45909362874138765 -0.34432332724305376 0.8189471816700622 2.5922610513475943
0.77533769038066491 0.60230362669553394 -0.18995211803131637 13.494234632956738 -0.42880256972951003 0.72287310207494326 0.54183284737077109 -3.8436624414182479 0.46365916584118655 -0.33865147211544128 0.81874010428554167 2.6288591568269992
0.77067488804607454 0.60642142707637148 -0.19573775751711128 13.401916220217451 -0.43175056346670909 0.72284029511483316 0.53953068374697677 -3.8134322764511608 0.46867010559811645 -0.33129286219440052 0.81889765635132472 2.6597742622504175
0.76590957774492874 0.61060270840186937 -0.20136248709947663 13.315965873882121 -0.43470020694916134 0.72254086559362996 0.53755969680172677 -3.7837717729203586 0.47372803252176399 -0.32418980557616212 0.81883009297628329 2.69361528383999
0.76152057281426266 0.61455373952931458 -0.20593717102838097 13.228872193913256 -0.43731292310948194 0.72169876516082132 0.53657087103828704 -3.7615739439238167 0.47837623735097629 -0.31855077082920563 0.81834074928604239 2.7300081953186179
0.75735177213096649 0.61792571276876729 -0.21115422503302103 13.154935086714008 -0.43947713730462695 0.72148584442014507 0.53508692946836245 -3.7436323852126492 0.48298875663581942 -0.3124515799296928 0.81798280615354257 2.7617502562541905
0.7537642599191976 0.62088637430802396 -0.21526623206416018 13.083967159011431 -0.44141345571983176 0.72105096284220249 0.53407833703849927 -3.7292302432036495 0.48681988617756833 -0.30754775106147197 0.81757004546343937 2.7918201696027922
0.75083907135452188 0.62326953321156575 -0.21857670941277377 13.01986351042167 -0.44298847251109086 0.72067621463313825 0.53327948290210969 -3.7127380027898016 0.48989988992626832 -0.30358010908537442 0.81721307822252964 2.8202692698043434
0.74805767637106213 0.62596335402118819 -0.22040778626190136 12.957814513736853 -0.44535226566534647 0.71974205943932335 0.53257180486839928 -3.698611063486124 0.49200718723314396 -0.30023531986857627 0.81718277050751853 2.851104587033999
0.74676281051375215 0.62709999759930934 -0.22156465838338937 12.904381743338913 -0.44520614833974859 0.71881250278774766 0.53394762975080245 -3.699727581097338 0.49410200395676157 -0.30009028449278458 0.81597121936925687 2.8853439223390653
0.74648384776358845 0.62685721495466518 -0.22318579051397625 12.865691513446089 -0.44456674210108554 0.71941361917559998 0.53367073777966501 -3.6889485265371631 0.49509824968958904 -0.29915560600454366 0.81571051639068604 2.9089458675851509
0.74776061489770906 0.62557779854112427 -0.22250051860667799 12.827799602021827 -0.44356145294665872 0.72001507362467954 0.53369610380168253 -3.678816802226335 0.49407216099234852 -0.30038427343269458 0.81588111144128284 2.9270774824090564
0.75049803432804241 0.6231439861148923 -0.22010059754254985 12.790226450333288 -0.44173591526522982 0.72072021804545383 0.53425812905870074 -3.67533266802611 0.49155069080872449 -0.30373333677645031 0.81616418599207674 2.9471763758324165
0.75446274740409192 0.61997333565836554 -0.2154507504097149 12.752707339790055 -0.43962985985613129 0.72109061467650071 0.53549408189852565 -3.6693419928892759 0.48735156622539749 -0.3092917530392722 0.81659479694616355 2.9654455667458643
0.76053488026765881 0.61528649098505273 -0.20738666762248398 12.708063762622984 -0.43651900667456506 0.72096911708944422 0.53819577201527558 -3.6689588102090633 0.48066397067817457 -0.31878843488208292 0.81690640900737399 2.9846064946641029
0.76801686111046186 0.60839857371664785 -0.20000319134849376 12.683856418144204 -0.43185955015284427 0.72260158361235172 0.5397631705690048 -3.6600226340462561 0.47291376591490397 -0.32817392775854415 0.81771293443831083 3.0024314429176955
0.77737504650521549 0.5994878044489208 -0.19053191173141226 12.660241550263418 -0.42559571876850766 0.7242924200321661 0.54246545922285772 -3.6556830169657477 0.46320224658018605 -0.3406095456691739 0.81818629673327303 3.023943448085074
0.78905456507433336 0.58822977090995976 -0.17714014212078191 12.629583584223074 -0.41826340661811234 0.72560449591461662 0.54640080361645404 -3.6552118627478323 0.44994290306611812 -0.35704880916159254 0.81857652779488033 3.0454042399373988
0.80231714046272407 0.57491167671561338 -0.16051096565580653 12.593042529198748 -0.41098861151575405 0.72709161702126668 0.54993285195717534 -3.6473035488713772 0.43286899556802416 -0.37525237432085878 0.81964021878046478 3.0601245642021873
0.81725848543804025 0.55863633545456592 -0.14147088990111747 12.559653519227096 -0.40153542425180611 0.72811312421638685 0.5555363007174009 -3.6454529746650364 0.41334957487632973 -0.39721118193442895 0.81936890708386745 3.0863955971182353
0.83253436181108165 0.54050209720070286 -0.12142495347109206 12.532551003412566 -0.39152616814965691 0.72915947028528272 0.5612786532083085 -3.642336400795402 0.39191044392547331 -0.4197427185966755 0.81867102924630886 3.1036683911026581
0.84877132340215322 0.51965296594235999 -0.09771404994915453 12.495106457997904 -0.38175194350023095 0.73010326289087057 0.56675804286300235 -3.6329458230832201 0.36585884464360552 -0.44374544561427637 0.81806924235826972 3.1226164738599049
0.86533011109762692 0.49585943026323936 -0.072987836293346681 12.462983231018516 -0.37005001975783869 0.73030020725322264 0.57421650112403022 -3.6385626431648093 0.33803369906710773 -0.46987767844931289 0.81544355144307334 3.1446740912804563
0.88159558077932376 0.46970291549578441 -0.046566115632794669 12.433272174006605 -0.35843395897885411 0.73039417676263507 0.5814201953853837 -3.6344820517874679 0.30710638059329204 -0.49588659764707554 0.81226975400595558 3.1671858414550016
0.89721278252891934 0.44116090712575701 -0.019653928123747121 12.410188946560559 -0.34609155868694935 0.73011414877187442 0.58919772807501491 -3.6347542917414959 0.27428061519610186 -0.52183367444723272 0.80774981296224846 3.1906073997181057
0.91171482375173341 0.41066570163829119 0.011391297084869632 12.370824712177333 -0.33544095551996778 0.72812827840685834 0.59775293854912637 -3.6327905095797974 0.23718230438040006 -0.54880132259515801 0.80159944037318831 3.2149659666639816
0.92459471876636279 0.37850845223599033 0.043080826538791472 12.334417436068128 -0.32552856555639181 0.72626880525226456 0.60544593113195999 -3.6261348640870836 0.19787814188572803 -0.57381615008934972 0.79471961524835188 3.2372700388792794
0.93593738596667586 0.3441220563455763 0.0748412980002192 12.305014490458802 -0.3154159352346364 0.72459768876451136 0.61275686633214332 -3.6179797939314642 0.1566333213269937 -0.59710819771095136 0.78671964693685781 3.2576430028788055
0.94560385349142395 0.30734458490395017 0.10664266684769352 12.279238446639718 -0.30452441415878068 0.72092389424210457 0.62252198346086562 -3.6249406476022545 0.11444751392416083 -0.6211344820898429 0.77530234213212701 3.2893880875269002
0.95288351842830887 0.26970919352299011 0.13881624990203811 12.255445363046039 -0.29497854588607747 0.71721904075061738 0.63133549326146687 -3.6290322494966079 0.070715329134651603 -0.64253700166911998 0.76298462875174311 3.3153428762069983
0.95726891699336258 0.2314267722094108 0.17342972543104659 12.219551616917038 -0.28815566676664967 0.71237356296583076 0.63991422745367621 -3.632608656365119 0.024546532720982544 -0.66254475765196508 0.7486200049686601 3.3446777365066747
0.95953467770395084 0.19249080676068184 0.2055249172149132 12.199332357535994 -0.28080364644372702 0.70861448445034847 0.64731354425121779 -3.6310306805878416 -0.021036026893913075 -0.67883193924548713 0.73399229139871069 3.3654612331993281
0.9589850837421644 0.15294529061799997 0.23865319448482036 12.174835552234205 -0.27531364956179954 0.70293214673206328 0.65581155178573647 -3.6423429366086979 -0.067453713945168428 -0.69461797786152113 0.7162093697422387 3.395158923692879
0.95529343799756428 0.11413920496878351 0.27273923298250985 12.146292393254072 -0.27224740010696064 0.69935512875296224 0.66089617718816329 -3.6356033794481033 -0.11530741716730211 -0.70560232835218284 0.69916346713067334 3.4212173605048877
0.94888889990752556 0.076612102160396545 0.30617060837848398 12.120183757867988 -0.27119032959109557 0.69416202726503839 0.66677948756659056 -3.6379016862374192 -0.16144863198107007 -0.71573016263523304 0.67945910364464468 3.4480969695542605
0.93984524297546013 0.039733115111576331 0.33928188696116479 12.093526124337021 -0.27141423770777301 0.68995123275129178 0.67104516092024791 -3.6378776202000513 -0.20742524153512959 -0.72276453703021648 0.6592315171361196 3.4773641058698548
0.92816899547096232 0.0029311629112924844 0.37214744944767814 12.064939949052583 -0.27295237167804826 0.68510610605596245 0.67537147277640108 -3.6481290394377313 -0.25298086615740978 -0.72843739039729694 0.6366943141173973 3.512112579654969
0.91312584973905375 -0.029993166484930556 0.40657298545591819 12.027019830756682 -0.27870813824071106 0.68190699645184716 0.67625780725135975 -3.6455028839526666 -0.29752807635032985 -0.73082368472445369 0.6143075659871402 3.5398873889095395
0.89625558120630733 -0.05247737156755005 0.44042259096225461 11.993073360135071 -0.2852863184045269 0.69210882653230876 0.66302118274400657 -3.6365411598426589 -0.33961397157321876 -0.71988297501012743 0.60533532244767696 3.5643567858432794
0.87706648129449882 -0.072778714724226937 0.4748238052928434 11.959646174026698 -0.2939598844908754 0.70045389434356697 0.65034754417083973 -3.6317426924896554 -0.37992364193321487 -0.70997718314183922 0.59295060984721282 3.5930339621140468
0.85544044856307866 -0.091686162647716563 0.50972079272983872 11.92571592656301 -0.30421986074716822 0.70754872521439471 0.6378284077825781 -3.6320177149933688 -0.41913233624855567 -0.70069140784401063 0.57737304724450578 3.6230114621871343
0.83251698318441869 -0.10771011278947518 0.5434280120792383 11.895924651148208 -0.31582024646509732 0.7136439791898781 0.62527581345256111 -3.632078101072997 -0.45516265733497896 -0.69217830258461244 0.5601036982549259 3.6502668360403865
0.80773980616116925 -0.12198738297844866 0.576780273532986 11.868593487611768 -0.32808069564864312 0.71985131038201755 0.61170021095631044 -3.6260445236562773 -0.48981574360714381 -0.68332508320371321 0.54143085244490763 3.6708335197778879
0.78118908678929122 -0.13768835652192707 0.60892161002842049 11.839582511566871 -0.34133269134856248 0.72247802686647988 0.6012632489283416 -3.6388112022640242 -0.52271943191167103 -0.67754514032159407 0.51739441273416475 3.7063086847541342
0.75391067964751979 -0.15106959067388262 0.63937208719730676 11.814133657708972 -0.35515057131164518 0.72503179913845139 0.59008216541009983 -3.6481388458748332 -0.55270856589203221 -0.67194260842105102 0.49295676501888808 3.7325442979640786
0.72543846760770281 -0.16248085337158821 0.66883406163459447 11.785789044067476 -0.36800753536365832 0.72961303829019308 0.57639853250378692 -3.6366278345710858 -0.58164377726453309 -0.664277642740288 0.46949518605077567 3.7423781358234938
0.69512733988218134 -0.17474413548939521 0.69732522431099986 11.746880399809896 -0.38211418218614684 0.73181767745018345 0.5642974736286096 -3.6337853882425342 -0.60892260027078526 -0.65871645955105984 0.44193426298034677 3.7706668908746765
0.66523817597172519 -0.18710586486056488 0.72280672697796067 11.715317754068622 -0.39497802630072548 0.73334351943793052 0.55335308911939152 -3.6323989686662101 -0.63360123734837803 -0.65360437409274563 0.41394540001965807 3.7973235501987013
0.63593644389968818 -0.19931988988718241 0.74555779173420234 11.686167102265456 -0.40637662286254417 0.73480121387208652 0.54307017638878097 -3.6276635939393067 -0.65608145813690877 -0.64833537431445898 0.38628792720130145 3.8197261090182391
0.60603165230824607 -0.2103615520701359 0.76712036461769206 11.649732852621044 -0.41766887828787208 0.73659881310995901 0.5319538482187629 -3.6177163396174592 -0.67696258723085134 -0.64278317178940159 0.3585407223092919 3.8418336587057662
0.5768397146089641 -0.22265344190912656 0.78592708851131221 11.615371966861254 -0.42867719856324676 0.73648784978278159 0.52327956825611066 -3.6178397167305918 -0.695335748456683 -0.63875745939155504 0.32938898735360045 3.8760205486607866
0.54960743421995772 -0.2338263723734019 0.80203297677392915 11.580075898218771 -0.43759417832185715 0.73721947894790119 0.51479974257822203 -3.6123242055585791 -0.71164808954213699 -0.63390272711393203 0.30286024699281078 3.897847096430648
0.52489669815962603 -0.24438118246961929 0.81532894828766689 11.548920891493452 -0.44311337596594114 0.73939892757322723 0.50689225871345478 -3.6027250213649098 -0.72672827955239838 -0.62734923571987566 0.27981948491929376 3.9083618616487406
0.49916975621217663 -0.25641882570341157 0.82769495607256172 11.507941109687527 -0.4498173370522851 0.73974037360043166 0.50044834194218779 -3.5993454602742703 -0.74060375219834484 -0.62212021787623761 0.2539143886024493 3.9423867138028217
0.47536004998674519 -0.26906653462929181 0.83763716656985998 11.466286635758975 -0.45668788239559982 0.73830420321006418 0.49632960983138524 -3.6118041813581971 -0.75197672899473567 -0.61847401195598872 0.22808089701998657 3.9815982721279366
0.45263146611127902 -0.28060960669063667 0.84639411890612781 11.421828128764577 -0.46178210206075349 0.73823298938113568 0.49170046126248856 -3.6153372885452044 -0.76281193363915467 -0.61340875606916334 0.20456698627925218 4.0176307275009719
0.4329780427961849 -0.2918432204114349 0.85285259520990386 11.381861821768767 -0.46458009248854598 0.73854487699316795 0.48858653515061229 -3.6214891064717807 -0.77246058289062203 -0.60776557928779507 0.18418916502675142 4.0477862467472381
0.41444902609543066 -0.30142207502627544 0.85870643263888713 11.333779019452292 -0.46773289618310449 0.73885336985080563 0.48509961419101738 -3.6287252296755126 -0.78067787377170772 -0.60269430936998492 0.16523203943643261 4.0798636095000429
0.39534198665856735 -0.30890004751815542 0.86503495549494336 11.297696035099877 -0.46184887659786417 0.74720076007544201 0.47789814744145293 -3.62369343848551 -0.79397753669115112 -0.58844862544317589 0.15273469299372988 4.0997931967092667
0.37639081015543097 -0.31565881004066754 0.87102782600457063 11.247119948671626 -0.45810459425888328 0.7537780524983132 0.47112506650650021 -3.6191855754703162 -0.80527643623133704 -0.57634899428693387 0.13911038075930116 4.131984505699843
0.35896120892683303 -0.32207527687456367 0.87602189842033051 11.195092660301301 -0.45447139024842903 0.75947949502659196 0.46545316851409779 -3.6135789337622768 -0.81523162716582998 -0.56520652213180111 0.12624967884405547 4.1663621209156654
0.34568096343846022 -0.32918240301582169 0.87871702900364201 11.148257440458098 -0.45117954517889158 0.76278602242634974 0.46324345867282024 -3.6231971184193017 -0.82276466229926692 -0.5565935945873951 0.11516024025615845 4.1983011892506292
0.3338124224903648 -0.33701306117112795 0.88033599448800226 11.100061514082746 -0.44763044461821122 0.76521611635755415 0.46267837675599743 -3.633441814020316 -0.82957594688010139 -0.54851298240490876 0.10458133911580758 4.2300243874528105
0.32083849502170136 -0.34384642409418098 0.88251475724197059 11.046680651821031 -0.44611079417353505 0.76708124529360133 0.46105479331710197 -3.6350168088353154 -0.83549256096871827 -0.54162348523348058 0.092715590972986428 4.2751528932873315
0.31252818048568676 -0.34911233121779101 0.88342895390290765 10.996022470854298 -0.44131907689120048 0.77018823373695644 0.4604862180185702 -3.6345341982479118 -0.84116800270469461 -0.5337889702914691 0.086635595576925239 4.2953173722880393
0.30240859974190171 -0.35427871542721162 0.88489300516920533 10.941299488759128 -0.43725731431954201 0.77335374565030435 0.45905340121025762 -3.6235363823252928 -0.84696816934062158 -0.5257476351671867 0.078957863698983499 4.3277452552582378
0.29362397308765231 -0.36031479732144911 0.88541414561741949 10.888291226117488 -0.43432029603240108 0.77483392786875338 0.4593454742106502 -3.6201450016006165 -0.85155789168003682 -0.51942817699339594 0.071017786946428352 4.3645379929218864
0.28567733125657213 -0.3672772437420227 0.88515303119595423 10.84011899561872 -0.43070399825043665 0.77589834513630351 0.46095099946288615 -3.6240901056184422 -0.85608558468018314 -0.51292220096619789 0.063468791218840526 4.3956668207234593
0.27668991589030001 -0.3730973821868348 0.88557384437998732 10.791155544822722 -0.42655646927274832 0.77810216341846261 0.46109283425908409 -3.6170478426273882 -0.86109945358604534 -0.50532698986778768 0.056145920109793468 4.4223444070204136
0.26724794070324276 -0.37987615163044036 0.88559169350910405 10.748065909828105 -0.42333012122122265 0.77930494510162152 0.4620339933457101 -3.6164953324726077 -0.86566168140717714 -0.49837527222225364 0.047454624439496107 4.4540572372255625
0.25743922424916321 -0.38503288092321819 0.88627012046325704 10.711882759007111 -0.42011299678150738 0.78136540953666844 0.46149015884941219 -3.613322589609278 -0.87018970101538806 -0.49113926475854225 0.039396787422179114 4.4780441962556026
0.24683171192516762 -0.38992910083137849 0.88714677608213399 10.679927850124354 -0.41578025274998703 0.78431272202724922 0.46041322253967026 -3.6119003789711761 -0.875329016662448 -0.48250269469821583 0.031468431764428262 4.4961397684995275
0.23452035147647654 -0.39494059832407385 0.88826917572252428 10.650632346989166 -0.41324564757847743 0.78657623829059808 0.45883096682117835 -3.6110376482732387 -0.87990240339528281 -0.47467857035264921 0.021260652557492543 4.5191110123734362
0.21988948968161659 -0.40186157599077998 0.88890713017151857 10.626546391922332 -0.4107410246603066 0.78836314575748634 0.4580124027494909 -3.6140957608575754 -0.88483920742051214 -0.46582273898293863 0.0082917343103489083 4.5497429371585856
0.20630212042289098 -0.40831503978445233 0.88922340465984162 10.610523098516238 -0.40634956014402795 0.79095247958111548 0.45746498228305982 -3.6179634580391742 -0.89012328925816475 -0.45571153521751717 -0.0027434631252760688 4.5613543435152213
0.1894028324045175 -0.41499532312215837 0.88989069489678441 10.59833210636465 -0.40129334692996155 0.79443516660251401 0.45589079369404412 -3.6171838628942932 -0.89615300969583089 -0.44345422294975539 -0.016066591459700907 4.5768032067077637
0.17125728885292413 -0.42213343212684723 0.89021025971146561 10.583033180978042 -0.39571635239708242 0.79800120008796105 0.45453564558098436 -3.6230788575608917 -0.90226354767345807 -0.43011329918869351 -0.030381579957653448 4.5809643276517811
0.15143314186478052 -0.42986713047258934 0.89010238382122253 10.581541533534425 -0.38938286524499782 0.80173364209980691 0.45343593966399992 -3.6216894575726664 -0.90854223225921482 -0.41525584555143902 -0.045973850576194852 4.5845879577394992
0.1271169412426687 -0.43329771956804847 0.89224120587778111 10.577148837026689 -0.38317762415563655 0.8082540127508353 0.44710217984104528 -3.6205749727760064 -0.91488588993138908 -0.39872112696633155 -0.063287212888140987 4.584592301640769
0.097158947803274165 -0.43987146362529961 0.89278958010826792 10.574188561095603 -0.38065613068495185 0.8124085397250701 0.4416936435514327 -3.632753093786274 -0.91959830852047653 -0.38276031673870781 -0.088507010436250866 4.624485495337975
0.068382009087391227 -0.441666087600524 0.8945697110325268 10.564165546894067 -0.37301888814939682 0.82031565714579147 0.4335194709874704 -3.628537383941083 -0.92530038901805289 -0.36333633138610666 -0.10865496020856868 4.6319778409774575
0.038477438001036757 -0.44371340512370244 0.89534233725341361 10.553455574712258 -0.36552561448145887 0.82765819024577225 0.42587902657567545 -3.6322208326059378 -0.93000565155424098 -0.34365729183682703 -0.13034244836026976 4.6413976954103147
0.005073307244523928 -0.4433584621663908 0.89633003719559445 10.531714981314455 -0.3575177162105258 0.8362933302355674 0.41568563650806389 -3.6291627265156969 -0.93389257634334621 -0.32256276882020546 -0.15426573184550763 4.6590666563463126
-0.027874272878785744 -0.4421697424163013 0.89649815605107686 10.509232016003404 -0.34869141831691181 0.84481416262749087 0.40583657476397056 -3.6288345531606399 -0.93682299272787894 -0.30128881412278352 -0.17772937512090525 4.6740464749830588
-0.061952678179922449 -0.44006351434582192 0.89582697492760288 10.484067964609434 -0.34023950564487671 0.85310096190719964 0.39554497543457762 -3.6292970088655649 -0.93829576598472686 -0.28029065652392926 -0.20257888192138851 4.6946075106900933
-0.098690741769033252 -0.43654502792168992 0.89425308279364046 10.451150201420251 -0.33208622833172452 0.86157253451709881 0.38394205906385448 -3.6271665036306655 -0.93807189193658735 -0.25907760683361569 -0.22999982433879973 4.7237155484226561
-0.13511763923631692 -0.43303229631894191 0.8911937241206026 10.417969493959465 -0.32417196075570254 0.86926107124429852 0.37322611092877434 -3.6313157710367903 -0.93629897117694616 -0.23847058595130474 -0.25782943239481715 4.7610045537391841
-0.17060933062149752 -0.42695546073452567 0.88803237038626803 10.376092650588584 -0.31480180622360571 0.8776308581884098 0.36147461813221515 -3.6311035165266987 -0.93369817344966488 -0.21788325154642851 -0.28413836346455557 4.7902960111527895
-0.20523738480493647 -0.42039737091956475 0.88382332306991573 10.330407321299591 -0.30554942397047302 0.88543351639584122 0.35020999065447528 -3.6311355770941067 -0.9297941521593599 -0.19817552464119628 -0.31017623384689563 4.8163797407014215
-0.24033602068989302 -0.41124001048342512 0.87927256919372854 10.281317634238896 -0.29668808148523068 0.89359531626820765 0.33684357355920441 -3.621696330231384 -0.92423740427639089 -0.17991404759249466 -0.33677315215932113 4.8533893332495355
-0.27331866878031219 -0.40391127290072643 0.87301351015884776 10.226302583898201 -0.28796825822745847 0.90030486850767133 0.3263823310089386 -3.628430901318183 -0.91780781623910856 -0.16219379570470469 -0.36238375389260868 4.8864312668497547
-0.30603557983904683 -0.39626824459626658 0.86562907887684326 10.17009597748654 -0.27979503102900466 0.90653764685127114 0.31607631270444525 -3.6387786510152171 -0.90997635380489805 -0.1454681173520623 -0.38830666019267546 4.9293979975293514
-0.33755807242661851 -0.38674986826890151 0.85818359756733498 10.111439945146481 -0.271732653721174 0.91291878216080879 0.30453351552772356 -3.6337643219637932 -0.90123022177536571 -0.13039875985611599 -0.41325567241928174 4.978070913907743
-0.36866796636335541 -0.37666784632848466 0.84982660826769219 10.046122061572913 -0.26377890192449366 0.91903410985013323 0.29291124224153936 -3.6294172028285274 -0.89134988723677799 -0.11617933755291621 -0.43817546719179679 5.0315720686031531
-0.39737930886275841 -0.36840286445953119 0.84045762198088769 9.9766423597380971 -0.2562350791802781 0.92399271112008741 0.28386802214132412 -3.6332593228901984 -0.88115450920098737 -0.10255144686918341 -0.4615733220841558 5.0869564858208394
-0.42532780996348674 -0.35893992201021635 0.83081790210548812 9.9026031626701609 -0.24959878175985434 0.9289113171703558 0.27354014874754901 -3.6293536713203993 -0.86994063143162892 -0.091026903825926361 -0.4846827834410925 5.1515164501857473
-0.44936578467599353 -0.35083626497338927 0.82157428558959344 9.8250317812426857 -0.2418800647218661 0.93308837862044758 0.2661580582541323 -3.6223070094890373 -0.85997931710749587 -0.079120116677024815 -0.50415828990936906 5.1978478722431003
-0.47148354985635565 -0.34404533806145843 0.81199511548594105 9.7326015235794756 -0.23585912849156798 0.93641285072375535 0.2598104010747222 -3.6200916647007197 -0.8497492181355909 -0.069020130089610637 -0.52264948858710825 5.2489902810068321
-0.49347189820640303 -0.33426000518796573 0.80296683282207282 9.6417819308274382 -0.22931551930607863 0.94053910696277931 0.25060044070001364 -3.5841715298492742 -0.83898741247169673 -0.060468481090554013 -0.54078062512320857 5.3028135157455498
-0.5132509442562796 -0.32480404688563957 0.79440279414585968 9.5374885496861488 -0.22158340852245847 0.94438773618738725 0.24296624622862981 -3.5520735933980658 -0.82914067641601508 -0.0513238235673565 -0.55667908515303521 5.3483315025054452
-0.53003515954700298 -0.31843577703510367 0.78591436273173743 9.4384218777671798 -0.2159547163398873 0.94694336242215338 0.23803745263127205 -3.5340493070132268 -0.82001603041315119 -0.043553694087597232 -0.57068098408548895 5.3955203484614156
-0.54558046020131479 -0.31087581369040174 0.77826614336539934 9.3198314106501581 -0.21104381703464892 0.94969066207222774 0.23140473993472849 -3.5009172067898517 -0.81105022578010999 -0.037998353058314421 -0.58374108680723213 5.4437221735084567
-0.56121658819030973 -0.30345542017817018 0.77003295325883248 9.2081767621812247 -0.20625858745597078 0.95228853457285034 0.2249531996255239 -3.4652450680932909 -0.80155682034444498 -0.032578442037386232 -0.59703040866753243 5.5048797422991624
-0.57437623803635107 -0.29297345265873903 0.76436803518751795 9.0727874503348165 -0.19969348096324918 0.95569779662046828 0.21625039929572981 -3.4047394812188996 -0.79386047315632835 -0.028430222862294744 -0.60743499371373955 5.5510775357725466
-0.58687455219303075 -0.28605237097365999 0.75746438929403015 8.9502829269399076 -0.197016185239345 0.95784667209697372 0.20907983046312392 -3.3566131100217542 -0.78534252574400087 -0.026529112557719375 -0.61849278366439675 5.6120701275530775
-0.59738424064280449 -0.27966575183548376 0.75161102724874496 8.8143284802139643 -0.19445859141439059 0.95976796517857688 0.20256186522172695 -3.3152316694653075 -0.77802180255874009 -0.025149955611642637 -0.62773366524026852 5.6753868218095969
-0.60743954694519053 -0.27200736163172307 0.74634388322352552 8.6756312107128402 -0.19247004539422799 0.96194805659855065 0.19393611843134179 -3.2553413959094231 -0.77069609992069266 -0.025844373167493277 -0.63667856092585207 5.74029319089487
-0.61737837781543603 -0.26495901814528305 0.74070281308326935 8.5327529988614845 -0.18932418905426901 0.96394132474826666 0.18701196186741675 -3.2104966281007496 -0.76354455668606824 -0.024775817767417871 -0.64527968262531821 5.8093179703572257
-0.62491336195565328 -0.25982773829197292 0.73618804422739759 8.3806698847574381 -0.18808444834794141 0.96532271666171821 0.18104224089004928 -3.1781938799456979 -0.75769883881324063 -0.025329806768274031 -0.65211262106337786 5.8771450751565464
-0.63184201141279406 -0.25404793384015223 0.73228090233556176 8.224126435649314 -0.18589432946580295 0.96685448782144701 0.17503056205127979 -3.1434485220711914 -0.75247522941708489 -0.025535204935089924 -0.65812535464197763 5.9428928211408767
-0.63883566594976871 -0.2494577336821639 0.72777732241165294 8.0764305231504281 -0.18614521308185006 0.96798384136282001 0.16839608815881524 -3.1057218431220615 -0.74648439471781936 -0.027894837634182785 -0.66481796491681422 6.0211163557024312
-0.64590843387446317 -0.24364914343171437 0.72348973037274666 7.9165295988880384 -0.18551378032757168 0.96938909237918447 0.1608397490822292 -3.0714254444363132 -0.74053152016535484 -0.030329564475159495 -0.67133686414521843 6.1107052261409311
-0.65144141608894479 -0.23771205598179138 0.72049778614853555 7.7403830683197246 -0.18593738236463944 0.9707102108568334 0.15214787667814503 -3.0361149320738345 -0.73556194249255247 -0.034852044117839549 -0.67656039181834471 6.1995450506420564
-0.65820760947698154 -0.23255614760274307 0.71601702566263692 7.5806284338175116 -0.18601855151455099 0.97184089944745244 0.1446456520383346 -3.01379144572235 -0.72949286584518858 -0.037985581124129336 -0.68293283294013363 6.2963994587260323
-0.66508102435400351 -0.22728624553315563 0.71134252905029627 7.4096902739294874 -0.18735795270528177 0.97287645546177448 0.13567755881581658 -2.9989477637341908 -0.72288604122801736 -0.043039110115987086 -0.68962555520957114 6.4102356005960077
-0.66991516934965722 -0.22001319643758083 0.7090894578743494 7.2327923158357468 -0.18754408684870488 0.97425660814839565 0.12510506371553864 -2.9674795544849131 -0.71835985506103117 -0.049175754925593319 -0.69393145465830597 6.5100537027645293
-0.67412386671950264 -0.2123790285209865 0.70742643473624089 7.0502814320877976 -0.18846239012834931 0.97552577831106224 0.1132756962358043 -2.9459171756968909 -0.71417010566548977 -0.056961426378544476 -0.69765066908780748 6.6108746418141333
-0.67768999831009435 -0.20439506370360841 0.70637024578054164 6.8606896010170084 -0.18556026016475505 0.97704012705613974 0.1046899229616234 -2.9577064131668074 -0.71155017815896393 -0.060126932864732807 -0.70005792325080307 6.7006754576821228
-0.68212792849488491 -0.19714666933673855 0.70415529532675392 6.6925574694914731 -0.18457558678408351 0.9782090205983236 0.095073470449856187 -2.9724651481445505 -0.70755447983218134 -0.065117607369275174 -0.70365215503110079 6.8090769886552405
-0.689938335121139 -0.18677497704847046 0.69935699158499487 6.5592795785896207 -0.18465705629008161 0.97958679332296084 0.079444860812518336 -2.9447788377562305 -0.69991918482961513 -0.074329148359053007 -0.71034379874231712 6.9499033754349471
-0.69518912726004412 -0.17591573225700352 0.6969689609185622 6.4264378610749686 -0.18298831378062785 0.98095903889235458 0.065074119549253004 -2.9347330081013174 -0.69514556343196243 -0.082298354539263041 -0.7141425813386213 7.0540199500458076
-0.70046804318979183 -0.16751923498538149 0.69374478475861434 6.300515835275851 -0.18214722404084413 0.98183255617407728 0.053171612829515075 -2.9463450920868173 -0.69004848325612456 -0.089118671144658851 -0.71825549298932034 7.1653523672550232
-0.70557375304712133 -0.156932546914197 0.6910411382327567 6.1694939242204319 -0.18101776549065746 0.98273183952695498 0.038349708691678572 -2.9538263527837847 -0.68512644642268039 -0.098032174815162673 -0.72179737122910081 7.2845278599105416
-0.71244200141211866 -0.1475972143201372 0.68603313108685215 6.0854986055723099 -0.17973290443451925 0.9833996863387835 0.024922679878261678 -2.9586122065798053 -0.67832328405224795 -0.10554676325552494 -0.72714331673945498 7.4113868202271762
-0.71875400445536264 -0.13749910616215327 0.68153259414644973 5.9926450679259755 -0.17896148274331936 0.98380779070914526 0.0097477502175231413 -2.9600582642001276 -0.67183738268549265 -0.11496184908307412 -0.73172283310124153 7.5290225853993711
-0.72629766798409601 -0.12589606012680243 0.67575282428223116 5.9177046883219671 -0.17789402560475831 0.98401815840729645 -0.0078727110226723355 -2.9320649816289586 -0.6639619063884592 -0.12593032188183059 -0.73708625064895972 7.6603439311499608
-0.73412406275946518 -0.11545266704360904 0.66912819560234871 5.8546685014540296 -0.1768197232197625 0.98394512801811029 -0.024223346794180565 -2.9265056357590011 -0.65558877809036975 -0.13609800410712167 -0.74275210354467158 7.7840880443442257
-0.74376652975146529 -0.10216637322767891 0.66058563517757851 5.8473295850004918 -0.17495667046320235 0.9835531479851678 -0.04487057553561169 -2.8655252282368187 -0.6451368170255769 -0.14894709554056174 -0.74940860019627342 7.9072629195624184
-0.75206887415050749 -0.09143975250879649 0.65271064047946925 5.8061195782412369 -0.17298271013444605 0.98299636683451297 -0.061604584120744342 -2.8517704178312893 -0.63597908026013805 -0.15923854574592702 -0.75509846710226602 8.0198972060626588
-0.75884631480399856 -0.081962156221659019 0.6460916927618614 5.7477136952737888 -0.17092567999484637 0.98233776998785383 -0.076137491248331746 -2.8484857822580181 -0.62843987972334359 -0.16821031657656074 -0.7594528339340918 8.1045060679604983
-0.76720049928213929 -0.072293129521627073 0.63732024706987456 5.705126574401679 -0.1704832667825949 0.98087020892097121 -0.093963232162718513 -2.8405400999917667 -0.61833554777998267 -0.18074107633656389 -0.76484888290192954 8.2089244143442563
-0.77423751916019201 -0.06370697528241806 0.6296806216051416 5.6638036339579596 -0.16828249521484842 0.97982849500298608 -0.10778275457812307 -2.8428040176176834 -0.61011250251813121 -0.18941367870496778 -0.7693407519366926 8.2623534481229282
-0.78275131705143108 -0.051562189243978269 0.62019490186119608 5.60717535046523 -0.16401692942227686 0.97842092383036339 -0.1256620176259558 -2.8256602041430514 -0.60033226010030338 -0.20008457324668072 -0.77431733871298269 8.3223772958025464
-0.79330108710627822 -0.041837185707856238 0.60739034820125681 5.5933803456215658 -0.16147684747233518 0.97636572437899671 -0.1436495735749789 -2.7826633766185482 -0.58702522341582042 -0.21203684149204691 -0.78130772741838617 8.3747574351217846
-0.80305585258813883 -0.029941119920514937 0.59515109590913406 5.5425822685998307 -0.15719790006761497 0.97400384589480893 -0.16311139873244157 -2.7331884111855533 -0.57479571835415588 -0.22454406587578024 -0.78688617006635941 8.4093836984266943
-0.8126055660164393 -0.02070312791329354 0.58244619886621984 5.5081485902591396 -0.15383229711680149 0.97154739714212002 -0.18008686645655125 -2.7123877862379011 -0.56214572705204335 -0.23593862676759275 -0.79266963229087573 8.4316145490453263
-0.82266012200456351 -0.012157066764288588 0.56840349171264415 5.4544174468355235 -0.15019605977049511 0.96889969080398264 -0.19665841652307892 -2.700104460851712 -0.54833517787285468 -0.24715500174513072 -0.79890108137335103 8.4371795670195322
-0.83278372132403966 -0.0043515496605430019 0.55358137388575213 5.4347629797556429 -0.1486373231855164 0.96500944859757831 -0.21601784711833935 -2.6672952202714013 -0.53327124397808046 -0.26217900017535672 -0.80429096240920273 8.4238099198087593
-0.84407373424241183 0.0010059414015522097 0.53622618291535096 5.3981895119601235 -0.14605364743957688 0.961758836480195 -0.23170729924164524 -2.6660404287861601 -0.51595335373623319 -0.27389583518950811 -0.81164845113766826 8.4473813227789716
-0.85647501832462902 0.0063136071412959417 0.51614986326714474 5.4185392073917198 -0.14276677494093712 0.95802200191385878 -0.24861917026232355 -2.6718390610630056 -0.49605260906358573 -0.28662515977113351 -0.81962053831476323 8.4594970196707617
-0.8703383265837632 0.019527443626437824 0.49206694282870911 5.4385705643642677 -0.13300058619133193 0.95276059808750646 -0.27305326733935847 -2.5830749348969881 -0.47415402703355569 -0.30309391560596094 -0.8266269031252913 8.4636541885007759
-0.88361435220985052 0.024006676831280868 0.46759956804544306 5.4545438846196763 -0.12706957926902804 0.9489076920027536 -0.28883821437337481 -2.6088953920149529 -0.45064287256447172 -0.31463927206489312 -0.83541793725135904 8.5142105613171726
-0.89336823668666687 0.034857448970027564 0.44797115077944283 5.4184169775555535 -0.11905413513393587 0.9429896730745676 -0.31079991856857159 -2.5539956283103384 -0.43326586132173733 -0.33099159313496485 -0.83828709800826107 8.4833359600306224
-0.90814334293521948 0.04933547514964319 0.41574232353009644 5.5105058975900318 -0.10549121171779985 0.93402577660014385 -0.34127328183848282 -2.349068504645186 -0.40515092611612624 -0.35378222049483654 -0.8430248320951097 8.4960910824589195
-0.91319848518048841 0.056979736252251535 0.40351187878510603 5.2955110247349566 -0.09608150750673515 0.93215646096001625 -0.34907402682773581 -2.4628661746593505 -0.39602635086480725 -0.35754390212548925 -0.84576916914343947 8.4571019208111995
-0.92667844231918672 0.061468655852421186 0.37079464517247662 5.3643135685401608 -0.083726668573742905 0.92798678325902706 -0.36308452881678421 -2.4396385182504132 -0.36641084797045631 -0.36750800595940791 -0.85479878102703877 8.4691537688514664
-0.93438021312660702 0.063479851597136427 0.35057656190721359 5.2774132487114933 -0.080993939147470995 0.92038724699149788 -0.38252751194755569 -2.3675646034866635 -0.34694898636377741 -0.38582071486199015 -0.85485014876557797 8.4093866938333388
-0.94147523022828805 0.071391638738558832 0.32943531198828058 5.1823891155027129 -0.074319402709449339 0.90930165638416049 -0.40944733981054621 -2.2008528825919464 -0.32878719142859469 -0.40996796413286402 -0.85077920234174265 8.3124312164070595
-0.95099182655080106 0.071734739317071181 0.30078010740187527 5.1214512293843217 -0.062191670660658269 0.90846850359061637 -0.41330034367789059 -2.320832812850087 -0.30289724649459593 -0.41175126612912571 -0.859484818310978 8.3134405080804488
-0.95792226858152651 0.075716102050784065 0.2768609745808488 5.0087692729250479 -0.052864435543488922 0.90153698018506212 -0.4294606207948144 -2.2669937254655506 -0.28211749114560492 -0.42602599128343599 -0.85959966027254553 8.2456758093807032
-0.96670908810734391 0.082124980772543502 0.24234072398954476 5.0529604908139616 -0.036626926535719334 0.89292928304082797 -0.44870453946972727 -2.1442506986008203 -0.25324298060008371 -0.44264295207458387 -0.86019486731523975 8.2298051152292295
-0.97457150002441106 0.083874132412662186 0.20778720184889368 5.0694793634153505 -0.022113691587217585 0.88677642155865599 -0.46166932193076293 -2.0800364355812797 -0.22298290513973285 -0.45452470568677361 -0.86237226064837991 8.2157925882375693
-0.97457150002441173 0.083874132412662256 0.20778720184889385 5.0694793634153532 -0.022113691587217637 0.88677642155865588 -0.46166932193076315 -2.0800364355812788 -0.22298290513973304 -0.45452470568677378 -0.86237226064838091 8.2157925882375764
1 0 0 0 0 1 0 0 0 0 1 0
1 0 0 0 0 1 0 0 0 0 1 0
1 0 0 0 0 1 0 0 0 0 1 0
1 0 0 0 0 1 0 0 0 0 1 0
1 0 0 0 0 1 0 0 0 0 1 0
1 0 0 0 0 1 0 0 0 0 1 0
1 0 0 0 0 1 0 0 0 0 1 0
1 0 0 0 0 1 0 0 0 0 1 0
1 0 0 0 0 1 0 0 0 0 1 0
1 0 0 0 0 1 0 0 0 0 1 0
1 0 0 0 0 1 0 0 0 0 1 0
1 0 0 0 0 1 0 0 0 0 1 0
1 0 0 0 0 1 0 0 0 0 1 0
1 0 0 0 0 1 0 0 0 0 1 0
1 0 0 0 0 1 0 0 0 0 1 0
1 0 0 0 0 1 0 0 0 0 1 0
1 0 0 0 0 1 0 0 0 0 1 0
1 0 0 0 0 1 0 0 0 0 1 0
1 0 0 0 0 1 0 0 0 0 1 0
1 0 0 0 0 1 0 0 0 0 1 0
1 0 0 0 0 1 0 0 0 0 1 0
1 0 0 0 0 1 0 0 0 0 1 0
1 0 0 0 0 1 0 0 0 0 1 0
1 0 0 0 0 1 0 0 0 0 1 0
1 0 0 0 0 1 0 0 0 0 1 0
1 0 0 0 0 1 0 0 0 0 1 0
1 0 0 0 0 1 0 0 0 0 1 0
1 0 0 0 0 1 0 0 0 0 1 0
1 0 0 0 0 1 0 0 0 0 1 0
1 0 0 0 0 1 0 0 0 0 1 0
1 0 0 0 0 1 0 0 0 0 1 0
1 0 0 0 0 1 0 0 0 0 1 0
1 0 0 0 0 1 0 0 0 0 1 0
1 0 0 0 0 1 0 0 0 0 1 0
1 0 0 0 0 1 0 0 0 0 1 0
1 0 0 0 0 1 0 0 0 0 1 0
1 0 0 0 0 1 0 0 0 0 1 0
1 0 0 0 0 1 0 0 0 0 1 0
1 0 0 0 0 1 0 0 0 0 1 0
1 0 0 0 0 1 0 0 0 0 1 0
1 0 0 0 0 1 0 0 0 0 1 0
1 0 0 0 0 1 0 0 0 0 1 0
1 0 0 0 0 1 0 0 0 0 1 0
1 0 0 0 0 1 0 0 0 0 1 0
1 0 0 0 0 1 0 0 0 0 1 0
0.99873661608771391 -0.042162942713924172 -0.027339677162772833 0.35675844701453119 0.041080499934412984 0.99839386910866124 -0.039013775148990702 -0.022379903861269469 0.028940701629383288 0.037841358167217759 0.9988645891216984 0.15821701616196468
0.99770020563648454 -0.059085071661145037 -0.03321526726843943 0.49616137623342332 0.056636313156776509 0.99591164488319317 -0.070372747694402715 -0.0064701426019871172 0.037237450301061861 0.068329714567308658 0.99696761351722252 0.22426462177170994
0.99658325063137732 -0.073644484058213916 -0.037394044028385351 0.64383509171476827 0.069453087254119 0.99223832584886773 -0.10314733824732447 -0.026874917440065569 0.044700036150646209 0.100197777841805 0.99396293295258009 0.29264271123997526
0.99548930356752952 -0.087073765519111043 -0.037672348492732009 0.7828780086119389 0.081052920707713791 0.9869263302249135 -0.13930844465980566 -0.0424194472037282 0.049309943494026023 0.1356266126802109 0.98953218816039934 0.3689939781321816
0.99457618149671612 -0.098500797233470688 -0.033403774394247916 0.90644005130887584 0.091106851708309997 0.97997040390256795 -0.17708062866061261 -0.08167874276808304 0.05017729338267591 0.17307686275007547 0.98362931981991086 0.42393821576391683
0.99378192830895651 -0.1064476368065473 -0.03265546791631542 1.0506550692809844 0.096461896177166689 0.96957579788870607 -0.22498416551923045 -0.062707645835791831 0.055610984098805723 0.22043518949292187 0.97381504695747134 0.46180225668426778
0.99272418147454278 -0.11637936446437018 -0.030895679998476953 1.2111719565362822 0.10346526583434225 0.95571018973930499 -0.27552308795142849 -0.04181333733525637 0.061592518064517272 0.27032180221974517 0.96079783771776939 0.47290456098953776
0.9920283576380331 -0.12462026392059652 -0.018695653568344014 1.3042805342535264 0.11222679754447237 0.94118461469992842 -0.31871094578796511 -0.091294259752134274 0.057313903678764343 0.31407214278332307 0.94766756068391056 0.49950266708029906
0.99132847433504168 -0.13104209792471608 -0.0097890011772277623 1.4390311829683464 0.11844770515110235 0.92333796420581205 -0.36526311749299867 -0.11001873756263131 0.056903401629394376 0.36093624427003135 0.93085285112913962 0.51998697470533906
0.99151117652824683 -0.12996176112250513 0.0039404905162547911 1.5203461355948349 0.12008191032224914 0.90367229854287023 -0.41104344254543818 -0.12560734804686208 0.049859017568852033 0.40802734895124682 0.9116072404686606 0.53887773960552909
0.99114316850640705 -0.13230549709183156 0.011422563738646188 1.6692019724172491 0.12283001387894296 0.88065629845266369 -0.45755575800786463 -0.13477284010433496 0.050477789309544545 0.4549062974228168 0.88910756005754732 0.54582545251208481
0.99138279313791378 -0.12896166800660747 0.023000992479063561 1.7729899269397444 0.1227736972090416 0.8534857315156974 -0.50644715950702857 -0.097515956351940616 0.045681251555654168 0.50490691645497254 0.86196416919280383 0.56708427228680791
0.99174930638835279 -0.12287465493905635 0.036539464306813818 1.863616928008675 0.12250941623719111 0.8245376508438309 -0.55238492491573254 -0.05298738155825302 0.037745942979924882 0.55230379458640744 0.83278794556238123 0.57909532065915792
0.99220298310472854 -0.11671723338338602 0.043707296294852711 1.9726042468820955 0.11963209434985878 0.79357228261256041 -0.5965996934884874 -0.0014007361369386552 0.034948566773822555 0.59717679099276688 0.80134791319378684 0.58533056279080242
0.99218800949682695 -0.10849926155879609 0.061569993112882623 2.0402446424846312 0.12277888925403209 0.76186121945292307 -0.63599750522093346 0.022397912542876895 0.022097469635018987 0.63858859411588387 0.76923098566089265 0.6551571046200394
0.9920738412463681 -0.10244599955186734 0.072762014062936045 2.1377198858827349 0.12489778691594955 0.74041704681482723 -0.6604416246796595 -0.058170439555932471 0.013785366813188885 0.66429467404294984 0.74734366238029815 0.62369612687077214
0.99190398369640487 -0.089281068916501158 0.090307130728027624 2.2030708321131307 0.12696051924645774 0.71255089594558596 -0.69003785928006345 -0.042964258343543081 -0.002741109241152995 0.6959167417301223 0.7181172431433871 0.6782427693041666
0.9921008758819766 -0.083356545654865652 0.093741870957983586 2.3842755758165732 0.12534885385519989 0.68764667506427024 -0.71514314309111704 -0.015539827873267065 -0.0048494238217224855 0.7212445747245122 0.69266351608775745 0.71406534055220838
0.99117382707476043 -0.07557953358588651 0.10891362919723528 2.4997056210602424 0.13087754726012663 0.68868268778314401 -0.71315301525756591 -0.061250863934116405 -0.021107158623233268 0.7211129520752797 0.69249591926893628 0.71268873930577858
0.9906366068905671 -0.062110940078450035 0.12157855160724354 2.5859343120603562 0.13063194557418253 0.69004321727132267 -0.71188176904128264 -0.064591878148457765 -0.039678809002385761 0.72109818292685601 0.69169574430940284 0.6917716428019145
0.98957704433797111 -0.048159081236037252 0.13571284468990358 2.6727069976723294 0.13120455737195214 0.6899477265474514 -0.71186901797790969 -0.073028660743439583 -0.059351810790870152 0.72225538248358112 0.68907512292154394 0.726663863550711
0.98809637229969294 -0.031660893978352325 0.15054284054938727 2.7299559435464062 0.13070147332745011 0.68889015367391304 -0.71298490940633963 -0.058138023523677411 -0.081133740935695545 0.72417397354753366 0.68482798724800631 0.74045773231706846
0.98647156408695769 -0.012415813208481801 0.16346161882901847 2.8380178103256255 0.1277682917230081 0.68296303980912554 -0.71919173374341783 0.013313403883995817 -0.10270889386034461 0.73034740626434147 0.67530996533809096 0.82278215406714472
0.98583608402097522 -0.010324912710012535 0.1673935829705529 2.9788859330930011 0.12939953903948925 0.68177770126224058 -0.72002425331230524 0.050700320425962397 -0.10669102463917221 0.73148654276008773 0.67345709813048815 0.61572891038556865
0.98376844725199231 0.0049328968522931787 0.1793747716933701 3.0827822092045158 0.12717736713711136 0.68604050834900621 -0.71636187656261385 0.0074910522165971567 -0.12659209880350511 0.72754662217130928 0.6742776528164357 0.58030994500813438
0.98137528060067891 0.020971327462820238 0.19095225070782959 3.2190010239239402 0.12489221867867492 0.68561987469437713 -0.71716617400542848 0.0077818971079081168 -0.14596058488323718 0.72765760550448022 0.67023124129812817 0.61341245683167178
0.9788206897012669 0.03740136517340166 0.20127393098934107 3.3507490141996739 0.12077797300265096 0.68833524082853226 -0.71526727694680503 -0.012550979671563149 -0.16529591238172553 0.72442786674498683 0.66923951410029625 0.61637351410606556
0.9751512952447795 0.059740846502478441 0.2133330322326954 3.4588958043616898 0.11518150482672894 0.68585792282277436 -0.7185625447009325 0.027471693008433939 -0.18924368504200917 0.72527921586131006 0.66193420119474433 0.67824821625910192
0.97155084056202579 0.079490345496416898 0.22309246777083588 3.6024500720575965 0.10846186157982043 0.68805660874002395 -0.71750548970151973 0.017098650926271587 -0.21053500608179401 0.72129008598624034 0.65986030572546261 0.68140614762159502
0.96653654542618506 0.10116880206438002 0.23573709899902154 3.7101579028909168 0.1018690625441377 0.69201868171869463 -0.71465574806944543 -0.0078310419293459357 -0.23543534240210146 0.7147552151899127 0.65855537497375793 0.68343370476145082
0.96142045736878523 0.11553469194690505 0.24964462563718354 3.7802774482269563 0.10077656954257719 0.69650044681927148 -0.71044437545228378 -0.048291597344788786 -0.25595856536561901 0.70819408535887196 0.65798658822097966 0.59042193920885178
0.95418845949668385 0.13911819645099821 0.26489717095425303 3.8418410685544684 0.095175139372472212 0.69822483817481307 -0.70952362060835339 -0.043631567333150385 -0.28366543076091555 0.70223087568973885 0.65299748898387566 0.58188194025960771
0.94626803670916049 0.15732840703273859 0.28253243184302196 3.9410282095001659 0.093811246568849996 0.70255794883597278 -0.70541603224238481 -0.07846236871243252 -0.30947738644332212 0.69401736352048993 0.65004895693499809 0.60991218942598679
0.93764811651400326 0.17560708056034682 0.29996360255006599 4.0793636635701924 0.092757384974233067 0.70527745816544662 -0.70283694733304158 -0.11356682469026264 -0.3349807115797625 0.68683757924327249 0.64501322669287742 0.64928012056709505
0.9308444324643349 0.19287327117107628 0.31036840016006595 4.3137786789405279 0.087414364644845421 0.70716411222016573 -0.70162500471519884 -0.12040853621829525 -0.35480610395522838 0.68023438582273488 0.6413998822423328 0.65315479599878878
0.92558055615099222 0.21261196431871243 0.31320406559263947 4.6546355963089425 0.079623614881532342 0.69952312373646908 -0.71016017862956105 -0.028541858473010214 -0.37008203688968383 0.68224889299031566 0.63053606874236112 0.77393939168184855
0.91617711310174144 0.23489377196387026 0.32472205548922012 4.8571233610720883 0.073793341541583318 0.69751376520568653 -0.71276159414822127 0.0033478101285611839 -0.39392136293007274 0.67697818520331343 0.62171255141435111 0.80492791418724674
0.90376194519438813 0.25487779836918706 0.34387738267721513 5.0117097483676512 0.073336833133881132 0.69930191209942938 -0.71105453000453867 -0.031422953824711608 -0.42170612436191757 0.66784290340809793 0.61331052578860323 0.84358769688948443
0.89337442883807205 0.2718307257434488 0.35775716127009738 5.2888382754102654 0.071139139250230229 0.70061408903734002 -0.70998529640346397 -0.022738233619012345 -0.44364552602836527 0.65973324517123444 0.60657290777848549 0.9100791519834055
0.881225198663389 0.2816409132256173 0.37963211829099874 5.4963615902028193 0.075215301638363832 0.70934199014763166 -0.70083992424293817 -0.11561991200003327 -0.4666741986012517 0.64615194576108625 0.60390632994616134 0.91027965876898076
0.86928646971524182 0.29662134737484158 0.39541978940304146 5.752149477980363 0.076363461900431903 0.709756786024065 -0.7002955992860237 -0.13516747677725008 -0.48837450307790781 0.63895311328322313 0.59433093792018221 0.95411124330621755
0.86265979922666769 0.30720568214622662 0.40179937737044463 6.1475858088387829 0.074426064765393096 0.70865886352732899 -0.70161483452653151 -0.16957099182366736 -0.50027875397796273 0.6351592587699767 0.58846740293497235 0.94303644756904592
0.8507545901954674 0.31927978423980208 0.41746502444771078 6.4169956604856973 0.075827924015771792 0.7114400197878975 -0.69864384645086108 -0.23851603218104861 -0.52006418180913083 0.62602996543295075 0.58105053926420025 0.90262693094874513
0.83588564536971899 0.33327664766018078 0.436144315553052 6.6480101728782346 0.081025736651373276 0.71095171453335548 -0.69855743471971199 -0.26760521097749829 -0.5428904289679003 0.6192530466024968 0.56727034684405564 0.93401404899102958
0.81934511572069724 0.34909978513701978 0.45475589205850192 6.8951551211732047 0.086386776975221069 0.70898779910669973 -0.6999097266659976 -0.29123356604631601 -0.56675471423577117 0.61275251181461898 0.55074808502291195 0.97558966362487187
0.80576822327572961 0.35913734752067539 0.47091181337368004 7.1701614496432908 0.090070896018523902 0.71158454057281961 -0.69680318261915941 -0.35951595495686134 -0.58534161311963318 0.60387731140818901 0.54102438828293398 0.92211305434559909
0.78556834746402604 0.37567351462501786 0.49168260277533288 7.3695444493093465 0.095018003461791456 0.71194445680364815 -0.69577774428670336 -0.40674382867471232 -0.61143597414674111 0.59329967203416234 0.52358528310427221 0.93118619655740409
0.77006648291288382 0.3879623882292319 0.50644130678061006 7.641953069863936 0.097682303904349843 0.7127758729159055 -0.69455649337754166 -0.4543602482952801 -0.63044094045209298 0.58432502967820876 0.51098774965104687 0.87499426962937699
0.76041120703524978 0.39446576738339589 0.51591816655146305 7.9919230359578117 0.10103944311789043 0.71287242109005322 -0.69397690320617478 -0.47321742948348261 -0.6415339641434592 0.57983589886435494 0.50221957671773865 0.74598557778564889
0.74560139195035169 0.40392808633053512 0.53001949529715398 8.2741974642087293 0.10711219502208101 0.71237286571942793 -0.69357903505241691 -0.49711867048565311 -0.65772755909970027 0.57390504550843757 0.48788057631013415 0.71167425378017679
0.73408826828404061 0.41211052186267744 0.53970300363978896 8.5992384499486345 0.11157224691064335 0.71078524756799699 -0.69450411486110852 -0.50093242395447768 -0.66982538626648724 0.57004319977504603 0.4757990146092973 0.62556501473180703
0.72173216596854584 0.41942835810773482 0.55062013495821338 8.8997570732878977 0.11640039608588251 0.71062049904308155 -0.69387999980602644 -0.51829771204810682 -0.6823149041296116 0.56488791698425567 0.46405604494262054 0.52286466016213995
0.71113460242033533 0.42422927398446425 0.56063990255340035 9.2018542018345908 0.12108280347484718 0.71161574526984517 -0.69205634581782027 -0.53485809844235521 -0.69255074322618659 0.56002906547665654 0.45468771027838395 0.39698198643954941
0.70572282910781214 0.43053643751434145 0.56266656595938369 9.5892334792426901 0.121269633964778 0.70905298144883999 -0.69464922470017898 -0.53165819253225866 -0.6980322086795957 0.55846418459107172 0.44818387986954067 0.26053475663878445
0.69703081533449907 0.4363411024326414 0.5689942748411364 9.9168407690664946 0.12441666036054018 0.70789566837857598 -0.69527276468705379 -0.5426764164738328 -0.70616466712718895 0.55541890948968997 0.43913699215897339 0.16444381392691731
0.68987978568952135 0.43760205315368911 0.57668910547422003 10.209004799963445 0.12758649784864345 0.71064859253476254 -0.69188168316199794 -0.57841016150404478 -0.71259214622650613 0.55089293061722711 0.43442998530518673 -0.00038414255207164667
0.68031708614680242 0.44570071758211538 0.58182431424229064 10.494753593406321 0.12795320403616717 0.70942904002022855 -0.6930645098061623 -0.57675234441102297 -0.7216624140646396 0.54594991301653717 0.42560786247863458 -0.095347675575308127
0.6743765266422681 0.44849147763622849 0.58657624807145303 10.770669988455708 0.12623110304530041 0.71268180970945272 -0.69003648217556313 -0.60676568566472144 -0.72751770352196732 0.5393885729202389 0.42400230950454876 -0.28612247272352104
0.6737133117860421 0.44809319750868348 0.58764177852559751 11.110216131662584 0.12736054509360775 0.71289019217254457 -0.68961356240843441 -0.5879123887656813 -0.72793520664667843 0.539444214215554 0.42321421842090945 -0.47030607328423507
0.66648981196990409 0.45250598933421082 0.59247756088900871 11.339826520653107 0.13208636291164452 0.71047603058848519 -0.6912141511080363 -0.53287188458644597 -0.73371964896211916 0.53894539572752354 0.41375516570915194 -0.58663090018826314
0.66334167863390492 0.4549247331899019 0.59415595976077695 11.596086413021643 0.13375480909094228 0.709123641717331 -0.69228123750582482 -0.49849044128805753 -0.73626589519833052 0.53869021514191917 0.40954289601719884 -0.74369438556117795
0.66168055896235489 0.45512625149906083 0.59585143541631191 11.849795760548822 0.1313300691390783 0.71205898441923032 -0.68972778372904431 -0.50707386217497097 -0.73819458873063448 0.53463267567954365 0.41138382474830182 -0.95089480576869112
0.65644378396660419 0.46069201976125701 0.59736456324417153 12.047857236701121 0.13624524355695661 0.70644221626747661 -0.69453338917808793 -0.39786231592851262 -0.74196953582995029 0.5373102064947114 0.40097250516325778 -1.0791056654671554
0.6581810193482851 0.46061991565638261 0.59550570028368288 12.304898583976723 0.1355534086711335 0.70555917494105991 -0.69556561448516674 -0.34597963895426942 -0.74055588524249083 0.53853091272200693 0.4019470573042091 -1.2907106557216628
0.64670250804656804 0.46803553564235623 0.60226124187286989 12.356159845415482 0.13680324270960345 0.70562130222276542 -0.69525783032885446 -0.30219170703771397 -0.75037373279614217 0.53201627345920688 0.3922982868993472 -1.4509845615948078
0.65169755062876988 0.46800789968086243 0.59687428185571034 12.629535865371 0.13372157262617948 0.70371467205225069 -0.69778521147468775 -0.2346768536230657 -0.74659818076314888 0.53455988081289929 0.39602637577117972 -1.6834559282325545
0.65051343137772966 0.46860526432473015 0.59769673066223294 12.767796049843229 0.13037129706676764 0.70638906678219748 -0.69571388604203166 -0.21357517885021995 -0.74822162525437652 0.53049372529533856 0.39842289959786892 -2.0064059881758176
0.65019556953537039 0.46831565268698672 0.5982693129393627 12.930654429028101 0.1322283186123705 0.70567049525228409 -0.69609253974406426 -0.16654346192262914 -0.74817203443694746 0.53170443065556439 0.39689923823021056 -2.1934277603741767
0.64991270355340225 0.47288078853013543 0.59497666979388764 13.074739200267299 0.12677760536836519 0.70443162526199421 -0.6983577336206771 -0.12003105576098233 -0.74936033824654114 0.52930128015135458 0.39786836804798487 -2.367148926015104
0.65092979967740072 0.46964830401507551 0.59642339527193455 13.17860803171259 0.12647104873255877 0.70758928515214503 -0.69521397955619624 -0.1190715460335723 -0.74852887033462234 0.52796578873411837 0.4011940380937068 -2.6072142023694802
0.65166081188856084 0.4660610326056292 0.5984357109458931 13.274364350863596 0.12453532501673352 0.71251462250688991 -0.69051710010458156 -0.14862565441532577 -0.74821730738584125 0.52450931984135307 0.40627679521213489 -2.885514472738814
0.65436351386468194 0.47388228715219716 0.58927410400090452 13.466867938249827 0.11731074293812938 0.7062252777418343 -0.69820057767791432 -0.003642731283728461 -0.74702515440510464 0.52600516632621752 0.40653657115216335 -3.0970982519194488
0.65497753376998247 0.47425000676726037 0.58829530113527606 13.568623009227267 0.11435248624024853 0.7073572885737115 -0.69754510620627319 0.049475853049553264 -0.74694574043049833 0.52414940368457985 0.40907146499094038 -3.4042664363918709
0.65567394792787237 0.47469202789217824 0.58716194756156448 13.663523886058311 0.11211394254384513 0.70782280530031427 -0.69743626245275558 0.10547933545418427 -0.74667405063786252 0.52311982848330751 0.4108813784435138 -3.6614669958378472
0.65656422549450733 0.47365067783270742 0.58700805206522899 13.737530896493578 0.1104696887621761 0.7094700278236703 -0.69602351072694979 0.14925637064629857 -0.746136626674757 0.52183073405894487 0.41348859636744173 -3.9571947996786792
0.6559414669516368 0.47058507825507978 0.59016139831150871 13.813952346550451 0.1108511532283053 0.71333085175484978 -0.69200514287298132 0.16187269484330472 -0.74662762724218135 0.51933494014784043 0.41573838670532892 -4.2214016323441319
0.65557710347971954 0.46945518380916984 0.59146470037343712 13.879078611826996 0.1087169596027947 0.71642594111869362 -0.68914040194064852 0.16780172717906333 -0.74726118866689817 0.51608691253207817 0.41863470308282125 -4.5485676773075632
0.65140275393502678 0.47133804232196908 0.59457119172219963 13.942443531857217 0.10850929937270638 0.71771006279868699 -0.6878357345377959 0.19720308171445658 -0.75093287590536839 0.51257459517381332 0.41637375069388582 -4.7640915713772012
