0.9999712951130193 -0.0059151776977588392 0.0047349364087282304 0.28484687531499692 0.0059070583725780897 0.99998106202183901 0.0017269218447351143 -0.010518045276933371 -0.0047450617881876784 -0.0016989027278819339 0.99998729897841576 -0.15028963149353114
0.9999309323352441 -0.0073651187637648538 0.0091589074001863762 0.41858484418202857 0.00733148734416265 0.99996627848505037 0.0037001602777494112 -0.02107816127043673 -0.0091858506678441487 -0.0036327563026289805 0.99995121042436552 -0.23269589359676446
0.99987338139145299 -0.010557565844487863 0.011906258365299516 0.56912986354887474 0.010508068170507113 0.99993591685298944 0.0042122073424088425 -0.027163070791499027 -0.011949966031162463 -0.0040865622240179979 0.99992024598016982 -0.32109103405307998
0.99979927219980769 -0.011892347760693735 0.016124123959880336 0.70753700183745472 0.011841837450300589 0.99992468403151902 0.0032244612367799881 -0.023924486166649474 -0.016161255970237053 -0.0030328747428077238 0.99986479859841992 -0.42429229812620456
0.99970226646636162 -0.013262038815764605 0.020481619771611094 0.85222856456570129 0.013136963754528287 0.999894302884061 0.006229224936534411 -0.039605717754889719 -0.020562067146371925 -0.0059583039908085436 0.99977082374323223 -0.49624007347528737
0.99961702692512233 -0.016654376318273854 0.022100480330266299 1.0337209626675297 0.016504971923317222 0.99983979871015116 0.0069255192624683038 -0.04248585064680898 -0.022212280008807712 -0.0065580991677183622 0.99973176700158761 -0.60016664487126659
0.99949598905121162 -0.019957198001878916 0.024687610626668851 1.2036730236233899 0.019801802977178661 0.99978264583793264 0.0065230115863716296 -0.04098969762845394 -0.024812425705545413 -0.0060308647155064262 0.99967393294083151 -0.70389800828550619
0.99932507734990894 -0.019688186463072847 0.031012337760860906 1.3283130560960419 0.019393034709981265 0.99976401039726659 0.009789469807482274 -0.063807947238980714 -0.031197756078537222 -0.0091814393299427845 0.99947106070535863 -0.80105544871002476
0.99921363972806576 -0.02416523624408419 0.031434750494615395 1.536635303376193 0.02389765198939485 0.99967514451295147 0.0088604555415290141 -0.064386723153456601 -0.031638653744824469 -0.0081022713036061414 0.99946653210046899 -0.92835919398887479
0.99905741148355487 -0.026437237678330661 0.034429072362154582 1.7119742907190301 0.026072632468016114 0.99959956871401534 0.010996365897070738 -0.078876482370109899 -0.034705999423252094 -0.010088344298940342 0.99934664602095868 -1.050508066032485
0.99896912740204968 -0.029117685694526215 0.034825893777219806 1.9065402056542675 0.028727170862816051 0.99951926106129663 0.011661750370256034 -0.08100952444029233 -0.035148714795935093 -0.010649279190366725 0.99932535277602141 -1.1853451787293681
0.99878120062907561 -0.032075274229812607 0.037513864810553882 2.0866127371887697 0.031614451414571379 0.99941800003047832 0.012813573929019632 -0.085523054236289739 -0.037903030640014782 -0.011611976496749596 0.99921395219949816 -1.3107416705357211
0.99857178024521076 -0.035328062429548071 0.040079018237533848 2.2688170726495862 0.034814089999285494 0.99930328945036895 0.013450458400875494 -0.083124094152666958 -0.040526273396801073 -0.012035933642471885 0.99910597909627274 -1.4398633963121237
0.99836791144437698 -0.037940368383961684 0.042685382100690804 2.4495101880134098 0.037465961262362145 0.99922752321255026 0.011859957891981968 -0.054107549180917328 -0.043102379805294661 -0.010241352518182686 0.99901816777960473 -1.5668572718882339
0.99807664328514201 -0.042394925087793932 0.045229243366032221 2.6230540151222894 0.041688881884007274 0.99899535343605961 0.016441439730864548 -0.081190792569835718 -0.045880837567820389 -0.014524260392966721 0.9988413260393828 -1.6797374136015621
0.99792408587451553 -0.042360396929621423 0.048508922926380198 2.7656592927167134 0.041684573529769245 0.99902030414503229 0.014860290562721782 -0.064893941415898659 -0.049090886742386673 -0.01280736811105922 0.99871219886457474 -1.8100459927599657
0.99778425484771671 -0.047143000856154499 0.04694803774667717 2.9557457154609215 0.046361972842757136 0.99876984361984944 0.017588830254141801 -0.078859011763543888 -0.047719474558237308 -0.015373254237739669 0.99874246670602107 -1.9248206577245464
0.99751907647575677 -0.052787828926091157 0.046573996867598361 3.136932512453884 0.052086110651288001 0.99851192463346428 0.016154672450924928 -0.047451270864421843 -0.047357461335835044 -0.013688735589696516 0.99878420560888936 -2.0245847647607582
0.99724967417271337 -0.057389406527748432 0.046899289768715532 3.2950815203336643 0.056884425592199417 0.9983082524613639 0.012033087408606293 0.006711455565739482 -0.047510519755761961 -0.0093321533383489072 0.99882714291643426 -2.1385718636825741
0.99702286376955573 -0.061648097367872079 0.046313294113843009 3.4519235262222354 0.060918323392250895 0.99799783491930083 0.017008214822992574 -0.017384796386836994 -0.047269091337057659 -0.014136250822240347 0.9987821581390306 -2.227488022237798
0.99675686312515732 -0.066398111064599363 0.045464784833423644 3.6012711045556913 0.065650438923683954 0.99768485178111455 0.017747010892629912 -0.0083756080689393921 -0.046537895118108026 -0.014704671827300678 0.99880828838392577 -2.3262647208750753
0.99649004704806965 -0.070321295172046619 0.045414772700761705 3.7329069515373474 0.069209483079892414 0.99727341301877503 0.025608341174270854 -0.050782758524150033 -0.04709175709134289 -0.022375324158761655 0.99863993074723401 -2.3878692743289274
0.99615623538223996 -0.073292958210271528 0.047967666045689437 3.8335362587561441 0.072068432310384609 0.99704009159442974 0.026780530571567283 -0.050970853455119931 -0.049788510455795992 -0.023220638022210548 0.99848981276547566 -2.4788160428132646
0.99593309999196 -0.078353497909669043 0.044474596183936288 3.9906923375033276 0.077114859150779078 0.99660278139809422 0.028917029718454761 -0.048554277269914167 -0.046589256686066755 -0.025369774829548261 0.9985919164936885 -2.5468899780450571
0.99562450342796571 -0.08134950524333788 0.045979410288528297 4.0731664419326741 0.080191331938023275 0.99642719647686318 0.026498913246858897 -0.016574751165409969 -0.047970808371575788 -0.022695817190022699 0.99859085787235935 -2.6257892440619748
0.99538155176535348 -0.084118812790232339 0.046255721159212448 4.1645485867206 0.082930108906748401 0.99618826649914549 0.027046898641846225 -0.010257127872433453 -0.048354559680673544 -0.023085991947267452 0.99856340486415729 -2.6957948091003043
0.99535809133045161 -0.086142681924841688 0.042915129893731578 4.2804045487829763 0.08493806688357404 0.99595981989957283 0.029147245833729279 -0.013274641587336657 -0.045252566966767792 -0.025366818807369195 0.99865345825592189 -2.7449133806091881
0.99524416086669709 -0.087232864368139387 0.043353057964504088 4.3525432949898022 0.085862689571521114 0.99577594797582147 0.03252475937495581 -0.032337627652914556 -0.046007160315416684 -0.028647666693536761 0.99853024610811247 -2.7974863841611963
0.99523783014036671 -0.086171453248543875 0.045564702375068621 4.3990195422493548 0.084756720594855645 0.99588374779573474 0.032122565126821129 -0.024044294060216784 -0.04814519468752973 -0.028107677267168629 0.9984447900145228 -2.8523634337424375
0.99512408456750101 -0.087675088644162333 0.045178923680533042 4.463893187313146 0.086144442849413208 0.99567525061987672 0.034784051937776735 -0.041926501575218073 -0.048033230995398739 -0.030722534633132802 0.9983731439626462 -2.8892001438228312
0.99537325470547855 -0.085844732713013294 0.043159769258579485 4.5290128280260307 0.084585406897939572 0.99595826096349516 0.03020680980309632 -0.004359949563135187 -0.045578424248020173 -0.026416363943619212 0.99861142741261766 -2.9377331226345902
0.99571669670046981 -0.081365936353017823 0.043907223930707714 4.5541243388451491 0.080036905375114167 0.99630270019159217 0.031225364191910784 -0.014539388425362326 -0.046285566755519807 -0.027577418159412538 0.99854751129717467 -2.9676813454623967
0.99608313385958624 -0.077902656562809453 0.041827820178950904 4.5990990832197225 0.076725947400659453 0.99662924772471861 0.029039138677527984 -0.0040714165235088123 -0.043949055006187905 -0.025716117127560764 0.99870273949956934 -3.0042150786156152
0.99632819173321474 -0.075944722053283439 0.039528895125868616 4.6531370798386034 0.074877068721737106 0.99680448192440585 0.027825337285594956 -0.011092974443175078 -0.041515767333179014 -0.024763360185289619 0.99883092515954419 -3.0338428435920837
0.99693299677115266 -0.069263029331074435 0.036431205261034071 4.6942025138427628 0.06844177222972582 0.99738234179719809 0.023327839273953967 0.0025084766195095356 -0.037951597633607032 -0.020762876463048637 0.99906385141192899 -3.056512064673969
0.99745440702357813 -0.062097673271942183 0.035051175207877656 4.7164784936657469 0.061409657888230496 0.99790462992331463 0.020376542779943916 -0.0015045548820374574 -0.036243065920155124 -0.018172191717663339 0.99917776777752809 -3.0729750378036758
0.99794108432264106 -0.055358759209399082 0.032388269477499447 4.7429839632336126 0.054727872711324219 0.99829994114190079 0.020052118705279207 -0.015871716074661906 -0.033443267924119557 -0.018238291994407987 0.99927419286984609 -3.0726429521990353
0.99859229125585747 -0.043192840810790771 0.030786593625643191 4.7444390371157308 0.042770868381997847 0.99898347929542408 0.014235902242531958 0.0058136753699854294 -0.031370187475159024 -0.012899092894571947 0.99942459682572882 -3.0620584375065421
0.99912965490359074 -0.0320720184609804 0.026670551626656443 4.7648118278030829 0.031924677801307526 0.99947267323509814 0.0059321499955276441 0.019041238067185762 -0.026846743555118877 -0.0050755382104037275 0.99962667595075738 -3.0825039888502026
0.99946265167466586 -0.017689234227816708 0.027595269519955383 4.7397557546534141 0.017628208338618476 0.99984160152061219 0.002453189651779002 0.0038619359358144749 -0.027634293517580701 -0.0019654162741697899 0.99961616781675422 -3.0766092446520186
0.99970846581727124 -0.0043235390736550928 0.023754797055678466 4.7685249309935074 0.0044317451241323033 0.99998003494946386 -0.0045043687264382333 0.014258059453033 -0.023734847975763869 0.0046083307550091167 0.99970766741043848 -3.0840318668625386
0.99966403317755015 0.012846344199875766 0.022512045928618291 4.765265483138486 -0.012533361009555695 0.99982359160331802 -0.01398930074183951 0.027998961301640039 -0.02268778598713524 0.013702449202233907 0.99964869191774675 -3.1037884490307333
0.99944378690487057 0.029569284090166036 0.015419930468284347 4.8256535970917529 -0.029216226293300649 0.99931669348256635 -0.022639749297401864 0.031626470678084648 -0.016078835108002006 0.022176644594383843 0.99962476334677908 -3.1178924794957532
0.99875364239024345 0.048539313732908908 0.011623116387607584 4.8492239804975856 -0.048125181438016994 0.99827628182916417 -0.033592142666064174 0.055422007120572742 -0.013233620962517248 0.032990910258395498 0.99936803586893996 -3.1417837611585684
0.99752889848775905 0.069835033525690621 0.0076918641605134728 4.877092745602182 -0.069436424320757792 0.99663434887036251 -0.043572441167510856 0.045499129900398602 -0.010708858918941926 0.042930673698582743 0.99902065924406191 -3.1794583344534586
0.99578726638176673 0.09166820700184751 0.0021586887211608448 4.9095251122433137 -0.091423451519288532 0.99438396527255091 -0.053313057698266393 0.033043510567239781 -0.0070336778593231763 0.052891109214165809 0.99857551439130854 -3.2046999859441341
0.99337727969675305 0.11486134159589771 -0.0029072992741141146 4.9289732704697373 -0.11481748754507878 0.99141438505313562 -0.06256565881974345 0.025461478490511249 -0.0043040371878556678 0.062485112758987327 0.99803661553441125 -3.2200068352749032
0.99098846505953719 0.13319390106645201 -0.014186149500221859 5.0177012618242864 -0.13388463829214547 0.98819200048341571 -0.074508213036995896 0.021075536625860872 0.004094599897893284 0.075736087166457064 0.99711949101017527 -3.2602351908675042
0.98782914979148517 0.15398883951867981 -0.021931897453750144 5.0571391929559946 -0.1553499137060485 0.98376749369723215 -0.089821615751385531 0.054350407187802575 0.0077443614168518577 0.092135528697438629 0.99571635982235862 -3.2999096811698254
0.98457868159930029 0.17167412412885813 -0.03365731487764851 5.1506966750141761 -0.17421792224874305 0.97967449744283375 -0.099428339156711149 0.016716229983813245 0.015903939999720087 0.10375873054697837 0.9944753342983248 -3.3494866965339858
0.98071801034246564 0.19041336396288328 -0.043987896224462336 5.2154998792719249 -0.19442666071589956 0.97341352494374989 -0.1210965856638746 0.076304185841069294 0.019760004878035923 0.12731402232638078 0.991665609934265 -3.4368699802361751
0.97664623434160469 0.20706886879324735 -0.057311574075821124 5.3159419078477042 -0.21301864673467938 0.96800871796030907 -0.13259780577432131 0.050475124020311797 0.02802122569926746 0.14170958164331615 0.98951159941699873 -3.5049565780338066
0.9728723889122548 0.21986416713754098 -0.071965706423808479 5.4394841213840621 -0.22833477938891791 0.96258011591992043 -0.14595461266094578 0.040719454993352791 0.037182568679107297 0.15842748639206511 0.98667025299332678 -3.5815085161262874
0.96800793092022819 0.23593318776895048 -0.085417659677140864 5.5352379951681012 -0.24658575515573897 0.95746818214041463 -0.14983372632022376 -0.058526271072136767 0.046433942647729771 0.16610301351243126 0.98501455718800235 -3.6488250530426307
0.96276889525897424 0.24797690289360433 -0.10762671579635921 5.672468471301956 -0.26377066359718798 0.94890258301308017 -0.17323084302918942 0.010171902014657048 0.059170020680353416 0.19517003761438512 0.97898292378891172 -3.7062716295667979
0.95727775450493691 0.25872022428427138 -0.12916325435773898 5.7999516971801492 -0.28002799409786677 0.94082423467213416 -0.19087713842971896 0.029764834379377478 0.072136143863605187 0.21889176549127956 0.97307901618964121 -3.7619061845409743
0.95182280010256215 0.26583872323931423 -0.15285002594507222 5.9513178262966138 -0.29396222635146346 0.93290256200951249 -0.2080361008925582 0.030173239647818647 0.0872901293584155 0.24294563799866625 0.96610447172860769 -3.8533388277181748
0.94634383277701484 0.26953440662844436 -0.17828223077009611 6.1232336714269042 -0.3053324269727769 0.92646684669865931 -0.22007110443480951 -0.0021647844277412039 0.10585584161407084 0.2626982786614625 0.9590537811741745 -3.9131344858647887
0.94167072425533394 0.27267478718489169 -0.19724276289412737 6.2163029351824717 -0.31515445906637118 0.92008256329406057 -0.23264940071449586 -0.041632491459888052 0.11804200104631357 0.28124106591304393 0.95234948880811454 -3.9938697884581273
0.93820496365788109 0.26385844747622283 -0.22394232709148904 6.3339464844649509 -0.3162194009923045 0.9165299645541668 -0.24490429663524876 -0.10312549698793605 0.14062978562090703 0.30058533525402586 0.9433301222935917 -4.067912947342748
0.93600346791057976 0.25025714991786419 -0.24752548752473147 6.3974869602643514 -0.31299904636429104 0.91345839136876261 -0.26004877275818261 -0.11281847357855382 0.1610251689470088 0.32088179467364641 0.93333047138331826 -4.1040868964011192
0.93525527296112476 0.22825418762474933 -0.27055055023077984 6.480728703065683 -0.30187441597415832 0.91345830837769015 -0.27288414361415281 -0.10488854935359676 0.18484969942813756 0.33688862356502108 0.92322079912326105 -4.0930752457859807
0.93257437231478735 0.2126937666343211 -0.29166145054940912 6.5503142676664101 -0.29683307607359594 0.91162386254731087 -0.28430979262594602 -0.17721643536150899 0.20541461742136868 0.35171479193975708 0.9132915964139855 -4.1380428743127613
0.92634024198819342 0.20056050530796316 -0.31885614277267699 6.6872184729431181 -0.29631000760717785 0.91061550026905347 -0.28806212882219651 -0.35274757418659025 0.23258145984813469 0.36132380821135496 0.90296786773093674 -4.234846793636895
0.92046101587636786 0.18075996913047182 -0.34652179125099158 6.7520755906410015 -0.29418636759712102 0.90414341066219261 -0.30980489679175388 -0.28434913771292863 0.25730507062989749 0.3871053170857881 0.88540588100150708 -4.262714939837867
0.91600076224975835 0.15446331260952489 -0.37024814464836114 6.7685359839657195 -0.29153487308394715 0.89029029479215649 -0.34984369191800768 -0.0020936967005903665 0.27559031429603692 0.4283973343247916 0.8605380308909214 -4.2748706072678937
0.90646920494602901 0.12753677254047732 -0.40255180056046536 6.9286217498949751 -0.29327219909747121 0.87602351737913331 -0.38285011980568123 0.22110316093503671 0.30381737560753058 0.46509909551476208 0.83149133106142659 -4.2758979544900839
0.90295246118526729 0.10857793302567974 -0.41579764946346132 6.8975042729728093 -0.28731139048348076 0.87204914519244248 -0.3962101125256387 0.22753630668484354 0.31957630972573242 0.47722229707862712 0.81861459883945464 -4.3826917462105905
0.89257108837287236 0.092032585796467892 -0.44141460709007119 7.0215188996730085 -0.28992485088053749 0.86689635010345145 -0.40550499259468104 0.1169900354971343 0.34534103874686572 0.48991909671794792 0.80044915243149939 -4.41400631399266
0.88607631736404524 0.07299958216487222 -0.45775519746948362 7.0718191233935057 -0.28719128508278213 0.86160795234580656 -0.4185127264814853 0.11623087007756532 0.36385426420350225 0.50229751886528418 0.78441524523858386 -4.4929468820963878
0.88515266010617544 0.054056950848382669 -0.46214999120625005 6.9862578660482004 -0.2798087662594903 0.85541434668807259 -0.43585932341130412 0.22320768679593389 0.37176850677713869 0.51511565841584883 0.77229789318856945 -4.6144434179367693
0.87865163944182134 0.037593086796629635 -0.4759811512353202 7.0250803071515309 -0.27730270228386672 0.85171007836427193 -0.44462698267063266 0.16498737403996658 0.38868304286689032 0.52266308673736173 0.75878112123978692 -4.6968070695583455
0.86957909611399886 0.017974161637655785 -0.49346643767837356 7.1379680243090506 -0.27698897955051477 0.84506269590999739 -0.45732498859005261 0.16632011319596599 0.40879004489973242 0.53436501522344315 0.73982749995936503 -4.7344935595896525
0.86657727241391591 0.0028010586801008436 -0.49903505388492353 7.145229783848599 -0.27147939122046899 0.84171794410711032 -0.46670102068740227 0.16648511988561693 0.41873950264839049 0.53991023016643258 0.73017406985143518 -4.8516338540157795
0.85783867139353331 -0.0041128537486304238 -0.51390261557596695 7.3089936669189806 -0.28008457363892297 0.83466934064467757 -0.47421484940613357 0.13260341119057356 0.43088913361940379 0.55073603134516413 0.71485969134292227 -4.8488248984218005
0.85144651283105455 -0.01653545298145857 -0.52418070794577598 7.4424073827470894 -0.2828180562078228 0.82723389714622209 -0.48548741126326067 0.14717525609257165 0.44164780410488358 0.56161433226634416 0.69966889235006213 -4.8607641041650069
0.85144651283105466 -0.016535452981458539 -0.52418070794577598 7.4424073827470894 -0.2828180562078228 0.82723389714622186 -0.48548741126326062 0.14717525609257123 0.44164780410488358 0.56161433226634405 0.69966889235006213 -4.8607641041650078
1 0 0 0 0 1 0 0 0 0 1 0
1 0 0 0 0 1 0 0 0 0 1 0
1 0 0 0 0 1 0 0 0 0 1 0
0.86326751867580609 -0.0424663950302284 -0.50295705233394783 7.1747134081275368 -0.25453016803353579 0.82385701567131431 -0.50643263252872628 0.24397757011548807 0.43587106437585071 0.56520458510374139 0.70040002299940762 -5.1058046010136025
1 0 0 0 0 1 0 0 0 0 1 0
1 0 0 0 0 1 0 0 0 0 1 0
1 0 0 0 0 1 0 0 0 0 1 0
1 0 0 0 0 1 0 0 0 0 1 0
1 0 0 0 0 1 0 0 0 0 1 0
1 0 0 0 0 1 0 0 0 0 1 0
1 0 0 0 0 1 0 0 0 0 1 0
1 0 0 0 0 1 0 0 0 0 1 0
1 0 0 0 0 1 0 0 0 0 1 0
1 0 0 0 0 1 0 0 0 0 1 0
1 0 0 0 0 1 0 0 0 0 1 0
1 0 0 0 0 1 0 0 0 0 1 0
1 0 0 0 0 1 0 0 0 0 1 0
1 0 0 0 0 1 0 0 0 0 1 0
1 0 0 0 0 1 0 0 0 0 1 0
1 0 0 0 0 1 0 0 0 0 1 0
1 0 0 0 0 1 0 0 0 0 1 0
1 0 0 0 0 1 0 0 0 0 1 0
1 0 0 0 0 1 0 0 0 0 1 0
1 0 0 0 0 1 0 0 0 0 1 0
1 0 0 0 0 1 0 0 0 0 1 0
1 0 0 0 0 1 0 0 0 0 1 0
1 0 0 0 0 1 0 0 0 0 1 0
1 0 0 0 0 1 0 0 0 0 1 0
1 0 0 0 0 1 0 0 0 0 1 0
1 0 0 0 0 1 0 0 0 0 1 0
1 0 0 0 0 1 0 0 0 0 1 0
1 0 0 0 0 1 0 0 0 0 1 0
1 0 0 0 0 1 0 0 0 0 1 0
1 0 0 0 0 1 0 0 0 0 1 0
1 0 0 0 0 1 0 0 0 0 1 0
1 0 0 0 0 1 0 0 0 0 1 0
1 0 0 0 0 1 0 0 0 0 1 0
1 0 0 0 0 1 0 0 0 0 1 0
1 0 0 0 0 1 0 0 0 0 1 0
1 0 0 0 0 1 0 0 0 0 1 0
1 0 0 0 0 1 0 0 0 0 1 0
1 0 0 0 0 1 0 0 0 0 1 0
1 0 0 0 0 1 0 0 0 0 1 0
1 0 0 0 0 1 0 0 0 0 1 0
1 0 0 0 0 1 0 0 0 0 1 0
1 0 0 0 0 1 0 0 0 0 1 0
1 0 0 0 0 1 0 0 0 0 1 0
1 0 0 0 0 1 0 0 0 0 1 0
1 0 0 0 0 1 0 0 0 0 1 0
1 0 0 0 0 1 0 0 0 0 1 0
1 0 0 0 0 1 0 0 0 0 1 0
1 0 0 0 0 1 0 0 0 0 1 0
1 0 0 0 0 1 0 0 0 0 1 0
1 0 0 0 0 1 0 0 0 0 1 0
1 0 0 0 0 1 0 0 0 0 1 0
1 0 0 0 0 1 0 0 0 0 1 0
1 0 0 0 0 1 0 0 0 0 1 0
1 0 0 0 0 1 0 0 0 0 1 0
1 0 0 0 0 1 0 0 0 0 1 0
1 0 0 0 0 1 0 0 0 0 1 0
1 0 0 0 0 1 0 0 0 0 1 0
1 0 0 0 0 1 0 0 0 0 1 0
1 0 0 0 0 1 0 0 0 0 1 0
1 0 0 0 0 1 0 0 0 0 1 0
1 0 0 0 0 1 0 0 0 0 1 0
1 0 0 0 0 1 0 0 0 0 1 0
1 0 0 0 0 1 0 0 0 0 1 0
1 0 0 0 0 1 0 0 0 0 1 0
1 0 0 0 0 1 0 0 0 0 1 0
1 0 0 0 0 1 0 0 0 0 1 0
1 0 0 0 0 1 0 0 0 0 1 0
1 0 0 0 0 1 0 0 0 0 1 0
1 0 0 0 0 1 0 0 0 0 1 0
1 0 0 0 0 1 0 0 0 0 1 0
1 0 0 0 0 1 0 0 0 0 1 0
1 0 0 0 0 1 0 0 0 0 1 0
1 0 0 0 0 1 0 0 0 0 1 0
1 0 0 0 0 1 0 0 0 0 1 0
1 0 0 0 0 1 0 0 0 0 1 0
1 0 0 0 0 1 0 0 0 0 1 0
1 0 0 0 0 1 0 0 0 0 1 0
1 0 0 0 0 1 0 0 0 0 1 0
1 0 0 0 0 1 0 0 0 0 1 0
1 0 0 0 0 1 0 0 0 0 1 0
1 0 0 0 0 1 0 0 0 0 1 0
1 0 0 0 0 1 0 0 0 0 1 0
1 0 0 0 0 1 0 0 0 0 1 0
1 0 0 0 0 1 0 0 0 0 1 0
1 0 0 0 0 1 0 0 0 0 1 0
0.99946378015207704 0.01898252650825363 0.026679877276407343 0.28101336666768983 -0.019646692483517296 0.99949796180233763 0.024856223112752922 0.037330131824549258 -0.026194649044772745 -0.025367066056923019 0.99933495501812852 0.28931665530601747
0.99871452477001443 0.028274724517938291 0.042069442197859346 0.43095683523748013 -0.029935868744018723 0.9987752196716122 0.039394216992646051 0.063078634002781936 -0.040904055739562212 -0.040602962002266527 0.99833774730834324 0.42782182531931101
0.99756697365392244 0.037569211886340777 0.058725525908191085 0.58666036565776503 -0.040921782611815526 0.99753692916156844 0.056969137844795438 0.07882482657400823 -0.056440595167181785 -0.059233683636485263 0.99664729465344315 0.57589638144542454
0.99584334718903267 0.044672531539837239 0.079375013607344252 0.72858768454145573 -0.050359347992462986 0.99619356125351199 0.07115001466492718 0.13953524956678626 -0.075894426205867407 -0.074851542688628578 0.99430241004837883 0.69921705296091619
0.99370157478192933 0.05229236734235438 0.099109477819459571 0.89725342088965176 -0.061460860681778973 0.9938757703191814 0.091834175428915615 0.15180081052259306 -0.093700282177636124 -0.097347118551019074 0.99082985200772244 0.84774326375152453
0.99122303781463117 0.058533846215906883 0.11853555649131942 1.0817881330752159 -0.071938153928398779 0.99108283888039994 0.11215929959722963 0.17733981806536384 -0.1109134406413768 -0.11970211077478825 0.98659495912007988 0.99816495903786095
0.98852299054175474 0.063288020082465535 0.13717479245264891 1.2966081604910482 -0.081358223043583214 0.9881168593651023 0.13040671678114271 0.23832865400692477 -0.12729154219183783 -0.14007033501954666 0.98192523367817341 1.1391922146005065
0.98480574702509649 0.068459651272351887 0.15959610513420955 1.489293997492896 -0.093258521608611408 0.98374104917464522 0.15348093144148012 0.2574690108002729 -0.14649398886547482 -0.16603260016164334 0.97517828467918932 1.2943478255124456
0.98043637096098701 0.073266471900905142 0.18269249188744383 1.6875169538044112 -0.1061442757977306 0.97842549567501025 0.17724825000119429 0.26774988324585214 -0.16576463800287791 -0.1931723932354322 0.96706075883548825 1.4460003067540577
0.97632597013861122 0.074600008576631321 0.20303309767933422 1.9363059432314569 -0.11571090950489353 0.97317551232754762 0.19884769957825915 0.30431533739849509 -0.18275279875955355 -0.21763331759264665 0.95876856102980779 1.5725014236973187
0.9708572401440515 0.074845999636902846 0.22767146417201301 2.162073958667206 -0.12773845370560394 0.96540054223169902 0.22734264998816833 0.25775278794557605 -0.2027784670638792 -0.24979965852077193 0.94682681832430637 1.7094576471589038
0.96479845133763531 0.075640714723732128 0.25187780881328869 2.4081587991304283 -0.14093695180790192 0.95731468286422983 0.25235961164111836 0.23011357188067971 -0.22203766327269292 -0.27897505309371645 0.93427629523592226 1.8234967748925597
0.95857267249618339 0.074416809436263526 0.27495557826101924 2.6713763767500525 -0.15365424454433418 0.94787761956944616 0.27913865990376596 0.18824364244896324 -0.23985163054904296 -0.30982278288190368 0.92004404162533338 1.9253685273331473
0.9520551640463556 0.070021079655244539 0.29780532738112792 2.9563827519520207 -0.16441695801309952 0.93802867640242016 0.30507255885189416 0.16934943019780824 -0.2579884271249111 -0.33941015107188183 0.90456769830620021 2.000500332603997
0.94556992637547377 0.064117532093560858 0.31903989783804837 3.2403213361278258 -0.17565724316812606 0.92586537375379785 0.33454124201107704 0.11578046311910534 -0.27393803543293327 -0.37237380649284579 0.88673316222027787 2.0824662182613762
0.93798634826450833 0.059190180381366239 0.34158181013606936 3.4910681038382698 -0.18863810296699213 0.91381921488468976 0.35965276116908068 0.076509476134191345 -0.29085610974917975 -0.40178472476433275 0.86831547168504519 2.1636590442724573
0.93085108737174882 0.051384480759959147 0.36176772696837156 3.7519594978110522 -0.19914409805451375 0.90144326554181509 0.38437178254830695 0.018398607672385658 -0.30636233670098389 -0.42983679943245684 0.84934236000848029 2.2266809941602359
0.9234675981310041 0.042180650716372378 0.38135074132260161 4.0018011043794024 -0.21035217774396406 0.88690353321392035 0.41128345953981221 -0.06387124874444601 -0.320873115920493 -0.46002490745372471 0.82789946732780662 2.3121266456337772
0.91590228450905997 0.032330432131132923 0.40009717368321807 4.2421778955835228 -0.22196998975285903 0.87127652377989362 0.43772884615837243 -0.12390593660723123 -0.33444331190831222 -0.48972641573457992 0.80518054425797003 2.4136496153980791
0.90735997157232318 0.022973006546524604 0.41972624764063338 4.4583422756496605 -0.23496975199076742 0.85566093558210876 0.46112208683617356 -0.16137932375444683 -0.34854999302491774 -0.5170266959151758 0.78179044383604879 2.5204015261689507
0.8990997515612229 0.012751218459932535 0.43755804548692084 4.6752820867869662 -0.24761506954833679 0.83910203219478707 0.48434962258594877 -0.19325710946984787 -0.36097979732267504 -0.54382459120047688 0.75759382252663254 2.628127177672102
0.89143773516320968 0.0013261568251054805 0.4531412645468989 4.8971436400626036 -0.25835460056206139 0.82303215974412292 0.5058368950515002 -0.21089112148352543 -0.37227901457845447 -0.56799322648690087 0.73402454316561871 2.7241851141280224
0.88409301149659481 -0.011076961605670999 0.46717967415595946 5.1116253489399188 -0.2683007543349632 0.8064971076159444 0.52685588222056101 -0.23152947986454581 -0.38261501832281974 -0.59113426252307721 0.71004649948093257 2.8293447459707237
0.87667575166190392 -0.022821110586019832 0.48054013709539029 5.3178741482512368 -0.2785492231601529 0.79032630037336837 0.54570566170328472 -0.25094028464628548 -0.39223711798465882 -0.61226100304507813 0.68650310081260657 2.9295861309796938
0.87056569353225766 -0.034783650338749861 0.49082122092856861 5.5285435935773926 -0.28780290393458713 0.77307833939660242 0.56526044408096565 -0.27907089449283412 -0.39910507605330953 -0.63335612322365942 0.66300464511463175 3.0353567339420282
0.86455932329884921 -0.046764048203200632 0.50035017766828538 5.7298509783399325 -0.2962439718229104 0.75683268288479799 0.58261805608476092 -0.29974628623145855 -0.40592694620537656 -0.65193359624508362 0.64047318478709925 3.133245287188104
0.85795537408819811 -0.057857727066483955 0.51045573705452696 5.9109392862519696 -0.30530537278902031 0.74170298312827543 0.59721462989847673 -0.31247808749762152 -0.41316002398506257 -0.66822838029921894 0.61868378542139379 3.2313451826549824
0.85263088825707745 -0.066563946979889974 0.51825650922338218 6.0952582378661573 -0.31245405333982978 0.73002707787190024 0.60780994572754832 -0.29460526908482221 -0.41879951401769561 -0.68016888089376226 0.60164546081747283 3.3176942971771362
0.84883759877889953 -0.07713477644493949 0.52299613493988772 6.2832428559172486 -0.31769533476315293 0.71630236739360553 0.62127336393575117 -0.31316439203671043 -0.42254515163352685 -0.69351362259807503 0.58351902291347324 3.4149998487330366
0.84501438435198162 -0.083599843259912252 0.52816830314319285 6.460244695314981 -0.32205231368177323 0.70892544161373139 0.62746077605296779 -0.28640136198340138 -0.42688757008193423 -0.7003112054220566 0.57212867265139566 3.4838946876291916
0.84079288250404316 -0.090330410089118879 0.53376750158067321 6.6139216349477179 -0.32815510446130736 0.69914175809885748 0.63522832863343504 -0.29010234174197247 -0.43055958489683033 -0.70925398771918824 0.55819102891205519 3.5758615731629071
0.83875571080339406 -0.10162823602783866 0.53493977159729222 6.7874554108816287 -0.32499816282728289 0.6948045087764837 0.64157843537852821 -0.28995468757224691 -0.43688104989068149 -0.7119820195944131 0.54974225962779766 3.6515092282430555
0.83653468631421068 -0.1095936060403605 0.53684165273221429 6.9382475806807715 -0.32453042488997319 0.69032820291443275 0.64662738542507103 -0.29571655221263676 -0.44146316031342708 -0.71514768668856088 0.54191702714537526 3.734068330254285
0.83524386479044832 -0.11455863621172876 0.53781409910788325 7.0797685626883018 -0.32414944424039543 0.68747289099389097 0.64985241551227968 -0.29811474588130837 -0.44417881999095593 -0.71711738440635409 0.53707339615143046 3.8118404682690796
0.83441281006040857 -0.11680601496150758 0.53862010478249367 7.2119773606513711 -0.32563746673763422 0.68397332421112034 0.65279455575570311 -0.31412910122576504 -0.44465211420141548 -0.72009502611558263 0.53267968864957627 3.8983977489571284
0.83567657206165613 -0.11539410705084847 0.53696263088339491 7.3487665170198744 -0.32588452608223178 0.6827910896591376 0.65390794730011259 -0.31543237863280787 -0.44209042351926026 -0.72144336433293565 0.53298736335164287 3.9759700279964312
0.83805601489611747 -0.11241041965598429 0.53387827587307202 7.4782827590583629 -0.32558190085862476 0.68216200923037018 0.65471476155350972 -0.32326524118702737 -0.43778823845521841 -0.7225087478470763 0.53509117686122143 4.0456044857414275
0.84252730508185114 -0.10554864465244107 0.52821134388002877 7.6114307237442045 -0.32417718182781158 0.683785847913575 0.65371711693613421 -0.31902872006045296 -0.43018239733128472 -0.72200858568658732 0.54189178552655937 4.1027936209692335
0.84742756414774889 -0.095295914092401388 0.52228843781947409 7.7345550375726191 -0.32390578354963007 0.68665963833127774 0.65083299276378026 -0.30943609917802567 -0.42065611478464582 -0.72070606341562882 0.55102740698647146 4.1610535796847659
0.85396762804621651 -0.084086101281580963 0.51348692078803959 7.8577781357280534 -0.32288012245622882 0.68823625930811172 0.64967628700471158 -0.31792286911703627 -0.40802906363612068 -0.72059723767500072 0.56058175521808518 4.2232597233028475
0.86056287517808538 -0.07527205828060772 0.50375158074930937 7.9739932885629026 -0.31789057369322898 0.69337880776596128 0.64666174473061566 -0.31935907535308705 -0.39796623100737699 -0.71663096931632464 0.57276778260873606 4.2811538740265735
0.86672365146844088 -0.067861198636995232 0.49415075604997599 8.0709508094553648 -0.31233720931652686 0.69857950399473467 0.64376404394376863 -0.33324190009289317 -0.38889018972143879 -0.71230719097733441 0.58427980114017519 4.3385924935377496
0.87476723666512879 -0.059067212789691875 0.48092966848647611 8.1762699453183831 -0.30535859693884582 0.70344104604953162 0.64181525535646189 -0.35274748356275665 -0.37621590733619181 -0.7082949661729907 0.59731049878702791 4.3995483548690615
0.88342373564344068 -0.046694873342757029 0.46624252498596935 8.2764157050170386 -0.2970583022102799 0.71370407192325014 0.63433655326499849 -0.3346897930737085 -0.36237945359765422 -0.69888918043111536 0.61663201756524899 4.4439074520829722
0.89322299058711985 -0.033884787696639482 0.44833526545360647 8.3803002864579828 -0.28863701349496995 0.72133702339204908 0.62957253206012964 -0.34043919820156304 -0.34473375745248191 -0.69175481194325794 0.63453440933178817 4.49822688582812
0.90306313269509586 -0.019438533805024378 0.42906773564372158 8.4719337312216467 -0.28060592903831988 0.7296048547587286 0.62364819289486917 -0.34436585475336878 -0.32517270942602339 -0.68359264135595066 0.65342467793046632 4.549261553821049
0.91332593996176625 -0.0054295135069393685 0.40719313326237966 8.5568632831245122 -0.27067150281409447 0.73898040799613574 0.61696425679469025 -0.34039109765596154 -0.30425756351702377 -0.67370503707553109 0.67346036116592756 4.5990624220998706
0.92406052707817399 0.010427589938160932 0.38210392259709774 8.6475045826040411 -0.2605127951939934 0.74869663179275936 0.60957890144130644 -0.33801144259886023 -0.27972348102406375 -0.66283076189194712 0.69455752479799782 4.6425954504419824
0.93520577915742009 0.026414948521682764 0.35311811214544014 8.7397120823211853 -0.24931657009766645 0.75726470816649072 0.60364841558663518 -0.3491235099966688 -0.25145854231920256 -0.65257368339530564 0.71478401579399176 4.6858375615198868
0.9452003643862118 0.044059412678053952 0.32350431112836397 8.8126484700660299 -0.23947176057895234 0.76705914657455332 0.59520882179411183 -0.35075036111251956 -0.22192238969826661 -0.64006174218647283 0.73557556997213269 4.7206309620842131
0.95511161188375604 0.06180534514831186 0.28972729963866267 8.8883343385749143 -0.22840831622707378 0.77644530674866441 0.58733493571069439 -0.354022070146784 -0.18865696362214263 -0.62714654183776741 0.75570878328745328 4.758859991524985
0.96420931986494063 0.081851544149852518 0.25219181629441001 8.9692884717392989 -0.21784041396190976 0.78677917817444532 0.57751543601539201 -0.34994775793970589 -0.15114873975820145 -0.61178333543128582 0.7764503905325042 4.7857508157974822
0.97221371426068492 0.099736297581782166 0.2117856575599997 9.0409386281646249 -0.2056046892420301 0.7963535466984788 0.5688125705559276 -0.34615099878567568 -0.11192499973255082 -0.59655150624688902 0.79473208997085087 4.8221864094703015
0.97813054840114677 0.1182854039307029 0.17108241727723589 9.0959257204510706 -0.19522854925343125 0.80583423456537961 0.55903219939358539 -0.34888704788643138 -0.071738719258656797 -0.58020664389455179 0.81130376958310035 4.8466769473526359
0.98234429519907185 0.13642398028832928 0.12801633994193201 9.150949373558861 -0.18477380944591859 0.81466558253512167 0.54970776597711823 -0.35008326820348057 -0.029297184722804293 -0.56365635473664311 0.82548966603605489 4.8773427799156979
0.98448198029409484 0.15381311728607994 0.084479319522331509 9.1953886226822181 -0.17496216025436651 0.82316550984713177 0.54017292219921298 -0.3519643111660789 0.013545218910853304 -0.54657119238837515 0.83730308651993324 4.8994735575856518
0.98442963808098971 0.17130585107436397 0.039402957445088017 9.2368604548022617 -0.16592520958482981 0.83159816639785222 0.53001256066999047 -0.35209713267948023 0.05802682562368789 -0.52829801725107561 0.84707384121847384 4.9205267937317627
0.98243720345774255 0.18646771490908351 -0.0068507341734228852 9.2799022875756592 -0.15586197703628335 0.84026411895802144 0.51929110767087194 -0.34690016786693689 0.1025874523344411 -0.50910313462822521 0.85456995789417034 4.9402400193489688
0.97828537906952073 0.20015592323477679 -0.053808210273509176 9.3234493117775035 -0.14549337938891047 0.84808409169278798 0.50949489690438843 -0.3511930297404236 0.14761230860872884 -0.49060267000053415 0.85878962880064424 4.9549895093513783
0.97198214127404903 0.21245411300932734 -0.10056822017782033 9.3630671082840458 -0.13523422247692538 0.85539055117107643 0.50001870968825102 -0.35716939266594094 0.19225613674308561 -0.47240899105823758 0.86015540633769316 4.9698961019557286
0.96392554439791212 0.22386646302254071 -0.14398385878620598 9.3832114291949402 -0.12733627493496669 0.86287163336739381 0.48911963507466388 -0.35375385312868168 0.23373707010843459 -0.45314054228645578 0.86025033042333754 4.9728653267611804
0.95370789650806764 0.23280196834912212 -0.19037986151621014 9.4216265068575797 -0.11676064431600482 0.87002583335189687 0.47898016789763731 -0.35086260861052543 0.27714292355582243 -0.43457829309931223 0.8569326152561938 4.9846105366175602
0.94220808823548008 0.2389609217325096 -0.23482247837119685 9.4568697871999472 -0.10476723492986112 0.87590528222535913 0.47097108515795888 -0.35700456778089573 0.3182259338092876 -0.41915106400254254 0.85032031646712025 4.999590192209558
0.93008219202796738 0.24295863458291991 -0.27553260778727146 9.4784646584189058 -0.093376686014884219 0.88177696306091202 0.46233124696904576 -0.36141506329737699 0.35528567460753169 -0.40427773781977933 0.84281172281951133 5.005589689717227
0.91741629558393201 0.24642066981895561 -0.31244870632318639 9.4880229629133517 -0.082918927884745752 0.88633380284321595 0.45556211578217032 -0.37764507970807548 0.38919377178405601 -0.39203219692196262 0.83357001180527102 5.0045507067641877
0.90436118394722476 0.2482518866865048 -0.34713376344885361 9.4951182739857316 -0.072675715610305308 0.89110675600515132 0.44793636798378605 -0.37770418659782068 0.42053429031424283 -0.37986806941169265 0.82392424440073952 5.0059040510880823
0.8916801715891417 0.24786673646993443 -0.37877242844022174 9.5035047666469623 -0.061100341623626105 0.89500616421763857 0.44184919855750054 -0.38265490289885623 0.44852337714798657 -0.37084504441096883 0.81320399235836982 5.0045190447732821
0.87943446932745961 0.24574531299214797 -0.40768156114928805 9.5098474850649293 -0.04879400515652775 0.89846440737868394 0.43632654484279898 -0.38189106014474877 0.47351257556638787 -0.3638281872203713 0.8021314673820148 5.0097209005748793
0.86828858913761109 0.24279182802144708 -0.43258184684452583 9.5092584758038132 -0.037710677031026235 0.90181982878767752 0.43046358875429352 -0.37549593689211636 0.494623928668315 -0.35745366783873961 0.79219571100666386 5.0006818104359656
0.85921283657655945 0.23638840828070121 -0.45373320563143604 9.5100334643463178 -0.022538544495508944 0.90348664068171713 0.42802325184701095 -0.37742809487925855 0.51112162493293756 -0.3575365862959794 0.78161517000742209 5.0120887848186531
0.85197449172576822 0.22955012946710948 -0.47058070881651343 9.5146750735201078 -0.0083674853637304911 0.90462410342219968 0.42612816932968561 -0.38187733826796472 0.52351642824013334 -0.35911275328121495 0.77263741806456587 5.0147638121546407
0.84762293862488902 0.22089061333603904 -0.48243413110696887 9.518445628165308 0.0073744368247673931 0.90423328639443512 0.42697515320898588 -0.39275823142202354 0.53054780331128037 -0.36547161410477275 0.76481993154286132 5.016179740000454
0.84519848722149804 0.2100523445782341 -0.49144433025082102 9.5312808404305045 0.024439275788354309 0.90337665002236189 0.42815108313925343 -0.39503538373293212 0.53389347158158051 -0.37388319129316572 0.75839905081098702 5.025972524088079
0.84463551463465092 0.19744454859635768 -0.49760074120467213 9.5505409838587596 0.042487934344027894 0.90184498190913087 0.42996558471637814 -0.39222633153276709 0.53365309223599189 -0.38430623054395036 0.75334128939814793 5.0342491955280275
0.84626593857990584 0.18396414236047223 -0.49999115544682093 9.5695188803762221 0.060093097205518621 0.89954081723411838 0.43268364632606865 -0.38999615480246463 0.52936072849024152 -0.39621144917247186 0.75019577889836908 5.0394893811615598
0.84951500249229928 0.16909087739770573 -0.49973246414594974 9.5932782524739846 0.078476035257945068 0.89620382468524951 0.43664655788145679 -0.38081191973492123 0.5216950952718481 -0.41015482418277693 0.74806901270463855 5.0521974683183828
0.85435381383587183 0.15356305075323318 -0.49648559921457991 9.6191330155145529 0.097590035750909618 0.89094433878324586 0.44350239019899435 -0.38147401170235457 0.51044661396294588 -0.42736000588899842 0.74619547014191845 5.0670235593378763
0.86108415415575001 0.13697086328894631 -0.489666276224693 9.6419761519970386 0.11597162975918672 0.88474301457305804 0.45142040190400767 -0.38824911502342702 0.49506025951683363 -0.44549835103405094 0.74595345610370822 5.0723690807029156
0.86808366962379879 0.1188184498285159 -0.48198850454427616 9.6746524551346447 0.13563017374228592 0.87722266965061602 0.46052670261525941 -0.38688086718656883 0.47753031160662107 -0.46514789457912703 0.74538730715346146 5.0962108928479664
0.8759657553340624 0.10069890531526857 -0.47174540374054752 9.7079389937746203 0.15438555056253009 0.86799926342695199 0.47195590945317478 -0.3950847341988985 0.45700010641085204 -0.48624788859035206 0.74479117447905796 5.1170672538422579
0.8834843934252844 0.079894294256123224 -0.46159747434238985 9.7542991239238948 0.17407729751126472 0.85880385394656367 0.48182261771081675 -0.38464021228075801 0.43491656793588801 -0.50603640401837213 0.74483201914460073 5.1422096187262758
0.89253386825610892 0.05977834305706857 -0.44700094375419186 9.7884015719655793 0.19132294110204115 0.84736990363161224 0.49533804480114085 -0.39012243451884193 0.40838563420356949 -0.5276275164552201 0.7448693695242441 5.1652190078944331
0.90070742369953738 0.038803500266830188 -0.43268975636081825 9.8341601457831835 0.20855328763630279 0.83510348451333138 0.50902622365628836 -0.39248866054703913 0.3810927224556141 -0.54872256972055944 0.74409131050606558 5.1920258897555858
0.90893305430486526 0.018340353669289877 -0.41653851468899505 9.8768188240598391 0.22359022897993927 0.82179374775906577 0.52408247981477818 -0.39721811575066751 0.35192060510394541 -0.56948983096399042 0.74285477728280014 5.2214778074699062
0.91743729684368636 -0.0016466034818465077 -0.39787698482963729 9.9142542406111698 0.23579808651841019 0.80771389135562255 0.54036795991751219 -0.40739317540626524 0.32048099593330986 -0.58957235214020276 0.74141511505867119 5.2462659298346193
0.92454988323702658 -0.022441096484844679 -0.38039967218040344 9.9663911752112586 0.24829574231201371 0.79273199202904265 0.55670927167004491 -0.41337739366083498 0.28906182341521092 -0.60915711109879012 0.73849229937870686 5.2816747521355021
0.93066573969235689 -0.043201513443104571 -0.36331103781622648 10.025857673787639 0.25982099418173238 0.77716955802030696 0.57314965678166196 -0.4182614375958516 0.25759334608117201 -0.62780658432573477 0.73450974175429395 5.3161065131298209
0.93594911657516433 -0.064087147489261184 -0.34625436994911579 10.087781556585005 0.2697273926930544 0.76260762116804648 0.58794281164703444 -0.41049299264833994 0.22637664370066155 -0.64367884357271132 0.73104798852313435 5.3467375626949689
0.94109496276486393 -0.083417305300976421 -0.32769166030725139 10.142847623119104 0.27665927415514763 0.74714901690128988 0.60434095721486802 -0.41378753024375647 0.19442200771143736 -0.6594011675147079 0.72621634737707064 5.3832852962585411
0.94486551144166731 -0.10187358749031186 -0.31120883255449266 10.213008193497634 0.28315689229248675 0.73152869388105757 0.62023216973641004 -0.41212367150398366 0.16447291459488861 -0.67415691215067108 0.72004244191862377 5.4248616919427368
0.94825085349077143 -0.11907647232112788 -0.29434862424271535 10.282305232746577 0.28750380571637907 0.71544609198180964 0.63677189885119356 -0.41780223939803873 0.13476602150624672 -0.68844584624174454 0.7126573063119932 5.4681534511998944
0.95256566079743821 -0.12355830673716359 -0.27812228732301342 10.351491614912952 0.2816290806232471 0.70424388399399129 0.65170976117007973 -0.41515207713637703 0.11534176527539547 -0.69912366337673248 0.70563615304904337 5.5072618836400435
0.95650215781530123 -0.12802539403044863 -0.26213187631041918 10.42382854437075 0.27547577699410902 0.69209108865910696 0.66717540518827889 -0.42008294746105623 0.096003741511278787 -0.71036569700542307 0.69725451460269161 5.5485410920424227
0.95993917038855781 -0.13322725738531463 -0.24651021691466346 10.495766848477752 0.26935675216408905 0.68118996837176504 0.68075485092159804 -0.41842835673206086 0.077225185123383347 -0.71988243823506404 0.68978659446483759 5.5934269944515131
0.96226168899893161 -0.13864457679659717 -0.23415832936245487 10.583686963031216 0.26533883758706223 0.66901017099852234 0.69427710056466263 -0.42144559461587883 0.060396549180148078 -0.73020755434699558 0.68055064794746145 5.6439117214413974
0.96466280371591606 -0.14358335509464004 -0.22092871082481441 10.66883479701951 0.25975284473745913 0.65889928670762909 0.7059604731335708 -0.41714844440620147 0.044205596678988726 -0.73840067044656998 0.67291181822458024 5.6908997292055377
0.96648937089855913 -0.14949257845379693 -0.20868700229612455 10.757738829129881 0.25514557946989036 0.64892684233693076 0.71679473112711578 -0.41668730543394811 0.028267104858495332 -0.74602005487912704 0.66532326616545079 5.7392261300819287
0.96789586537053096 -0.15543895538204278 -0.19752550455161547 10.851421069284786 0.25098340781208234 0.64019864148133021 0.72605304795758097 -0.41315711398073185 0.013598632345383973 -0.75231936741997985 0.65865821683414572 5.7899937951037588
0.96913445927530961 -0.16145876362520545 -0.18630477045361291 10.943001179982097 0.24653112034757188 0.63194659342097137 0.73475568032088101 -0.4110253339282382 -0.00089807868496940776 -0.75800697273326556 0.65224582999236258 5.8426949097003993
0.96997872240721572 -0.16741685028758235 -0.1763884245551583 11.039547306810526 0.24277271274474319 0.62414671584298753 0.74263199974750038 -0.41212141044189188 -0.014236854421674539 -0.76315953465982334 0.64605327693153747 5.8988935995331611
0.97082887845059829 -0.17298051780710097 -0.16603924001735468 11.13464384996157 0.23826611414835705 0.61846069093603173 0.74882283125954996 -0.41268121183967826 -0.026843017993429547 -0.76654035394499198 0.64163489474847835 5.9504156456626269
0.97097864037391612 -0.17959232150278789 -0.15794644027283583 11.240455397570416 0.23606539161265966 0.61366556464924582 0.75345053297909614 -0.41017854555267674 -0.038387638900860527 -0.76887006237787769 0.6382516873135986 6.0092073086644184
0.97108670230709437 -0.18576672899376137 -0.14993778376810543 11.344770851484922 0.23364617993319187 0.61068299445999141 0.75662126779519268 -0.40765908643815774 -0.04899060323122436 -0.76977724224371336 0.63642982183325159 6.0669909462333722
0.97078768181959851 -0.1921289790611147 -0.1437279799908974 11.457333176640853 0.23268722516149157 0.6076802911772301 0.75932951935335846 -0.41199186655529585 -0.058548544593144035 -0.77059140867238507 0.63463450017024281 6.1315995966335635
0.97059225847725061 -0.199161197011339 -0.1352238343970493 11.556745629360057 0.23067986668174781 0.6088636917752438 0.75899394196891456 -0.4103990793452853 -0.068829258979892144 -0.7678670603970662 0.63690086407968338 6.1845110963707848
0.97008584457737623 -0.20475595180365663 -0.13041646503251528 11.674811604763912 0.23074798245028105 0.61080925768651562 0.7574083570436575 -0.40831496488298713 -0.075424284853907786 -0.76484446191720989 0.63978443739188462 6.247568959868703
0.96940750353743499 -0.21044761202332082 -0.12633643448744275 11.79492548288294 0.23164704723171059 0.614172529233866 0.75440821167542027 -0.40972659662731004 -0.081171039134334808 -0.76059444313520852 0.64413302622804114 6.3135455941113214
0.96877387693582007 -0.21544215584176207 -0.12272674057838644 11.915604475391241 0.23272107299693304 0.61931218596258186 0.74986219967498358 -0.41243756038335722 -0.08554576289856107 -0.75500800909957411 0.65011139710483523 6.3815558799740977
0.96795519672938446 -0.22030237140521125 -0.12053879988542736 12.041069335256026 0.23523644702590615 0.62742324713680975 0.74229635789415671 -0.40900780952457766 -0.087900802699445155 -0.74686473615075855 0.65914073973564324 6.4484802482115215
0.96717569696555805 -0.22440990360258609 -0.11921143554317676 12.168256662534535 0.23806665807474073 0.63616949320536242 0.73390233834479435 -0.41262735437327569 -0.088856274467881274 -0.73819277365733571 0.66871218876866467 6.5207455264508392
0.96630912831493732 -0.22827851407447694 -0.11889318124760051 12.298497985688849 0.24194168956597148 0.64801948596553749 0.72217377732712218 -0.41242798731035463 -0.087811658594910053 -0.72660833040979489 0.68141723400124055 6.591193962885308
0.96637539322701438 -0.22718807080216671 -0.12043330042194697 12.435662466368468 0.24389685263843758 0.66152156265685558 0.709156927212233 -0.41438799884451977 -0.081442769098290846 -0.71468510732015522 0.69468861566631479 6.670733129130153
0.96654070738026832 -0.22583438045541723 -0.12164659296983336 12.569518533105585 0.24559121062274375 0.67780226006353361 0.69301446847639558 -0.41571655338387509 -0.074054157491025244 -0.69970202862152964 0.71058641480203555 6.74534729665453
0.96609963987509806 -0.22571462608425838 -0.12531717122904312 12.714825304125478 0.24977345065340897 0.69439558294175696 0.67485405662236841 -0.41890838217025744 -0.065304740883759441 -0.68327716335512134 0.72723284363089924 6.8235679549020212
0.96593531725461357 -0.2247410630521639 -0.12829815843733849 12.855708822197991 0.25279459641133284 0.7134114659032873 0.65355869846782255 -0.41858840549918191 -0.055352099377173211 -0.66372850993151267 0.74592265698169635 6.8975246866428055
0.96566635137943968 -0.22353814493759175 -0.1323600981088362 13.001138611066052 0.25597974204017315 0.73186550626433855 0.63154354751314645 -0.42222512230743398 -0.044304282846773638 -0.64374185703455988 0.76395912981201386 6.9786836897838658
0.96514012863499798 -0.22294734423476317 -0.13710949564886263 13.152866267322874 0.25972587045487205 0.75104683999117983 0.60701821748257456 -0.42274744332590247 -0.032357446049997206 -0.62146852360994853 0.7827706368069719 7.0606314384414279
0.96468224555309323 -0.2217807396036508 -0.14213187065362654 13.306747550312872 0.26270296153042533 0.7703217856209239 0.58102624777279677 -0.4202583312824284 -0.019373154564641139 -0.59784416877531654 0.80137820705554841 7.1458856793095871
0.96373277121999179 -0.22200684405582638 -0.14809492519666922 13.4738190274369 0.26679976420011742 0.78886099656742603 0.55363906465982804 -0.42260175616422807 -0.0060853512139250965 -0.57307180116196565 0.81948256797419661 7.2328294002615987
0.96256623684613785 -0.22213240302324072 -0.15531720835433982 13.646545523680334 0.27091857260032615 0.80609301732630401 0.52613417911971549 -0.42441388872370217 0.008328667604525478 -0.54851731325902153 0.83609771579106573 7.3242554534463302
0.96169368080724504 -0.22175308060436524 -0.16115469443328845 13.81622712490641 0.27321347033881488 0.82330433738697606 0.49751820837554661 -0.42144775035743554 0.022353163553157179 -0.5224897504088154 0.85235250735649248 7.4161868491205265
0.9605379293952222 -0.22190683402492348 -0.16770284197405333 13.993966111576281 0.27572158659799856 0.83910902042213797 0.46890687618127597 -0.42174323799801305 0.036667327104952754 -0.49664213359242404 0.86718054536742417 7.5121204259702203
0.95923360762716037 -0.22255659593635271 -0.1741822252808993 14.175160520661487 0.27803873211425006 0.85361466797892449 0.44049570038257008 -0.4200513478747479 0.050649278799240756 -0.47096768489616531 0.88069523124669136 7.6090857439011739
0.95769451789660609 -0.22346270433439894 -0.18134395540614073 14.366838446194132 0.28033787242770142 0.86682856369472883 0.41233350390872109 -0.42044220687141559 0.065052960528304699 -0.44572711487466243 0.89280202250667662 7.7114798839808856
0.95655796463991649 -0.22360747917541116 -0.18707366340764922 14.557790879384697 0.28075488734911075 0.87944889533631243 0.38437785279764497 -0.42095643091087975 0.078571963915435597 -0.42020154182077674 0.90402273795403709 7.8106595857613987
0.95501635347315661 -0.22459981374601845 -0.19364578039319297 14.760562287573691 0.28196673247146364 0.88999440480038239 0.35833604507972566 -0.41587879741252254 0.091861452079754088 -0.39681845104438751 0.9132888866796377 7.9187328382843267
0.95342115084445833 -0.22568252108761622 -0.20013872388412585 14.969041754791242 0.28299833814074637 0.89888706855738809 0.33453546686395041 -0.41302245699556822 0.10440330326193939 -0.37559211607253307 0.92088572179839578 8.0310546321900453
0.9518218007255792 -0.22710124548608407 -0.20605893322587424 15.180535056141181 0.28414621040069604 0.90584631267516014 0.31417095493972624 -0.42136996114786007 0.11530910969407099 -0.35758562906174723 0.92673422679324591 8.1437129048835128
0.95033214158609147 -0.22826564594120388 -0.21157413724611496 15.39760846051332 0.28525086503066188 0.91071995947760398 0.29869901139503385 -0.42996752096349727 0.12450206692120441 -0.34421497685626118 0.93059942243706106 8.2715850149395287
0.94899014733880671 -0.22939850953759147 -0.21631926422721023 15.620222645625805 0.28608015555378585 0.91489808504620396 0.28481509541650102 -0.43472056674039955 0.13257392221772624 -0.33217136812302239 0.93385562982031001 8.3964400667826897
0.94771106286128637 -0.23033374529695841 -0.22088482769943013 15.849389146546578 0.2870658303608507 0.91766596675426126 0.27474057308705324 -0.44202383430227982 0.13941646376797229 -0.32378316700910048 0.93580313655810676 8.5248289790643543
0.94605776656615503 -0.2320918235530344 -0.22607097947256657 16.088086599730715 0.28936711230490425 0.91913127635522474 0.26732820865358825 -0.43606506230601594 0.14574421647591856 -0.31832543452486267 0.93671102326084432 8.664995282468503
0.9452251197629703 -0.23300394262669971 -0.22860147788125118 16.32167079454786 0.29059249758333189 0.9196544345158354 0.26418122837105668 -0.44086135445097552 0.14867909509194557 -0.31614060763491419 0.93698967064043315 8.8027403059357923
0.94447452070284155 -0.23321415373372512 -0.23147146312537159 16.564936554255109 0.29206326509081781 0.91861156849728876 0.26618008078637601 -0.44971077183182995 0.1505554015225907 -0.31900461551710102 0.93571850807342594 8.9481472854351125
0.94425958816968791 -0.23270634961779116 -0.23285528767278119 16.810569934853557 0.29273746233247061 0.91711603538001896 0.27056044758238634 -0.45954689956918404 0.15059418413988201 -0.32364476281317794 0.9341174761275185 9.0894140028557953
0.94395048185997799 -0.23292456612171497 -0.23388808069956521 17.064096765387983 0.29473614564972495 0.9137876942766241 0.2795043009260415 -0.47906949216637201 0.14862063195888922 -0.3327734909598748 0.93122162317598622 9.2410185040870854
0.94424940553610659 -0.23220016718456246 -0.23340124786335342 17.317180994287654 0.29520691792967119 0.91100008261112186 0.28797868860211429 -0.49020601905870698 0.14575985644605191 -0.34082536854229378 0.92875838214620487 9.3830298254630105
0.94441865440060968 -0.23100144240825676 -0.23390540572087387 17.566397338443281 0.29642443340184721 0.90602935081181457 0.30206517632775165 -0.50645792695619696 0.14214767146364243 -0.35461126472917731 0.92414549202202878 9.5415203010860505
0.94471783622013095 -0.23033825421309587 -0.23335059154331916 17.808869435131029 0.29802669843480206 0.89995195976692566 0.31822406749289323 -0.52276223508384079 0.13670514601727804 -0.37017665885051843 0.91884761755944144 9.7006334258051261
0.94515919344800348 -0.22922619387178997 -0.23265736842784956 18.050165623536998 0.29909677742046714 0.89362936629476497 0.33461571007994889 -0.53275177021176134 0.13120677108065384 -0.38585218379409159 0.91318282697602204 9.8490110169322698
0.9460795592654565 -0.22726312076220537 -0.23083531246649183 18.274182187576198 0.29920777021945905 0.88614126036941088 0.35387621693356464 -0.54505649761767472 0.12412968130297879 -0.40386277448204499 0.90635902467360352 10.001658131330455
0.94667251899304039 -0.22785804205655841 -0.22779783680606633 18.495492660226361 0.30109329796379919 0.877306796926279 0.3737320028954379 -0.55017217451901268 0.11469074812143479 -0.4223902185622963 0.89912876472629943 10.155065576550806
0.94707525070383081 -0.22762713564223383 -0.22635007537791557 18.714841073505355 0.30295245564982703 0.86695169952028328 0.39574557523064235 -0.56098079857686223 0.10615215080258883 -0.44337415104875538 0.89002869788663552 10.316520563660964
0.94781676035729345 -0.22696902240703015 -0.22389384014171113 18.920113410941131 0.30383156249622251 0.85581413711511578 0.41865086210948355 -0.56882327038409541 0.096590736703418334 -0.46483031912893419 0.88011533562458966 10.476922084113086
0.94916183417165434 -0.22618941170915324 -0.21892958361666889 19.101009773304266 0.30311911357384985 0.84434050889539425 0.44182339008304 -0.56352309082458762 0.084915343360928458 -0.4857236406321333 0.86997812006564956 10.637224403856365
0.95058392904114575 -0.22445216568615245 -0.21450272531484077 19.271990779692352 0.30155527982501867 0.83185004986083944 0.46592908017870444 -0.54128900485826859 0.073855311646169097 -0.50758912504634579 0.85842802440060895 10.805869239293443
0.95198545682715641 -0.22366490399447514 -0.2090399500352324 19.435128750041141 0.29989715518980803 0.81854554000638136 0.48994376743124485 -0.49419704324375419 0.061525493079295439 -0.52910982759423753 0.84631991826055109 10.961602677681105
0.95376817701510763 -0.2215551860108369 -0.20307526699473219 19.581876218602552 0.29648826325188732 0.8042356893273187 0.51507248593386556 -0.41307699771361739 0.049203396906695999 -0.55146917916046412 0.83274291961500713 11.113128371829752
0.95442158185134984 -0.22304722284404938 -0.1983163646246173 19.729423375497756 0.29627385115822924 0.78834047531508156 0.53920413583341786 -0.29207840417525699 0.036072832107260422 -0.57338401735795574 0.81849222318981929 11.243923074165538
0.95626532007944409 -0.22024608332867207 -0.19247935055932086 19.866547559657864 0.2915132625679081 0.77163873905144265 0.56532616615730202 -0.1740116888273622 0.024013649459675102 -0.59671209068819719 0.80209602010367098 11.363199736274684
0.95742894969605696 -0.21997659075401255 -0.18692272682621269 20.000988883991994 0.28841360469075866 0.75618493411958843 0.58736865599028742 -0.02722698435628363 0.012140795410023636 -0.61627481283173946 0.78743758873704817 11.454153762345699
0.95906634176920302 -0.21980184915424666 -0.17854663030651716 20.118226034259461 0.28317970300384393 0.74217509953739813 0.60744166586867254 0.12193215340906362 -0.0010039382914638377 -0.63313763806539491 0.77403858002872183 11.523015961832114
0.96065730603155286 -0.21887048265110257 -0.17097734409059248 20.245451043795928 0.27743732576498592 0.72766753146971586 0.62731849479920743 0.26097424672802849 -0.012886839821016006 -0.65007359234846918 0.75976197186394112 11.588174730098837
0.96177458865815757 -0.21846737305655253 -0.16511101574758991 20.38497423168986 0.27281123260885792 0.71212604779926103 0.64687751808842464 0.39179531924823796 -0.023741776973667923 -0.66719449859510505 0.74450509002327103 11.654236924092226
0.9628493206103047 -0.21838434120056963 -0.15883785858122101 20.520154262086418 0.26776212868364163 0.69587714496974917 0.66637710161105912 0.5096291709279589 -0.034994688783867307 -0.68415150268573122 0.72849989233340062 11.718230955235239
0.96389074597837321 -0.21876779965421825 -0.15183965111823416 20.64441463261392 0.26219939065423659 0.68001041104461291 0.68471696372405133 0.62095639667089186 -0.04654147997004679 -0.69980460894837537 0.7128165261389563 11.781571970824537
0.96491371044592866 -0.2190457955442226 -0.14477731468662194 20.76175734794823 0.25628883765881771 0.66587016227578677 0.70066608215490911 0.73267126718866638 -0.057075065352242056 -0.71318711881610442 0.69864624129084185 11.837270536337757
0.96633575705009844 -0.21678028862686688 -0.13856951724410876 20.872687443781974 0.24894155892082337 0.65176472818096332 0.71640131165518195 0.82434198934233527 -0.06498695937250247 -0.72677991549164822 0.68378918501938113 11.897751931703125
0.9673888469077272 -0.21423613922029294 -0.13513584102865225 20.997368105621629 0.24349727254434211 0.63960426897745271 0.72911964544187446 0.91909830482559174 -0.069770317055351638 -0.73824742177524849 0.67091195182392904 11.956268571802255
0.96846920559693794 -0.21162324531518639 -0.13146482363242412 21.110958416059738 0.23777585716293512 0.62764066064523816 0.74130280105719326 1.0050291468556647 -0.074364235764696807 -0.7491880959726186 0.65816955056585158 12.019105655607705
0.96940202297778966 -0.20919898845573789 -0.12843481255354777 21.218140987994996 0.23274659005499362 0.61697444051801209 0.75177893330769707 1.0795004297101887 -0.078030395772042932 -0.75866878344675692 0.64678662196977788 12.085983956707466
0.97038487182475242 -0.20548449455412074 -0.12700127177117707 21.320334179887865 0.22823566935278999 0.60768329627042639 0.76067699496500685 1.1481653080029501 -0.079130776368886727 -0.76713566853050619 0.6365855687176003 12.158872065536839
0.97111910002974988 -0.20145209635866188 -0.12784657379104514 21.430415200224299 0.225529352032946 0.60015443060442741 0.76743154144032633 1.2133621886629575 -0.077873005136621334 -0.77410058280469995 0.62825479128488615 12.226192113908461
0.97184281936816042 -0.19707372977207596 -0.12916454419177073 21.51570661575505 0.22365693850539486 0.59900187442257513 0.76887861740110564 1.2702554475455705 -0.074155972793424618 -0.7761177098043599 0.6262125775063101 12.290291149142412
0.97209060737878761 -0.19366097446470967 -0.13242083678680949 21.599858283857433 0.22401249964038972 0.59850843339236093 0.76915931715288088 1.3118665765936171 -0.069701155304658743 -0.77735647043528278 0.62518690551034017 12.363677410863433
0.97216833115364376 -0.18938696268255828 -0.1379177808254419 21.681059574060793 0.22564100391348815 0.5984629382170189 0.76871857589989723 1.3487413686351628 -0.063046595902178343 -0.77844376158238182 0.62454018029156422 12.43103232426253
0.97206414432703403 -0.18370483516927405 -0.14609528688216147 21.771749646176836 0.22849510115449764 0.59829738231841034 0.76800405666853988 1.3761244443736058 -0.053677630928973541 -0.77993126353953002 0.62355908789102343 12.495469466342772
0.9722178354430917 -0.17523023836717519 -0.15519936858161629 21.847269469546177 0.23026401216586317 0.59674245766113732 0.76868519169151739 1.3932855481208481 -0.042082836734571936 -0.7830662824986967 0.62051287824350809 12.563820787269881
0.97201096016359123 -0.1655034150904372 -0.16674325448202076 21.920712290619985 0.23329336074909832 0.59619015015535914 0.76820017748508851 1.4142016736896783 -0.027729066919832897 -0.78559908633547482 0.61811420821448737 12.625099978940932
0.97145154679538814 -0.15326874343020022 -0.18108170674083895 21.995689469989685 0.23702726161546314 0.5948839927886036 0.76806973145344259 1.4312140583017641 -0.0099984738796752223 -0.78906382974460065 0.61422984550480875 12.685302427651406
0.97043654596716167 -0.1394067780490621 -0.19702451747258384 22.060393202437382 0.2411473524012957 0.59400412181456719 0.76746795222807196 1.4467170016732098 0.010043141001213986 -0.79229088944735715 0.61006088369731204 12.739484211521072
0.96867389186905406 -0.12266741341325617 -0.21592497979104092 22.111601146663745 0.24552907592989365 0.60343955643334501 0.75866736756271536 1.4538769173628261 0.03723391040802234 -0.78791713232930094 0.61465456030009102 12.781969189560458
0.96560804471389305 -0.10411520076571604 -0.23824594215500691 22.161440095780371 0.2508366737422551 0.61418911952870647 0.74823304428398107 1.4591015761548201 0.068425631818301302 -0.7822606665441304 0.6191818654387411 12.829711409539861
0.9606449451246809 -0.08672769509336993 -0.26389315320824486 22.215993343618816 0.25860465233757984 0.62606709467406474 0.73563824448959625 1.4581865438349773 0.10141461036634802 -0.7749311581490107 0.62385637524519588 12.866580544979268
0.95430061283625256 -0.069590890079246764 -0.29063284115586613 22.264675733291902 0.26623461382683022 0.63974365790569676 0.72100428748372747 1.4615364341798542 0.13575518679163348 -0.76543135563381326 0.62903526854362601 12.904065543158099
0.94641498176862637 -0.052967225968847106 -0.31857990403830505 22.310781639538753 0.27401973140610997 0.6537604109004066 0.70534425066023954 1.4504471689213687 0.17091480065814632 -0.75484554586517671 0.63324271239666818 12.943791318771174
0.93632356101018566 -0.037174324568359784 -0.34916508801724633 22.366722948514298 0.28246347773060926 0.67045946605218509 0.68607469573607549 1.4555322732415072 0.20859667505867563 -0.7410142872940475 0.63826738376683501 12.974382543129426
0.92467403977733853 -0.023266675206598388 -0.38004813114484276 22.41718782481615 0.29070784111672304 0.68774746877115844 0.66520099993319204 1.4591794402524791 0.24590012459352484 -0.72557706759771223 0.64270603521454028 12.995740418031717
0.91124894068219331 -0.010031785673768777 -0.41173381131718612 22.460353797098797 0.29932381097994248 0.70281026916993783 0.64533943140778494 1.4241452241198032 0.28289684389548131 -0.71130660676354973 0.64343786560047955 12.995911974394154
0.89591887017583194 0.00039262265137382518 -0.44421754120060858 22.42803573397811 0.30848447191667588 0.71899625478819074 0.62280150624965958 1.3942524755111285 0.31963527441311973 -0.69501383543639528 0.6440411942592188 12.945523153251365
0.87869235446237792 0.0092339567683027458 -0.47729915174004228 22.38906397477772 0.31810156674020396 0.73418606022552158 0.59981849105204699 1.3652909781629983 0.35596508178020825 -0.67888553012487174 0.64218634175781242 12.907903524006409
0.85979984031312395 0.013809288476893255 -0.51044445158047169 22.358750516650989 0.32919141012376874 0.74918675514215272 0.57476275229027929 1.3472839028362764 0.39035528701203887 -0.66221485144274306 0.63960475328941602 12.867024223160712
0.84205951338129303 0.018040184033865363 -0.53908285790227495 22.293372646784746 0.3358986571382232 0.7644491438599561 0.55026320845984122 1.3250126658705994 0.42202827874065324 -0.64443157760293257 0.6376520004919588 12.819456767300656
0.82183591087233832 0.021713386437161152 -0.56931034107072431 22.253216599542231 0.34277024486442909 0.77934069594957789 0.52453468795915392 1.3127309085318308 0.45507614180070277 -0.62622408807571284 0.63304746794970168 12.7785192509407
0.80196799084601267 0.027061458199157944 -0.59675373408010179 22.199507036587956 0.34445960075894944 0.79521777640322133 0.49897522136605277 1.3001626584873369 0.48805217457091082 -0.60571970875352188 0.62841762333988826 12.724813520040076
0.78191646991285191 0.032597518360903195 -0.62253034936116547 22.136554630086323 0.34477662479123239 0.80937900837638699 0.47543106734543777 1.284113244858671 0.51936086979728258 -0.58638129454849341 0.62162791469418677 12.681464713681217
0.76289761280974977 0.032723122421018068 -0.64569066094237748 22.083172947562623 0.34689181485048826 0.8220668832611373 0.45152199086539974 1.2753871748574983 0.54557611857459432 -0.5684498541686317 0.61580147948567121 12.629081436043036
0.74383926613455542 0.03672408086473259 -0.66734885033320213 22.020997875484227 0.34560949436512817 0.83349604292868062 0.4310898094677158 1.2511052627629822 0.57206400302858285 -0.55130362624135865 0.60729489387944136 12.593147424478282
0.72610638202414512 0.038479085858942823 -0.68650483023447573 21.963836348162239 0.34439187402057342 0.84381103073772379 0.41155459117101073 1.2309365905922665 0.59511659285589047 -0.53525910020923551 0.5994446901514735 12.549963484523451
0.71167499663716671 0.036943088006445933 -0.70153681828542447 21.903463644165772 0.34322001874655267 0.8530366480774505 0.39310112664351898 1.2133223523793613 0.61295898549014249 -0.52054172290541312 0.59440524629377156 12.493025829225889
0.69579814066823031 0.035621112669862121 -0.71735352774959904 21.869860934701382 0.34521901516325837 0.85924846305424429 0.37751279489393347 1.1903803512357811 0.62983234198661453 -0.51031677913927154 0.58556639753026851 12.461956762705672
0.6845517912013992 0.035361630931707223 -0.72810603638536442 21.810343871657327 0.34413691715098033 0.8648355865039149 0.36555326639253116 1.1633341989043042 0.64261857070643025 -0.50080831000920834 0.57985550718169909 12.41860550770819
0.67425954819896905 0.03154656345228269 -0.73782035482688679 21.767932812677397 0.3466125240979111 0.86868757844611266 0.35389496915314272 1.1510436942232969 0.6520995474626532 -0.49435483752844978 0.57478646018432178 12.380588889150829
0.66729862627909142 0.027984108381848082 -0.74426435696203441 21.714957046934728 0.34799757764957312 0.87179002787148829 0.34478954922366628 1.1384583143808535 0.65849087261409089 -0.48907978590604484 0.57200588607288871 12.335406954463755
0.66165446501383696 0.024550192699968013 -0.74940687010838636 21.676338326624087 0.35017782679109283 0.87365368033263491 0.33779392603347613 1.1177885046058094 0.66301497611375326 -0.48592852857147273 0.56945992534088186 12.295301775182837
0.65813158839396191 0.024185718796009097 -0.75251436090240909 21.622664054799813 0.35118025035301331 0.87423792130304667 0.33523199238396534 1.0897129125415075 0.66598441732523728 -0.48489494528407745 0.56687004499965954 12.262063495725501
0.65684352547506575 0.02344331686575566 -0.75366238723702972 21.573332115952073 0.35280237840606726 0.87380376643727753 0.33466021507052468 1.056715224635369 0.66639857805408687 -0.48571327823558569 0.56568148857208667 12.225490716175667
0.65678968959155681 0.017924131211818572 -0.75386074918815615 21.527062340543772 0.35549284066998832 0.87429460710808959 0.33050534067408588 1.0502440222786575 0.66502040861811818 -0.48506459930818779 0.5678557832930633 12.175339092748137
0.65861742819108304 0.017028971262427452 -0.75228525003532221 21.468000672449293 0.35586659561885192 0.87382745318020849 0.33133751401137651 1.0242366512129117 0.66300984110766581 -0.48593785220574665 0.56945794786626158 12.130532663491184
0.66017007357648716 0.015851216074408599 -0.75094887502610852 21.41661020754761 0.35729448377415146 0.8727927453596892 0.33252590201675919 1.0016991510036826 0.66069367018201275 -0.48783353984372491 0.57052809885663192 12.09123060605342
0.66296979966937941 0.014220003653381488 -0.74851107955890739 21.359588379254369 0.35827593999093865 0.871867249392969 0.3338949689042166 0.98213234750293432 0.65735028375284998 -0.48953579126764191 0.57292697049275965 12.044798475042299
0.66480392994389748 0.013950843121217228 -0.74688761450927599 21.311534408897195 0.35900161080833976 0.87083151177099993 0.33581292640941041 0.96123118196081681 0.6550981439205632 -0.4913836099045652 0.57392383619169474 12.008107068863588
0.66842287420481683 0.014794048285945384 -0.74363431696976212 21.25020497874614 0.35773580713158021 0.87016961687263694 0.3388656520918652 0.93862426874487481 0.65210118351041846 -0.49253017573245328 0.57634891555139611 11.960819575320384
0.67106730991433428 0.015526616503714169 -0.74123382933072168 21.199776126180847 0.35706858926056856 0.86942147740950992 0.34147959995076199 0.91880105953957636 0.64974663379490183 -0.4938271142809107 0.5778962649759749 11.92031334779594
0.67347141858594239 0.017554190218123811 -0.73900480293001103 21.146852219836461 0.35505548452937957 0.86916683223087798 0.34421595061145593 0.89962629363769131 0.64836089583922774 -0.49420731293205961 0.57912630797696241 11.87779697520533
0.67441517663458073 0.022880142263845025 -0.73799774296059584 21.098997143694969 0.35100321733937628 0.86941914983516089 0.34771695862772151 0.8717409434410105 0.64958518374602259 -0.49354517624012118 0.57831846595777481 11.844669303225862
0.67516146641060049 0.02609012142616543 -0.73720845073714092 21.049268128987102 0.34770211635951448 0.87013790354560705 0.34923239696850944 0.85780722273004928 0.65058453144338002 -0.49211719577477053 0.57841199250134334 11.802846035167956
0.67471346825287903 0.029853202221180309 -0.73747577728038805 21.000512688178638 0.34278507179572143 0.87221170459621955 0.34891995775443851 0.84888976529586069 0.65365138285799818 -0.48821668210180852 0.57825975219215131 11.755416090371625
0.67254727094815547 0.035735391501815504 -0.73919087530515448 20.95924583313791 0.33660003795610222 0.87476761768600042 0.34854272262652386 0.83531510030153489 0.65907555165408693 -0.48322313359582791 0.57629403985265182 11.713373746137435
0.66850170200447989 0.043911898365944668 -0.74241310575650032 20.914753052389628 0.32842476646427943 0.87821468597339103 0.34767245808884789 0.82121283833353143 0.66726505017871063 -0.47624648085057503 0.57266625733270327 11.673245615454023
0.66411696057267045 0.053340862525964969 -0.74572341726990465 20.860377832510171 0.31737819792810928 0.88299985633928568 0.34580678591477465 0.80718950521549893 0.67691930254619281 -0.4663325059330381 0.56948595395372914 11.623765545936322
0.65658520656546082 0.063451057055143853 -0.75157822605366631 20.80964997936222 0.30437608083426809 0.88942573588715301 0.34099422540208407 0.80108576215224903 0.69010946083600544 -0.45265419880984326 0.56467079645086726 11.574199234422743
0.64872640141394522 0.071979097037680198 -0.75761010137019236 20.760137807694896 0.29058718662279653 0.89665709163183205 0.33401369282859095 0.80650189593600285 0.70335847409351715 -0.43683528888585055 0.56076892505278386 11.511824112909755
0.63767402311385668 0.083314544701912921 -0.76578752071766065 20.708524945561216 0.27428089899220004 0.90442080753969001 0.32679196951162315 0.81015207422952029 0.71982069204338606 -0.41842763953922552 0.55387406671175066 11.458716188139331
0.62434231624739622 0.096868072035462924 -0.7751214412999865 20.668468209365592 0.25674881494632529 0.91170415849857322 0.32074222266497115 0.80779806765437367 0.73775112210453042 -0.39926445371024538 0.54434472334814221 11.412229649180588
0.60945679365808303 0.10815577548993208 -0.78540737511954939 20.629002778507648 0.23867272251146257 0.91966623890472321 0.31184826526342418 0.81662717123338979 0.75604083764898278 -0.3775133603556462 0.53468300380694056 11.359303000547698
0.59382120410287109 0.12025135611376948 -0.79556017302942938 20.585712668523854 0.21900587795534962 0.9272780622974196 0.30363106001025209 0.82728965828816725 0.77421754241222329 -0.35453491581893909 0.52430162167061334 11.303453601539108
0.5772389448022146 0.1337792855555725 -0.80554224182215695 20.537575482476758 0.19750778366865057 0.93432396069070112 0.29669750903831105 0.83307985448452193 0.79232939866820751 -0.33036621987649062 0.51290572698166959 11.246702995156069
0.56023748946791208 0.14220782062357629 -0.81603363358882708 20.499549497892755 0.17729490275388921 0.94173560977582904 0.28583309594523254 0.85613021841011105 0.80913563316182069 -0.30481301979023184 0.50238287203504428 11.185081772916208
0.54283334622733781 0.15244290898944263 -0.82588928902272851 20.452326190327231 0.15589181407569797 0.94800891368278672 0.2774470073404483 0.87448511263915973 0.82524523659807902 -0.27935686688681788 0.4908462492424297 11.125921993843299
0.52509191464667859 0.16313877800595436 -0.83526296475026929 20.405509928311652 0.1341611058624014 0.95331551061076891 0.27053712296597382 0.88880260302349612 0.84040423538108322 -0.25411665891801127 0.47869138786266507 11.068860131297523
0.5068892214554872 0.17300112313783436 -0.84447257419367872 20.364281142338328 0.11303953376962003 0.95785376211015638 0.26407997693230523 0.89920919965393853 0.85456736479776552 -0.22931807997728351 0.46596978144310519 11.011772783434543
0.48870862503629275 0.18211034934995662 -0.85322898478355336 20.326753989642135 0.093176758357335757 0.96148412408767714 0.2585853260132347 0.9061187501901814 0.86745718713787545 -0.2058739900691415 0.4529171322613621 10.958897020866262
0.47286077419095962 0.19238979516106883 -0.85987723248694525 20.278989583928496 0.072417279622204095 0.96408542951154108 0.25552890681029966 0.90799120173805248 0.87815626504833733 -0.18309956668826197 0.44194583699241341 10.894720758059124
0.45853627401487029 0.20008432564729792 -0.8658583879843319 20.228994900158039 0.055819883858391914 0.96591573655259499 0.25276655325832476 0.91084297859026264 0.88692086793501224 -0.16423474818175335 0.43173871903163918 10.828720507819224
0.44636087423636162 0.20876966344326084 -0.87015929436899009 20.176893537557106 0.039125187387760378 0.96692169911946513 0.25205485014932583 0.90443477164650976 0.89399730965077506 -0.14655256871755629 0.42342786273397537 10.756349032206131
0.43714048238648839 0.21381859492943411 -0.87360735294599656 20.121929626626635 0.026404910567738159 0.96785992029386481 0.25009989081697631 0.90654218393895147 0.89900555023693718 -0.13239631094239859 0.41744489156297704 10.678209937732646
0.43014068221660529 0.22107398486034896 -0.87527440652643307 20.06382950978832 0.014534166465604959 0.96773028282206708 0.25156879320430831 0.89762014317667371 0.90264486455492754 -0.12093135626084804 0.41304703795757736 10.59527292844577
0.42556181801845927 0.22579438537010155 -0.87630704355275046 20.005453024143886 0.007954660381970978 0.96739985202427814 0.25312891909383295 0.89240881066714206 0.90489439296695362 -0.11469272792441022 0.4098923221264652 10.512956016589785
0.42467554268728991 0.2326532034697251 -0.87494180969852542 19.939385375374563 0.0030639538406986508 0.96604259077052956 0.25836471315608328 0.88125802557433186 0.90534043079391857 -0.11240195608901934 0.40954182281818829 10.423725963900756
0.42792158581393525 0.2377068104765564 -0.8719968971547718 19.875131788047444 0.0023363825902839477 0.96450070220730921 0.26406994671487949 0.87441279233389435 0.90381284440468035 -0.1150385487333267 0.41217529595361646 10.329374887170314
0.43512554516375246 0.24314847039695775 -0.86691670954571365 19.806977921398662 0.0055472942827215679 0.96210292303144118 0.27263013960400201 0.86803176488802958 0.90035270170755211 -0.12343738022972009 0.41728674276801003 10.231331873108347
0.44754271313643412 0.24673417336624459 -0.85955091042459808 19.737891074539323 0.011788457191262095 0.95947277620378646 0.28155465544161851 0.87011959937218986 0.89418485348138688 -0.13614051350378659 0.42649643420243988 10.123080387471685
0.46295898695332105 0.25197129560354797 -0.84981141589827103 19.667118825044991 0.020542232091770248 0.9554367015797528 0.29448043394271595 0.87028057457276631 0.88614163264110479 -0.15378938671531237 0.43715195462663281 10.010822586840977
0.48144546356041351 0.25553223326129682 -0.83839939371494832 19.593776267438777 0.032086839704770255 0.95077735756879489 0.30820910280564456 0.87792269149191537 0.87588852049496524 -0.17528746132851084 0.4495482238493963 9.8940854715570588
0.50229860659122649 0.25821110946363163 -0.82524125730968689 19.517783873635267 0.045521955589868004 0.94515358865585741 0.32343847237183826 0.88613687228694138 0.86349514264747695 -0.20002928985654767 0.46299505593872037 9.7739929574433297
0.52532557408858938 0.25974729594326867 -0.81028660575049249 19.437406489102127 0.06048577279484741 0.93846045821948165 0.34004917239700894 0.89630253862296039 0.848748792339585 -0.22764733824194081 0.47728626304708932 9.6501983115830257
0.55075869993309001 0.25850034190501026 -0.79362612588233605 19.353106900559325 0.074525593108184407 0.93180455373669635 0.35522698321978519 0.90939496279577392 0.83133073467777308 -0.25478980919681421 0.49393457330861668 9.5163190345711062
0.57620382662028491 0.25712655370200943 -0.77580608760789482 19.265679809627507 0.091699599112699426 0.92289143792607653 0.37398205481721858 0.91653867343817219 0.81214551264580115 -0.28663099829583427 0.50819517619239818 9.3879335280992677
0.60269717500102316 0.25465752866825481 -0.75624444350908337 19.171086292789003 0.1082732235601514 0.91284808329501366 0.39368170631172766 0.92212363351385773 0.79059030117101714 -0.31915187594184202 0.52259836947422977 9.2547638047735159
0.62902891705753228 0.25011370679795203 -0.73604738650253787 19.074685567991843 0.12486063864552908 0.90202962921913987 0.41322193664883244 0.92699924010035228 0.76728902144006916 -0.35183189406671073 0.53617336365672996 9.118517729737535
0.65440781616678356 0.24465396240951812 -0.71546827240426492 18.994067527797487 0.14333504979604947 0.88891619338265493 0.43506673584871386 0.91284846280198484 0.74243213402962649 -0.38726275294612655 0.54664621698206428 8.9889167923481761
0.68048035967494591 0.23816679509178776 -0.69298128244012669 18.887575573734459 0.15717646897402784 0.87625303381365693 0.45549553053045272 0.91199630561286282 0.7157108617993112 -0.41887611348472537 0.55883876373639185 8.8452555052626778
0.70548689083654548 0.23107967573899613 -0.66999285840831502 18.777134755088621 0.17004580205299441 0.86254766489309287 0.47654585402836802 0.90785177113981141 0.68802083693877902 -0.45012632587733992 0.56922194150456717 8.7000773812935073
0.72948771570879734 0.2235195310723114 -0.64644156105496098 18.661684127084111 0.17924339627846617 0.84960014450687682 0.49603568353945543 0.90129961470064235 0.66009050706741845 -0.47772231859429393 0.57970846879821458 8.5480211388981928
0.75165030248242215 0.21577627699106858 -0.62326753570674365 18.543508377334632 0.1871690313790205 0.83634249599469612 0.51526593433488399 0.89409795577563111 0.6324472914565471 -0.50395617634992373 0.58825045333432779 8.3948913821666462
0.77163289284221581 0.20753832201116298 -0.60125745199601843 18.424285351417367 0.19386908789086696 0.8235567692664657 0.5330750646538861 0.88332158664297433 0.60580314908748778 -0.52790348804698417 0.59524822709816694 8.2392016428050763
0.78969820514009337 0.19988145911396402 -0.58002081609282596 18.301591166232345 0.19720107586787797 0.81255946585497485 0.54850601649027464 0.87170010702248213 0.58093758741801738 -0.54753494569018224 0.60225991297195158 8.0763116596793267
0.80573415538281146 0.19312628487570321 -0.5599059822324246 18.176369030855277 0.19965204283137428 0.80145091484936448 0.56375126862861769 0.85381081601299402 0.5576123497940183 -0.56602002542067842 0.60719831865706619 7.9135182547287188
0.82015433380544522 0.18769894033635517 -0.54047754489595201 18.0461902886763 0.19948720225007652 0.79156213782323992 0.57761080158108136 0.83585715064375599 0.53623849626689757 -0.58154835547984451 0.61175958133902975 7.7440981753534439
0.83207543352277946 0.18345987211583942 -0.52344335725187918 17.915155680388953 0.19613633344935266 0.78542258666682407 0.58706209131116571 0.81529420677008191 0.51882657182234115 -0.59114620499233095 0.61754769264749254 7.5660799553585063
0.8412555393583393 0.18216848011382805 -0.50902235938308993 17.783282514731098 0.190552082283829 0.78119398301506604 0.59449631187952179 0.78629618306256166 0.50594369393857108 -0.59711858600622592 0.62247118231265852 7.3871824535336046
0.84875603943676248 0.1833365416661448 -0.49598477598563323 17.64879327131176 0.1834227477202974 0.77765661260566543 0.60133708391335572 0.74721245121965185 0.49595290213724624 -0.60136337214747293 0.62641265432705229 7.2074373039044604
0.85424590999978645 0.18635259821112748 -0.48532116622768362 17.513663203445233 0.17433822978713814 0.77679781900820577 0.60513744721243445 0.70243151519178126 0.48976535900706969 -0.60154622226729759 0.63108797769615232 7.0221253366526399
0.8579941828415234 0.19124888798962639 -0.4767282717154897 17.380142914397243 0.16412462810534909 0.77737828606251713 0.60724468446235425 0.6431783772241203 0.48673307742477018 -0.59925525713274697 0.63559739469209453 6.8350307888600943
0.86040599509800386 0.19907855468286684 -0.46911539376233929 17.246012609564012 0.15119768408169187 0.7793664482237177 0.60805197122571697 0.56801028899435924 0.48666290584730898 -0.59410072247770251 0.64047134801154471 6.6445376295390917
0.8606415735761439 0.20813164246031665 -0.46473358092475919 17.119409331738439 0.13803044899864078 0.78313035927914931 0.60634514554381003 0.47943543613179634 0.49014658723856519 -0.58599322503087137 0.64526604066563598 6.4554869701048627
0.85965906058873021 0.21865013195860084 -0.46171248558186972 16.992238649562108 0.12370785215850545 0.78778657160613796 0.60339761758841626 0.37449278484239873 0.49566386479350216 -0.57583368900363385 0.65017912589257676 6.267822718831475
0.85784343434183863 0.23070386439186677 -0.45921712632616257 16.862079308219311 0.10844815466570033 0.79218432237414715 0.60056889457764762 0.25353536857150505 0.50233817285390914 -0.56499533302432892 0.6545507113696567 6.0833923629331785
0.85478361632285338 0.24371726893397641 -0.45819958761372637 16.723318945714734 0.0915861549402813 0.79818343217828591 0.59541177752824692 0.13257872854797348 0.51083945177450796 -0.55091297082157686 0.65995299309213284 5.8962751906441184
0.85106617565304099 0.25677625759734662 -0.45798724675869329 16.564601713312367 0.074605079164533683 0.80427087376393169 0.58956122988020132 0.019647385716375192 0.51973112935647869 -0.53592379602822549 0.66533092369777624 5.7117402889652391
0.84638332576326847 0.27068039494002427 -0.45865824931534971 16.387220394693077 0.056837338064881823 0.81038265711012392 0.58313760473565213 -0.075520399103891508 0.52953260793987689 -0.51962685924637098 0.67050961535099929 5.529175515850743
0.83780943577226152 0.28671921845818615 -0.46461536683335353 16.230665665066649 0.039497898782894447 0.81694100682596416 0.57536710660057389 -0.13104197977818396 0.54453215269871891 -0.50039932167510659 0.67311607731831224 5.3730277785048814
0.83151548081910454 0.30126124196813236 -0.46671583350684803 16.012025415271307 0.020823256948054227 0.82267554787098096 0.56812968141548159 -0.17168702104567252 0.55511115745249506 -0.48212716893263724 0.67779421349606661 5.1941389563077749
0.82404757614568536 0.31448123074637385 -0.47121878968974362 15.79051699003983 0.0035383166540486786 0.82890373318457766 0.55938008672809059 -0.18237337759879632 0.56650955204981013 -0.46262312590370624 0.68194337801272553 5.018249365073836
0.81596625422490054 0.32711712297878154 -0.47664815096701019 15.561761502803744 -0.012703298771810171 0.83445551780772487 0.55092886564470001 -0.17362889423602135 0.57795994512292903 -0.44348435897371458 0.68504300972944343 4.8506636093570545
0.80767113399344659 0.33874027536340556 -0.4826203115912801 15.327747039822366 -0.027892727609678942 0.83954271604280928 0.54257720527677455 -0.1482322590243369 0.58897311913213191 -0.42476234977477362 0.68752280773337304 4.6967916585510059
0.7994633311376198 0.34941840396234969 -0.48863602112282373 15.091579726913634 -0.043506347463317475 0.84496713584066074 0.53304571762620101 -0.10996360230014499 0.59913736312864141 -0.40489173654402322 0.69072215961385219 4.5309242594549684
0.79346101933038404 0.36101378068065543 -0.48998842941629517 14.838044537480434 -0.058332965595679367 0.8464829542635417 0.52921061333469122 -0.087325285668494054 0.60581917758354376 -0.39132551450158015 0.69271023218375549 4.3784088025018564
0.78562999564505265 0.37013967896654598 -0.49576418587600379 14.61248646013971 -0.071376758791128786 0.85017706387754022 0.5216361934922058 -0.035175082289332214 0.61456559312023606 -0.37442699970903165 0.69434397357625666 4.2388202874184131
0.77901830741262057 0.37754274500827556 -0.50059160241417555 14.39197582623243 -0.084021597169623097 0.8540482811953124 0.51336332611163238 0.024125840841481967 0.62134599694939796 -0.35785892343065695 0.69704099090082916 4.0946541350968078
0.77376544725304097 0.38489125168012706 -0.50313592300431753 14.1689223638881 -0.094945177740255196 0.85574286753257922 0.50861533391256497 0.079429076137339141 0.62631657000367857 -0.34577864168745831 0.69868783093138487 3.9673745214117897
0.76894508429828357 0.3902749424400952 -0.50636837049413552 13.959472769434477 -0.10415604725310823 0.85794166959944906 0.50307813447367999 0.14207224193785395 0.63077331518867696 -0.33409813059682059 0.70035952479965324 3.8468926142721029
0.76540754934416122 0.39526354357007298 -0.50785629318872727 13.750115014033657 -0.11187887712401688 0.85886401949693036 0.49983568586791161 0.19795639764024339 0.6337463216938104 -0.32575961557259597 0.70160264580570109 3.7370474097751436
0.76342820515230314 0.39813836496630006 -0.50858943944983193 13.546364559137764 -0.11900099733812879 0.86064351172742226 0.49510757250724929 0.27075044636176865 0.63483552059605453 -0.31745643490635328 0.70441839394360273 3.6238149344561839
0.76147771288129151 0.40185375784402222 -0.50859143729688905 13.342069198454586 -0.12468926762982661 0.86079076087511108 0.49344893609165374 0.33576609593602796 0.63608511955792124 -0.31233447343942916 0.70557983062039109 3.5345044920396891
0.76087665504388446 0.40375117788512421 -0.50798789568808078 13.137187102698968 -0.12962282880009335 0.86164172773074166 0.49068468010224664 0.40585681890698466 0.63581808566844911 -0.3075036900421802 0.70793844545083973 3.4470724239859871
0.76034138725020217 0.40454897431420378 -0.50815460463894646 12.942098161182203 -0.13398382901739209 0.86321185759784158 0.48673773478570764 0.47981835560771419 0.63555433158485863 -0.3020023448316409 0.71053872190044243 3.369504882273362
0.76009052234792773 0.40626106204116691 -0.50716303818992725 12.743800708158906 -0.13714925039650605 0.8631845710849817 0.48590377582039096 0.53537642090028337 0.63517909360473357 -0.2997738242575882 0.71181681164289001 3.316409350298732
0.76013515269868615 0.40616380761157506 -0.50717404410932998 12.554200086308676 -0.13931159529273038 0.86427326931005066 0.48334666169645896 0.59413936945958945 0.63465488972254802 -0.29675356331910174 0.71354782152892615 3.2706977216695865
0.76040427851898251 0.40532015132147237 -0.50744547307347665 12.366630434135192 -0.139366278442139 0.8649819600807449 0.48206145787447147 0.63635443703986927 0.63432040298512704 -0.29584080798228529 0.71422394435441239 3.2449492720174495
0.76192206398840201 0.40520465343153933 -0.50525632825832034 12.165132447465641 -0.14285160530526017 0.8660424096037016 0.47912833732677979 0.67847444495726561 0.63171843986808207 -0.29288177410900884 0.71774095544659833 3.2063865168047285
0.76303215106666156 0.40416870756672935 -0.50441014290200692 11.980860517489658 -0.14240779211358767 0.86632981109368024 0.47874072226594794 0.6988486522926749 0.63047756279182265 -0.29346262834341946 0.71859427257796571 3.1964559249033071
0.76332272393519984 0.40340545707539305 -0.5045814664907341 11.804276056533695 -0.1417728176258081 0.86662978572158822 0.47838612300378602 0.71110690514371755 0.63026890079281717 -0.29362706227789581 0.71871013697558672 3.1931457161783223
0.76344938508178883 0.40205186878062649 -0.50546941670910672 11.636239800719359 -0.14133734620132274 0.8676514910188704 0.47665988367125933 0.72980500049671371 0.63021329007488103 -0.29246398913838428 0.71923294145239003 3.1902367788104975
0.76453302485798358 0.40218057064204393 -0.50372615824428046 11.456384957247977 -0.14176654806330799 0.86725289444153986 0.47725743884510086 0.72801738858470777 0.62880163784115239 -0.29346755473273578 0.72005922990228588 3.1847846588138879
0.76461110862724146 0.40060041903566246 -0.50486548389870389 11.299461306018582 -0.14145028672104473 0.86856325112840205 0.47496283557326319 0.74278435819027877 0.62877791703458785 -0.29174849281138027 0.72077815449133364 3.1855228180226618
0.76512283448469776 0.40062743925734717 -0.50406815319379428 11.134224577901639 -0.14140704294234044 0.86829362498559237 0.47546843114520515 0.73763367392766066 0.6281648639938443 -0.29251296676127064 0.72100282102091318 3.1926066447585288
0.76440151378264354 0.4005129590203112 -0.50525211071661791 10.981505067067278 -0.14260479952038357 0.86927020293759028 0.47332143986786807 0.73834051102180676 0.6287719752665144 -0.28975624918478493 0.72158652923804689 3.191729235664309
0.76355930159126362 0.40050204602063572 -0.50653262884709249 10.83586295539709 -0.14358058194702406 0.87008854900307275 0.47151938812893096 0.7361759253347373 0.6295727197403137 -0.28730476506144503 0.72186852163795889 3.1952723868791804
0.76180086908919076 0.40157039104109798 -0.50833124721391398 10.697098355363794 -0.14536691643004637 0.87064629072373712 0.46993988557752542 0.73194558372125063 0.63129065846294097 -0.28410606732010746 0.7216341504178756 3.2050795701983583
0.75905075971716052 0.40270909913576636 -0.51153428589495442 10.569102062256713 -0.14759149724001527 0.87171513453109428 0.46725739605905309 0.7311577945379657 0.63408098387765266 -0.27917397031724805 0.72111247401639944 3.2136751687046767
0.75544674677883339 0.40375692567240995 -0.51602379572345425 10.452016719098861 -0.150258812850049 0.8733389812638338 0.46335873032235281 0.73416758458760656 0.63774799250344261 -0.27250572246580979 0.72042912856242558 3.2234457320096714
0.75161804137623134 0.40543656795312888 -0.52028022184602185 10.336166903656347 -0.15351483249462275 0.8746477310715467 0.45980924603094186 0.73091132148622218 0.64148539818292494 -0.26573019380150098 0.71964154133867986 3.233853647833751
0.74722326285410723 0.40677863418630517 -0.52553642901247666 10.235978329423103 -0.15568483340065109 0.8759273266545784 0.45663284055001468 0.72629561329972248 0.6460802025280401 -0.25938862964534071 0.71784253894014871 3.2520808533711372
0.74233074374437868 0.40891846908516527 -0.53078315019691635 10.135655438629557 -0.16049862956810818 0.87763192125897427 0.45166624923060261 0.73361168404926758 0.65052690705202709 -0.25009577451113874 0.71712401073524012 3.2752190838237691
0.73794704461568184 0.41148820467300717 -0.53489402385703122 10.037253244192712 -0.1651583278471799 0.87861732285522431 0.44805616469527793 0.73051180780242886 0.65433698205565638 -0.24229952000304075 0.7163337605617871 3.2846984508943833
0.73372232257725112 0.41321369938241648 -0.53935701719226981 9.9468352563549569 -0.16896492383767239 0.8798435024113479 0.444214211588353 0.73208661992761792 0.65810516474525105 -0.23479746571722279 0.71537943933859016 3.2968859315729695
0.72939755732005018 0.41544618070749306 -0.5434921106245254 9.8642800339251817 -0.17241677309175141 0.88046986962967244 0.44163929289742232 0.72511637998821932 0.66200578527092335 -0.22842346554122819 0.71384246207266466 3.3145853878825462
0.72573772354424793 0.41795895610365447 -0.54645683053426675 9.7824818001044562 -0.17467468488416518 0.88021749168179242 0.44125493968683382 0.70722190551951625 0.66542731465234461 -0.22478318075460457 0.71181388758889252 3.334221630204524
0.72305746466595933 0.41951033256194253 -0.54881598342668869 9.7086587482124393 -0.17723513217807796 0.8805453376572111 0.4395766329685501 0.70093966570558464 0.66766429492122326 -0.22056969239656776 0.71103684861153948 3.344153079736496
0.72046298460738356 0.42067602825170747 -0.55132999833583307 9.649488470157598 -0.17892137214374831 0.88084432577076266 0.43829261498187366 0.69012332131684917 0.67001509714395191 -0.21712888571495789 0.70988366412205983 3.3615023117095184
0.71893750307499071 0.42124153282183285 -0.55288736438646391 9.5944650353867562 -0.17967099945201667 0.881027438044517 0.43761739609918182 0.68197913130317278 0.6714515608949102 -0.21528173271001774 0.70908855366107937 3.3774332073300686
0.71941698849585389 0.42208480201482401 -0.551619086482387 9.5333795692671615 -0.18057141448122652 0.8805257564526745 0.43825603988501338 0.67296523610198367 0.67069602722530386 -0.21568220170322855 0.70968163773106197 3.3861350053403241
0.71995985553742814 0.42161044876164161 -0.55127346744563432 9.4917323883164926 -0.17983862634178474 0.88052752783888821 0.43855369248637732 0.66966806829898973 0.67031028254833269 -0.21660078996380247 0.7097663156962517 3.3985136243901226
0.7219387593070925 0.41927522758042912 -0.55046590389188987 9.4610754120255809 -0.17641965152909325 0.8807594225840456 0.43947576279445943 0.66431855187851874 0.66908933212575528 -0.22016158399411564 0.70982275433287767 3.4155512472057361
0.72557200246521547 0.4178360081741917 -0.54677082906065322 9.419481168137235 -0.17332961158939458 0.87990660371826612 0.44240390423147902 0.65499754028425183 0.66595954455573869 -0.22622431126216933 0.71085894944712491 3.4254038658370667
0.73218317671255417 0.41501895305161135 -0.54006209304769481 9.3728586158011655 -0.16772778184290527 0.87836435840146221 0.44759741407658554 0.64703066591682823 0.66013270403546231 -0.23713987960259239 0.71273381466357877 3.4407034592901402
0.73900281532325907 0.4107110284820934 -0.5340330420746251 9.3449316238308917 -0.16055759810891976 0.87721244902615592 0.45245947549258869 0.63537343635109012 0.65429052922519959 -0.24862576366240668 0.71420524571686905 3.4500738874977248
0.74813207918779678 0.4051184517706653 -0.52552586247023414 9.3139304254693336 -0.15239805079196245 0.87572444801279503 0.45812828472764699 0.62977488375921942 0.64581206724940865 -0.26265134910680493 0.71689681447710496 3.4624491726747242
0.75966705892200193 0.39827622508105176 -0.51408365868210903 9.279343160359268 -0.1424692045653361 0.8732404030141836 0.46599755824912514 0.62155980002728739 0.63451436968701991 -0.28076190460746936 0.72011406567423064 3.4726396871202252
0.77290756341218858 0.38951031302094302 -0.50089481377886191 9.245328317725825 -0.13071867826516104 0.87022103023009578 0.47500314282947648 0.61459262576533824 0.62090782373299425 -0.30165721373041565 0.72351668939393465 3.4817955509108733
0.78821361117021915 0.37917265285256285 -0.48471373252132288 9.2050748099590027 -0.11747291201805088 0.86585923330995673 0.48630021903541565 0.60614596060277459 0.60408560495016095 -0.32636771810435511 0.72702454874051825 3.4961798292272626
0.80397057095417279 0.3671313640504491 -0.4678096648959682 9.1737558887442638 -0.10239855546136169 0.86038997982196441 0.49924304548124265 0.59339134057800924 0.58578652842059109 -0.35347368240424387 0.72932194466403921 3.5144799361216572
0.82167295852321709 0.35222614520529411 -0.44809629753605712 9.1365172611080521 -0.087483720962703695 0.85481368563768323 0.5115077334831214 0.59363681177246208 0.56320524482485368 -0.38109094122051651 0.73319134386695917 3.526197329599027
0.8395729784862126 0.3352325142813557 -0.4274767539462121 9.1082008264366063 -0.071141798827477482 0.84796320572084061 0.52525921810400067 0.58670061797236783 0.53856852698183211 -0.41058198098825049 0.73577603836519678 3.5399760006620689
0.85814307791918798 0.31683559245611687 -0.40398720916925562 9.070182262425952 -0.055566134756579386 0.83956326898293943 0.54041273305029935 0.58089292895444677 0.51039481040425572 -0.44130343838187114 0.73807073697901204 3.5537260387335023
0.87595756959556337 0.29556616454516371 -0.38123349622546943 9.0456564943946791 -0.038353965181254661 0.83047562497440153 0.55573303813814434 0.57611499349566664 0.48086100863254538 -0.47217674519128783 0.73879754444465551 3.5729433116156866
0.89422098722382848 0.27396756090857871 -0.35399237502839775 9.0047821428078709 -0.024242294642081604 0.81930219395750603 0.57284921761917751 0.5667713428419715 0.44696883242450819 -0.50367220545333002 0.73927881904924786 3.5858867148596625
0.91143550531284245 0.24962949598858011 -0.32706334919646818 8.9723142849239466 -0.0088946131460382327 0.80668649541662818 0.59091267034090633 0.55846220804705426 0.41134681901299019 -0.53566968632257494 0.7374630713757595 3.6060476965165278
0.92827941032625694 0.22392054784312385 -0.2969123180637207 8.9325698345784499 0.0038707337881581645 0.79254047302235753 0.60980703180714391 0.547691770661489 0.37186335364523082 -0.56722058044039014 0.73483226612648744 3.6241877454829932
0.94353839743158263 0.19775712846374507 -0.26575818089762471 8.8934256224045853 0.014181474142304477 0.77740757784226699 0.62883729509672903 0.53751832265770838 0.33095948145262727 -0.59710097643128457 0.73070941254469601 3.6418132105675505
0.95682256775909724 0.16876255448253477 -0.23666384183355371 8.8691131913059564 0.025456614607267513 0.76241344426812496 0.64658928290836371 0.5328745617215831 0.28955575387069221 -0.62469587817092598 0.72519826612908478 3.6615787301850737
0.96879412070343507 0.1385531090751089 -0.20552612402339268 8.8365074316472487 0.03423271798927837 0.74644214395016451 0.66456921893370025 0.5236389469403322 0.24549149213266955 -0.65086646994656505 0.71840571099468065 3.6794888624662803
0.97869320960321682 0.10775925719425705 -0.17477855693847569 8.8099206640645455 0.041402710281323675 0.7301618221499524 0.68201871605992037 0.51626270466642865 0.20111045984213452 -0.67472339218645994 0.71014289194392544 3.6962081675889698
0.98694448279541724 0.07627057715937792 -0.14185692418582119 8.7771864742776078 0.045815757109916574 0.71143033018783031 0.70126157864899452 0.49503339369174343 0.15440694375620409 -0.69860552842688706 0.69864784503443378 3.721979374705557
0.99319340755589614 0.0446579833620038 -0.10757564645191106 8.7411469393969519 0.046459823484625934 0.69503630649908132 0.71747196283192316 0.48851087009117555 0.1068098309580395 -0.71758636913625529 0.68823067560270879 3.7386346675275504
0.99727777610822088 0.013191636443436105 -0.072546660905829216 8.7042245971837282 0.044377065967826895 0.67835914757347981 0.73338908017468385 0.4788357469106983 0.058887293168631047 -0.73461203885542603 0.67592709597407452 3.7591713311092008
0.99915905256219195 -0.017369082523260474 -0.037141656604452018 8.6645244225847584 0.03932005051736534 0.6626980364464059 0.74785375984706381 0.47024454366159085 0.011624169232022755 -0.74868526595785112 0.66282369543287079 3.7780554332349525
0.99888238807722429 -0.047181976903245264 -0.0027992578736213735 8.6333092809034504 0.032783829865548945 0.6489647820013611 0.7601117892923861 0.46809436712233909 -0.034046957110557489 -0.7593540496879092 0.64978629712705116 3.7951148081719492
0.99657254180168497 -0.07632215963638872 0.031907630362760474 8.6004841461367931 0.023772014797377863 0.63366679022572747 0.77324077122038593 0.44907340653899713 -0.079234211294126014 -0.76983201213866237 0.63330925529881243 3.8236479976079822
0.99236146499308864 -0.10186576099084708 0.069585124376740554 8.5619779894011945 0.011393532550027959 0.63733128924281257 0.77050568795312979 0.45385772908391475 -0.12283692528227125 -0.76382733290309135 0.63362362274251405 3.8338079414690731
0.98636304331342228 -0.12513877531613862 0.10690291716253915 8.5302543083101217 -0.0024458753608664701 0.63831653288707657 0.76977010953708824 0.44474258353669599 -0.16456598822114743 -0.75953425910580141 0.62930576412853423 3.8560046905698249
0.97821888916243449 -0.14767759016928667 0.14587369278798978 8.4918030981099513 -0.018212650408856494 0.6389763155706969 0.7690107720342948 0.43359750955399406 -0.20677549238460877 -0.75491760974393063 0.62236910129569678 3.8788191846690441
0.96858351359801775 -0.1667910795921817 0.18446331059208793 8.4597988964659674 -0.036245592255508177 0.6391449773725012 0.76823170654533157 0.42121495017846977 -0.24603299418607669 -0.75078254752490048 0.61301984641922846 3.9013114429987961
0.95696867912358352 -0.18452791306555308 0.22396516799747149 8.424950834999839 -0.055670176836500392 0.64071143277414944 0.76576085779013892 0.41637316771289912 -0.28480129667446513 -0.74527733711160726 0.60286807196962677 3.9149271907016803
0.94364245037931571 -0.20039850940370649 0.26339962655799865 8.3893979823546641 -0.077949868464042935 0.63889126004295715 0.76533768746035291 0.40077643133805013 -0.32165625106401863 -0.74273709700640045 0.58726387670445557 3.9418552671865856
0.92879781024450281 -0.21521058104761073 0.30169360863327271 8.3555154803239819 -0.10012108764748587 0.6380992351842949 0.76341674979365126 0.38974915633860724 -0.35680582323345145 -0.73926569774497697 0.5711180549101309 3.9598753390100017
0.91300512030880154 -0.22857120322270286 0.33790065899201294 8.3258187291505017 -0.12189428303500772 0.63760270844909717 0.76066061416492237 0.38699715424866338 -0.38931148718383868 -0.73567519411469995 0.55427301459750522 3.9727584460749048
0.89542091273760493 -0.24185913850495194 0.37379880437716356 8.2852073646147026 -0.14463709659788154 0.63601972844658783 0.75799671194172324 0.37853383085182124 -0.42107184579343415 -0.73279128143583361 0.53452356218574615 3.9897440890333233
0.87779675910509647 -0.25482821961106317 0.40562966877984297 8.2557734035758568 -0.16517671766820921 0.63382403569982859 0.75563466285602543 0.37023629398325364 -0.44965486947763172 -0.73029423540038862 0.51427699549563355 4.004600831072346
0.85888904573955394 -0.26801923380164644 0.43643475734750653 8.2193459987821651 -0.18593448550982961 0.63083113097707821 0.7533129836186121 0.36226238360349694 -0.47721900025752695 -0.7281605417094219 0.49197992976405847 4.0238670675114054
0.83947281326975831 -0.28067242711837087 0.46530461467348494 8.1804908513752075 -0.20584766678158206 0.62821335814723955 0.7503164097405487 0.35436390748869762 -0.50290370237405913 -0.72565209660060304 0.46959227084526511 4.0381682904446237
0.8206554734335072 -0.29315116433169686 0.49049667559994409 8.1464497119399759 -0.22486279636289738 0.62344828290357612 0.74883173100266043 0.33641763443654105 -0.52532020400464752 -0.72482731281012935 0.44571745519887684 4.0595614748473814
0.80119518991135452 -0.30532447567812798 0.51464864928879872 8.0978890120892846 -0.24370673526116998 0.61899459890836828 0.74662756024045251 0.32031587032095099 -0.54652840260250946 -0.72361775204464462 0.42152586406364767 4.0826045509500402
0.78374501536640362 -0.31652667978290194 0.5343731017500114 8.0678266174035684 -0.25724687212345132 0.61767958093830833 0.74316618738649332 0.31835823324007273 -0.5653032793740157 -0.71991860392511597 0.40267779433623541 4.0854830972854232
0.76520636481890303 -0.32913627561183351 0.5532888317298762 8.0215609472671776 -0.27122396843745605 0.61462148940644479 0.74072800926172722 0.3103186419343959 -0.58386366403954093 -0.71687497992060989 0.38104262882011974 4.1067489259926901
0.74776386318308918 -0.34204649456978442 0.56908118969969901 7.9813426464315294 -0.28380203250923031 0.61019859682309008 0.73967160198209714 0.29534209883767298 -0.60025462202396418 -0.71460609288450272 0.359210969697772 4.1359322527483053
0.73138280460034422 -0.35227146083899008 0.58393836234083718 7.9331155452703461 -0.29530042095263009 0.60822762180560241 0.73678817950473441 0.2837584608055444 -0.61471688973065841 -0.71131144933219304 0.34082131319622733 4.1515825391298797
0.71573705840601454 -0.36370373130390965 0.59618793937811165 7.8886889427529869 -0.3048109554162356 0.60539041458318166 0.73525011213127001 0.27040704813526767 -0.62833967301336868 -0.70797036785900647 0.32243947269376949 4.1731951825459719
0.70042870006108182 -0.37556049614633708 0.60692169994576739 7.8362422540396324 -0.31250317387130405 0.60313926029258402 0.73386974253887582 0.25290386513758872 -0.64167078977549263 -0.70368838730508509 0.30509220101612511 4.1968893936415776
0.68446046613761868 -0.38766687933753374 0.61743684774993135 7.7984694337498244 -0.31301289296329426 0.60861333596707157 0.72911777932085986 0.24237254952227905 -0.65843511383690889 -0.69231798903952424 0.29522703622609914 4.2055740286518786
0.66832168685566296 -0.39890047859520045 0.62787302144217139 7.7432559433955799 -0.31608691543206141 0.61178304206266199 0.72512796893872478 0.22077459294568741 -0.67337596093938956 -0.68308119401801382 0.28278065281747722 4.2294284900590267
0.65347654809931321 -0.4091173198227972 0.63686059675977524 7.6888564818698004 -0.31899217663800528 0.61415305117627939 0.72184487320657342 0.20824537252317069 -0.68644911852806223 -0.67486224398159766 0.27082939153675478 4.2584200239861136
0.64088305678314728 -0.41809200053356932 0.64379188144782262 7.6337241040295236 -0.32054678291749394 0.6162902343651846 0.7193303184124461 0.19148029070341349 -0.6975089013693907 -0.66737202976746324 0.26095192353098695 4.2787175767423742
0.63032838067023278 -0.42755633027499212 0.6479828060708277 7.5853178159291863 -0.32009978024148816 0.61728264329992344 0.71867814003906527 0.17400870132302534 -0.70726392754826184 -0.66042238205745363 0.25223008160519966 4.2964541049197464
0.61995597046436091 -0.43734980804482843 0.65144434918782157 7.5307731304493553 -0.32119364214639984 0.6160444624465673 0.71925229546637559 0.14894541319476332 -0.71588353726728704 -0.65514453801590367 0.24144646482730991 4.3257308794901705
0.61033386132269563 -0.44522907487769509 0.6551821491817984 7.4727558885825633 -0.3209262684422946 0.61720248213159323 0.71837833087747338 0.13624528211977344 -0.724222968392078 -0.64871578286191878 0.23381386853481378 4.3432830563367659
0.60090332110161437 -0.45310606524360036 0.6584907685977931 7.4096647678604031 -0.32110926065805739 0.61757319894112506 0.71797784552816213 0.12266963781488258 -0.73198636695548225 -0.64288275570984776 0.22560523265701604 4.3681998485177838
0.59212466847722756 -0.46102581255831765 0.66094143245500692 7.3481391952622008 -0.32231973528390057 0.61622419674066542 0.7185942718932834 0.1063946484672742 -0.738578611406565 -0.63853186256150507 0.2162838303398702 4.4017929842970371
0.58444706902896792 -0.46859769596281203 0.66244835484873299 7.2943183504201947 -0.32152985929832428 0.61582608520599691 0.71928908121801505 0.091304850213734232 -0.74501018320761814 -0.63338332162932776 0.20924959927978648 4.4189067142286724
0.57692862895185293 -0.47648156894904126 0.66341440408510532 7.2499845130695793 -0.320619727857685 0.61491725325359425 0.72047190213048495 0.075004918855925196 -0.75123654543971663 -0.62836461238910901 0.20199397687279097 4.4361309042352959
0.56765697670749538 -0.48510586462498584 0.66516002352948944 7.2021864149005834 -0.32202355828716689 0.61274298291779628 0.72169721129645004 0.057517576247436766 -0.75767168661853646 -0.62387365467011524 0.19161231250933808 4.4655343309410487
0.55797754823189416 -0.4920257724939196 0.66826019997519381 7.158609800492159 -0.32250517458797062 0.61340499777991708 0.72091935822434572 0.050631092260859628 -0.76462505061834518 -0.61777418843812315 0.18358535907449591 4.4831701096192491
0.54860775235188441 -0.49935998731248149 0.67057373728076453 7.1257757852453762 -0.32145969382605716 0.61441158195795897 0.72052902314977973 0.037878538573011614 -0.77181163460048408 -0.61085023616856904 0.1765468483664675 4.4902099437327943
0.53813789253012478 -0.50632485182079845 0.67382694592297399 7.0946662281723674 -0.3216343327500123 0.61559823250364309 0.71943739973318388 0.02940727924694039 -0.77907571173775558 -0.6038824062406829 0.16842527961464893 4.4980754593517966
0.52527679285424023 -0.51563440902620439 0.676908743566635 7.0702768886873635 -0.3236181637260131 0.61466486481984972 0.71934580561966111 0.018807436581154042 -0.7869914707259329 -0.59691562233216233 0.15600052826974753 4.5238650827315938
0.51115689297658684 -0.52460767451620116 0.68081232259795776 7.0466633053957466 -0.32500173573982694 0.61532393685514686 0.71815759029560011 0.010313991518104035 -0.79567110198160507 -0.58835638908045085 0.14402866693679872 4.5387672650860074
0.49585932199920613 -0.53489701758447805 0.68411162346923948 7.0357730650228021 -0.3245937391516252 0.61651693065201241 0.71731846394958254 0.0044097161430458479 -0.80545790534953132 -0.57774739705052114 0.13208144423534007 4.545605980407748
0.47888709293253295 -0.54516620822361594 0.68808499303044879 7.0228676962481948 -0.32445656345001966 0.61839423454909803 0.71576288609471694 0.00065105943230532777 -0.81571753116923451 -0.56602329995108891 0.11925826284014418 4.541093531870942
0.46018716885861133 -0.55694452738345612 0.69140477510320575 7.0224250909725443 -0.32450260987678703 0.61936747472171483 0.71489998422156908 -0.003099317814129799 -0.8263932634049298 -0.55335045375825309 0.10429501198276825 4.5431810191280979
0.43714115435173273 -0.56581376059759003 0.69911544074669663 7.0195304666344871 -0.32710790431362718 0.62406577111878181 0.70960716756066333 -0.0023488030875426576 -0.8377995166551373 -0.53888468305968162 0.087722678117378439 4.5474089376288944
0.40998963284736478 -0.57538619637738364 0.70769995476617753 7.010145797659237 -0.33222019621641213 0.62840194574552388 0.703378088803716 -0.0017560074866113211 -0.84943407171104901 -0.5234899422162822 0.066483367956067574 4.5716893814003123
0.38265443635094465 -0.58359992398088067 0.71623090625192309 6.9986952971430458 -0.33452743891693659 0.63510837053631308 0.69622464067740697 -0.0029583497352061333 -0.86120089117035636 -0.50601233819366453 0.047796847627896932 4.576650098039301
0.35363230208746632 -0.59244760364393889 0.72384392783035323 6.9892786218131091 -0.3365537850316388 0.64143164942787501 0.68941786232524704 -0.010502327866061522 -0.87274036500049479 -0.48741283943777081 0.027440467379648337 4.5822688813204477
0.3211620002961475 -0.59892108891405427 0.73358605413392464 6.9634592357268499 -0.34025799346864094 0.64992108961432482 0.67957860116047164 -0.014091505458991948 -0.88378700343831273 -0.46786334172334193 0.0049422692152386594 4.5974160463050699
0.2888920931576201 -0.60470774168549546 0.74220610726174774 6.9414017930091614 -0.34233036364814212 0.65875544567364908 0.66996356984528838 -0.018619025654915924 -0.89406447230361397 -0.44762686463274293 -0.01670058153240106 4.6031320295546996
0.254977748523745 -0.60977194036264115 0.75044288823610117 6.9109998183301569 -0.3452938398725075 0.66750648794748213 0.65970239706561395 -0.025883656376119345 -0.9031935074522297 -0.42733273838356622 -0.040351193312484712 4.6168319061988639
0.21945982012894238 -0.61416175013834606 0.75805193226848 6.8776782131364804 -0.34942581408576057 0.67596906686705494 0.64882002210889467 -0.042102686516936466 -0.91090009759549151 -0.40727283890027194 -0.066255919695054066 4.6401598639952146
0.18358796328023141 -0.61835503662127356 0.76415476732381893 6.8428484835819274 -0.35342793332690636 0.68386346944853416 0.63829417285299228 -0.061071850308802619 -0.91726994700736175 -0.38725676732488118 -0.092994841137530981 4.666874040361348
0.14887069141103004 -0.62028526299360998 0.77011928280737785 6.8027542211254826 -0.35491058617500071 0.69339201427857144 0.6270932868047806 -0.078436480033687125 -0.92297128506780712 -0.36667929727168075 -0.11692005770023872 4.6794495092301558
0.11275510976865089 -0.62095544763030397 0.77569363622457832 6.7538003002071765 -0.35743242002090919 0.70306400475149511 0.61477074616541894 -0.092619906352522624 -0.92710751821946524 -0.34657659655700712 -0.14267554934152438 4.6992943693652434
0.075100814934346505 -0.6186157490787092 0.78209617221156691 6.6934061509911267 -0.36092229045196816 0.71427152077081812 0.59962596247214639 -0.09163633134847346 -0.92956708625634032 -0.32730834026576577 -0.16962983977286417 4.7294431659521603
0.040356476737820168 -0.61825346987662688 0.78494203720454481 6.6391485316647261 -0.3630849288202852 0.72280618964055943 0.5879800563631935 -0.11899571714819605 -0.93088167306531422 -0.30872942717338525 -0.19530860592486765 4.7531927159867493
0.0042616862852477011 -0.61703049489043338 0.7869277008755462 6.5786577511092226 -0.3675224721885938 0.73089344023269809 0.57508435160521953 -0.14422566958266081 -0.93000487658204811 -0.29166444315356355 -0.22365773434766645 4.79950377725467
-0.029576728405356523 -0.61229697346856604 0.79007444802250792 6.5074483269326366 -0.3694094817919561 0.74115618081542145 0.5605570001358442 -0.15169466403508453 -0.92879591509601012 -0.27528155027232115 -0.24810928273773514 4.8285928555291786
-0.061921596462910511 -0.61019372926364934 0.78982867044619531 6.4410526445376393 -0.37190855768426118 0.74846279701253615 0.54907874317750072 -0.18643753596694246 -0.92620178180172863 -0.25974420928192288 -0.27328228104253594 4.8680226294770028
-0.092559058795031346 -0.60665109331051359 0.78956144258704586 6.3638109569720784 -0.37328675792936306 0.75627356835270454 0.53731488548676221 -0.20924336351572381 -0.92308711235157181 -0.24499947101213462 -0.29645478949447135 4.9008238746409249
-0.12302089871349442 -0.60122168838026668 0.7895557864400119 6.2767021368108802 -0.37561380890472146 0.76461956908024964 0.52370906154048991 -0.2208662112817856 -0.91857505139199791 -0.23214089687238385 -0.31989135493081666 4.9445566589135153
-0.15039751031318804 -0.59728426464998052 0.7878020665707387 6.1904580326559966 -0.37726829290839048 0.77123657842378734 0.51270144847382493 -0.24002180279506968 -0.9138102779338737 -0.22010371942041623 -0.34132847616294071 4.9816678776854859
-0.17706130802575748 -0.59153140330367671 0.78660021110205103 6.0839887300659417 -0.37858041426330946 0.7786696844568517 0.50035026975518671 -0.24713160145895868 -0.90847463538418571 -0.20919876054472719 -0.36181447656239674 5.0166535822176153
-0.20207900238789045 -0.58675028157568598 0.78414806246318536 5.9760828876275758 -0.37872411893541968 0.78519544780110562 0.48993484310570456 -0.2531555938754606 -0.90317889619416181 -0.19797023974141784 -0.38088799619602143 5.0482412580575193
-0.2238751440860105 -0.58228540170704846 0.78155206532855492 5.8677231445814 -0.3783098018082594 0.79094790364072964 0.48091902393451919 -0.26350198491183308 -0.89819909469797621 -0.18800299116023744 -0.39735785080773267 5.0705401848807021
-0.2431394384750114 -0.57747635551404186 0.77936145162580117 5.7533436672162077 -0.37834096957058877 0.7962934627926076 0.47199028788540226 -0.26403711042800992 -0.893163660368268 -0.18010491369193141 -0.4120933096539896 5.0894211252312882
-0.26183609078753767 -0.57156364969824014 0.77766114465410185 5.6202711743185798 -0.37852285538257169 0.80202982995240779 0.46202662241426801 -0.26791081308835002 -0.88778505817237385 -0.17338727234182807 -0.42635026008639398 5.1150772426458211
-0.27886210171068848 -0.56658531460158468 0.77538184754823936 5.4911587621881912 -0.37892317352242338 0.80681824092766341 0.45327867220296858 -0.26474642355862799 -0.8824132573784198 -0.16740790717350881 -0.43968333584364183 5.1417883717770207
-0.29209004527674121 -0.56268244824016733 0.77335106380781715 5.3574080297281492 -0.37758736424655354 0.81077282689421626 0.44729766993725972 -0.28588673893053773 -0.87869857619753289 -0.16135639315630682 -0.44928045425548579 5.1460067596831696
-0.30578094943119583 -0.55852925839576095 0.77106619591370873 5.2208093809080935 -0.37797363988355143 0.81451726833501992 0.4401108350600294 -0.29477465990594492 -0.8738615099191267 -0.15686518766105587 -0.46017320041689302 5.1722444370609475
-0.31745529653815385 -0.55459124330825571 0.76918833034938616 5.072648369022188 -0.37976192380476825 0.81761202840756264 0.43277182467366382 -0.30468663316853489 -0.86890909531893767 -0.15472273216652466 -0.4701679064153057 5.2021389746085021
-0.32999904880790387 -0.54961645913956358 0.76747793168844114 4.9230287131991695 -0.38156534999505404 0.82130771426598648 0.42410083962464951 -0.29817335933620348 -0.8634283476172363 -0.15289011194341262 -0.48074536108099908 5.2441750719102052
-0.34174141881898668 -0.5435478133413959 0.76666066631553031 4.7573561027813893 -0.38318129710800475 0.82547550435083639 0.41444213741288344 -0.29828521222216803 -0.85812871774006771 -0.15213798450261987 -0.4903765262135491 5.2873217905798695
-0.35064189312023353 -0.53857269196741253 0.76615254241961095 4.5939935325209138 -0.38344340938578425 0.8289404408113108 0.40722094418896931 -0.31090897416695745 -0.8544129063793835 -0.15098742018633321 -0.49717339466006316 5.3122250271525031
-0.35956630975032255 -0.53157016587643613 0.76690627044159287 4.4145769412433538 -0.38463941307571292 0.83323483740047677 0.39720552318789842 -0.30968621124636586 -0.8501556274008345 -0.1521606535616194 -0.50406601225077141 5.3472597579388035
-0.36747193075756512 -0.52634877055404961 0.76676029620837027 4.2474093410849845 -0.38703714364458297 0.83620820345604052 0.38853325457708715 -0.31728195916301166 -0.84567525063983606 -0.15398964968159914 -0.51099956775538335 5.3926417825169404
-0.37430041774457679 -0.5210325280490945 0.7670881970093173 4.0612348054965901 -0.38816013445575759 0.83929589404559524 0.3806758624571478 -0.34660134413178195 -0.84215848110407565 -0.15526592334757383 -0.5163928598959342 5.4348105730952874
-0.38069498225885257 -0.51458452251887632 0.76829297775454897 3.870922161133969 -0.39039070315738045 0.84262042863438702 0.37092575016610541 -0.35933362982417139 -0.83825200827150903 -0.15872486393763893 -0.5216703827099638 5.47707709800763
-0.38702043043342038 -0.50772831185172873 0.76969289185448753 3.6761398309753517 -0.39172092439401901 0.84620627136564952 0.36123353068803005 -0.38203020952696709 -0.83472744283330313 -0.16170005456288 -0.52638691903896739 5.5273880043654362
-0.39261282717248269 -0.50354275900327339 0.76961019860381408 3.4928128454278351 -0.39464907692301432 0.84808491964944888 0.35355915367446039 -0.43580453362985044 -0.83072695515641215 -0.16491409557269288 -0.53169170301782764 5.5907760845945464
-0.39832374126347458 -0.49565954328373907 0.77179000660647612 3.2923102794577965 -0.39649433271766521 0.85179227420265191 0.34240643354272382 -0.46968063027672541 -0.82712178140141046 -0.16962175202617616 -0.53581528530915246 5.6550663964456565
-0.40429505253405673 -0.48828195728442897 0.77338621702676591 3.0991375527389833 -0.39750965372014463 0.85534380872740656 0.33222438813396071 -0.52058916648389575 -0.82373028698462669 -0.17311181086852787 -0.53990806184205464 5.7182918085738814
-0.41033663903176332 -0.48105192141370162 0.77473407797275984 2.9173061387345709 -0.39853071524892164 0.85872571141921283 0.32212330178170856 -0.57155643630784647 -0.82024210552208277 -0.17657633321527713 -0.54408058858679009 5.7918797591288929
-0.41566208415988148 -0.47269955712809297 0.77703292110615796 2.7459107812088703 -0.39821525240907618 0.86267968554340468 0.31178257311708146 -0.63412892859042114 -0.81771000026943519 -0.17983016666187379 -0.54681940951078478 5.8536639352609576
-0.42320997450673459 -0.46212095449341201 0.77931863887379682 2.5947671899952129 -0.40170097531192978 0.86668772328449883 0.29578491635202847 -0.65307251113569065 -0.8121143047080589 -0.18787393040555112 -0.55242532740861616 5.9577670136561931
-0.42891820175361173 -0.45064141191770579 0.78291218796827056 2.4446762429466871 -0.40111734230897711 0.87156585851776214 0.28191812989798853 -0.68608979088071209 -0.80940351735301397 -0.19311983878155264 -0.55459054622807646 6.0223296155145682
-0.43452608081572164 -0.44119856228381166 0.78519482533294049 2.2983150435343158 -0.40082151409928318 0.87543844258509929 0.27009192338782356 -0.74237879677707386 -0.80655390329852561 -0.19736099382318026 -0.55724271120494673 6.0924421349933784
-0.43965586707709159 -0.42912184956578786 0.78902291270274771 2.1450700539994783 -0.40141397009536811 0.8797442583820817 0.2547878812974354 -0.78667272966383028 -0.80347342405145272 -0.20470583301166198 -0.55904023001393721 6.1718196396178522
-0.4490229242503585 -0.4169035296385033 0.79029732409556763 2.0287364958484289 -0.40389987539194971 0.88365831728291311 0.23667038039243099 -0.79481938771754534 -0.79702152050996999 -0.21293056443753691 -0.56517012533598021 6.2954461994520381
-0.46010548801606133 -0.40530859517939183 0.78995435473906339 1.9370645817920924 -0.40664731433420992 0.88711791610172819 0.2183111647994701 -0.79772687337059722 -0.78926605250845328 -0.2207866517818389 -0.57298547342204831 6.4203910653504543
-0.46850513492438006 -0.39723402763410565 0.78911853725474945 1.8694540004226474 -0.40687283586382916 0.88986489508342215 0.20638547413588862 -0.84475560554398588 -0.78419221749875478 -0.22437824267908998 -0.57853000806062727 6.5245907609694953
-0.47796587666166346 -0.38300448738140075 0.79047845220015855 1.7650038817501144 -0.40826917529482304 0.89368094366185735 0.18614685449863844 -0.82400946477782389 -0.77773060969151331 -0.23375614126983407 -0.58351792189058327 6.6244631231551958
-0.48810424015587728 -0.36867541482787919 0.79109587866664111 1.6918850328929718 -0.40736268038503004 0.89785196362381914 0.16708530170657129 -0.80154676830468263 -0.7718872309938658 -0.24070789334449197 -0.58842995565341427 6.7163087611052825
-0.49711864475456657 -0.35606692338341989 0.79125811156009562 1.6037183265737054 -0.40845163714293259 0.90059401215371149 0.14865290238720066 -0.81255663796940791 -0.76553269894410192 -0.24929254169578813 -0.59313819258433575 6.8129440270134696
-0.50617619373748757 -0.3434099506670717 0.79111014825766757 1.5329673165989484 -0.40904210310582023 0.90316011033870125 0.13033178039048124 -0.80818560847898024 -0.75925635906470812 -0.25762651431058964 -0.59762727543509797 6.8915853145248089
-0.51497055827087723 -0.33102658834530319 0.79071279357466517 1.4522478674930956 -0.40815109293114904 0.90584300508281601 0.11340694635533534 -0.83092307467751525 -0.75380236763576858 -0.26432905241573912 -0.60159134185567198 6.9477812574014592
-0.52495093612086952 -0.31996251013442667 0.78870178570502825 1.4017655974681353 -0.40964940992616139 0.90724160803433085 0.095394054313827276 -0.83457374495163772 -0.74606559739273004 -0.27301402300936584 -0.60732978490048617 7.0000767659674956
-0.53565616831889362 -0.30362331575128326 0.78796278558959754 1.3054828680486446 -0.4083978350224165 0.90988242196513469 0.072973875790337026 -0.81167043237185954 -0.73911005790134165 -0.28271338901979343 -0.61138323658571059 7.0377218053137414
-0.5515686804198956 -0.29339962884785536 0.78082561982288767 1.2872236072466248 -0.40995611231212442 0.91058906384910077 0.052569409130663679 -0.78504052005538727 -0.72643511531160487 -0.29110859587164206 -0.62253337954832344 7.1131452457340272
-0.56620460778489079 -0.28081389892042263 0.77495541568290838 1.2479369236723428 -0.41035209955896179 0.91141871689457687 0.030447937233826043 -0.75589318629779778 -0.71485907458093478 -0.30076481953073192 -0.63128205013443583 7.1663021338453214
-0.57848016333131724 -0.26885637690761982 0.77011489352451901 1.1958102067274003 -0.40979117775333535 0.91211763107861255 0.010612149220322177 -0.7508827540553844 -0.70528851633052103 -0.30944737140852868 -0.63781692754319796 7.1665348110022578
-0.59204029440718986 -0.25485533814801714 0.76455022491377767 1.1302291916858862 -0.40833143589157012 0.91275566134396957 -0.011939059731034407 -0.72900388574362351 -0.69480481306693365 -0.31925829558837232 -0.64445357663452452 7.1429774570142692
-0.60512521046310463 -0.2462091058783413 0.75710273797191618 1.1083528494416732 -0.40981195510500357 0.91164026724421432 -0.031083509967697716 -0.75324506712873973 -0.6825522991793368 -0.32907916877475724 -0.65255594362745395 7.133245761382117
-0.61937216138639628 -0.23896682304971112 0.74784556104925359 1.0962021503307779 -0.41159342790697234 0.90998908618029284 -0.050107016839396362 -0.78377701633675323 -0.66855738407658971 -0.33884320933771656 -0.661979081000589 7.1381925585154224
-0.6366557876528578 -0.22811486148322782 0.73663628611317256 1.1125978286452991 -0.41251445978564077 0.90782536239640055 -0.075398487104219439 -0.74612208386027334 -0.65153758795320549 -0.35187600281964665 -0.67207295000155143 7.1533107531080358
-0.65593579052275142 -0.21406797272236117 0.72382535308307072 1.0889037698368809 -0.40804570813032687 0.90730825048457198 -0.10144179946671517 -0.72197783253382142 -0.63501727440103051 -0.36189313568671566 -0.68248547204693155 7.1554481996734101
-0.6755473725226413 -0.20505743663712481 0.70822820838877021 1.1220233337697221 -0.40629579223067486 0.90508292362212761 -0.12549354797466797 -0.71396217978321097 -0.61527187217798607 -0.37252697761025783 -0.69474036463931066 7.1962069251998981
-0.69203542491631054 -0.1893882699270735 0.69657666762168524 1.0928733587078501 -0.40163435144444831 0.90283583121877609 -0.15354904625981539 -0.65790764450745598 -0.59981398649973072 -0.38603049760547614 -0.70085921305050247 7.1545421880159772
-0.70935893555931218 -0.17591574523576436 0.68254197755178814 1.0721365171748105 -0.39818805213504815 0.89904381660949739 -0.18211669597575267 -0.58283570160709364 -0.58159795020190375 -0.40096616614668901 -0.70779231270660881 7.1607846242954434
-0.72468257409821768 -0.16567650096889264 0.66886954170831125 0.97154188994849411 -0.38938123340245301 0.89929601192539843 -0.19912041082987453 -0.68015560118588669 -0.56852213841887134 -0.40474433901140372 -0.7162154690914293 7.1215981312598204
-0.74135227092657141 -0.15415733272550677 0.65317097850331063 0.9259983497218629 -0.38503519380521456 0.89484806026454433 -0.22582039007176308 -0.62792087901726268 -0.54967691412628539 -0.41890627329718971 -0.72275364009381771 7.079084890334352
-0.75813441772166312 -0.14269519138504219 0.63629418276566152 0.87326779333320137 -0.3788573474597503 0.89057456064584994 -0.25168246304860686 -0.58708609993854732 -0.5307535350250594 -0.43187386386077764 -0.72923634767636591 7.0285855642227428
-0.77709375419971249 -0.13362877357906594 0.61503548520028661 0.86467353462808005 -0.37168497571105102 0.88603540320423102 -0.27711287068519785 -0.52677113799522446 -0.50791296106170858 -0.44394213039592278 -0.73820038529186438 7.0033658917662187
-0.79522666192414393 -0.12676003669555452 0.59291352595629387 0.8042028327647639 -0.3641927233286224 0.88169489805454371 -0.29996294274304813 -0.50813106445045531 -0.48474551719377929 -0.45447332137489582 -0.74731237358885338 6.9754447644021136
-0.81032553864923229 -0.11876971123023475 0.57381728547257815 0.7371800034030076 -0.35383364828788938 0.87974063099296751 -0.31758175564628649 -0.53346217910932336 -0.46709128738621725 -0.46038047077866157 -0.75490102091168487 6.9128752188366311
-0.81032553864923274 -0.1187697112302348 0.57381728547257826 0.73718000340300827 -0.35383364828788944 0.87974063099296751 -0.31758175564628655 -0.53346217910932281 -0.46709128738621741 -0.46038047077866162 -0.75490102091168498 6.9128752188366338
1 0 0 0 0 1 0 0 0 0 1 0
1 0 0 0 0 1 0 0 0 0 1 0
1 0 0 0 0 1 0 0 0 0 1 0
1 0 0 0 0 1 0 0 0 0 1 0
1 0 0 0 0 1 0 0 0 0 1 0
1 0 0 0 0 1 0 0 0 0 1 0
1 0 0 0 0 1 0 0 0 0 1 0
1 0 0 0 0 1 0 0 0 0 1 0
1 0 0 0 0 1 0 0 0 0 1 0
1 0 0 0 0 1 0 0 0 0 1 0
1 0 0 0 0 1 0 0 0 0 1 0
1 0 0 0 0 1 0 0 0 0 1 0
1 0 0 0 0 1 0 0 0 0 1 0
1 0 0 0 0 1 0 0 0 0 1 0
1 0 0 0 0 1 0 0 0 0 1 0
1 0 0 0 0 1 0 0 0 0 1 0
1 0 0 0 0 1 0 0 0 0 1 0
1 0 0 0 0 1 0 0 0 0 1 0
1 0 0 0 0 1 0 0 0 0 1 0
1 0 0 0 0 1 0 0 0 0 1 0
1 0 0 0 0 1 0 0 0 0 1 0
1 0 0 0 0 1 0 0 0 0 1 0
1 0 0 0 0 1 0 0 0 0 1 0
1 0 0 0 0 1 0 0 0 0 1 0
