0.9999725481106595 -0.0036350971922293899 0.0064567091833108549 0.25417878106928044 0.0036141965858398754 0.99998820124047327 0.0032457607554611731 -0.030099033461736105 -0.0064684316579606922 -0.0032223358369100055 0.99997388763089234 -0.14132270186982016
0.99994520226609618 -0.0069290585605682681 0.0078473315515600536 0.41524012253565545 0.0069054399293938945 0.99997155788721692 0.0030328725647283004 -0.03108638443141876 -0.0078681233084787611 -0.0029785170935491992 0.99996460990953373 -0.23244654979304122
0.99989834877404471 -0.0098904280667136222 0.010269934352073691 0.56964354884659418 0.009846370523822234 0.99994214104373236 0.0043316916307631452 -0.039931479555184578 -0.010312182428872392 -0.0042301297301125702 0.999937880518595 -0.31402555232576373
0.99984497211905554 -0.012742524150761318 0.012151535150441593 0.73335749908726133 0.012658359772042023 0.99989553002801213 0.0069781772607406907 -0.064101719078636543 -0.012239185272178097 -0.0068232769449901977 0.99990181779793019 -0.40550013177048511
0.99973498141974215 -0.014444226660465059 0.017925714542215049 0.87647516103845013 0.014335870213114357 0.9998782697870201 0.0061586064127959594 -0.041298877438189698 -0.018012488748105026 -0.0058999935505135411 0.99982035402626368 -0.49273513395267049
0.99965143553732771 -0.017380934481275881 0.019872356295054166 1.0485367484205717 0.017202231102722277 0.99981035955878705 0.0091284261522682295 -0.062884779195756635 -0.02002724826950817 -0.0087833954417682603 0.99976085204976151 -0.58741819019686947
0.99956775046866064 -0.021552468663941702 0.019995082333195861 1.245791815363066 0.021378441548050003 0.99973204619692646 0.0088768262280575772 -0.070630236650056563 -0.020181042093957376 -0.0084455255251720436 0.99976067068004115 -0.70426177783153576
0.99938322145439229 -0.021128632955551549 0.028049198649349693 1.3592428197409177 0.020873702933545665 0.99973839310326529 0.0093506085974764102 -0.066569463469165355 -0.028239426362502245 -0.0087593507025745757 0.99956280871888492 -0.79478564644317451
0.9992368052999745 -0.026767390522560643 0.028448440001405999 1.5655007820071958 0.026600459647963665 0.99962673013320447 0.0062302447555988372 -0.037553966698308516 -0.028604588450420385 -0.0054687482855165868 0.99957584520223963 -0.9182288777705031
0.9990688287898617 -0.029459395662368864 0.031521728183301928 1.7412742575417934 0.029288911668077639 0.99955382986661945 0.005856692946760062 -0.032393310559124998 -0.031680198764425613 -0.0049280022505155362 0.99948590775461432 -1.0474532729370043
0.99892933104224368 -0.033232690265016768 0.032183534318730153 1.9369282911027976 0.033087903382676531 0.99943983263664793 0.0050211143153537823 -0.022512403929005734 -0.032332371289994874 -0.00395085269007179 0.99946936347733406 -1.1845107831247947
0.99874240832067041 -0.037830078880900828 0.032901169488212798 2.1409553777250445 0.037682661639553007 0.99927679591048102 0.0050894171220027895 -0.016652537174340506 -0.033069908279072135 -0.0038432130760076132 0.99944565178886347 -1.3189432252996136
0.9984870738382261 -0.040951671562222437 0.036695012934141104 2.3147678491562362 0.040780097331160725 0.99915348690103989 0.0054123262239593236 -0.0094957449609920259 -0.03688559393093703 -0.0039077115749965646 0.99931185460326077 -1.4517789512332886
0.99831351791430678 -0.044303163027391734 0.037514659738953481 2.5083582013261254 0.044042193432228524 0.99899957263793338 0.0077549382270022905 -0.020717207935097924 -0.037820697339410243 -0.0060896317618395687 0.99926598623077623 -1.5795466698656031
0.99802634681537017 -0.04732069892902363 0.041281503306385442 2.6675182556614665 0.046891940856294972 0.99883611908577097 0.011293940517170293 -0.035398811764235691 -0.041767893711511773 -0.0093358803839995886 0.99908372241387233 -1.6854547349062969
0.99789704990782246 -0.048398493498334035 0.043116859954738698 2.8249724541869399 0.04793407586731821 0.99878149111685177 0.011741267953004075 -0.036556892386642371 -0.043632581358556063 -0.0096498098162490463 0.99900104054725547 -1.8152424331511003
0.99772398065013135 -0.052073255255140345 0.042839637285921099 3.0026276276668229 0.051668561109141024 0.99860907612357586 0.010501089302031349 -0.011246025043678654 -0.043326876515244465 -0.0082637262025841776 0.99902677271466633 -1.9323173593189662
0.9975404846407141 -0.055321128177477821 0.043041308994271874 3.1728803731965449 0.054633659572547559 0.99836192998272422 0.016988819937861482 -0.032171649856164913 -0.043910645001870578 -0.014595531451138288 0.99892883916582298 -1.9935767432878173
0.99726064807556347 -0.059160840768031554 0.044398138694395517 3.3185941698474664 0.058616537274902389 0.99818977156310473 0.013464082022058097 0.012240211114196969 -0.045114314333780395 -0.01082473401134388 0.99892318211951436 -2.1078742257199745
0.99693106121982655 -0.065849001641886493 0.042336369209902566 3.5015148667602638 0.065006666745460615 0.9976643484767781 0.020975725423700516 -0.024007220475101478 -0.043618716782534789 -0.018159205962064537 0.99888320177339673 -2.1757462473501814
0.99662992931931871 -0.070977424652627963 0.041121638764162201 3.6563303166312888 0.07025913421445576 0.99735425169603054 0.018658796405075943 0.0011137335966435399 -0.042337194574095481 -0.015706744205324755 0.99897990977900231 -2.2919979265958288
0.99632022713907287 -0.074679604017294121 0.042059026823814044 3.7783063214447292 0.073757285408353093 0.99700930145292055 0.023071967093207357 -0.014830107457645129 -0.043656246319821256 -0.019884907849407937 0.99884869855102865 -2.3638611530695419
0.99606389761935676 -0.077400715702336642 0.043195382485881534 3.883524906315174 0.076403477766444114 0.99678128408540012 0.024281274312797769 -0.01207114318447855 -0.044935736830812312 -0.020885423285797015 0.99877153476140135 -2.4466032443635375
0.99585967044492918 -0.079484315101228956 0.044110774581791516 3.9876317294554005 0.078426712783186733 0.99660101057235195 0.025212624777884721 -0.0059991186336571141 -0.045964850737717083 -0.02164877315358588 0.99870844750487819 -2.5255525818966862
0.99552197799211195 -0.08381742129462437 0.043710767806027138 4.0919141797723109 0.082758540503613989 0.99624334385281765 0.025499486321655059 0.0054289063072541742 -0.045683862669269236 -0.021767859712797683 0.99871875168895241 -2.6029367329621724
0.99544522048426332 -0.086166915767071584 0.040793083264528941 4.2173572598501652 0.085160447173227058 0.99603311073545631 0.025801948684278674 0.015687144801281402 -0.042854535959363789 -0.02221046928456346 0.99883441260394457 -2.6660614348425384
0.99527093538753997 -0.08690328745175413 0.04340027422596561 4.272074271666737 0.085712729165579982 0.99590984406517236 0.028581647137139354 0.0063963619769836196 -0.045706599433770562 -0.024726526730655198 0.99864884000535392 -2.7260076560801161
0.99518179213428892 -0.087002899660817506 0.045207256663003723 4.3316899344506545 0.085663346046700506 0.9958488116654598 0.030772316269251605 0.0034745495396822923 -0.047696873571212335 -0.026751443981612052 0.99850356458874523 -2.7753180843808343
0.99509100857513144 -0.088732899461150969 0.043821880449667505 4.4144104773301285 0.087437855363925801 0.99569871954821632 0.030637906903044361 0.0047719175083850438 -0.046351980564856884 -0.026655814436248121 0.99856945750130743 -2.8355882622002384
0.995056595120826 -0.088299820394865822 0.0454479287182925 4.4643660992722571 0.086760774287489031 0.99562139118438253 0.034793871027957494 -0.011666567314754243 -0.048321222579565802 -0.030678773350790872 0.99836059232829644 -2.858639768371551
0.99516748135462663 -0.089135074301547573 0.041190078702844184 4.5537927098854283 0.087930299753200394 0.995668944734172 0.030192960723530296 0.018775235716799673 -0.043702933993053937 -0.026425196710675804 0.99869502979598379 -2.9115667502773466
0.99550335885216645 -0.085982021189757687 0.039751157796708542 4.6015014685521223 0.084846350919991223 0.99595939807429834 0.029427438268443035 0.018863534946536458 -0.042120769812723849 -0.025922372954754344 0.9987761868060222 -2.9415319016751065
0.99586498650588695 -0.081979264518589848 0.039144972098861912 4.6353636749290787 0.080955348049819506 0.99635019739315545 0.027065028667132687 0.030081992033010967 -0.041220871821956717 -0.023784119567711696 0.99886693577404329 -2.9742720929018964
0.99621738343243382 -0.078776240738850312 0.036677361438492886 4.6882268576571873 0.077826156796709456 0.9966106747727046 0.026650558105757081 0.025031624213082807 -0.038652480713262612 -0.023695291180929629 0.99897173078649315 -2.9956236315505729
0.99696067459974946 -0.07192048560182962 0.029947571728095639 4.7534104048050887 0.071315717675483101 0.99723697218527729 0.020796387166315516 0.078867747121979373 -0.031360512018192573 -0.018597447608140343 0.99933510557190941 -2.9749352502374364
0.99752109325544602 -0.063636772087107912 0.030033810094511205 4.7565430182086033 0.063066310272000728 0.99781735513499636 0.019574634098145475 0.064093952256511932 -0.031213923481924141 -0.017631988819586615 0.99935719537667345 -2.9833366743620093
0.99800557440420212 -0.056648726338197057 0.027853101486163854 4.7744893391048562 0.056210152214988915 0.99828613708933478 0.016285186005130323 0.063706049536367729 -0.028727900133950986 -0.014687079339132559 0.99947936319584896 -2.9990947999846256
0.99852001221640496 -0.047674268322691372 0.026171536891184167 4.7860069464049078 0.0473626560394486 0.99880078574555475 0.012400371242480276 0.058138149617568122 -0.026731330236998512 -0.011142465344728467 0.99958055275690616 -3.0017659604562441
0.99910438280502889 -0.035071107970386775 0.023673817721520513 4.7867410406522479 0.034985812004746923 0.99937977326452254 0.0040077110824011872 0.085304563137460793 -0.023799689454923816 -0.0031758739712035495 0.99971170274553067 -3.0082983602038076
0.99952783306091608 -0.021683991979153171 0.021769598719258428 4.7901949800138848 0.021715621388897412 0.99976344670916961 -0.0012175433854139091 0.080564355794639109 -0.021738047848037744 0.0016897088652560585 0.9997622728227481 -3.0120586652729004
0.99981149574713168 -0.0075831357665330163 0.017873696423224679 4.8152820062336454 0.0078064232783678364 0.9998919476674567 -0.012456032489476349 0.11973298295945807 -0.017777309343154933 0.012593214114206958 0.99976266095048349 -3.0344353011078211
0.99983253438031972 0.0090220640689496531 0.015921857761030118 4.8265014263447021 -0.008693072490806945 0.99974974600639976 -0.020612516847990089 0.1165378002034797 -0.016103840700164757 0.020470655096378021 0.99966075175262781 -3.0497694993931441
0.99962022807271655 0.025560169313345073 0.010299386997448937 4.8724460937729424 -0.02524027108543524 0.99922885816433282 -0.03007686365194108 0.12674766550255609 -0.011060214436611484 0.029805481983635924 0.99949452469752897 -3.0669061048506596
0.99908187848940622 0.042658897186678653 0.0039520330079251438 4.9266464915859771 -0.042478885039769917 0.9983779189280817 -0.037908776327003298 0.1245664207167376 -0.0055627690817938238 0.037706093508200159 0.99927338907452823 -3.0927387411619076
0.99791518144425551 0.064510480232497197 0.0019205684708439106 4.9270073905261285 -0.064358877791189276 0.99691052493813737 -0.045025993792766471 0.10094442135976281 -0.0048192834049654402 0.044808517133911818 0.99898396949086354 -3.0992027670767897
0.99618659715995372 0.087210428778091459 -0.0025699710530367008 4.9492434827783258 -0.087225749396024399 0.99482763349948966 -0.052054281938252629 0.072634209082533915 -0.0019829980267159816 0.052079945642699944 0.99864094998186381 -3.1211842807753714
0.99412534006718134 0.10781085717165752 -0.009572215638167382 5.0005737359351672 -0.10820905394663458 0.99192800608463516 -0.066103187433997665 0.092317659587396864 0.0023683074727415079 0.066750654085726821 0.99776687723076984 -3.1647788698664368
0.9916737623118087 0.12772919915087785 -0.016382943161038614 5.0380866317049149 -0.12862650836778289 0.98859681984630776 -0.078304208921867791 0.10274979851078725 0.0061943916129923943 0.07975951024199078 0.99679488864986798 -3.1976495264544869
0.98863101911498408 0.14804484761840248 -0.026295078195586324 5.1037406573756074 -0.14987227782182674 0.98432805519646749 -0.092933202321006936 0.11159517071605353 0.012124701405196886 0.095817549784911651 0.99532506688470912 -3.2474003690829027
0.98503420640505446 0.16834237723884588 -0.036992651128821982 5.1723612536271242 -0.17143119751414715 0.9791396332057235 -0.10907301776620423 0.13566677233125868 0.017859359754204357 0.11378234797777441 0.99334516687696961 -3.30187029291046
0.98170290703373186 0.18351820168488009 -0.050798346152879245 5.2864411897672134 -0.18865468162633495 0.97359055418898399 -0.12857232942765462 0.18779509198154726 0.025861427299866378 0.13580317538384298 0.99039824521940611 -3.3688955161191587
0.97672395453669636 0.20594277464286037 -0.059982415811615702 5.3208306733724147 -0.21239941821959452 0.96761464424670307 -0.13641256312856273 0.13404742174321566 0.029946682189773789 0.14597764832920951 0.988834527316931 -3.4158366215906071
0.97252681532595808 0.22094638808951295 -0.073309529136041177 5.4118620784513931 -0.22965163762356641 0.96213980127223442 -0.1467894006549498 0.096683354786468764 0.038101427909776206 0.15959228176206885 0.9864474566814051 -3.4883324907128599
0.96728940300336352 0.23716220384503123 -0.090029439100577133 5.5078017502773253 -0.24920856388075147 0.95470656706096046 -0.16257448292757795 0.11268149607710676 0.047395174078065018 0.17969268175984179 0.98258039752280124 -3.5331820736151993
0.9618986916722243 0.25133658624538008 -0.10761425265169057 5.6266936585149097 -0.26718213141791319 0.94763049449895542 -0.17495757927750979 0.072556446997169913 0.058005306742092311 0.19704407199960064 0.97867717766359097 -3.6129102287660477
0.95758151857927509 0.2589666426234114 -0.12638794754155888 5.7693927514429388 -0.27927315054878549 0.9421145391912763 -0.18554434086483099 0.030590311118300829 0.071022127945907856 0.21297059199046126 0.97447390128687772 -3.688051273849557
0.95244678788824 0.26547585206678687 -0.14955831040362624 5.9440203002581518 -0.29198936977235351 0.93550746782808658 -0.19891703189477125 0.0029418639752984083 0.087105247725482768 0.23312732488341031 0.96853720951308175 -3.7779652512632587
0.94714081993249866 0.27037629685737108 -0.17268736292875908 6.0577440696427276 -0.3041940537170687 0.92788441501458085 -0.2156304478876446 0.01649093490794731 0.10193255074200458 0.25676286816972549 0.96108406740955021 -3.8323878463123382
0.94135691327170334 0.2740138775616498 -0.19688462799111553 6.1601889302060338 -0.31652186359140499 0.91927788472376837 -0.23397025564463986 0.034477045803283979 0.11688058737102047 0.28256780701527789 0.95209997517822775 -3.8812974713323527
0.93831978688033812 0.26390141262132799 -0.22340998627031999 6.2602637586582208 -0.31738752847551421 0.91373423948055021 -0.25368266864156314 0.056553053777644392 0.13719013928501425 0.30894301095407234 0.94113393396773781 -3.9337414430621438
0.93421790605663801 0.25139957395529011 -0.25305169080298462 6.3484297279551862 -0.31804313131024831 0.90827903072888105 -0.27180465221290168 0.067733015047497833 0.16150997068145009 0.33440612517312374 0.92848644191349083 -3.9474256327312509
0.93159101629602392 0.23967577043124269 -0.27330148814950045 6.3655376773423153 -0.31690876568760412 0.90378612787771229 -0.28764469278290333 0.060168260471133474 0.17806463036465303 0.35457884895182601 0.91791438995643682 -4.0065157132892955
0.9288284246053109 0.22116201226434448 -0.29726271541584598 6.4539092336399886 -0.31210161878088422 0.89940650018547486 -0.30604007413812173 0.082708824439727754 0.1996755798778807 0.377034894612291 0.90441934468759055 -4.0661921758636774
0.92050868741069336 0.20824199475515709 -0.33060403509611846 6.6510691419253538 -0.31482777601433359 0.89642471354040565 -0.31193942425392507 -0.08499640627695329 0.23140273950692766 0.39122628308230362 0.89072710050514026 -4.1215426880367723
0.91668769041366982 0.18614029760217943 -0.35360354615391487 6.6825507503063628 -0.30948780259015007 0.89047836643469747 -0.33356495463359603 0.013773941790239235 0.25278642821949926 0.41521087235327153 0.87389870876873554 -4.1617288626768065
0.91077512117953274 0.1736093530130107 -0.37463111347939487 6.6026528166337206 -0.31501584941129551 0.87871964228206245 -0.3586318514679982 0.12867902038837767 0.26693387432112731 0.44464770640821721 0.85500568648742015 -4.1905103562993249
0.90680994290878969 0.14897767127756606 -0.39433663398481145 6.5946375237639669 -0.30774796779435915 0.87325321251144583 -0.37778302656006379 0.21679228638384396 0.28807449689307757 0.46393370248253496 0.83772227136482835 -4.2451744173204258
0.89933038889087669 0.13015842203353975 -0.41744896309743479 6.669366282497168 -0.30603526297801542 0.86924090410109001 -0.38828168698960897 0.13217043096751943 0.31232558241578845 0.47694762376099398 0.82156782724092836 -4.2844725453688817
0.89289417729894849 0.11276761813259674 -0.43591679532490463 6.7254782320678856 -0.30432411197966591 0.8646682114808284 -0.39966951212512231 0.10073941263204073 0.33185361684547254 0.48952257185470655 0.80637511657499195 -4.3497353276279007
0.88885154902772534 0.093706493647625136 -0.4485108882059396 6.7132506938386145 -0.29945437146765086 0.85968758661203193 -0.41384095113230912 0.072363846976483917 0.34679965859257622 0.50215171658916757 0.79219546219769832 -4.42766413505072
0.88639584556942908 0.071148864734672523 -0.45742785661153618 6.6756673000302786 -0.29080906508725507 0.85439247897281567 -0.43063160536328893 0.19453180617640542 0.36018397052108453 0.514734233290981 0.77802067868277924 -4.5511975305236501
0.87825137134545572 0.049026308008378497 -0.4756794612476915 6.782664895086933 -0.28936728063658662 0.8464255447739053 -0.44702390769530936 0.24109196379921635 0.3807113153385559 0.53024543211353092 0.75756100486754308 -4.6184332780335975
0.87185448229645524 0.031903422042615572 -0.48872480330094842 6.9161291323566605 -0.28986372173754871 0.83795411207151438 -0.46239801998159202 0.34323105321598885 0.39477687941422929 0.54480737671622126 0.73982169321773239 -4.6918796026656304
0.87392768573663282 0.013566666869974493 -0.48586659244390568 6.8217520266906995 -0.27687852747333158 0.83546702761728608 -0.47469266561485496 0.38025554178847015 0.39948552054763231 0.54937308936129747 0.73389408470051809 -4.8551637855972105
0.8716032481997219 0.0056317128137921063 -0.49017962170869267 6.8631091178647949 -0.27341568245107201 0.83553917946856249 -0.47656913891146568 0.29403935596944669 0.40688037838842589 0.54940200526006844 0.72979846142528082 -4.9834432877278001
0.86931228581781173 -0.0024260395238757284 -0.4942572852861552 6.9005031803811221 -0.27245511428942298 0.83198801103063891 -0.48328476098343826 0.27465198588791812 0.41238860365406399 0.55478830542244684 0.72259641276631126 -5.0890890468658112
0.86951250442277528 -0.011977420255305482 -0.49376567930189424 6.8627055535073431 -0.26467778576529566 0.83274534163705571 -0.48629298340009364 0.26622301502507995 0.41700560472829801 0.55352663656396095 0.72091233048088121 -5.1006197273377261
0.87363503309105983 -0.021197788258629665 -0.48611982342723414 6.8512052795608938 -0.25242431992334891 0.83435761294126198 -0.49002993422666968 0.27741209090742897 0.41598532626430201 0.55081578363360439 0.72357320350665333 -5.2472526921502984
0.88065556146288737 -0.024046401283673746 -0.47314643890638253 6.8484485233093517 -0.24098203493680798 0.83711999086879674 -0.49107818086893323 0.31294209739077855 0.40788900561574554 0.54649052276606791 0.73141962485612055 -5.4421488406772927
0.88192298651197254 -0.039932207015583907 -0.46969912146465398 6.966171103105423 -0.22622438908299361 0.83831360345101225 -0.4960371236641522 0.32263533357460433 0.4135630201623805 0.5437239383288579 0.73029439765229398 -5.4139548708883538
0.88392722294919879 -0.055181778681615494 -0.46435722868374807 7.0795257763528792 -0.20708767348934465 0.84413853122011251 -0.49451474760447922 0.3108323390147808 0.41927003233964633 0.53327770571352817 0.73472956151962987 -5.4587108399683153
0.88643167200798934 -0.065288812204891924 -0.45823166833163631 7.235848297813682 -0.1905779819112948 0.85070733062691617 -0.48987454560146826 0.28603722054393127 0.42180436658685572 0.52156917913015255 0.74165131140567686 -5.500745343989041
0.88560806065916753 -0.079299216303037753 -0.45761337085932302 7.4269503690734844 -0.17717201436761162 0.8531185870669511 -0.4907124959951723 0.34115255311255682 0.42931158873297504 0.51565522463620317 0.74147909551446956 -5.4189671326580093
0.89159932148023446 -0.091074914458410233 -0.44357187680507748 7.5342357810755747 -0.15309234826216858 0.86125879241379966 -0.48455755632690167 0.32636147646967811 0.42616121695851261 0.49993864868233268 0.75395488241281572 -5.4655592220542166
0.89971139387121202 -0.099301403957936477 -0.42503957334618109 7.6445964613767847 -0.12390429164814988 0.87561559943948897 -0.46684585092875652 0.20279093591705358 0.418529729230184 0.47269075851999398 0.77549746135000452 -5.6458998306418842
0.90612017720665217 -0.11514173943878454 -0.40704865102097609 7.7294082946720684 -0.096832778849282805 0.88023710464758764 -0.46454930044286763 0.26724585009531332 0.41178834053347263 0.4603531464437306 0.78645110665574502 -5.6217855853971681
0.91625719189135491 -0.12610517636557425 -0.38022393770142376 7.7934529741710747 -0.062926107627714417 0.89206662565256134 -0.44750133002671444 0.24709181057889298 0.39561731924448668 0.43395232444435705 0.80942715350002037 -5.7820199209870848
0.92391198803357244 -0.13674137403111641 -0.35733518577931039 7.9318825880610904 -0.033927988058281372 0.90099269372341739 -0.43250555774849575 0.21046062325712001 0.38109779584008235 0.411720733610906 0.82779859115652543 -5.8818432664938749
0.93074653043026845 -0.1481136251289249 -0.33432506657919875 8.1136650612319041 -0.0051551688412746384 0.90888745014318784 -0.41700962483668436 0.22586975230335909 0.36562866453033377 0.38985376363885804 0.84518029002715278 -5.9780939066801526
0.9400323732501713 -0.16194691213414403 -0.30018716643432064 8.1285893091359842 0.028172434419397555 0.91395205202744256 -0.40484313077253964 0.29612966759105919 0.33991977168228305 0.3721086457542242 0.86370695526574393 -6.1014253931472924
0.9466512113073714 -0.17423018842369478 -0.27110021315397426 8.2277467156933639 0.05716555532238686 0.91869477241315844 -0.39080943492374659 0.38126667191796193 0.31714915010917116 0.3544626307279497 0.87964348460183095 -6.2041541875449964
0.95231637808365299 -0.18485236775653205 -0.24274084569440871 8.3673893121832474 0.08167793449205385 0.92099367404511545 -0.38091910871731188 0.47953631011782372 0.29397658248701491 0.34292893506335004 0.89217571948891994 -6.2191428223076075
0.95633122895423561 -0.19280033726033682 -0.21967842515636751 8.6280647670726154 0.10290029014069388 0.9255574724554142 -0.36435545209438852 0.47487556742412129 0.27357286198715403 0.32583952359136176 0.90497872574437466 -6.2932053493368638
0.96121168278722757 -0.1909690780709048 -0.19900480419852887 8.9987836815259996 0.11827380580178881 0.93721163469089286 -0.32809397839824056 0.3728514742954851 0.24916542242957163 0.29183070952312934 0.92344541216290632 -6.5228207543604766
0.96135188046279718 -0.19196365029137041 -0.19736392501532923 8.9653237571978739 0.12044236020906413 0.93783751835957074 -0.32550641625693344 0.34940969140884198 0.24758069350802397 0.28915522842233793 0.92471241695897621 -6.5534956833065658
1 0 0 0 0 1 0 0 0 0 1 0
1 0 0 0 0 1 0 0 0 0 1 0
1 0 0 0 0 1 0 0 0 0 1 0
1 0 0 0 0 1 0 0 0 0 1 0
1 0 0 0 0 1 0 0 0 0 1 0
1 0 0 0 0 1 0 0 0 0 1 0
1 0 0 0 0 1 0 0 0 0 1 0
1 0 0 0 0 1 0 0 0 0 1 0
1 0 0 0 0 1 0 0 0 0 1 0
1 0 0 0 0 1 0 0 0 0 1 0
1 0 0 0 0 1 0 0 0 0 1 0
1 0 0 0 0 1 0 0 0 0 1 0
1 0 0 0 0 1 0 0 0 0 1 0
1 0 0 0 0 1 0 0 0 0 1 0
1 0 0 0 0 1 0 0 0 0 1 0
1 0 0 0 0 1 0 0 0 0 1 0
1 0 0 0 0 1 0 0 0 0 1 0
1 0 0 0 0 1 0 0 0 0 1 0
1 0 0 0 0 1 0 0 0 0 1 0
1 0 0 0 0 1 0 0 0 0 1 0
1 0 0 0 0 1 0 0 0 0 1 0
1 0 0 0 0 1 0 0 0 0 1 0
1 0 0 0 0 1 0 0 0 0 1 0
1 0 0 0 0 1 0 0 0 0 1 0
1 0 0 0 0 1 0 0 0 0 1 0
1 0 0 0 0 1 0 0 0 0 1 0
1 0 0 0 0 1 0 0 0 0 1 0
1 0 0 0 0 1 0 0 0 0 1 0
1 0 0 0 0 1 0 0 0 0 1 0
1 0 0 0 0 1 0 0 0 0 1 0
1 0 0 0 0 1 0 0 0 0 1 0
1 0 0 0 0 1 0 0 0 0 1 0
1 0 0 0 0 1 0 0 0 0 1 0
0.99653032745085068 0.038999322255756912 0.07352794934099488 0.14135859151247879 -0.042243349400621313 0.99817759207209689 0.043092854588290472 -0.071306652878628543 -0.071713359300184173 -0.046049403348383831 0.99636170467814578 0.12540025763049487
0.99276995298200532 0.057147434181291382 0.10555563093744441 0.21635031474040228 -0.063460089592730098 0.99632974254507933 0.057444417909301868 -0.069745604720898274 -0.10188541350453298 -0.063727661863203652 0.99275281295419127 0.17248894504410603
0.98799561483518439 0.073097664039860774 0.1360933377442175 0.27941347563259106 -0.083501879223027001 0.99387604641566629 0.072372926757091838 -0.089422345677152515 -0.12996961657506351 -0.08286818372017099 0.98804896786255025 0.21751825438178113
0.98258430678878816 0.087823996066812099 0.16375294124764039 0.337879205999916 -0.10214085246568047 0.99145447169212642 0.081149718540920859 -0.0686044249446017 -0.15522669329075037 -0.096462304951432473 0.98315802260545893 0.26331300475934855
0.97687678486768148 0.10136783688364115 0.1882453421259426 0.39222148212935926 -0.12044485249088203 0.98837228082092032 0.092807715268190483 -0.084190725836289199 -0.17664876080808301 -0.11333488496655993 0.97772717010144772 0.30157054395352406
0.97100859056208289 0.11419552516245193 0.21000404540748502 0.43133639869263163 -0.13769653902248671 0.98532387658147524 0.10087874592639658 -0.095403217089558151 -0.19540209874990089 -0.12687095913299262 0.97248227723327096 0.34065676490770236
0.96653583738356674 0.1247552437125645 0.22415308211011972 0.49761084246488424 -0.15139887947715203 0.98279011258877291 0.10583937778922343 -0.099167623994036128 -0.20709141543364426 -0.13623407710248492 0.96878966855026072 0.35861944064837697
0.96191230350715229 0.13569985286487996 0.23729785143151649 0.53297512592775165 -0.16498259354992309 0.98034818923100253 0.10815808660028797 -0.1019348399856307 -0.21795748252148864 -0.14318860919760498 0.96539709861225009 0.38264822490574052
0.95769638275815994 0.14591965333037035 0.24804252301547131 0.54865775569127906 -0.17663092929437602 0.97851715689311514 0.10632821113147679 -0.095356928076207159 -0.22719848870215054 -0.1456421245305056 0.9628962655933917 0.39628374242793357
0.95533816810321537 0.153808039655732 0.25233325484853042 0.57424920241321598 -0.18440796515475907 0.97750727157132722 0.1023388314016765 -0.092997479294274335 -0.23091705643514901 -0.14430045378459619 0.96221343374788004 0.40495584532799389
0.95365544161379578 0.16138268054821384 0.25396245608252682 0.57807216639457482 -0.19113374559952689 0.97675548717013971 0.097039216691595362 -0.095617278001050132 -0.23239877360582506 -0.1410827725205889 0.96233386167400981 0.41779171261081494
0.95318074670762909 0.1689507364845807 0.25080293608170601 0.58141213270321268 -0.19616197676723474 0.97665015092639318 0.087606857986257294 -0.094006769488387446 -0.2301454821991025 -0.13270317003286383 0.96406583057723372 0.41546659610158704
0.95370153336039121 0.1741052293529497 0.24523611964389647 0.58197314597676486 -0.19828956559932648 0.97707833078378048 0.077454397468521174 -0.094832961060689641 -0.22612968279389845 -0.12249614126468651 0.96636435257867048 0.42711778123797017
0.95552925168530689 0.17819598541909937 0.23496816795947814 0.60385593520190306 -0.19864048533387252 0.97783233578027273 0.066225981977012405 -0.10702465303646036 -0.2179582683910867 -0.10995505392210089 0.96974433711001728 0.44137188797001298
0.9578830316302267 0.18240190146527424 0.22178738480071092 0.63240737265843461 -0.19824907615164056 0.97881190323838863 0.051230478075697097 -0.10871476634488211 -0.20774359561706651 -0.093041949789843939 0.97374832172353287 0.45276297216128397
0.96025290528592844 0.18578727370326398 0.20832053864139818 0.64390501322922589 -0.19710387821675668 0.97976615289903524 0.034761283424784274 -0.10998007078952668 -0.19764720863662039 -0.074440409478539984 0.97744268699234715 0.46887909732630617
0.96298608401095964 0.18836703589798484 0.19280991102182549 0.66381345986799245 -0.19520686697691761 0.9806158195502338 0.016937931776908589 -0.11159119512509827 -0.1858819009110165 -0.053948811245758808 0.98108992690725172 0.4839683719105749
0.9663566970311942 0.18996567325343891 0.17340062597444234 0.70466863256784051 -0.19281356940902997 0.98123531511903483 -0.00042873651300194782 -0.12809092895224369 -0.17022826309021058 -0.033019681231291141 0.98485127765397862 0.50760937138309981
0.9697211375198499 0.19024261933787553 0.1531295570249992 0.75455984760238437 -0.18954146321537571 0.98168299277946636 -0.019301176381885478 -0.13777207806401467 -0.15399658817448739 -0.010307641583527408 0.98801761287722134 0.53627788079024519
0.97233753277324375 0.19129733885906089 0.1340337662900016 0.79330310727416165 -0.18787944363405704 0.98146368385177929 -0.03781999391660338 -0.1605664368930195 -0.13878413821542548 0.011591610135626502 0.99025481445649399 0.55972713534572915
0.97554492614745081 0.18921853422346432 0.11184115241845664 0.85813795695411976 -0.1838383222170526 0.9813198341819217 -0.056699685409929153 -0.17208045594280666 -0.12048057251019324 0.034752400600382309 0.99210720302804301 0.61030820537478292
0.97827631092479506 0.18642470117473736 0.090671331054990464 0.92138409601561777 -0.17976683574346722 0.98070465360202952 -0.07682621408155238 -0.17954387912633554 -0.10324410031645917 0.058857567017615596 0.99291310926717646 0.65145905087332334
0.98012909950228377 0.18520958611472302 0.071023640571681562 0.98028587893191865 -0.1780098644058028 0.97923397485982888 -0.097022217323908685 -0.18995931994892437 -0.087518206580517385 0.082451389869625982 0.99274484729234269 0.69196033118973088
0.9818822309084223 0.18221746285739265 0.052000777456825603 1.0518184151180923 -0.17536174117749775 0.97776268189518412 -0.1150147713310478 -0.20707724568650512 -0.071802119449887139 0.10381201338453877 0.9920017749578639 0.74242370487859721
0.98337429943189181 0.17870358580310669 0.032249273448368844 1.1370567465309536 -0.1729300221891488 0.97578016062773143 -0.13397121165003714 -0.20885767538532568 -0.055409337141825561 0.12616697882738664 0.99046034691504603 0.81059949543872678
0.98436365560095096 0.17550013500288855 0.015096229525951346 1.2340618301300208 -0.17094150050717807 0.97243559975292415 -0.15858123387565484 -0.16439534294699285 -0.042511138967178362 0.15352103096038208 0.9872305182258978 0.81968899212242141
0.98491387404490915 0.17304452723005598 -0.00050230426570514503 1.3320617664852057 -0.17057475388799306 0.9703597954421378 -0.17119030558283121 -0.2053900842244214 -0.029136129631430478 0.16869338749701765 0.98523785299027233 0.877509974385701
0.98491908410564311 0.17270363192445984 -0.010385243598575298 1.3967422834530563 -0.17168781305080491 0.96817593914803601 -0.18209515563202225 -0.23671899048336548 -0.021393751759168231 0.18113201366660517 0.98322606810984614 0.95000346018853077
0.98505464383472641 0.17068582985224931 -0.023101864584688974 1.5339258333229331 -0.17184528138087746 0.96480579944437761 -0.19904514218041724 -0.21201633055566066 -0.011685372341836867 0.20004028805754218 0.97971798760004813 0.95623215100195325
0.98476792785883249 0.17169407287740263 -0.02744583027329275 1.6180927645637555 -0.17362344027042886 0.96255231629375315 -0.20820167959502967 -0.22514021161155631 -0.0093289468474234919 0.20979557606465329 0.97770076557933527 1.0396726588217338
0.98404535069944299 0.1753121526714157 -0.030338043650249509 1.7117090689044243 -0.17772115723002771 0.96054693184635942 -0.21392704829769674 -0.25085309321315036 -0.0083628966052430448 0.21590562949182113 0.97637842106127604 1.1286029502907819
0.98348830948379706 0.178257888729796 -0.03122291168835151 1.8331471707113105 -0.1807616501558291 0.95930654990207709 -0.21692433968532771 -0.28359760173301757 -0.0087161311167618903 0.21898645716246803 0.97568896716001974 1.2172660065812604
0.98267216299815152 0.18300755711690919 -0.029387992558792535 1.9554264313064553 -0.18494461681052607 0.95760038253444724 -0.22090042119173983 -0.28907377575925897 -0.012284493532177405 0.22250784572230617 0.97485350171739971 1.305363449972583
0.98170879417314627 0.18888872937012929 -0.023851443563128141 2.0703993442381337 -0.18944172795850425 0.95665113358544085 -0.22120226110459851 -0.31217847416625039 -0.018965103511531481 0.22167466370027261 0.97493623808030028 1.3939559214538662
0.98063426226585748 0.19499414896016584 -0.018268156491505694 2.2143965573757218 -0.19422923098385944 0.95632066778548031 -0.21846232214675293 -0.3434985992954937 -0.025128658971701297 0.21777984809810508 0.9756743761422918 1.5010613506414023
0.97915520153893343 0.20293229260660656 -0.0085776405075830182 2.3428520386098182 -0.20007508818528594 0.95637016734140001 -0.21289918296468996 -0.38322135549073072 -0.035000719805466395 0.21017751458424161 0.97703652028790111 1.6119681281329428
0.97765129908753101 0.21016066405198502 0.0055165820660632511 2.4639412447170681 -0.20446497825695079 0.95660497602091732 -0.20760778530297175 -0.41142555479385062 -0.048908179876658339 0.20184007316994526 0.97819659312630181 1.7327234263375517
0.97526641494436905 0.22014626353445599 0.019774795406666771 2.6004955190813748 -0.21203129651230185 0.95706942140535867 -0.19763818434230859 -0.46058797639313004 -0.062435159812961154 0.18855700799129657 0.98007556114643535 1.8662044627468568
0.97267209561984014 0.22918393151450106 0.03719838622931091 2.7380000857107176 -0.21841536565198863 0.95752508257844238 -0.18825632600328535 -0.49528706162423047 -0.078763712771914268 0.17498697599736854 0.98141522088343414 1.9884782506604561
0.96941685249164455 0.23913451357079504 0.055187412735626204 2.8835293848440151 -0.2261628338599285 0.95778711749479617 -0.17746608166479541 -0.53269380831449209 -0.095296058080276858 0.15955726865382439 0.98257831206173685 2.1180082186569584
0.96608573883351156 0.24697251391494315 0.075385161623765795 3.0424298573891697 -0.23236052093012463 0.95880514674912876 -0.1634052596474872 -0.58517921131998174 -0.11263628871544548 0.1403469555705246 0.9836746405832042 2.2504191642774538
0.96209688790885528 0.25498174568858656 0.096715498456537111 3.2046711828044896 -0.23925496716694217 0.95940284574050316 -0.14934269406626366 -0.62949019370070647 -0.13086878528526538 0.12054247778532332 0.98404414133073015 2.3913949282376756
0.95799034481532042 0.260982346847906 0.11892314271992158 3.3835354892006881 -0.24493174282666996 0.96021171095448121 -0.13417120220732145 -0.66860970749347892 -0.14920770957465154 0.099406663658062763 0.98379640913344424 2.5320079599883947
0.95457605128768952 0.26371114550209557 0.13871191025277849 3.6169637752721018 -0.24830130958918914 0.96135405580460898 -0.11893207744053949 -0.70798906371990511 -0.1647149718887021 0.079087363883248926 0.98316538126080433 2.6668767991603617
0.94875421701031348 0.26949842671971308 0.16503343206982798 3.7994491018394467 -0.25568537957453707 0.96154357962245196 -0.10029422295758769 -0.76004114681082435 -0.18571597232594717 0.05295793125152138 0.98117533353656383 2.8270162894394311
0.94257866064058504 0.27342689371023521 0.19178947390556284 3.9882420146336015 -0.26237166836873205 0.96153149213868283 -0.081352917974502795 -0.81380838234682318 -0.20665569467694067 0.026361400219446308 0.97805853630345729 2.9757895334729585
0.935818901371125 0.27540490848653726 0.21998890930695272 4.1843769408444853 -0.2689784765300216 0.96132115240859239 -0.059263994932880752 -0.9004506553711189 -0.22780158691310573 -0.0037119150499328557 0.97370049742543152 3.113509163719002
0.92870815949159202 0.27722940674029567 0.24626207692652047 4.4143571411157794 -0.27723128488322563 0.96015122126388563 -0.035389927768570625 -0.99629209642602057 -0.24625996259184235 -0.035404637321861401 0.96855693817161415 3.2585858772850527
0.92070379171695138 0.27627221913180133 0.27564141353218058 4.6315961659442584 -0.28421765435738133 0.9586904043261345 -0.01153401944601092 -1.1066287548886096 -0.2674413073360522 -0.067722740560190009 0.96119133243147825 3.3735802529464145
0.91196091951600233 0.27424872915551957 0.30514736740157206 4.8594158170098884 -0.29161722982872113 0.95646090521681082 0.011913356322283387 -1.2225345837790378 -0.28859430441807121 -0.099850745357364767 0.95223062128301061 3.4676688063211847
0.90336755961667836 0.27048664152189722 0.33281230294328312 5.1121655018651824 -0.29863038492626209 0.95370919474743221 0.035477669779692342 -1.3361307031876166 -0.30780991769434513 -0.13143724210591543 0.9423254777180714 3.5445475559510342
0.89435980338330701 0.26414671323278355 0.36103608681195576 5.3779378074539412 -0.30519043866126033 0.95035444845169825 0.060706000179684291 -1.4494029436281446 -0.32707696073236336 -0.16447776809157508 0.93057386894415539 3.6082206802168471
0.88549882167848892 0.25589036484859612 0.38782980543488405 5.6433274902520818 -0.31126539521916141 0.94640098469797684 0.086249811024482648 -1.5581912052847053 -0.34497201414762174 -0.19709210369863137 0.91768677233279383 3.6678015957149372
0.8755351050592648 0.24690605914198843 0.41530191158702257 5.8826362057091863 -0.3178803004871365 0.94169383222548297 0.11029433761844552 -1.6682450689787498 -0.36385490840590567 -0.22858286092237265 0.90297258060334995 3.724188840988262
0.86567710414131049 0.23650801060591642 0.44121096120194764 6.1139751866696255 -0.32475214820591214 0.93605512652756429 0.13541359731249658 -1.8104056534826043 -0.38097138160386812 -0.26050865824516739 0.88712797576118774 3.768370060858627
0.85646940892125745 0.22345302727824304 0.46532665535326972 6.3414933269964262 -0.33056153736144694 0.92978855003477334 0.16193307951580027 -1.9624777273414273 -0.39647095933915333 -0.29250982346653343 0.87020042609520076 3.8212841598752525
0.84636609966656806 0.20999107180632881 0.48945702068397218 6.561911753360806 -0.337776799366932 0.92216886260963649 0.18844474692248861 -2.098750415437006 -0.41179030967791419 -0.32482047132974656 0.85142257561124657 3.8938621736148886
0.83536176934680273 0.1965389432331969 0.51336454699030143 6.7675202121004965 -0.34582398051859808 0.91383161594040951 0.21287919627340804 -2.2078351693358376 -0.4272897012707555 -0.35536491315339236 0.83134787525285136 3.9865930227869519
0.82546555816462464 0.18132172006592207 0.53453629073833719 6.9964559433347837 -0.35258461124695512 0.90515444288036251 0.23744373322068132 -2.305313044424294 -0.44078419231614724 -0.38447089404306795 0.81110506559750062 4.0955246739656435
0.81569357659912067 0.16829959081553303 0.55346114301390537 7.2176844379836851 -0.35973071805725815 0.896832619604229 0.25745885671272928 -2.3706462149017806 -0.45303178650172432 -0.40910451005230969 0.79208313974854661 4.1758767335168754
0.80553857488677116 0.15384975506953852 0.57222186015079224 7.4199310013275106 -0.36680265404420931 0.88790404903326237 0.27763683598626127 -2.4388022409653822 -0.46536374735846575 -0.43353967820187006 0.77167346077800625 4.2692860549780951
0.79693786211673145 0.1390717414027558 0.5878342408094468 7.6279138014303047 -0.37288460768488735 0.87885665150749115 0.29760385658241723 -2.5167873255639766 -0.47523374593614587 -0.45636612149046002 0.75225185269246997 4.3466062145044759
0.78814406844664731 0.12357080099990146 0.60295869221084231 7.8160797284203545 -0.37977051198290468 0.86855749322429543 0.3184057775734771 -2.6102503150335488 -0.4843586332466977 -0.4799355561991327 0.73147698275148776 4.4369255304095283
0.77994014659968947 0.10949080539465839 0.61620218374822722 8.0077061393941182 -0.38518865204830244 0.85999052464560255 0.33473272898387613 -2.6675529949649919 -0.49327788320100746 -0.49842558226259848 0.71291575160808662 4.516748071651751
0.7719221347876124 0.094783579022839057 0.62861139901576413 8.1858451986642642 -0.3900428738057049 0.85144522640208875 0.35058177794985701 -2.7325911116398589 -0.50199877929963332 -0.51580723103182369 0.69421907637068059 4.5822424826257615
0.76488176437811073 0.08386343819136606 0.63868835143327229 8.3655780407054099 -0.39511606050944698 0.84415138077377616 0.36234202773791235 -2.7708867331548221 -0.50876240549919094 -0.52950483479610455 0.67881178884741444 4.6625916723339476
0.75906549869834428 0.070494458398923557 0.64718629467941946 8.5403054810559365 -0.39921431752892889 0.83567158999347146 0.3772014347238023 -2.8415620180680818 -0.5142445890485825 -0.54468663010287466 0.66247186930573043 4.7508450097624992
0.75417471753482546 0.059688924442938371 0.6539554478174423 8.7087138081974995 -0.40300097093226472 0.82834062225612171 0.38915553567692329 -2.9074225139434269 -0.51846958720730985 -0.55703594661313049 0.64876824931703891 4.8311002046581368
0.74928223600634991 0.051158337817148986 0.6602718798170274 8.8637342711170319 -0.40740774885130837 0.82163367710995783 0.39866906929768053 -2.9641428900484033 -0.52210636558198931 -0.56771553185601331 0.63647782200812797 4.9122412349559648
0.74855211605236871 0.039252626480712524 0.66191310673523196 9.0383930527645013 -0.40164980432121777 0.82111117788079657 0.40552912133154917 -3.006236386158613 -0.52758616759942489 -0.56941695169144424 0.63041031946199522 4.9736892750358885
0.7478577732710403 0.030710813709700868 0.66314824653268101 9.2012238438606584 -0.39844878658259392 0.81975788772799674 0.41138251054048425 -3.0537454961194479 -0.53098711418351763 -0.57188622245077836 0.62529899499522545 5.0385364992502737
0.74671862369295861 0.024581340761594187 0.66468568114294158 9.340898483603052 -0.39843310911171109 0.816716752900289 0.41740244740008858 -3.1177513568370916 -0.53259961940811507 -0.57651496356848431 0.61965162969846244 5.1143623533547169
0.74716359017363332 0.022141063268264562 0.66427128707795113 9.4812702743901749 -0.39892924261442764 0.81433177604300966 0.42156757217997287 -3.1786280830545888 -0.53160326269307845 -0.57997718217528893 0.61727177098105313 5.1822531906155422
0.74883165350282765 0.022258267777933907 0.66238638590157251 9.6157546470871171 -0.40009378507949589 0.81196036174275243 0.42502392179657478 -3.2385428024968528 -0.52837119324673942 -0.58328804245767341 0.61692701486716595 5.2489513325588852
0.75107149314311794 0.026136760457673776 0.65970332873235193 9.7411890290583951 -0.40193679105543323 0.81080985279369933 0.42548113778253527 -3.2808986281116654 -0.5237732602795111 -0.58472579245783052 0.61948149241985728 5.3139674483021571
0.7556368601064507 0.033403390443279439 0.65413847857724905 9.8718237279870955 -0.40258321537177011 0.81146754454543568 0.42361206173848298 -3.3100020247367219 -0.51666206590903418 -0.58344206023931389 0.62662243176757859 5.3629331005434349
0.76121214372829571 0.043561899025654757 0.64703820072222251 9.9975608964714926 -0.40459224767022467 0.81165090658592431 0.42134062106970249 -3.3428405728180204 -0.50681474462147214 -0.58251623736298175 0.63546333320085924 5.4157275565321434
0.76736213922291419 0.054951234994027681 0.6388549984619859 10.114905090575631 -0.40750954065543671 0.81103086415632641 0.41972003962240984 -3.383451436597555 -0.49506698694421936 -0.58241677444805229 0.64474753142567254 5.4717726223550285
0.77533051564702549 0.064393674262607545 0.62826431238888525 10.233600413949235 -0.4055559841725182 0.81334486111931081 0.41712645635666556 -3.423211372942371 -0.48413524474921033 -0.57820722202837471 0.65672633051054996 5.5243096632227155
0.78414413837803199 0.07453525613352098 0.61608641101754902 10.345823632864446 -0.40258454336493871 0.81661161501660595 0.41360748985434764 -3.4564383183487526 -0.47227497889578873 -0.5723547552113819 0.67034795330179198 5.5779412323799669
0.79355182022343684 0.085729255531648799 0.60243340160225123 10.451393542027251 -0.39936448478701075 0.82034377259857005 0.40932151549796525 -3.4880221548739039 -0.45911166061305342 -0.56540833872939544 0.68522251392112743 5.6284935040024093
0.80423121036809675 0.099645684262498022 0.58590348853520635 10.555680924375515 -0.39558500187639228 0.82548422596203341 0.40260191129491335 -3.5043983753777908 -0.44353654478556875 -0.55555965502880167 0.70329851638117225 5.6613589432521545
0.81564340099933941 0.1138527763649486 0.5672419128733559 10.654431849378371 -0.3927912254256305 0.82882993066260102 0.39844196474073817 -3.542244655047206 -0.42478335140970669 -0.54779420529229872 0.72075003504218893 5.7081182642103689
0.82704507733283239 0.12946102127862349 0.54702493912894423 10.745703816620241 -0.39024142307866827 0.8326490988695826 0.39294670104889279 -3.5688774843182465 -0.40460854139904806 -0.53845642546186401 0.73915939154269483 5.7526518279170693
0.83885928835743606 0.14542501202519048 0.52456330429599163 10.827978806611483 -0.38741654875386417 0.83644102652599439 0.38765297225196871 -3.6001870411388537 -0.38239183057186343 -0.52841080138620744 0.75799638052584739 5.7971251430452213
0.85163061002798024 0.16204160946964635 0.49846546606947301 10.916145896531983 -0.38406744463166836 0.84008145715050275 0.38308660029553165 -3.6340406227198816 -0.35667562579670431 -0.51769263289366474 0.777673990699287 5.8369336517240074
0.86381523459426024 0.18041548412948774 0.47039716577503488 10.994372730566756 -0.38168456653966565 0.84378569100861445 0.37728318186018123 -3.6574370867078292 -0.32884666966276344 -0.50544629856735279 0.79773674048289378 5.8733936412337542
0.87594934450657158 0.19916685189442276 0.4393692194100226 11.068570570779276 -0.37921930987177666 0.84724809785942679 0.37197227812561057 -3.6840668994689292 -0.29817018777684828 -0.49244616536231473 0.81767433207914186 5.9039343492495524
0.88758116899835338 0.21893915447011864 0.40529657669344549 11.1375731848676 -0.37723632329234658 0.85040611258799903 0.36674541587024606 -3.7069618528344077 -0.26437175497467308 -0.47840891537771024 0.83739625319124422 5.9372125199968506
0.89811040063662295 0.23930344870023484 0.36896011669081347 11.200713928588396 -0.37562337260851064 0.85374013492830869 0.36060347192283293 -3.7182715182027919 -0.22870240536236738 -0.46245177202900567 0.85664086309765775 5.9662407275559444
0.90906435675548991 0.25742520743114589 0.32761907431613169 11.272862674495974 -0.37179594801305249 0.85610228628001317 0.35896608261395657 -3.7521531305641709 -0.18806852027333826 -0.44813071531101933 0.87396172323336396 6.0005533022461623
0.91713156821758135 0.27810530487835694 0.28552955359695442 11.32846631860664 -0.37061885659119898 0.85861334040967452 0.354153631648149 -3.7651145289578221 -0.1466674800962785 -0.43062811226051723 0.89053246948842424 6.0226833105278912
0.92323055658093833 0.29823848162527306 0.24227906940778529 11.37719963790494 -0.36975662721475261 0.86107668029832563 0.34903722907046131 -3.7721563757175272 -0.10452452356275641 -0.41182612681114211 0.90524795788209977 6.0426710467490432
0.92783797277342439 0.31624323571979968 0.19775467666068841 11.421104848802623 -0.36800473666619998 0.86252953007703925 0.34729716891492585 -3.794521231311875 -0.060738867876698417 -0.39501015886500052 0.91666665932742641 6.0645956569629362
0.93026829984187931 0.33458920578411827 0.15050233779596989 11.469873304532642 -0.36658832808061065 0.86406957988806832 0.34495906833582396 -3.8078667746208557 -0.014624911089023146 -0.37607688640065351 0.92647303656977953 6.0821424393855397
0.93103494899448458 0.35028927593291498 0.10232959941889593 11.517701237285497 -0.36353066409540841 0.86572255841306744 0.34404928152386011 -3.8252732006404715 0.031927731099921655 -0.35752185250852447 0.93335885112087724 6.1033858421166176
0.92914216693286544 0.36562581110716297 0.054887155870279258 11.555496541191399 -0.36147644870064743 0.86717371682652256 0.34255586680137634 -3.8348356719844303 0.077650567686703725 -0.3381235145586643 0.93789278611173321 6.1171231009879543
0.92554849468024614 0.37857205781970144 0.0065712276849155538 11.597795914601177 -0.35774133927359003 0.86867249255738965 0.34267949289222122 -3.8508955033003711 0.1240206360646022 -0.31951728859685885 0.93942939283260829 6.1318748612404281
0.91971592613050634 0.39053359458924053 -0.040076510815085946 11.632077373403673 -0.35484767056504873 0.87063699563493602 0.34069686310022151 -3.8511972346164924 0.16794566358338531 -0.29912327446887033 0.9393186470812539 6.1388206289532157
0.91199436974963 0.40119224857643887 -0.085504673715277021 11.65715466973168 -0.35135852813008722 0.87157982578194693 0.34190026615984059 -3.8672746301584495 0.21169188518985271 -0.28176832144883152 0.93583821185751659 6.1442279456479802
0.90295844620119914 0.41050857241855543 -0.12707775731730447 11.662928009972489 -0.34816021207420722 0.87218747575523936 0.34361820944785032 -3.8817952393909554 0.25189384899667394 -0.26602954555196179 0.93047179953562131 6.1480691199121846
0.89298852707880594 0.41733774738724788 -0.16852505781444618 11.682324215216816 -0.34360811188296358 0.87398730881846687 0.34362719547858628 -3.8786639667191731 0.290697361449755 -0.24894856623405456 0.92386127498459369 6.1540446108479552
0.88256773584230996 0.42225800617184089 -0.20681481541214641 11.693968743951567 -0.3379590799444353 0.87551417636117257 0.34533836635063941 -3.8881151091778037 0.32689119280471501 -0.2348895553539988 0.91540649159393195 6.1516340228271842
0.87218573288728218 0.42526562664142148 -0.24174613573985737 11.698787658848344 -0.3316027921252111 0.87731060649366832 0.34693758514821649 -3.8890283599239366 0.35962707851695269 -0.22243031837182414 0.90619706348363904 6.1521648643387179
0.86145940895142892 0.42606447138812703 -0.27632725697949306 11.717704935348474 -0.32309322932129025 0.87964327702624923 0.34905367832077294 -3.8930047213395995 0.39178878480093721 -0.21141610961153681 0.895435523474989 6.1536869616491314
0.8522287753384501 0.42459602399470148 -0.30565393976361011 11.721661786312302 -0.31396789488082111 0.88241364340881279 0.35038596277546602 -3.8882248790921903 0.41848569326708329 -0.20264347592230919 0.88532781849261533 6.1517592909217624
0.84407935785102162 0.42178692004274554 -0.3310979186444119 11.721706640198144 -0.30318626962626249 0.88469907203822196 0.35409834487726743 -3.8944637468351746 0.44227607165651445 -0.19850276072529455 0.87463622748232783 6.1513264917122479
0.83847383538242315 0.4162658219214187 -0.35168791972311891 11.718592752470828 -0.29091845565612207 0.88763392021978071 0.35703287780528142 -3.896687922211024 0.46079071121035647 -0.19705021993225438 0.8653572275580208 6.1515602443938064
0.8343655889261874 0.40980946032185783 -0.36863297498536962 11.722828873827099 -0.27783648265799782 0.89027320891810036 0.36086077978480918 -3.9013893314360386 0.47606822296818824 -0.19867012788382674 0.85667334927995475 6.158138023961345
0.83300922748378836 0.40083963488603214 -0.38134395764361423 11.728901819008973 -0.26274901113876736 0.89319794543972442 0.36491147886556674 -3.9088727282597082 0.4868866234273253 -0.20377688133516886 0.84936234821238132 6.1608539044473982
0.83489732637721137 0.38889926387314611 -0.38949174184712737 11.738367372376528 -0.24553355165855895 0.89648885545563695 0.36881025887816055 -3.9194714924335043 0.49260504404453476 -0.21228540836045962 0.84396396604305024 6.1657859939704975
0.83829451106168418 0.37735397635890744 -0.39353054424018097 11.749882328909859 -0.22888692746090375 0.89867391998007384 0.37416033994152131 -3.9297872184637095 0.49484652889694891 -0.22358256209679889 0.83972480656752801 6.1708790591022726
0.84334566803405686 0.36324240160347032 -0.3960088911697987 11.774518434152325 -0.21072267719364185 0.90145829911181496 0.37811226941052539 -3.9329069413145779 0.49433191028350026 -0.23543129069810725 0.83678436280542956 6.1823968403558718
0.85001425905663508 0.34888708544482816 -0.3946562567731734 11.796339666009574 -0.1931887691735161 0.90348476700762248 0.3826138722660275 -3.9325501171554809 0.4900549549444651 -0.24898409064636087 0.83537600141456247 6.1928209052959051
0.8587708056866028 0.33269226053683043 -0.38965184855108398 11.819295279647781 -0.17353566920353447 0.90442244635481539 0.38975044585433472 -3.947125123259954 0.4820768349697635 -0.26708781010833305 0.83442556700826853 6.2062659947973682
0.86879028771899747 0.31519866994927281 -0.38190736367259398 11.844552884250163 -0.15488653511723763 0.90552643488464768 0.39500890744953682 -3.9488626011387549 0.47033349572884803 -0.28402759405964312 0.83553260176259569 6.2136420954230678
0.88020110819784503 0.29597978963154076 -0.37100131166473588 11.867873098443866 -0.13439812155055261 0.90516007821227507 0.40326464974558707 -3.9645023529603054 0.45517376248084479 -0.30509211222254995 0.83650203168229942 6.2322431666382423
0.89138552836121587 0.27483585279242101 -0.36041239413768605 11.909959161131473 -0.11271252549422742 0.90461462428607775 0.41105749977888917 -3.9755759034899878 0.43900766100936006 -0.32578771546456603 0.83733782789712174 6.2555017529697086
0.90321911096613994 0.25360454468677629 -0.34623687339702669 11.945911575642318 -0.092359087442043505 0.90269459029900112 0.42025263308133065 -3.9917249282577871 0.41912413024354583 -0.34760208796716319 0.83875368964223329 6.2744915398237735
0.91498690543744332 0.23151440726500741 -0.33045429654756103 11.985943602118846 -0.072423017193749981 0.89993797332654935 0.42996110375876651 -4.0066808556147189 0.39693055999578181 -0.36947628258608867 0.8401984331976583 6.2959344571720903
0.92638298001163877 0.20846375834770692 -0.31361989063244139 12.029727341586746 -0.052229980600250976 0.89588045880623124 0.44121449733166512 -4.0267745291595896 0.37294316386180493 -0.39235324005885996 0.84081646721746683 6.3233827275932279
0.9372150454754179 0.18519393972661968 -0.29551846511350771 12.076007353625508 -0.033335306405196462 0.89105054415058649 0.45267834619718167 -4.0455711706229236 0.34715517550712388 -0.41440575823397646 0.84127947298216021 6.3511690722274432
0.94769433494092548 0.16220694064356145 -0.27488971593701539 12.115139817763593 -0.016858176893311792 0.88547471242574449 0.46438167010162962 -4.0695089886840057 0.31873382216625629 -0.43545773854830172 0.84189388199801529 6.3721303297424212
0.95700034127484501 0.13867474064193977 -0.25479337335912211 12.166353877255341 -0.00066048183873163805 0.87937432475877764 0.47613061308719123 -4.0851772890530658 0.29008603993224313 -0.4554888728201103 0.84165312105017143 6.4020608980145166
0.96530471239472071 0.1148112593868811 -0.23453184633764315 12.222935551255372 0.015088851144375347 0.87213023148283642 0.48904108815603337 -4.1055650958223371 0.26068973665967066 -0.47561248306966525 0.84013905226969365 6.4317198995971179
0.97237469463075921 0.091313328060824733 -0.21482394968949323 12.286079871493294 0.029747820892083901 0.86433067980749889 0.50204336774394231 -4.1253418667817767 0.23152218121361551 -0.49456481078010694 0.83773690830959979 6.4674392196782158
0.97857438790373608 0.068972206566953048 -0.19399742797293434 12.343585999887793 0.041604784175401262 0.85654412900063825 0.51439400949880465 -4.1437029922262925 0.20164624785139587 -0.51144402410803824 0.83532257298101908 6.4979255576545905
0.98372777111987442 0.048214208209043583 -0.17307530862112905 12.402705488932334 0.051287673524388705 0.8478774327506875 0.52770582105616293 -4.1649606872331812 0.17218956667574198 -0.52799550107825566 0.83160778253281276 6.5338326804044415
0.98769853873774482 0.027540834138681563 -0.15392562824386724 12.47492838225685 0.060931061788782 0.83877736487509424 0.54105446849876848 -4.1880658959550789 0.14401042422205143 -0.54377755987916498 0.82678108534680816 6.5753764619830681
0.99068551043960595 0.020786482144052293 -0.13457392602243692 12.540259325471233 0.057880647230670546 0.83027385789622266 0.55434208893992687 -4.2133341533917239 0.123256034664336 -0.55696790127815998 0.82133714567443372 6.6126213993652367
0.99301025462781589 0.013745313068735984 -0.11722499977667993 12.61761564591905 0.055522400950525505 0.82203902939832163 0.56671782849894048 -4.2372792382399638 0.1041532390119926 -0.56926522861888185 0.81553001311343709 6.6485232711687834
0.99504073710873697 0.0062044469457231913 -0.099274550274473961 12.687668257044498 0.052558764806447868 0.81454795378934763 0.57771031427490327 -4.2585238339094102 0.084448254784346186 -0.5800630446905618 0.81018229828119148 6.6866885144650521
0.99656217673451208 -3.4462034432862353e-05 -0.082848214914621007 12.765388659604612 0.048996229597136065 0.80662528325700411 0.58902888035802003 -4.2822183596005328 0.066807165689286463 -0.59106315332875059 0.80385393660144389 6.7300017223258539
0.99768018010311144 -0.0075011796211098746 -0.067660849342252513 12.848343581735064 0.046685136685914667 0.79876248011464113 0.59983247525765482 -4.3084983506156052 0.049545496687798091 -0.60159972794658034 0.79725968861630014 6.7753336953341332
0.99840326273119162 -0.015926380807532857 -0.054196636077201633 12.938553017291262 0.045734427980206868 0.79103625974136493 0.61005737260663884 -4.3388095755883072 0.03315549826249721 -0.61156192341312865 0.79050156658048454 6.823625277208123
0.99888774901594979 -0.023673445894235194 -0.040777847237704716 13.028145107892621 0.043833004576175852 0.78492151428820112 0.61804278502166998 -4.3619474230972024 0.017376207171699191 -0.61914278189042138 0.78508616282374777 6.8683896779927043
0.9991038475797851 -0.031547491561749234 -0.028218035499143139 13.119162630221952 0.042267808407555611 0.77863656247923796 0.62604994684365078 -4.392294261243209 0.0022212887456862979 -0.62668162518672677 0.77927222876837543 6.9159751673584768
0.99909503986300119 -0.038945100987381277 -0.017099135365003324 13.215245326768729 0.040984597607744276 0.77398767697160031 0.63187288172150347 -4.4197822511541354 -0.011373833130449712 -0.63200186313426998 0.7748833982701735 6.9647657589211729
0.99891224789870992 -0.046284524300864355 -0.0056624913411865334 13.307973954209114 0.03929290006628916 0.77012716546644944 0.6366790533816804 -4.4491819425262298 -0.025107548712029398 -0.63620900010991255 0.77110811121192235 7.013396156838521
0.99858948476257259 -0.052996676477680582 0.0032238492427314656 13.412089563935908 0.038668287773449425 0.76752951460848085 0.6398462375645726 -4.4785057148199705 -0.036384123492115401 -0.63881906396662103 0.76849619327002572 7.0628147767908516
0.99809281037534014 -0.060806249137343817 0.010646217304869894 13.519856547139899 0.039777176271362527 0.76538007336928882 0.64234812955055698 -4.5116223001632942 -0.047207182980264675 -0.64069957340009953 0.76633904932477392 7.1187854480913222
0.99753535646900471 -0.067903449303522989 0.017672978439965837 13.628831120597454 0.040599405026182825 0.76401578428249184 0.64391891545343571 -4.549309504480771 -0.057226749914489949 -0.64161437245427477 0.76488959736313034 7.1773266306300654
0.99695623104401909 -0.074075954089707199 0.024311034700401388 13.734375737428033 0.041100067766530399 0.76433960656336486 0.64350271970532291 -4.5881579089303646 -0.066249964619546312 -0.64054486093033347 0.76505766013003795 7.2346963017249593
0.9964475486479929 -0.079330772243328171 0.028265020231427018 13.851401105542966 0.04288814841385994 0.76686480349286634 0.6403740937057637 -4.6209894962794316 -0.0724768205637948 -0.63688696150818214 0.7675429035186494 7.2902642043053314
0.99593454913303991 -0.084431221852860713 0.031396538337871691 13.97079355110167 0.04523470264740026 0.77016928153467168 0.63623352588241455 -4.6603232335509803 -0.077898623348360355 -0.63222673666715556 0.77085741737602131 7.3507990336564113
0.99549878288958749 -0.088438097551921863 0.034071632874676072 14.088813227059454 0.047291173594897172 0.77507946931538529 0.6300915498130395 -4.6998832900187866 -0.082132321076219789 -0.62564408344295674 0.77577300976990382 7.4136794871506639
0.99522561806850818 -0.091041679047884114 0.035176438368572024 14.210382174413873 0.049571629750705282 0.78196766415551522 0.62134469156743144 -4.7352218172159199 -0.084075101332171331 -0.61663440132002811 0.78274733627440451 7.4768698083956915
0.99508524421681666 -0.091544562318994993 0.037748507941134768 14.31917649118725 0.04996991510360687 0.7933492810370304 0.60671239138702726 -4.764042217578857 -0.0854889719583561 -0.60184425841562261 0.79402463707724635 7.5237146140362707
0.99507523633655337 -0.092285256876656688 0.036176033405583549 14.445173970040806 0.053097518692060648 0.80445303949827562 0.59163836991081986 -4.7980049442147559 -0.083701418975419273 -0.58680383315482465 0.80539141655241531 7.5821819749559767
0.99556299828251527 -0.0881370888834907 0.032957093528890966 14.57476160875383 0.053182777564790243 0.81597812971585837 0.57563120484899344 -4.840401548908047 -0.077626726204461635 -0.57132437843011163 0.81704500854617801 7.6467212009199992
0.99609437906157972 -0.083515931162687296 0.028654445448396682 14.704746038992617 0.053424372770074197 0.82846633104369238 0.55748486501529992 -4.8844613125331504 -0.070298110899582641 -0.55377669467848889 0.82969244183306723 7.7128745489485437
0.99660558271481903 -0.079206083311335843 0.022443459361998191 14.842186628651843 0.05481960284573948 0.84188697185209704 0.53686230801718782 -4.9282403455602788 -0.061417616735683675 -0.53380963179038288 0.84337130219276757 7.7808616066632599
0.99714050138195087 -0.074109741746971283 0.014784000877597422 14.981678902117579 0.056040091139548533 0.85640341389622876 0.51325695402201399 -4.9703375682063893 -0.050698409135027843 -0.51096079971469621 0.85810764619952873 7.8472826285632955
0.99761967189033163 -0.068588412088580103 0.0071147722798526394 15.120470493572835 0.056363621417510709 0.8705230495090458 0.4888893151360284 -5.0162749766804131 -0.039725715073873367 -0.48732458382544019 0.87231681031677422 7.9177883635428703
0.99792417269981193 -0.064313502498471439 -0.0033345071262598442 15.272093742800955 0.058522733754639782 0.88402655317519452 0.4637587119559789 -5.0678417776421787 -0.026878154238703132 -0.46299117343375368 0.88595526870556862 7.9931373876492549
0.99813895912025385 -0.05941654010586251 -0.013721991407398175 15.424413405186137 0.059443153976730022 0.89781434182708408 0.43634380831507019 -5.1138172989987574 -0.01360623870270705 -0.43634743309826907 0.89967537917679874 8.0692916499205687
0.99819137665454649 -0.054657593165834246 -0.025030443100743236 15.58418486724457 0.060113879685409183 0.91128988842281111 0.40735372924217678 -5.1616586019997381 0.00054501529294553094 -0.4081216568226424 0.91292738823559882 8.1444222714782786
0.99794948437369546 -0.05152609894887162 -0.037972197268350001 15.754863379225762 0.062088754831768157 0.92342497067143348 0.37872326316705562 -5.2144554836535724 0.015550342816670733 -0.38030433164450467 0.92473066466442577 8.2263587902826387
0.99759598641454172 -0.047555946511157327 -0.050405156889205965 15.925952752457134 0.062242443618269763 0.93466306237380792 0.35004405157985718 -5.2664611215038466 0.030465162104017007 -0.35233988106009678 0.93537611799346942 8.311854476033897
0.99710367687479018 -0.043628808127802184 -0.0622959442028247 16.097882825065181 0.061374207949568174 0.94532868537994386 0.32029187188623792 -5.3178038653168391 0.044916190414339342 -0.32318756736479592 0.94526839159018128 8.3965354605133733
0.99629324352303161 -0.041591000585050067 -0.075299147277320636 16.285680766801455 0.06190774057008392 0.95443247230229433 0.29193507407031 -5.3757552586541824 0.059726079461692803 -0.29551454191843857 0.95346942842802829 8.4884463778000931
0.99548149517426265 -0.038991638087909217 -0.08658085772753657 16.466562581444901 0.060753415175291411 0.96228883090456629 0.2651588739998374 -5.438842567407109 0.072976813510546565 -0.26922083514383593 0.96030959935549043 8.5816432400676756
0.99455264170828617 -0.036652411957151035 -0.097578909446624867 16.653300856867727 0.058979346552723903 0.96974701568172461 0.23688005879896815 -5.4938515116420747 0.085944630729807778 -0.24134482856301728 0.96662619154180007 8.6698126053856832
0.99335190568905929 -0.035376940986689205 -0.10954662710617115 16.851442561834638 0.058236178931796001 0.97528952063804142 0.21311710019856039 -5.5575639406087465 0.099300246360913128 -0.21807985459469587 0.97086592178972797 8.77073181673045
0.99193957300508684 -0.035392579444063259 -0.12166860246909113 17.060757188218144 0.058291206249744272 0.98002212573785819 0.19015459063141085 -5.6203997856412036 0.11250786097173758 -0.19571407303652269 0.97418580508803287 8.8739196642439175
0.99070357627085404 -0.035393596024944449 -0.13135340621606689 17.26642955871532 0.057739773224152788 0.98367583116632318 0.17043467301950796 -5.6900686458721372 0.12317687507062132 -0.17643455596811591 0.97657478203574888 8.979805847148203
0.98935318362868008 -0.035394084746426031 -0.14116492768658209 17.482365893803173 0.057258915653461487 0.98641405284139527 0.1539764038260498 -5.7571970753804109 0.13379721455241483 -0.16041999601663065 0.97793851046783065 9.0956375529881228
0.98824630259487878 -0.035971565098511356 -0.14857756193959742 17.69838367582118 0.057137797313607526 0.98839520620060051 0.14074867131813865 -5.8285077513555006 0.14179039997722148 -0.14758374864474705 0.97883324402589822 9.210764803854115
0.98732062811476062 -0.035744285767548178 -0.15466196472967206 17.918715894991429 0.056439713760995679 0.98969965400951299 0.13156425640738148 -5.9022205386376081 0.14836622260356752 -0.1386251812926432 0.97916828129894529 9.3281110416175377
0.98653370166908561 -0.035818296166467339 -0.15958792288523244 18.145896276617144 0.056435476965623947 0.99034787422763804 0.12659433222882063 -5.9820317462294428 0.15351316689702613 -0.13389599573000577 0.97903297693015223 9.4485560666924968
0.98485819236854599 -0.040643563237127256 -0.16853023969587655 18.405977209563446 0.062904438839060439 0.98965640655318865 0.12893109998201607 -6.0597312302231003 0.16154681209761729 -0.13758015022385808 0.97722788016177564 9.6166481925644902
0.98435520365782747 -0.041678212967630301 -0.17119509220647047 18.64560703183097 0.064719689629976276 0.98922781585232666 0.13130000045024695 -6.1432867702278369 0.16387859776662911 -0.14032553191725361 0.97644894914490188 9.7487978613089705
0.98420107722634564 -0.043162861339017894 -0.17171257084887362 18.887054467477697 0.067212704320320574 0.98831417902990093 0.13681204591117768 -6.2308706514663248 0.16380076912044672 -0.14619182921586879 0.97560097227609832 9.8774525793079242
0.98440480382676554 -0.043273636475926955 -0.17051268160737088 19.127352527528252 0.068734922267966486 0.98683821950976347 0.1463756775411014 -6.3316087317946916 0.16193422326242193 -0.15581309605084298 0.97442269392468839 10.01117791444878
0.98459149559361692 -0.045148983550949637 -0.16894128000296663 19.379813478517011 0.072128085463832328 0.98493858629202302 0.15714172113220984 -6.4176674229295996 0.15930199650992069 -0.16690581331214074 0.97301866548929372 10.157546004698723
0.98498637287702284 -0.045841279805453272 -0.16643443848063591 19.624423883342875 0.074700543513282661 0.98234422161892276 0.17152159937084555 -6.5087642829157373 0.15563313929040498 -0.18137918104818651 0.97102004028593691 10.299247471002873
0.985555019141094 -0.046429950103547737 -0.16286670617158033 19.858722237829689 0.077208575408187236 0.97911289236893395 0.18808716032834003 -6.5982627561746714 0.15073201428109451 -0.19794495126252271 0.96855441568372469 10.444486551407971
0.98630199553178521 -0.046740994743020396 -0.15818866274310359 20.089316450913625 0.07904787291659103 0.97565304271473674 0.20457901658977259 -6.681894297288677 0.14477502338932949 -0.21428116961578522 0.96598331918864422 10.576796629663402
0.98721008282519429 -0.046457354741735242 -0.15250562795737599 20.309259058448088 0.080327346923424123 0.97124723261779378 0.22411231663726358 -6.7698686390227625 0.13770900371623082 -0.23349631115432595 0.96255685700783689 10.713591680657595
0.98829877364563112 -0.046812485060109633 -0.14516929858974545 20.51738536172283 0.081809390415416183 0.96594777028498147 0.24546309034421185 -6.8545083248186938 0.12873522303705257 -0.2544670829871119 0.95847469764497728 10.852865047566349
0.98829656971014102 -0.051940401001617842 -0.14342972161640508 20.747365044249392 0.089224842924172432 0.95945980476808157 0.26734960340264485 -6.8942587546413563 0.12372880709165944 -0.27701819033808206 0.95286520794784457 11.056682448747759
0.98926353342313222 -0.052920671586401957 -0.13622431485613587 20.942952862600176 0.091013971528269122 0.95239752349263396 0.29095603487769262 -6.972129885881035 0.11434211134062054 -0.30023051104766463 0.94698865981078528 11.205649238170672
0.99039228831280979 -0.05428889748050858 -0.12718423982894669 21.125556730666954 0.092090604258160208 0.94503783211701764 0.31372410885192525 -7.0329569696194074 0.10316218230477256 -0.32242241156271778 0.94095767846603939 11.352938756188767
0.99148020830134997 -0.05531638290854643 -0.11792834404258694 21.298838079969876 0.092497830885870783 0.93643760082219318 0.33842099675963311 -7.0785316817410271 0.091712310123126473 -0.34644583638469351 0.93357599295589733 11.517443933007566
0.99253881402232857 -0.057413684115433752 -0.10756566150701936 21.466959646882753 0.092945577750462346 0.9272563008634882 0.36270769510115591 -7.0911526846654889 0.078916552356158062 -0.36999921808735425 0.92567421719466958 11.675423475634243
0.99350320516132506 -0.059395646123865269 -0.097074912081868803 21.629214470174411 0.092606152346982856 0.91773398244039595 0.38624919161284776 -7.0605579501355837 0.066147425359279019 -0.39272954395565857 0.91727205529369482 11.82629873983595
0.9941923341398976 -0.062509353482828198 -0.087602417002163979 21.800008559805299 0.093151474849997404 0.90748560857245675 0.40962503947775003 -6.9973320524867733 0.053892536317494785 -0.41540636846470808 0.90803807385386148 11.965110934470404
0.99507199095191257 -0.062755963457872155 -0.076768625580187627 21.956564273829247 0.090103098638986759 0.89548046783927915 0.43588549337411853 -6.9324997356026117 0.041390390655922114 -0.44065453676187188 0.89672203875701095 12.095799922364465
0.99563458337107846 -0.065142012871723068 -0.066845303159752331 22.121034570028943 0.088680803680124543 0.88358656267500835 0.45979397703624914 -6.8437862156416234 0.029111706479458366 -0.46371467996946553 0.88550618525602076 12.208954739535859
0.99617610145685442 -0.067312115023335325 -0.055697881982245366 22.275120280523275 0.08586462647405177 0.87204747397224935 0.48183033223230209 -6.7446661363022535 0.01613817854326894 -0.48477033975863698 0.87449258252063022 12.305179346086708
0.99629918591136546 -0.072135059262237067 -0.046738264597478603 22.444547856676877 0.085858250204299782 0.86074512763427347 0.50174314756229033 -6.6306040592569913 0.0040364618425339964 -0.50389915506884109 0.86375305990584017 12.415434713941105
0.99652313795476022 -0.074476873309178904 -0.037347434488683613 22.609204929138102 0.08300548426521373 0.84877571382654982 0.52219716314829623 -6.5480804040078651 -0.0071920165944855388 -0.52348159753741053 0.85200662669781224 12.493464239702085
0.99667961195033883 -0.076829412914116352 -0.026962797217540503 22.761781157903837 0.079141867628146761 0.8362580294296228 0.54259475946862312 -6.4712137587599035 -0.019139381151199557 -0.5429270204417499 0.83956175148906875 12.57156680415182
0.99664770770466626 -0.080223508848254799 -0.016047908122493904 22.904570586926958 0.075398757124845686 0.82453159213652916 0.56076972189378138 -6.3927886304423902 -0.031754907511478511 -0.56009985020251019 0.82781627409230318 12.645441477438141
0.99653303090373868 -0.082989963802959116 -0.0058808354671552581 23.03958511034763 0.071164019758112831 0.81364156963906398 0.57699486864888772 -6.3148578934753878 -0.043099891063379046 -0.57541294916195951 0.8167265988854906 12.71515926648657
0.9964022152965647 -0.084706140650971151 0.0027377158574623636 23.173765542656351 0.066648121091803889 0.80312091610674252 0.5920767028576609 -6.2462017292214655 -0.0523512493359094 -0.58976407473487613 0.80587696507909001 12.7859899312956
0.99636373739048256 -0.084561818370365277 0.01042121332508248 23.304832471909844 0.060876422681620121 0.79213002695159307 0.60730888480505296 -6.1958012193705425 -0.059610099603659879 -0.60446614402757559 0.79439745515055371 12.863156532595358
0.99629008619953185 -0.084088939028871365 0.018306132129099657 23.422492808636136 0.05463749586241011 0.78240255631023192 0.62037164983991611 -6.1434316156057864 -0.066489158412589483 -0.6170699232762954 0.78409431932731954 12.934503798892168
0.99627049878257168 -0.083025560795893835 0.023491477391880549 23.541712310707563 0.049514022840054753 0.77307406600641881 0.63238030488820396 -6.1036479971005253 -0.070664381393460415 -0.62885868422311753 0.77430181484964178 13.011097497969899
0.99635320275611194 -0.081034697160930411 0.026714662896514394 23.656189870618089 0.045020555508518044 0.76524627818079582 0.64216141530937887 -6.0660631183144096 -0.07248065217244222 -0.63861687386607346 0.76610380724428007 13.087565469602715
0.996526165931645 -0.077974134082393745 0.029251239763065571 23.757989691892949 0.040345488275343497 0.75928153230391027 0.64951042815188897 -6.0306481464958415 -0.072854939361717858 -0.64607398114792314 0.75978981876192142 13.158656421060259
0.9969064392897754 -0.073795936373948934 0.027050158544329812 23.861490002420272 0.038403261242645995 0.75762115260045881 0.65156379477245474 -6.006228241745994 -0.068576532636977078 -0.64850932831150898 0.75811141019275341 13.228964740911108
0.99725462920108165 -0.070266278380942931 0.023363532684612148 23.956633544731993 0.038093141904684789 0.75738096659225751 0.65186116925585258 -5.9911763346853784 -0.063498953352340043 -0.64918157827087919 0.75797833831639794 13.299470835382133
0.99766789196364325 -0.066142094462736667 0.016852319867085967 24.054837197840207 0.0390092882584041 0.7551395727102197 0.65440240002356331 -5.9959901143023364 -0.056009398982607338 -0.65221886592393918 0.75595866167304271 13.375142564318825
0.99814503639050622 -0.06025330545073284 0.0087192609351817822 24.145006976132731 0.039842251194802086 0.75477202307704772 0.65477613594259132 -5.9900893636758967 -0.046033480736583345 -0.65321415505364033 0.75577257577186097 13.436616121079112
0.99865626748897263 -0.051823347889059367 4.308490428143428e-06 24.223188453069252 0.039092036140972661 0.75337346415138207 0.65642991722109933 -5.9915499345212115 -0.034021641867294575 -0.65554768257245488 0.75438701192328184 13.49841779656917
0.99902923894330398 -0.042638996699533194 -0.011067777411030238 24.296693754454761 0.03938269781909063 0.75191675439303318 0.65808069229809296 -5.9942628737650114 -0.019737853197678516 -0.65787773212315404 0.75286606161231806 13.553633550131586
0.99922246466454223 -0.0310470605656692 -0.02430115511553723 24.367140223328601 0.039357841081446174 0.74905861409751007 0.66133361701317239 -6.003761727921586 -0.002329475289708094 -0.66177584775855136 0.74969813983250977 13.610794976757752
0.99904263447529218 -0.01771911631738805 -0.039998092674509267 24.434384887446296 0.039845843106652616 0.74598562630219156 0.66476894793427821 -6.0122085488914303 0.018058883902051744 -0.66572627878690349 0.74597747851041341 13.665173748969602
0.99817483646278637 0.00050737163203486548 -0.060388230860961116 24.485880025559688 0.039531292346288008 0.75046259275570515 0.65972962173894911 -6.0287109293680485 0.045653836398730399 -0.66091273209737122 0.74907281873905052 13.708512690078308
0.99619157577607242 0.020749364485649614 -0.084686529189874835 24.539194970552629 0.039753131989940148 0.75636046488874631 0.65294604344483942 -6.0407938261215941 0.077601758032767892 -0.65382590268872132 0.75265507114713748 13.753896274146866
0.99289779029311598 0.040285740737518894 -0.1119421150607625 24.590253603727049 0.041674438911172576 0.76353350744211135 0.64442208540256152 -6.0524520494596068 0.11143257680089125 -0.64451038944797223 0.75643184671266772 13.786434693577577
0.98824662726717383 0.060194870126034604 -0.14051754803427746 24.634102619231502 0.043157004034618134 0.77195590358258481 0.63420939438544355 -6.0639668941927907 0.14664950288975276 -0.63281961137002141 0.76028498786158039 13.820217039997786
0.98200471993193061 0.079127808350161866 -0.17148037781947681 24.679816134282198 0.045959133898103806 0.78056984402283724 0.62337667313872092 -6.084207592651139 0.18317884168960841 -0.62003992496279114 0.76288662552792852 13.854400976717995
0.97391573593003078 0.098099946993884884 -0.20460825913844141 24.731599626266174 0.048408770136258494 0.79112942919470652 0.60973011836053559 -6.0957023751943984 0.22168610755246146 -0.60373059112641858 0.76574450246566172 13.881679492322355
0.96406132181564741 0.11580110261105359 -0.23911476828738734 24.784622271183654 0.051742638704884325 0.80094060210491624 0.59650385685230078 -6.1181560103297521 0.26059253081952005 -0.58743872576965717 0.76616400094705517 13.910586829423226
0.95290691989294496 0.13138669554043261 -0.27332387062806324 24.812114961059962 0.055372945902160541 0.81074475401705604 0.58277506869798379 -6.159555360833008 0.29816478477891545 -0.57046514360545197 0.76528901798533222 13.897574605824795
0.93958171554433456 0.14497551297912831 -0.3101101424513617 24.778152863540843 0.06057287979581389 0.82119082241974484 0.56742978367972985 -6.1748564709358318 0.3369230268889426 -0.55193091398292027 0.76279429739738569 13.845408176497044
0.92485777595890495 0.15696500535114957 -0.34641027892292914 24.727936965714985 0.065952273201318468 0.83085979344212402 0.55255977169975889 -6.1915629371538508 0.37455092031381609 -0.53388574689386925 0.75807494178059254 13.802021141719893
0.90824202165629564 0.16382512523528453 -0.38504254107738328 24.701913971043776 0.074689422501086761 0.84192804530117926 0.53439559944089132 -6.1896150128230172 0.4117255399706693 -0.51411914463184383 0.75243842595848465 13.759567398497655
0.89112547893442884 0.16984740915241631 -0.42076981640571204 24.655989769027244 0.081898669152428424 0.85186852063211926 0.51731289520666857 -6.198541372357413 0.44630481600017041 -0.49545118948313799 0.74521146666888971 13.721736360217589
0.87271138890338207 0.1768421151054225 -0.4550842757153562 24.610742239222244 0.086257502079695819 0.86158998453839652 0.50022229246415728 -6.2031274009798532 0.48055642229950596 -0.47580412447578269 0.73666543296026377 13.68299662921693
0.85355945969733305 0.18624514773058926 -0.48656859095918631 24.551315878060461 0.086435343914434845 0.87035627189029074 0.48477715633435925 -6.2119103758597038 0.5137754179440569 -0.4558428511318845 0.7268026657823734 13.645583419978719
0.83415397615285469 0.19390083164786268 -0.51632316581250737 24.48553534966209 0.085674074928235061 0.87924375558412915 0.46860470671079202 -6.2096621810486869 0.54483676174940132 -0.43512398894175375 0.71681240034882399 13.602148759290921
0.81472388797865292 0.19951168285336293 -0.54444473986068276 24.436883025004992 0.086251731097522238 0.88679828378489534 0.45403682973834292 -6.214606870985369 0.57339831290266985 -0.41687395250984843 0.70528751759774444 13.566451478991219
0.79481475512016653 0.20507607105689696 -0.57115086459107833 24.385095032464804 0.085783693069782674 0.89375077869307606 0.44028479827133438 -6.2227706551152417 0.60075840655506363 -0.39894028458578462 0.69277412356989365 13.53681354109565
0.77670639641989325 0.20738374175709254 -0.59474293389266186 24.334964301376509 0.085821084640964621 0.900591542895397 0.42610986176846072 -6.2206419810328404 0.62398871399366829 -0.38200373888237776 0.68169731427402014 13.496683696495474
0.76211338993246769 0.20950579725466781 -0.61260958350512962 24.269236884116051 0.083823276490371051 0.90630571027407958 0.41422652962239759 -6.2237853573781763 0.64199442303189924 -0.3670385271892887 0.673146254802518 13.444894991144913
0.7476597409697826 0.20977302309003903 -0.63007951126557327 24.217037143953966 0.084591516936043276 0.91098459178616109 0.40367232849262846 -6.2258476785984511 0.65867229104878611 -0.35510893020574319 0.66336148568685838 13.408411885025558
0.73551945693106524 0.21088823519082883 -0.64384569636981248 24.158998690880114 0.084443020885051137 0.91437470704016199 0.39596498752923182 -6.234711565460902 0.67222057741461461 -0.34560822817652292 0.65473234830505112 13.370140871061217
0.72533839103051378 0.20853271904583487 -0.65604750101240106 24.119076768129965 0.086962800154779016 0.91762154427819453 0.38782492553437226 -6.237278457947836 0.68287750723428098 -0.33835603521121405 0.6474515453295655 13.336931451286565
0.71795690395700107 0.20519991007347446 -0.66515477970643466 24.071276361438837 0.088912694996193836 0.92070058585967074 0.38000653134672946 -6.2288170123824962 0.69038570142275646 -0.33196901678243568 0.64277846507759695 13.293937900606689
0.71355826366044539 0.20331043906162036 -0.6704472162150138 24.017228113462423 0.090369151173534182 0.92226260203695865 0.37585251016880716 -6.2357335255508257 0.69474313301972634 -0.32878041038448369 0.63971510914573948 13.249741248178198
0.7097525291348401 0.19982086258831094 -0.67551681715643586 23.973137399605797 0.094183998389666276 0.92340052357805336 0.37210327531897952 -6.2368078098060442 0.69812658009420725 -0.32772411557625764 0.63656592921371968 13.215131363699401
0.70875923264028717 0.19778323257265673 -0.67715739902939975 23.920215998538332 0.096689796367046596 0.92359919646559852 0.3709657768131715 -6.2473146256489134 0.69879284013622411 -0.32839963033050307 0.63548583727187702 13.174250946879287
0.70929546837610524 0.19599240505325094 -0.67711661898270081 23.860595000603034 0.097642934681036186 0.92399264726651098 0.36973428986814283 -6.2476263898261326 0.6981158899838884 -0.328366510105503 0.63624652391438352 13.12885381440096
0.71109273637810855 0.19409962244212237 -0.6757754485316253 23.802353460276397 0.098299322752195439 0.92425424797540889 0.36890558174941068 -6.2508708908960013 0.69619276311719402 -0.32875434851456636 0.63815062086940699 13.080119913554761
0.71377483998572577 0.19175194882964158 -0.67361462864414268 23.745431136493817 0.099701768733350307 0.92417681396943041 0.36872316693252988 -6.251398563319098 0.69324240718149466 -0.3303458893967765 0.6405361490531658 13.031101803048797
0.71616147544573572 0.19085662426978339 -0.67133187773241454 23.691040678986226 0.10085134356166209 0.92348953838000813 0.37012981372011505 -6.2565112901577535 0.69060969265511651 -0.33277743534534038 0.64211948337967706 12.988695511199939
0.7187456548940574 0.18795839768616499 -0.66938503442350872 23.642593386600943 0.1025699964312264 0.92356674676536987 0.36946428799185643 -6.250443817184177 0.68766567414915425 -0.33420967222460912 0.64453069406236074 12.943466197371825
0.72148807804029214 0.19010617648138506 -0.66581874028098209 23.587123991689033 0.10151280837121608 0.92214295207127894 0.37329281493467809 -6.2637191111934634 0.68494532846228995 -0.33691544578557919 0.64601693430496876 12.901827226289754
0.72385789010173474 0.19138507538270727 -0.6628736741327268 23.534151683083159 0.1003876941345207 0.92131807876583738 0.37562655471302914 -6.2702086077465706 0.68260681640591525 -0.3384446050094192 0.64769065419859162 12.860082668091577
0.72587168120046153 0.19382596399036114 -0.65995590618951416 23.478804271070647 0.097691313009034081 0.92069725520274315 0.37785310852857329 -6.2748626196160489 0.68085733439082996 -0.33874483013817652 0.64937295159320541 12.815997746182489
0.72688245754343939 0.19736539561054797 -0.65779084330135051 23.422875627786702 0.093426933704546106 0.92049246781044181 0.3794272325002635 -6.2775459550572394 0.6803773225014017 -0.33725438072727026 0.65065058342100113 12.770355175977503
0.72701041374390951 0.20149438907508321 -0.65639612238279443 23.366006575344063 0.088812472369131826 0.9203466640424649 0.38088628583553436 -6.2748325504572584 0.68085843099692289 -0.33520445873700006 0.65120639415107351 12.72751865406005
0.72523510907816946 0.20608533625989825 -0.65693444934713252 23.317798129623924 0.083181528011622624 0.92093552103816645 0.38073428987656543 -6.2704610260551448 0.683458023552308 -0.33076668554859873 0.65075227988318807 12.681885190850121
0.72216298070165696 0.21358566511877133 -0.65792233049188287 23.268067986134497 0.075624420869686779 0.92105590565621975 0.38201697033499077 -6.2703406650814646 0.68757659665830884 -0.3256335091964167 0.64900018599088583 12.638662168396435
0.7172510193711843 0.22208215165621392 -0.66047747359523434 23.215577284691381 0.065372080219475173 0.92222592425626126 0.38108507679711523 -6.264485105962569 0.69374164235598224 -0.31651044618690094 0.64694951202995243 12.589029709022848
0.71103238180569084 0.23028939031086423 -0.6643792205766047 23.166982368191604 0.054962162665363565 0.92375602528084644 0.37901710572542541 -6.2533091727009413 0.70100792627392761 -0.30600915422186736 0.64416324393242508 12.53755009523462
0.70109407083892994 0.24239623389556536 -0.67060507724572427 23.110374232309017 0.040786368638754018 0.92527783392493601 0.37709070815977719 -6.2408990814931116 0.71190138078792986 -0.29172760555083732 0.6388203410911506 12.489496820767295
0.69072617839047101 0.25287738535225673 -0.67745876218667478 23.06743250996098 0.02741300015515314 0.92702939159070485 0.37398534001944678 -6.2237057272205023 0.72259661908189754 -0.27689264183862655 0.63339134110519479 12.434167057494568
0.67633861197642331 0.26643313100735305 -0.68671643977075703 23.015617399558238 0.010466637322133343 0.92871986819537655 0.37063439657205238 -6.202820930572984 0.73651648416920856 -0.2578619652464883 0.62534044761733343 12.385098909679872
0.66040411995423842 0.27914308496091339 -0.69709793893395799 22.969174640455503 -0.0073979513683897777 0.93071065607282777 0.36568148023660912 -6.1745799618886892 0.75087393659856039 -0.23634045948798296 0.61671023872317088 12.331458703678587
0.64138263473356849 0.2929396517451982 -0.70909426474738035 22.93120788097518 -0.02594078144154938 0.93198878403476981 0.36155771640443918 -6.1500071111501349 0.76678249309724578 -0.21350238141246367 0.60536050532784125 12.285279221729594
0.62194801235483077 0.30518161803109517 -0.72114135226306231 22.892833559219863 -0.04483920284083405 0.93329775272811077 0.35629306847208897 -6.1170836669727073 0.78177369859600288 -0.18926036238098257 0.59414678271866905 12.232502330300013
0.6010599961470201 0.31952957926034875 -0.73254878950787206 22.850961480674158 -0.065217287954325756 0.93315113916031101 0.35351896248390469 -6.093138096712865 0.79653850276281479 -0.16471126088254667 0.58171867268883071 12.180647760461516
0.58048911226203348 0.33389952124256117 -0.7426597472996801 22.814151174182864 -0.090341971071419419 0.93283696846514408 0.34878864449361108 -6.0797057703954387 0.80924082868338221 -0.13537466520271896 0.57166684459839434 12.102665235081204
0.5581141425144075 0.34612609403518924 -0.7541255405788555 22.777008065117798 -0.1108905433492692 0.93180374687578882 0.34560825323470623 -6.0525500274940134 0.82232103908456067 -0.10926346295163966 0.55843495981421531 12.048279034815911
0.53613390034711772 0.35802700909394791 -0.76444561720100734 22.736199294637757 -0.13000969777325497 0.92981553621553326 0.34429717846233843 -6.0240749880192448 0.83406110050972515 -0.085204045511128923 0.54505261328154719 11.997861632958612
0.51337173594819774 0.36805869837090377 -0.77523045301577909 22.701797705660073 -0.14940310077462157 0.92789383451895346 0.3416017349789684 -5.9948362776840298 0.84506104762227818 -0.059546842193597162 0.53134357940630894 11.945545799081467
0.49175398546466464 0.37644123456836248 -0.78515604480655032 22.668674783362746 -0.16606737874382693 0.9257125329176964 0.33982044099238246 -5.968342707089378 0.85475121731224979 -0.036719249934469428 0.51773743653272475 11.89609217790631
0.47225920728383319 0.38553781379954827 -0.79267385176143568 22.6280563475215 -0.18379834187360392 0.92257800071277929 0.33921674800240148 -5.944723077134662 0.86208434080440144 -0.01450609290869921 0.50655716618005209 11.835319432906193
0.45437319853613367 0.39377781358291575 -0.7990519569977298 22.579728191293537 -0.19909937563565702 0.91919359119011479 0.3397684219236855 -5.9216936035226686 0.86827670420985892 0.0047090811076582507 0.4960578489265004 11.771861999936618
0.43815631542206845 0.40253834474560435 -0.80373000707030107 22.527668222861653 -0.21395860349118678 0.9151326748317623 0.34169270323986295 -5.9039869841392925 0.87306400638662129 0.022250134038538524 0.48709770302005029 11.703386779659878
0.42616816130543778 0.40914718846929632 -0.80683286773483187 22.473759558211729 -0.2252116994315761 0.91178311055449413 0.3434111963036624 -5.8822239867281425 0.87616230729738886 0.035357283199380932 0.48071766536718308 11.630314282172847
0.41675571502775599 0.4162576103525652 -0.80811154911638028 22.415592020652518 -0.23535182862022272 0.90809078208034399 0.3463822285652462 -5.8650978297385521 0.87802288737641754 0.04583375747504418 0.47641901296956823 11.550335137428645
0.41130213407468907 0.42108514614230835 -0.80840451149404002 22.357463725983845 -0.24157073005583271 0.90553872737029573 0.34877384594157473 -5.8441670652662596 0.87890507842764154 0.051835440876837474 0.47417185722394517 11.468351847972128
0.40994254628902571 0.42612237835687322 -0.80645323944141489 22.294844950079987 -0.24533225071092363 0.90309082769936178 0.35247559303644593 -5.822915159674821 0.87849826152541866 0.053354246211182579 0.47475691559792366 11.381003259585636
0.41277621478994064 0.4306514386117487 -0.80259275783258854 22.231807853214839 -0.24698303514202821 0.90107138990784996 0.35646841464787188 -5.7988098079876034 0.87670700741794028 0.051085112421983915 0.47830443697828351 11.28793497177929
0.42065651565904216 0.43506012571595998 -0.79609721946858192 22.167145192754347 -0.24456657470097345 0.89940728046863661 0.36228957255080435 -5.7731959371621677 0.87363338213041486 0.042299300845574997 0.4847426974956387 11.192165767996212
0.43433142971875982 0.43859023086351662 -0.78676223762299724 22.100137873309663 -0.23939251332560019 0.8982427462898771 0.36857996866524356 -5.7393935159258032 0.86835904654820673 0.02825912469817134 0.49513027391705999 11.08923238083098
0.45089305754767339 0.44231419204339051 -0.77527647079755568 22.032854103181158 -0.23274050116065989 0.89679544480858342 0.37628418687218285 -5.7025750985200112 0.86170024357359642 0.010774306825852101 0.50730326683121907 10.981555575639055
0.47141418678124991 0.44444247553173388 -0.7617345669224922 21.964456153918732 -0.2228722371461421 0.89573252037899975 0.38469626700158982 -5.6587534403267501 0.85328578472329331 -0.011581790824773456 0.52131490647251266 10.87146595276239
0.49479697227515396 0.44639255119355481 -0.74559348606747522 21.892949642759234 -0.21169683774715212 0.89405114950292552 0.39478727304759137 -5.6156793524011706 0.84282881127498055 -0.037499764151352991 0.53687369331472778 10.757295268289914
0.52011124283266041 0.44607541610858797 -0.72835500837339995 21.817652072263414 -0.19972554260948494 0.89265414238269725 0.40407708387924945 -5.5645010859580122 0.83041796868108064 -0.06469393503692035 0.55337210994142683 10.639165811633013
0.54797329158357921 0.44350547020101061 -0.70924478821690184 21.739806706139568 -0.18590043314758656 0.89124001314398416 0.4136813603809707 -5.5134743611649171 0.81557728062189006 -0.094837423377542945 0.57082358260719335 10.516911929943836
0.57635100791107963 0.4406930271977848 -0.68819268483407703 21.655938620113904 -0.17163028849436804 0.88862698322449152 0.42530592372629766 -5.4655491692226628 0.79897594441336139 -0.12701078877241806 0.58779732883382985 10.393234006719002
0.60568124879472451 0.43574833628627757 -0.66578796345548663 21.5675300032865 -0.15771341352737461 0.8858662837124045 0.43631113505744618 -5.4160246689526268 0.77992096013122159 -0.15926178074263411 0.60527595453865413 10.263376100710053
0.63511267331376975 0.42995082236247212 -0.641696332034141 21.474019036250191 -0.14263268709607047 0.88175514761981988 0.44962626282024953 -5.3682723509332941 0.75913622543519232 -0.19403646563412655 0.62133891012572628 10.133821318193208
0.66387688721802496 0.42236309319217175 -0.61715224712128092 21.376234908406236 -0.12913257466524172 0.8775909234364887 0.46169140046379115 -5.320716904195713 0.73660861845218151 -0.22681179116402178 0.6371531641692888 9.9982216028321158
0.69242670124558314 0.41338350814582331 -0.59131999678280145 21.27477042951962 -0.11589420548576115 0.87266885744171652 0.47436019899038045 -5.2745058995401894 0.71211922915828108 -0.25992910657412194 0.65216797147559658 9.8595153826987119
0.72129297004294401 0.40429716093663315 -0.56238799509342907 21.147929149553502 -0.10736030978541644 0.86740758988165423 0.48587841781507363 -5.2130328621537831 0.6842588802853844 -0.2900825376927712 0.66906046518705165 9.6918655484400631
0.74638231195451077 0.39417861220116485 -0.53622445494830162 21.036154309127536 -0.097486548398999159 0.86179054060913696 0.49780863491693378 -5.1671325029737085 0.65833867977104998 -0.31928088856017545 0.68165232847657442 9.546615802268775
0.77009567104918808 0.38433341076843436 -0.50915664269299543 20.918616417795459 -0.089727447430769394 0.85546428193261947 0.5100292614302302 -5.1213066965586265 0.63158660736977257 -0.34708600044457205 0.69327459616412546 9.3976533341054207
0.79117369563106532 0.37451239035428968 -0.48351282590289024 20.798838541661812 -0.083248408369014107 0.84916951609079216 0.52151781891528481 -5.0791816076710221 0.60589923736996765 -0.37235950694623876 0.70301814467426493 9.2457890649099763
0.8097518451334097 0.36502749986479299 -0.45940926595520143 20.676977598119461 -0.07901025482675296 0.84364237830351918 0.53106018224170548 -5.0351774298380159 0.58142869634655114 -0.39372891927421388 0.71198188824710251 9.088180877048865
0.82585831092616324 0.3559519092133171 -0.43732858196278362 20.553563694086638 -0.075511210798847789 0.83840118713656053 0.53979765324767581 -4.9938153855436695 0.55879880754872469 -0.41277316741207948 0.71927894793794911 8.9278148548881973
0.83969078363349081 0.34881717445359661 -0.41622826272032898 20.424699950593102 -0.074910812841615354 0.83351375512673087 0.54739673924306909 -4.956347565606138 0.53787336613777648 -0.42846399944539704 0.72602399628309278 8.7632368186119241
0.85067965680027502 0.34350933571193554 -0.39792644770725044 20.294081961604778 -0.075879948004493339 0.82927911854662917 0.55365908015073795 -4.9231558101683817 0.52017915663452119 -0.44079187812534681 0.73151634648976083 8.5936070729755851
0.85856198616501589 0.34131546957308329 -0.38258994516647804 20.160999546995846 -0.07913217078088404 0.8254841414371813 0.55885063459141271 -4.89793040111077 0.50656629917503204 -0.44953273792442 0.73573833804844413 8.4213594785915777
0.86416875418804517 0.34150544048151821 -0.36957597108930951 20.025403708848529 -0.085031425740736452 0.82299043784447468 0.56165505058982379 -4.8756274055198805 0.49596574571393487 -0.45393917361039032 0.74024131588309527 8.2428909797426009
0.86783124392321032 0.34451365478927726 -0.35802133139580955 19.884383669071134 -0.094068543124188622 0.82146229176117624 0.56245071998262119 -4.8592948843485582 0.48787297656786244 -0.45443376291623733 0.7452985400875296 8.0560369090903414
0.86954690132305301 0.35013290654376461 -0.34827450976879154 19.740394199970577 -0.10478137708851407 0.81996989198677883 0.56273460818633225 -4.8585571687326832 0.48260651613391142 -0.45283145207726649 0.74968968686696169 7.8649514798364759
0.86910481309468512 0.35787681651838821 -0.34143961113836263 19.597967150257336 -0.11710233999126517 0.81954371927866598 0.56092346550974426 -4.869269437691333 0.48056619296848435 -0.44751790622225945 0.75417760360953601 7.6688141412919091
0.8670224036267361 0.36954806325315409 -0.33422504477546261 19.453016833054836 -0.1346581471553078 0.81959487841694068 0.55689444123408149 -4.8925104786757325 0.47972839713114407 -0.4378338317427779 0.76036977896772062 7.4482840424977681
0.86353331503856268 0.37980139911448435 -0.33175459461654899 19.307743035269851 -0.14856454774419384 0.82026306053920151 0.55235594200517613 -4.9341459703906168 0.48191159871087741 -0.42769078636971181 0.76474950296314925 7.2491568489244358
0.85836046088170248 0.39255273911336108 -0.33033265991958582 19.155992277472009 -0.16423528732387377 0.8202248362973581 0.54795801693069213 -4.9888212992307102 0.48604947237148188 -0.41609321664209997 0.7685195804088758 7.0510384844806291
0.85215064126747841 0.40595125560173151 -0.33021638763514294 18.996207165860898 -0.18044936482923268 0.8202818244180371 0.54274833510766585 -5.0445498996930276 0.49119986901479501 -0.40291600440388853 0.77225732892284937 6.8531477706625434
0.8447821285553937 0.41959122389445647 -0.33209390253988474 18.822758324007125 -0.19704113915546884 0.82091868331323536 0.53597323148416587 -5.0868643312161783 0.49751175338250403 -0.38734444647886218 0.77617416539604711 6.6562324514666376
0.835933243192444 0.43475434125037715 -0.33496906676544463 18.634204841033423 -0.21580309758260824 0.82154292126900885 0.52772744062303079 -5.1058428047559792 0.50462326145305036 -0.36885754875931953 0.78057637212751496 6.45966876919434
0.82664751588846541 0.44883126614805002 -0.33941770578944136 18.434616096736612 -0.23142963031256136 0.82096822191610208 0.52196887341804676 -5.1075541914097968 0.51292710075489345 -0.35293295840974109 0.78252419526767825 6.2786126543811456
0.81688260764600962 0.46438263294315224 -0.34212801046719526 18.206094564549957 -0.25085139646603272 0.82013373361376241 0.51425114086386969 -5.0666990607001781 0.51940002138669283 -0.33425952373797196 0.78644401490123084 6.0995361943566078
0.80617878202573801 0.47892974179311898 -0.34742203994201915 17.982253605971614 -0.26842288239483808 0.81933065909636627 0.50660282990875716 -5.0026730084785296 0.52728069149016299 -0.31515642701790264 0.78908269458337821 5.9297136280399672
0.79527356394938642 0.49244788662664685 -0.3536029375446284 17.755365908826732 -0.2847496204189745 0.81833590605983353 0.4992434261204462 -4.9181036709091339 0.53521735038626239 -0.29634679652424223 0.79102526131301798 5.7729760945079525
0.78408899271865184 0.50498633769385615 -0.36082301789103849 17.529314148175441 -0.29999732866929513 0.81730806500250419 0.49194423431233469 -4.8163808050917609 0.54332867979588273 -0.27748211766600217 0.79233680975129139 5.6297559343700172
0.77281965080791815 0.51661095822121805 -0.36859585614990625 17.303055786508967 -0.31546483287361776 0.81668866148841179 0.4832200010515777 -4.6994631086501633 0.55066480416415564 -0.25716288231784395 0.79412563578619655 5.4803106714862215
0.76290195636818048 0.5275190430734058 -0.37377033612168992 17.073183969770803 -0.32917499305709769 0.81452426987361493 0.47769659589818536 -4.5880928052906027 0.55643906127756926 -0.24139981976333941 0.79504823633711985 5.3484526255620493
0.75336672084708689 0.53647795332962989 -0.38030249737723132 16.857501985072794 -0.3406274130564762 0.81304377977749998 0.47215757712819661 -4.4695553728196415 0.56250471055321871 -0.22616634974365135 0.79525922368060087 5.2326984227923905
0.74459062245456287 0.54438732375180543 -0.38629942621116287 16.651561285097888 -0.35213661680660924 0.81196979657739132 0.46551568453712183 -4.3441647361372118 0.56708430418829425 -0.21058844029152424 0.79628380666622955 5.1135785270945631
0.73679599481663527 0.55236053172980726 -0.38990961133233087 16.442361112843408 -0.36359163873731837 0.80990481663771674 0.46027742528537918 -4.219131708706664 0.57002875564525357 -0.19736268891102743 0.79756829598682821 5.0012093450133532
0.73098656267171203 0.55774130945709299 -0.3931707986594154 16.244029172472054 -0.37195632792932548 0.80871069956770114 0.45567037924145531 -4.0946975239313081 0.57210762563238704 -0.18684655771463057 0.79861206387298322 4.9000392974154883
0.72616818453846355 0.56192847701797477 -0.39612643749233845 16.052045982812629 -0.37962014187111848 0.80809232769587513 0.45041684893531037 -3.9620944482136093 0.57320878888051252 -0.1767008110771475 0.80013030670935992 4.808512331633608
0.72188101727130849 0.56582821668077066 -0.39840460101660452 15.864165832434526 -0.38704220976326958 0.80737160620761406 0.44536436470748603 -3.8176884182169832 0.57366028689888071 -0.16730068349410973 0.80182563973565824 4.733023969499313
0.7189454525289789 0.56936768980200936 -0.39867012691876541 15.675539135345932 -0.39310464924860866 0.80610334567378761 0.44234164492239969 -3.689924532261335 0.57322436360209783 -0.16130043367284802 0.80336542063367467 4.6614070725813317
0.71737199729794321 0.57239298162499441 -0.39716960115196209 15.479251381986924 -0.39897686728703374 0.80486792129040452 0.43932344422701586 -3.5652514458775828 0.57113472741778226 -0.1566968533956955 0.80576126692296612 4.5922806085214107
0.71672270266708149 0.5732490734694683 -0.39710712313932434 15.299444826046345 -0.40164092988485922 0.80484278665381714 0.43693552409084774 -3.4496388055593212 0.57008168793850933 -0.15366713551607053 0.8070893881965403 4.5445130036359069
0.71583796874810279 0.57440131942236872 -0.39703794119004832 15.117440761118729 -0.40478022413373155 0.80467505783743942 0.43433975347020642 -3.3393604046807335 0.56897185576163289 -0.15020378004616131 0.80852325372311218 4.5094349823544562
0.71579965275358826 0.57483400527355111 -0.39648042007015888 14.932915926061987 -0.40650783569544185 0.80466734969193454 0.43273760624420621 -3.2414758231788161 0.56778714025244548 -0.14858103082468196 0.80965513685953028 4.4850233309094616
0.71576093536324437 0.5747073515085056 -0.39673384469945666 14.756938593617333 -0.40646786491491116 0.80480609788169377 0.4325170743496205 -3.1637716760397621 0.56786455973184935 -0.14831926690258621 0.80964883552440958 4.4774665118365737
0.71654229012361237 0.57507825297579318 -0.39478114116396029 14.567633140267606 -0.40897126207905582 0.80483206646043681 0.4301021408810789 -3.0814811809214548 0.56507490942163885 -0.14673223146716216 0.81188669098020938 4.4627750133268318
0.71766994782736782 0.57459505870515304 -0.39343406626407562 14.384833766868354 -0.41033041477795185 0.80539212778328051 0.42775281555224626 -3.0148539194449944 0.56265335393438942 -0.14554737722247596 0.81377955509464661 4.4523445819328424
0.71833052855742796 0.57392555187215011 -0.3932056874596988 14.212799766018874 -0.41067392072348197 0.80602249067912868 0.42623312325183893 -2.9616297021656695 0.56155870804396724 -0.14469694339433023 0.8146868183494369 4.4495411002875107
0.71880219377251009 0.57278394802981192 -0.39400755717017494 14.048932416653999 -0.41029068365713633 0.80702717036416982 0.42469836495819119 -2.9108296446003084 0.56123521016770384 -0.14361648642611669 0.8151008181167716 4.4555776959182198
0.71969980865478123 0.57273782300694476 -0.39243288791784148 13.871903860732257 -0.41079949159681833 0.8069587987067236 0.42433627572197657 -2.8723591114828992 0.55971060658707106 -0.14418350559986862 0.81604849953104242 4.4561498889593008
0.71923524158663987 0.57212074843197469 -0.39418081697800195 13.721417154778141 -0.41149286971748134 0.80792670502377162 0.42181519351619329 -2.8260684245534646 0.55979843285907815 -0.14118175704767524 0.81651296746925672 4.4613198484593815
0.71896617538163299 0.57180471894137408 -0.39512909542766295 13.569042509662028 -0.41110933488337481 0.80824023214249974 0.4215884746028849 -2.7958862306315044 0.56042551104393545 -0.14066659355587691 0.81617164618021965 4.4758575445097657
0.71822306615384013 0.57172344867601343 -0.3965954178739115 13.420743196166065 -0.41175091783316053 0.80868295917886701 0.42011076301049555 -2.7653907444046277 0.56090713037732598 -0.13843471301561849 0.81622240922689504 4.4823816399303018
0.71721513541407389 0.57197823720696084 -0.39804942619552819 13.273835908567662 -0.4129805245960127 0.80897419472985777 0.41833938203996568 -2.7387922224561709 0.56129273631267829 -0.1356526756934629 0.81642440907889968 4.4926671145480892
0.71550742137948908 0.57273717435519622 -0.40002657294547317 13.137170229875323 -0.41375936758854859 0.80879386016200316 0.41791826652704533 -2.7192295574100482 0.56289636318206804 -0.13350887938961892 0.81567338036773618 4.5095083554638533
0.71246616143545805 0.57393836043338065 -0.40371614685626178 13.009234288925626 -0.41602283891171099 0.80880496152327308 0.41564351518961207 -2.6962895105191276 0.56508138025709576 -0.1281768022630442 0.81501763235426761 4.5230334985211389
0.70792364255292484 0.57569553285206887 -0.40916838803696853 12.894857030029728 -0.41807864012127244 0.80848820236629637 0.41419449212762627 -2.6806717667616411 0.56925773335892971 -0.12215351034123903 0.81303391867889896 4.5411797174368882
0.70346440719557579 0.57823107271461638 -0.41326342005587824 12.777872737812205 -0.42066908936296482 0.80741919110968319 0.41365658109392983 -2.6715810832433022 0.57286590495814216 -0.11714553501985936 0.81123460143253245 4.5605369176889612
0.69856711546569805 0.58078934728477138 -0.4179565997450731 12.668403368333243 -0.42385546951096387 0.80647446426075542 0.41224444139486938 -2.655772695296438 0.57649850490315624 -0.11082721947182797 0.8095472816757332 4.5797382605307746
0.69296089603639355 0.58349223894528979 -0.42348790260767943 12.56901163099592 -0.42788570291264333 0.80558943554863749 0.40980420517044591 -2.636993625866014 0.58027495362749515 -0.1027738703321063 0.8079099639004137 4.596180533808691
0.68775291473174494 0.58542935536257212 -0.42926495100083872 12.479758829697925 -0.43094882701707415 0.80510287366835975 0.40754444089394354 -2.6229007341082995 0.58419092493002411 -0.095298649994175713 0.80600194201918052 4.6145366583989258
0.68277758738215477 0.58710928123944595 -0.43487637099652277 12.394508364350154 -0.43364726077358856 0.80467807693988458 0.4055160239939879 -2.6077247779832469 0.58801770329826586 -0.088294305449618124 0.80401448757656246 4.6337799692112993
0.67833673030846464 0.58983509171087567 -0.43812537577826327 12.305501396181967 -0.43745612524581323 0.80329902872553283 0.40415691127770531 -2.6035161905608728 0.59033161765175746 -0.08249384846786198 0.80293421035949186 4.6470349765438197
0.6744262816709754 0.59180528505803076 -0.4414925765727496 12.227833497302436 -0.44028700809878202 0.8023586908950936 0.40294898144124236 -2.6009637263139993 0.59270274260449085 -0.077375937619485607 0.80169596680201671 4.6587164850814018
0.67082869266080503 0.59396611926435983 -0.44406431321266004 12.15341317609515 -0.443216141979344 0.80117909758920414 0.40208395276993397 -2.5938491550800524 0.59459929077652052 -0.072912980683721443 0.80070929846972183 4.672712984202823
0.66852288827342354 0.59423912473030349 -0.44716552918837849 12.088238888464872 -0.44501426596083149 0.80139249780637167 0.39966531942489952 -2.5763465363898579 0.59585186996929207 -0.068190373949901226 0.80019411517123173 4.6966443154577249
0.66731128253191663 0.5942985165808029 -0.4488929999403708 12.030796255313163 -0.4451951616640748 0.8014820485736408 0.39928410166834638 -2.5748719455530882 0.59707363049837237 -0.066601794300583494 0.79941683792589446 4.7193277794959245
0.66707212027856166 0.59549033481252056 -0.44766734021138532 11.968727967775388 -0.44650746538091546 0.80059041994346081 0.39960738588502553 -2.5713161903119648 0.59636051990903505 -0.066680136769695711 0.79994242896235979 4.7326956725918592
0.66803160125554228 0.5950981002503658 -0.44675723922770605 11.923695100276413 -0.44617083202174884 0.80080638671859483 0.39955064715718913 -2.5652533382376372 0.59553788156336163 -0.067582409465140145 0.80047938733855573 4.743532291562631
0.67066281110012593 0.59409753231174955 -0.44413907271075187 11.882042976500474 -0.44383923941614623 0.80115452072667093 0.40144509397141109 -2.571836480950012 0.5943215656206442 -0.072107946998288278 0.80098833987637952 4.7585150741316724
0.67530925531806996 0.59051448228274606 -0.44187108515504203 11.853582369360929 -0.43873275239162268 0.80322652771731629 0.40291527291734008 -2.5751674195079977 0.59284988121836135 -0.078229095517741279 0.80150435242352303 4.771535619281158
0.68256289542271242 0.58731696066641081 -0.43493296208235704 11.80717094457008 -0.43386402402433205 0.80454696192996766 0.40554431904130173 -2.5819122614837213 0.58810705016142872 -0.088107739517189476 0.80396960377093474 4.7792483556891874
0.69094964706697271 0.5840682314425435 -0.42597287030702496 11.764783699320949 -0.4282680108333401 0.8054401336087077 0.40969830615861869 -2.5900056001039791 0.58238741067684496 -0.10065034620887625 0.80665631572135688 4.7921249961646444
0.70193628588023294 0.577590104546157 -0.41674347228843728 11.733618932375999 -0.42020060299678647 0.80826946511397113 0.41247051410435653 -2.5874986782118023 0.5750799108000566 -0.1144121623549464 0.81005737654777543 4.8079463621806928
0.71507183546000352 0.57041194435736819 -0.40410702031307044 11.699571175238566 -0.41095808254083349 0.81065527307185592 0.41707491249793027 -2.5877455317229447 0.56549599868276978 -0.13216747699506629 0.81409215295231507 4.8234240803554647
0.73026806969338431 0.56111016142316061 -0.38969723264859479 11.669187102046321 -0.39962921127837964 0.81351837901488944 0.42247407079962546 -2.589557595785922 0.55408035507435072 -0.15278492645762357 0.8183225075531162 4.8345138952458075
0.74742446193413059 0.55047862542259196 -0.37192735400253757 11.630826982716115 -0.38765379226790719 0.81602656483355718 0.42874839104800677 -2.5888030109686966 0.53951942601057989 -0.17627798625692856 0.82331334285217106 4.8447652981623017
0.76630345136472966 0.53570984794047583 -0.35467446940271258 11.610038167415444 -0.3719906086790683 0.8200483114355841 0.43490660372799994 -2.5864597409622081 0.5238339502944418 -0.20133485970203849 0.82768488374965554 4.8582915225860441
0.78652254031810942 0.52092818355455195 -0.33168678169336652 11.565557800076874 -0.35736134079186943 0.82194865749316559 0.44350115732951612 -2.5884091504597411 0.50366175721309769 -0.23029162386795105 0.83264074023391199 4.8744778570882898
0.8075059135638234 0.50312207981605195 -0.30789993887791728 11.530272360696827 -0.34109324620802234 0.82415110194154861 0.45213975556215419 -2.5906283299072039 0.48123756809992335 -0.26008293671462068 0.83711843193133084 4.8852004638952131
0.82904583237573304 0.48346059412051623 -0.2809784008657345 11.489742229909771 -0.32456903347603683 0.82522105193555317 0.46223928646406764 -2.595291200463631 0.4553437715933526 -0.2920206660067341 0.84106241165333517 4.8988567770309999
0.85010331754613466 0.46149690772249208 -0.25366307113892922 11.453820970523674 -0.30737414459477758 0.82595154342456856 0.4725729395016201 -2.5985190869482331 0.42760435537034064 -0.3237663541462435 0.84399636444191195 4.9136458044642284
0.87099087748315429 0.43692708716300177 -0.22465442760911641 11.417051350921568 -0.28923731898769861 0.82564626183692591 0.4844068781711493 -2.6066214933210441 0.39713557464162452 -0.35693552753678787 0.84550598137216137 4.9327956966713096
0.89114825453949897 0.41081855111990245 -0.19256922518135758 11.373834964655133 -0.27266268948177708 0.82415245765335055 0.49641493159302352 -2.6115883077058171 0.36264286315294869 -0.38987285696709684 0.84645691514958121 4.948577033603379
0.90990740541253023 0.38263341350780522 -0.16018796597373439 11.335025097115139 -0.25656594820343298 0.82257512501599406 0.50748800766855096 -2.6096337225084967 0.32594850482539522 -0.42066831895483503 0.84663790231113711 4.9654016203819431
0.9270488862884364 0.35250538672309584 -0.12775098732522705 11.302707245063107 -0.23992485806378766 0.81955488402371235 0.52035166431553859 -2.617142427062578 0.28812571026279665 -0.45174079338054052 0.84434224736269048 4.9872083893313892
0.94241283785562924 0.32057365884893285 -0.095344492746605475 11.275983693158121 -0.22376605938344046 0.8162337310499993 0.53262674262958676 -2.6246146696797865 0.24856949473518689 -0.4806194186135278 0.84096265121507541 5.0058586028227881
0.95575659828652815 0.287902343745228 -0.060345383400626354 11.240050559303308 -0.21005256755800084 0.81158566532878162 0.54516660453033106 -2.6297269282839291 0.20593019131262785 -0.50837087672175263 0.83615298122239634 5.0229549672142042
0.96668236738227697 0.25470447286021869 -0.025511411117274205 11.207722028377956 -0.19779702069896743 0.80650627121815144 0.55715704526498255 -2.6345870469313599 0.16248550456828048 -0.53354781040764454 0.83001517746026765 5.0382000162083154
0.97551511958337489 0.21971325015563342 0.0098152519214647869 11.176589215111349 -0.18588096151892419 0.7998042095265645 0.57075519670729902 -2.6507092835953605 0.11755219950742729 -0.55860479243346572 0.82106160929697025 5.0630775161406731
0.98149432349776178 0.18583447462333977 0.04620001064002268 11.140500723950687 -0.17779348969661327 0.79475763520342291 0.58030145295989322 -2.6461878392370375 0.071122204431325053 -0.57777664311334886 0.81309026725788491 5.0787095054090194
0.98472444191445796 0.15284923429163749 0.083395953575215384 11.101267937296599 -0.17240489207513696 0.78885477130152848 0.58990228257176092 -2.6481220175960729 0.02437881631293342 -0.59526906636518029 0.80315653016327204 5.0927207914987251
0.98560470328423544 0.11848148454448941 0.12060475398643325 11.064615739449343 -0.16746782898867071 0.78204013266013461 0.6003063860752611 -2.657478629373593 -0.023192566003258828 -0.61186221384316009 0.79062426989887646 5.1179970340069172
0.98369585983690544 0.08615890812003163 0.1578578407659727 11.027550525662804 -0.16552556030100907 0.77694297113531474 0.60742152455314469 -2.6554069058884195 -0.070311764497616322 -0.62364754641944475 0.77853708557668488 5.1357256503196149
0.97932494337416298 0.055391683890352213 0.19456211512261018 10.993028764605148 -0.16569254808993261 0.77140724034633523 0.61439144610640284 -2.6622005283414163 -0.11605444753501648 -0.6339263607841551 0.76463634121737856 5.1557038761694338
0.97272898841004451 0.031049692831591116 0.22985698092908866 10.960580417000799 -0.16795993364588574 0.77774217112325794 0.60572813699394112 -2.661541773368139 -0.15996179480251291 -0.6278160812145106 0.76174745970827762 5.1738179247350295
0.96402323246057431 0.0082523860588267581 0.26568986695130403 10.930512369152384 -0.17152353249484664 0.78290080938036966 0.59803511642047524 -2.6656706028277624 -0.20307359522290147 -0.62209181058417595 0.75615004736318503 5.1963712511083848
0.95263568289183953 -0.012685810732149463 0.30384918279841849 10.892800715614545 -0.1777616765314787 0.78744269599738503 0.59019893839034299 -2.6696563359039311 -0.24675097170612439 -0.61625730886248964 0.74789095945575212 5.2186918791800183
0.93948714286799628 -0.030815189092402266 0.34119544619899095 10.860758581717239 -0.18560262132011865 0.79133497724653434 0.58252950203859 -2.6743920590807733 -0.28795064741172172 -0.61060574670357182 0.73772965695283244 5.2346905573483626
0.92388499195374718 -0.047603255113267601 0.37969784269237772 10.823838864171377 -0.19530482382143172 0.79461624534982067 0.57484001984746436 -2.6797616080867988 -0.32907833024175864 -0.6052428873838791 0.72483687808811248 5.2532183411530724
0.90648419873846242 -0.064932966302793105 0.4172170985525499 10.786853231402942 -0.20574661475434469 0.7949347961261648 0.57074249922796205 -2.7055397054457546 -0.36872039264816248 -0.60321006274346356 0.70723609371299179 5.2764768745255424
0.88762831418101129 -0.079962375806997069 0.45356586546991878 10.752406834650287 -0.21745170809453845 0.79537034342817892 0.56577448815027742 -2.7226550894999355 -0.40599351042959236 -0.60082612730326679 0.68860528188419756 5.2958585337728676
0.8679052813806245 -0.093777182671746992 0.48779735809223984 10.725486498483351 -0.2275130518862937 0.79790832311847648 0.55819362153256957 -2.7178068546614407 -0.44156339722966592 -0.59543945780273133 0.67117331466513597 5.3031534380332372
0.84607068448725964 -0.10672476890386136 0.52227791505450183 10.68367160192876 -0.2406807080902377 0.79772721093323129 0.55290513986566414 -2.7277535308125835 -0.47564397778637096 -0.59349904855787705 0.64924701443784327 5.322614199678509
0.82343559257770305 -0.12073424345581905 0.5544159695872386 10.644904807708246 -0.25345171724260979 0.79594022926308794 0.54976483924255748 -2.7441976155580892 -0.50765741588494406 -0.59321361573869313 0.62480521300581904 5.3478063726272973
0.80108653297780474 -0.13407452585475785 0.58333899938065381 10.609359284374907 -0.26356986518042547 0.79599518215472376 0.54490604341963433 -2.7451129894205493 -0.53739305247683744 -0.59026747454293127 0.60232301603569582 5.3590273210866757
0.77800171589757727 -0.14658888912388721 0.61092145783713492 10.569147745329387 -0.27479373581023631 0.79505499841846761 0.54071799697186385 -2.7511391131331386 -0.56497940919991019 -0.58855691914651309 0.57827244453188786 5.3753700601230916
0.75567555411177667 -0.15956644234597722 0.63521099439076723 10.531811675782141 -0.28503745752364157 0.79307607428729465 0.53831588143162912 -2.7640883006937518 -0.58966779183394236 -0.58785107882022425 0.55382578885745382 5.3939411154888148
0.73365916697823774 -0.17162817173565281 0.65748611953065261 10.492622410194974 -0.29404018545088739 0.79211514191415566 0.53487752924414844 -2.766950074566684 -0.61260476332526681 -0.58574514305881731 0.53067695572183982 5.4069346431505307
0.71346938914714775 -0.18330323697532744 0.67628496513257097 10.459144662146651 -0.30035133506041317 0.79199890415272656 0.53153251203318475 -2.7653908333202248 -0.63304858129327102 -0.58235526883101796 0.51001160240462129 5.4157735396198534
0.69265621394679977 -0.1954619037930497 0.69427805196944103 10.412143712333453 -0.30632336844937996 0.79173607792303446 0.52850731012624241 -2.7628254446792311 -0.65298802686014901 -0.5787474639950031 0.48852636540584193 5.4327989162796797
0.67346516076317986 -0.20866816853293399 0.70915602844461212 10.37063813257692 -0.31179196187166325 0.78963717670165212 0.52844952614498886 -2.7766828599776034 -0.67024655892473162 -0.57700149446232374 0.46673207050491117 5.4558775985612051
0.65457214256136698 -0.21962136518791381 0.72339599538262489 10.319951641164339 -0.31670197138233663 0.78920424876136042 0.52617156428256207 -2.7793603740212358 -0.6864657103637174 -0.57351818601506765 0.44703659671756535 5.4749082420291808
0.63669993952520443 -0.23158888674552316 0.73551327285411383 10.269207168636012 -0.32138401248822324 0.78734593899079608 0.52611661147664901 -2.7910196986575233 -0.70094614880571993 -0.57136062157858836 0.42687414607089824 5.5026141057880373
0.62081376167313063 -0.24279202016926288 0.74541418571112905 10.218789354173524 -0.32302002713933059 0.78714787794085428 0.52541058261146223 -2.7998284291284525 -0.71431669124007136 -0.56696583071234397 0.41024555015319586 5.5193913434066175
0.60196373294140249 -0.25648341428182997 0.75621155930175199 10.159040516849259 -0.32087717246277647 0.78949435836121107 0.52319833553645145 -2.8283517471727562 -0.73121645524122725 -0.55759745006066408 0.39294729833693942 5.5519215013850287
0.58596701454734546 -0.26714184993804913 0.76503456776419476 10.107401334707399 -0.31683737414822244 0.79340912773220174 0.51972688440572923 -2.8371413073904046 -0.7458262104574569 -0.54693435441824623 0.38027105563238173 5.5726221676348544
0.57079642482232684 -0.27652007520425953 0.77312876638958417 10.050544673165048 -0.31448653324392722 0.79615969662213293 0.51694096169946668 -2.8459541037917098 -0.75847851770387398 -0.53820663827528537 0.36748326859620417 5.601714899937555
0.5586357366902166 -0.28563436203030457 0.77867780559106725 9.99755748386238 -0.3108964067359189 0.79826678083370162 0.5158619688405931 -2.8583934045559514 -0.76894052954131187 -0.53026706275700353 0.35713765439083422 5.6198099368100127
0.54743997523487997 -0.29579679076538673 0.78282420254341412 9.9449415049221255 -0.3074299984011683 0.79895028689702929 0.51688029092838539 -2.8742638740765956 -0.77832915247849466 -0.52362457700155052 0.34644051836073642 5.6469010349756692
0.53612405248168649 -0.3039398746800126 0.78752241423981839 9.8809829518295782 -0.30529540953380718 0.79996346729558709 0.51657832311277552 -2.8834133889741973 -0.78699791185758483 -0.51737704198381318 0.33608820740972278 5.6726881875516897
0.52695299449949573 -0.31185983696379987 0.79060988083689332 9.8235382741988726 -0.30179966807036945 0.80095571623409056 0.51709467313495883 -2.8900262415985449 -0.79450456382618051 -0.51109038605793322 0.32794681785088808 5.6936449414219243
0.51803157651955645 -0.31873687105618231 0.79375694816359099 9.7625389959473399 -0.29800382634918909 0.80258551834732883 0.51676900566925643 -2.8892451162746227 -0.80177116760950284 -0.50424527044729361 0.32077983418792166 5.7137820082026662
0.51028511044947478 -0.32593406470182718 0.79584928945153466 9.7027273366702893 -0.29531054590292538 0.8027243227048324 0.51809781240281683 -2.8956337658505542 -0.80771330775968009 -0.49940028754999066 0.31336650309645919 5.7367810623921009
0.50343125350151552 -0.33279295397853798 0.79737433039955041 9.6497360702952459 -0.29092092088633442 0.80367889284730254 0.51910042860932126 -2.8955661744178731 -0.81358588408879107 -0.49330425395892608 0.30778063980290782 5.7494488812475693
0.49493669398309459 -0.34028876355121251 0.79952562582438325 9.5957019865331397 -0.28819499049789599 0.80375945338775645 0.52049436936602167 -2.9007189761752916 -0.81974466536904189 -0.48803104254811697 0.29974052963921294 5.7730271723123217
0.48701107936735577 -0.34872241628894962 0.80075769428150956 9.5511922047544076 -0.28439003877344127 0.80355206048108119 0.52290189514195617 -2.9077423104828952 -0.8257981075419607 -0.48238652808116989 0.29216557481317162 5.789044541986244
0.47685364040392342 -0.35610539208659803 0.80361654746550359 9.5054137521417754 -0.28205095548468567 0.80391912111870645 0.5236041493436645 -2.9130829841070138 -0.83250096945511221 -0.47634335980107556 0.28291189340450429 5.8114173599433814
0.4685520213960207 -0.36364445010272711 0.80512217529713359 9.4741708679703311 -0.27720977864591995 0.80480499356009116 0.5248272677403697 -2.9234977698355165 -0.83881687028145968 -0.46909661718054074 0.27628720904339787 5.8151743506151163
0.45872210875144859 -0.37083412353863188 0.80749989458944149 9.4469705361378296 -0.27362058742041828 0.80564590428918081 0.52542026135444519 -2.9290907720772759 -0.84540274489874334 -0.46197048576873723 0.26809973740432425 5.8221334060724326
0.44563481674013317 -0.378864069560574 0.81109285960670896 9.4178420359038864 -0.27123541422968461 0.80630234246195143 0.52564996205461811 -2.9325411849266034 -0.8531359564434261 -0.45424503226383284 0.25655504377616556 5.8414885408612962
0.4316429781989497 -0.38723379291783638 0.81469891922967919 9.3926890869974997 -0.26705534036743755 0.80782243454260272 0.52545633446642781 -2.9346483918742341 -0.86160651375948472 -0.4443792342944578 0.24527802913244845 5.8514325804549356
0.41597359799450573 -0.39680753817583719 0.81823575051346731 9.3754547229794785 -0.2626288229683304 0.80901584076767841 0.52585118687061627 -2.9362027934966135 -0.87062739855679661 -0.43363250228021183 0.23231613342260038 5.8636697442696919
0.39918804596996871 -0.40662643380214808 0.82176873102353176 9.362822662481129 -0.25706327502221121 0.81069279904858838 0.52601868617532976 -2.9378279110761176 -0.88009509519683915 -0.42122693278577572 0.21909015155034794 5.860764954049082
0.38088957303198179 -0.41801402903881224 0.82473474807495162 9.3595517192605104 -0.25093006583180955 0.81176350173615375 0.52732733601691972 -2.9426941027134115 -0.88991979145154343 -0.40780422849180542 0.20429996575390097 5.8587611086377187
0.35746697800185911 -0.42636080812318333 0.83092347477656703 9.3584535793720889 -0.2471388829414074 0.81480911562717551 0.52441250712519571 -2.9436292340931973 -0.90063296196435738 -0.39281365351449554 0.18589701836205452 5.8693290351101357
0.33100507111160604 -0.43458701892162288 0.83759761573396185 9.3509175694467466 -0.24229217929242242 0.81873273504161936 0.52054894911525673 -2.9433065940672227 -0.91199240279298888 -0.37524769360528593 0.16570765127713372 5.8814691669394161
0.30192297682500446 -0.44296339265897922 0.84417175315759929 9.3336128054931713 -0.24030776082772975 0.82153941715026169 0.51703497575538437 -2.9637401693614991 -0.92254793704776694 -0.35896576275803133 0.14159408538655249 5.8991178142415652
0.27370120898969674 -0.45098391840047553 0.84952996035556716 9.3261135815733525 -0.23508922138411512 0.82509905092949309 0.51375540303169587 -2.9794297120776654 -0.93264178878419812 -0.34033081185723252 0.11980914954212862 5.9063472328592352
0.24178750480003441 -0.45594263015402497 0.8565367012164764 9.305234289775095 -0.22998018886411203 0.83064848325504714 0.50708205450017352 -2.9801684938209196 -0.94268123735046339 -0.3195925770012808 0.095982651938148367 5.9209733394692501
0.20821832828286302 -0.45925427284825354 0.86355697011703392 9.2723168190643808 -0.22331530691660892 0.83726496567772146 0.4991168710286446 -2.9777187400430258 -0.9522475526163513 -0.29677077032502003 0.071775402589352 5.9304530126301191
0.17480254697848163 -0.46193609018366938 0.86951660027607336 9.2412347141745492 -0.21746898475166826 0.84318992558833272 0.49166857745581077 -2.9787811748361355 -0.9602870978207062 -0.27503781189532245 0.046934974027039278 5.9407927039626953
0.13965906280275275 -0.46439236602634687 0.87454849868575524 9.2086221405422588 -0.21144160074503873 0.84884742360293786 0.48451057874625425 -2.9847936560764596 -0.96736125395398831 -0.25258222783700773 0.020357370396530849 5.9565360884399547
0.103452574545847 -0.4654183444250084 0.87902407787984971 9.1673401343361292 -0.20647821350199203 0.85446439412770392 0.47671516287716464 -2.9922695327162891 -0.9729667579978577 -0.23081673215055279 -0.0077022068576622083 5.9783919711041236
0.06737480371479998 -0.46453862259518658 0.8829861289633939 9.1200574344707945 -0.20079756505276178 0.86057581126390625 0.46807009190542348 -2.9974412474430694 -0.97731314003919656 -0.20883759523810969 -0.035297097924466891 5.9991038361165652
0.0309441332848166 -0.46388859000502108 0.88535294469403858 9.0723344943006108 -0.19555879382628422 0.86584810791545141 0.46050386771062157 -3.0086685916313596 -0.98020366188484565 -0.18738844703552621 -0.063924573875415724 6.0244782415856468
-0.0060753592134279444 -0.46059398497377874 0.88759014810688541 9.0156318237828135 -0.19087494681398817 0.87182084834123907 0.45110438157517319 -3.0114967393298371 -0.98159556065071196 -0.16667810115170129 -0.093212477208141298 6.056164025227682
-0.040618229309034248 -0.45741303717569637 0.88832621984803761 8.9522548579816679 -0.18507562945924219 0.87711943024090822 0.44318000459647311 -3.024841649775531 -0.98188449973918235 -0.14640634725164636 -0.12028304392709055 6.0734260222119714
-0.075681141299011712 -0.45377886667670525 0.88789476009788726 8.8883199693084602 -0.18066784585922588 0.8819506398127831 0.43534147333605783 -3.0353925703351265 -0.98062811214255263 -0.12746689409971337 -0.14873028132934629 6.1052799679317458
-0.10971679991527616 -0.44810891989712759 0.88722072773632921 8.8178075876776987 -0.17641644232266382 0.88721673523794531 0.42629063277526519 -3.039707705334084 -0.97818171251284702 -0.10974908028020774 -0.17639636244288903 6.1421480814548604
-0.14135917879896853 -0.44247523368048652 0.88556944964733331 8.7444147945638129 -0.17165645261009807 0.89195711555654122 0.41826614288676561 -3.0530325623500039 -0.97496238124688639 -0.092887951788452952 -0.20204005436038597 6.1706985215522492
-0.17470194140158513 -0.43565634625740146 0.88299647770314926 8.6606002124757868 -0.17055914208766323 0.89662069288480062 0.40863297975212459 -3.0616549872586996 -0.96973646457212148 -0.079214146820066736 -0.23094654841051754 6.2266503939849507
-0.20375641672445677 -0.42977544350423263 0.87964560523221502 8.5730825487197784 -0.16684344975911494 0.90059442796037137 0.40136384939255448 -3.0707164672753522 -0.96470025703121254 -0.064982647587426001 -0.25520711117921691 6.2624243043710353
-0.22987314395349112 -0.42476702678634098 0.87563194930520316 8.4818250867248466 -0.16262752814205619 0.90384077931969653 0.39575766919817035 -3.081649882212997 -0.9595366719304389 -0.051427799815426438 -0.27684753317810551 6.292039730600548
-0.2556692524664983 -0.41966312577909937 0.87092829452517972 8.3848666289440601 -0.16040887626740175 0.90679680587764899 0.38985708312755174 -3.0847682671275782 -0.95336363773633181 -0.040030160022278168 -0.2991577519148374 6.3324417810374136
-0.27909659222387706 -0.4133268080541998 0.86675604523576621 8.2798603534182114 -0.15654078184916601 0.91013288171385476 0.38360542389450936 -3.0737383395212396 -0.94741758260392805 -0.028619702426144537 -0.31871748744925843 6.3595408247527203
-0.30070816192021343 -0.40703982645620684 0.86249242375401047 8.1666094998801704 -0.15246269422560552 0.91323537372517327 0.3778310191693009 -3.0622617772457201 -0.9414508634145683 -0.017881047383867664 -0.3366757192320522 6.384946763612847
-0.32051843213573128 -0.4029717877793324 0.85725239743915649 8.0611484549843624 -0.149974112593487 0.91517150387309509 0.37412415593015863 -3.0593259103270745 -0.93529444572981879 -0.0086519796917384449 -0.35376467182912008 6.4191707917501413
-0.33836141841771061 -0.39552261639787384 0.85385795683130805 7.9285851123930167 -0.14680132871886001 0.91845560608602672 0.36727192859722702 -3.0342216363843741 -0.92949498138114373 -0.0010768318948412492 -0.36883318725453385 6.443958441957844
-0.35559793282547458 -0.38846686275925857 0.85008447033705337 7.7964619756371407 -0.14494487855531091 0.92144935101647163 0.36044704977556602 -3.0039866418176917 -0.9233315181184033 0.0049588354784722124 -0.3839717666702358 6.4785409926166384
-0.37042303704592094 -0.38350293534596358 0.84599779680960552 7.661908499938594 -0.14189653718192052 0.9234615969452743 0.35648850150189093 -2.9914344573653695 -0.91796086319704107 0.01200739556746265 -0.39648918786043885 6.5045637907167482
-0.38365494334943939 -0.37554482033809011 0.84366757218751143 7.5129814043775758 -0.13868475687247928 0.92664736881609888 0.34941550062557641 -2.9507494804927781 -0.91300351732879959 0.017051151967901652 -0.40759518589135446 6.5253411171591287
-0.39716005100122409 -0.37049811300370095 0.83963982882507548 7.3735729593128072 -0.1386878080716587 0.92861272127520911 0.34415709462123467 -2.928129167370034 -0.90720978047030776 0.020237641822790205 -0.42019144692921673 6.5713395232335143
-0.4100474999952739 -0.36379462701001725 0.83636984468969777 7.2264321362451005 -0.13898644530319046 0.93122157275270168 0.33691119076392823 -2.8960413493689261 -0.90141212315433716 0.021905519820976938 -0.43240759987743482 6.6216057550804059
-0.42006777158150754 -0.35836626057694543 0.83373658343546575 7.0692455241413956 -0.13893087946763708 0.93329083271979751 0.3311592249832937 -2.8760873120141888 -0.89679500333626716 0.023277560896359104 -0.4418335400915383 6.6588678883566974
-0.42983839489219267 -0.35205847197092843 0.83144078958756829 6.9050993748661442 -0.13853584020769399 0.93566179455668275 0.32456867868744871 -2.8545044740164722 -0.89221453432145592 0.024327731510830425 -0.4509560801509227 6.6988030008502371
-0.43772755684311271 -0.34553691131498271 0.83005953334629046 6.7281364616175336 -0.13766125429015627 0.9380750279434884 0.31790662310823975 -2.8360809732080825 -0.8885065925739779 0.024889452941461856 -0.45818833473240472 6.7310111921437574
-0.44479153526570792 -0.3413542060902674 0.82803248495482218 6.5600219131775495 -0.13876719488243311 0.93962227425324707 0.31281567632012391 -2.8285235027728981 -0.88481871351166352 0.024234019716897509 -0.46530479957542425 6.7687952792362402
-0.45257490113124388 -0.33549786084600497 0.8262064779664946 6.3800851144546256 -0.13936453539770727 0.94175082734952353 0.30607663331242563 -2.8227131993194412 -0.88076868991774804 0.023378720115578407 -0.47296929108170582 6.823535371538048
-0.45983430008139892 -0.32799231275467777 0.82521116039622699 6.1882730414434777 -0.14121536651413832 0.94447072251003039 0.29670401847912142 -2.8053045853441785 -0.87670441810733879 0.019902188201774657 -0.48061758829224455 6.8785686055160111
-0.46548890954900402 -0.32322891743289356 0.82391937835084295 6.0032387358582868 -0.14226656983806688 0.94614674418407174 0.29080330392963427 -2.8157198299358162 -0.87354467441189876 0.018149529058366157 -0.48640548557923347 6.9242722814978812
-0.47200420901758444 -0.31808521822156643 0.82221275873013733 5.808404213491567 -0.14486780007407604 0.9479476696683885 0.28356398937800509 -2.8393872597755929 -0.86961218205093127 0.014731242962163908 -0.49351559581173077 6.987568543335521
-0.4779523435313795 -0.31161434753643291 0.82125395324607453 5.6187150590710093 -0.14706347518291982 0.95014921099277205 0.27493419415732118 -2.8513470007221917 -0.86598723522924126 0.010628982042324042 -0.49995313096405236 7.0553380606431748
-0.48281461949924975 -0.30111072454372428 0.82232741335951398 5.4313682493319249 -0.14706795381847149 0.9535705888156939 0.26281961324326381 -2.8474159505906642 -0.86328503992449879 0.005955141513366193 -0.50468155913616775 7.1118249257843278
-0.48854597450553472 -0.29237952619744428 0.8220930868551295 5.2372626341717261 -0.14618347059349635 0.95629580790837132 0.25323649164785822 -2.8749781832925958 -0.86020533811391686 0.003541248005062122 -0.50993552126017749 7.1708068023330025
-0.49397366606334026 -0.28422960378230511 0.82170770324349396 5.0614108634957731 -0.14622887725901731 0.95875621282492418 0.24372861921648828 -2.9144503664569643 -0.85709225448110971 0.00023812467854264689 -0.51516289715499375 7.2332364175431652
-0.50255576165030602 -0.27373228819475121 0.8200660588219385 4.9018644240703289 -0.14816178703449306 0.96178847510032006 0.23024120835972575 -2.9358655960571931 -0.85175453699691372 -0.0057934069308833575 -0.52390900463850287 7.3360231852357698
-0.50904654698888963 -0.26184533217520861 0.81994428775176131 4.7521602766499624 -0.14869385477809413 0.96503480759851046 0.21586560095239116 -2.9409470092729562 -0.84779817795859858 -0.012035038070591935 -0.53018242832889162 7.4156049605452203
-0.51543215584683644 -0.24878709878066463 0.82002114131245607 4.5919640628434708 -0.14750017327830617 0.96840361338265368 0.20109236800607203 -2.9515734315450119 -0.84414062312031457 -0.017303787669746603 -0.53584250235524267 7.4904988973752147
-0.52047047390275369 -0.23955148834109119 0.81958865916324886 4.4500920909043931 -0.1479993581342538 0.97062151995936397 0.18971045038063353 -3.0007964525767399 -0.84095581084102922 -0.02255990747636142 -0.54063330898804796 7.556940598043826
-0.52860617420407174 -0.22512065943887027 0.81847186957594542 4.3256157472322112 -0.14691249453562105 0.97390514654577509 0.17298983924200162 -2.9987689282389471 -0.83605755276933913 -0.028800246968743799 -0.54788531120288653 7.6544268593928573
-0.53763421512739318 -0.2166788242015035 0.8148617906534863 4.2380653279674192 -0.14945463182176397 0.9756035854289915 0.16081342333622983 -3.0406357569187064 -0.82982694807494251 -0.035326070270417009 -0.55690152182219488 7.7664331807195879
-0.54463324679049174 -0.20153510911406577 0.81409964149656122 4.1225925054719967 -0.14814950501457838 0.97855216287781244 0.14313416325633302 -3.0292243919540636 -0.8254855241943273 -0.042652834859324307 -0.56280936828030903 7.8515421908464971
-0.55478681704978317 -0.1881039775851642 0.81044955502758498 4.0361030230805257 -0.14925704037519152 0.98080551985025977 0.12547058671138886 -3.0281271678123303 -0.81849491356159876 -0.051355874521828035 -0.57221381547974648 7.9687183991568915
-0.56880919119685314 -0.16962238756139622 0.80478838811699671 3.9651550109463192 -0.14918847232442914 0.98354880767254371 0.10185549887669601 -2.9697980584900274 -0.80882563246690276 -0.06212880623260908 -0.58475730666715586 8.1239880141374314
-0.57862034546666119 -0.1603965745877716 0.79966957843383779 3.8929491942329504 -0.15180501591623333 0.9845181760433932 0.087631034359194351 -3.0029689033394109 -0.80134495253586924 -0.07068875370735847 -0.59401125169864133 8.2354433168542318
-0.58710146037753064 -0.14780333831034009 0.79590580372735731 3.8129868517129228 -0.15048775233992606 0.98597970857313189 0.072093346972650268 -3.0070222660979211 -0.79540260976328747 -0.077447966186085349 -0.6011127189765586 8.3056147655980492
-0.59462713652649635 -0.13609345994424624 0.79239960794204323 3.7395879276277331 -0.14882986111047039 0.98716857465645802 0.057860847319886166 -3.0333004111493196 -0.79010647443755211 -0.083527093635184776 -0.60725199355845794 8.3527944744496416
-0.60603461196143082 -0.12316755721302895 0.7858446423784623 3.6980043024393452 -0.14938969177123929 0.98798343063931793 0.039641654539866671 -3.0081884351813546 -0.78128405148015934 -0.093372874178421064 -0.61715211842009321 8.4269884677677851
-0.6169532548581611 -0.10701490111874977 0.77968999753649904 3.6245725748173658 -0.14587267068788581 0.98909445874258972 0.020330165545000167 -2.9710564579069882 -0.77336268675590059 -0.10119270044448711 -0.62583559511300391 8.4725639298431421
-0.63022020532034251 -0.098333654192016631 0.77016425862229609 3.5968474156978112 -0.14665888197871005 0.9891671558275017 0.0062857114860504788 -2.9787605513406321 -0.76243928620103318 -0.10899004672618484 -0.6378146318264295 8.527191154975041
-0.64178629714618163 -0.084879768196316929 0.76217174819480993 3.5337203266815091 -0.14519413468712006 0.98932939757974225 -0.012083308196129032 -2.9594065633184035 -0.75301328809513823 -0.11841776908658473 -0.64726209522627287 8.5480920216263563
-0.65309001451435411 -0.074143889091404069 0.75364190213392634 3.4831938528553814 -0.144386454042295 0.98913048295024553 -0.027810781860751671 -2.9606202255707572 -0.74338817910344346 -0.12697862579590177 -0.65669661470137908 8.556096629155741
-0.66704261554298228 -0.063960275896634847 0.74226897561248206 3.4417742275982981 -0.14550265609222091 0.98830664762516873 -0.045595474885226868 -2.9472706049086712 -0.73067306377044317 -0.13841623231083419 -0.66854904121776082 8.5663866020584702
-0.68179431402471447 -0.051811401033562313 0.72970685352853082 3.4275986824313573 -0.1450084785766162 0.98726739986136147 -0.065388242917834447 -2.9010235482378168 -0.71702793146743204 -0.15039501286254831 -0.68062639208424014 8.5667879931218494
-0.69772249996108737 -0.047636097615289127 0.71478256501682913 3.4266388291607175 -0.14495103190993727 0.98653533002873406 -0.075744577055661386 -2.9772577691787379 -0.70155007761121024 -0.15645716605219245 -0.69523279827308349 8.5785263562177008
-0.71439042996098534 -0.03429611668209398 0.6989063527831807 3.4322348261802964 -0.14364763373062386 0.98471382384519091 -0.09850909831977378 -2.9147874700350975 -0.68484426762859907 -0.17077020088033662 -0.70839668801282407 8.5859544907445109
-0.73422222120185121 -0.016899401871462206 0.67869885819102904 3.4186703032362553 -0.13645537199535762 0.98296271918559719 -0.12314310433339465 -2.8354353547439173 -0.66505463034778445 -0.18302650875663767 -0.72401908520793024 8.6230315548733856
-0.75012392800630989 -0.0078518003918668436 0.6612506649244223 3.4219744705298942 -0.13397329219984713 0.9809986583249487 -0.1403309992189356 -2.8416491963248243 -0.64758416411268027 -0.19385556890442124 -0.73692249849982483 8.6092764463521778
-0.76081306652342739 0.0059025820816989592 0.64894424824632524 3.318140316684127 -0.12820782579143786 0.97888410232536427 -0.15921264905935767 -2.8421792138653461 -0.63618097363332993 -0.20433079488768863 -0.74399105844594282 8.5522203852878267
-0.77977377691992356 0.015808854604382493 0.6258617554573338 3.3409325787100981 -0.12499589931142413 0.97562268506196481 -0.18037849524766109 -2.7929521567748665 -0.61345650374200633 -0.21888457348241713 -0.75878894398116703 8.6040814205613998
-0.79093992623663345 0.032318088890896497 0.61103974847404985 3.1994974741032256 -0.11700065272350808 0.97219123354494497 -0.20286708131343389 -2.720145141505987 -0.60060376318090369 -0.23194772374136041 -0.76516362505292923 8.5327566416811731
-0.80397170355684411 0.042851572824534848 0.59312160859841379 3.1238079856477166 -0.11329838419063269 0.96809268974948037 -0.22351738230707749 -2.6722426089409357 -0.58377476480205803 -0.2469013705107366 -0.7734641150177699 8.4824533866162319
-0.82041093220103645 0.05302703284265628 0.56931014053232121 3.105722178822317 -0.10657177077675811 0.96406054034598665 -0.24337159288074339 -2.5959645364156327 -0.56175471515469588 -0.26033710518423614 -0.78527462181440666 8.46185560748002
-0.84089430736547466 0.058988828612272046 0.53797498263329246 3.1632977562789995 -0.098323887963427628 0.96084781784730389 -0.25904417382722539 -2.5521704904118296 -0.53219280049254214 -0.27072456304706899 -0.80217144929676931 8.4846483416023251
-0.85800777841202791 0.070049817228138994 0.50883757260127804 3.1953674888350196 -0.089488124525343063 0.95511851585604202 -0.28238359767856247 -2.4090312668027445 -0.50578110656033137 -0.28782224336429574 -0.81323048914274665 8.4449774938705691
-0.87031373673968893 0.075930789575692478 0.48660920134807528 3.0954465438286936 -0.08182054973205935 0.95202100381156696 -0.29489219376436548 -2.4032874162847953 -0.4856535774435759 -0.29646335944940716 -0.82234425833724201 8.3727448641574771
-0.88019747693746164 0.080778903767465188 0.46768276673302178 2.9866202104807908 -0.081842831206160871 0.94481348024945466 -0.31722111928286428 -2.3260964237237691 -0.46749775675727828 -0.31749371055981562 -0.82501126730601282 8.2617552207534306
-0.87908900629815889 0.080920969223301262 0.4697385610588915 2.9584831533682427 -0.082615477774580143 0.94470220180437392 -0.31735222188925338 -2.3324051126809273 -0.46944350228519954 -0.31778852503816063 -0.82379199529752467 8.254476918435147
1 0 0 0 0 1 0 0 0 0 1 0
1 0 0 0 0 1 0 0 0 0 1 0
1 0 0 0 0 1 0 0 0 0 1 0
1 0 0 0 0 1 0 0 0 0 1 0
1 0 0 0 0 1 0 0 0 0 1 0
1 0 0 0 0 1 0 0 0 0 1 0
1 0 0 0 0 1 0 0 0 0 1 0
1 0 0 0 0 1 0 0 0 0 1 0
1 0 0 0 0 1 0 0 0 0 1 0
1 0 0 0 0 1 0 0 0 0 1 0
1 0 0 0 0 1 0 0 0 0 1 0
1 0 0 0 0 1 0 0 0 0 1 0
1 0 0 0 0 1 0 0 0 0 1 0
1 0 0 0 0 1 0 0 0 0 1 0
1 0 0 0 0 1 0 0 0 0 1 0
1 0 0 0 0 1 0 0 0 0 1 0
1 0 0 0 0 1 0 0 0 0 1 0
1 0 0 0 0 1 0 0 0 0 1 0
1 0 0 0 0 1 0 0 0 0 1 0
1 0 0 0 0 1 0 0 0 0 1 0
1 0 0 0 0 1 0 0 0 0 1 0
1 0 0 0 0 1 0 0 0 0 1 0
1 0 0 0 0 1 0 0 0 0 1 0
1 0 0 0 0 1 0 0 0 0 1 0
1 0 0 0 0 1 0 0 0 0 1 0
1 0 0 0 0 1 0 0 0 0 1 0
1 0 0 0 0 1 0 0 0 0 1 0
1 0 0 0 0 1 0 0 0 0 1 0
1 0 0 0 0 1 0 0 0 0 1 0
1 0 0 0 0 1 0 0 0 0 1 0
1 0 0 0 0 1 0 0 0 0 1 0
1 0 0 0 0 1 0 0 0 0 1 0
1 0 0 0 0 1 0 0 0 0 1 0
1 0 0 0 0 1 0 0 0 0 1 0
1 0 0 0 0 1 0 0 0 0 1 0
1 0 0 0 0 1 0 0 0 0 1 0
1 0 0 0 0 1 0 0 0 0 1 0
1 0 0 0 0 1 0 0 0 0 1 0
1 0 0 0 0 1 0 0 0 0 1 0
1 0 0 0 0 1 0 0 0 0 1 0
1 0 0 0 0 1 0 0 0 0 1 0
1 0 0 0 0 1 0 0 0 0 1 0
1 0 0 0 0 1 0 0 0 0 1 0
1 0 0 0 0 1 0 0 0 0 1 0
0.9996437378030405 0.017730544639550819 0.019950570366553771 0.24552627068036897 -0.016889568186471512 0.99899325250199977 -0.041559883805782842 0.040372935564210545 -0.020667364554786544 0.041208121071707904 0.99893681021378877 0.033450232913986758
0.99908483688167349 0.028382991787192717 0.031998351368906552 0.36936910947067253 -0.026876137209513346 0.99855308762178452 -0.046576866035578195 0.069917405847025382 -0.033274043364389383 0.045674248523746248 0.99840207384599111 0.056900669846707927
0.99815762918942053 0.035843975123841298 0.048954639599090237 0.46960128200872286 -0.033168984748593089 0.99796801673548563 -0.054402720738848116 0.073472161727703836 -0.05080517435953711 0.052678715059907656 0.99731829785577186 0.065866337970859196
0.99682426622931508 0.051000506849316986 0.061158241942523631 0.57988666985110204 -0.047509305406104846 0.9972293162605137 -0.057241214962803245 0.082806573711674852 -0.063908122771811585 0.054153846508823031 0.99648538009951848 0.093193391974641979
0.99514253809023467 0.066027731578923887 0.073018268576208883 0.6692825182393598 -0.061672063775525095 0.99626843732127379 -0.060380107213342922 0.073584269405149616 -0.076732557842113955 0.055583625826036195 0.99550116780797293 0.089418469834469355
0.99313771867238987 0.079649325331162507 0.085635604303885407 0.78087996779040014 -0.073922968738763986 0.99493718747564786 -0.068083681384714587 0.095049185855759985 -0.090624866582239574 0.061286033909352028 0.99399756317840793 0.086095867471386603
0.99025615380148868 0.094990624249750563 0.10183089493334069 0.84928364043432736 -0.087917731533798629 0.9935339753136283 -0.071838098384141694 0.074502924686298738 -0.107996399663291 0.062185377719697184 0.9922044932661942 0.092974600600503485
0.98820793320170564 0.10923981356105555 0.10729279514654774 1.0219223958178274 -0.10242716206097177 0.99247535934361131 -0.067092008226800753 -0.017375845061786469 -0.11381457388818296 0.055311158267708514 0.99196114769769883 0.13902903790667884
0.98431799467930137 0.128688276622413 0.12065410399349119 1.1351270353130993 -0.12085209999904181 0.9901860672032039 -0.07018776419343957 -0.0028900962264766469 -0.12850235513927546 0.054505777460793915 0.99021021250391772 0.18635274910290794
0.98037984410030865 0.14756394832482606 0.1306914015405852 1.2742764165460927 -0.13807463016978846 0.98726910807429324 -0.078962679448367629 0.051863151051986668 -0.14067962818166158 0.059368252433245686 0.98827357185027054 0.20566401108204885
0.97578265262036157 0.1664466035176726 0.14192865469171986 1.4028448774474365 -0.1564181010415833 0.9845116510906915 -0.079184509427195487 0.019809932431891383 -0.15291040681299556 0.055066660005045426 0.9867046520839825 0.2363502949558936
0.96946858752162202 0.18839537408086368 0.15696445723080962 1.4977263909560439 -0.17779920038254773 0.98087924697992734 -0.079141311509333248 -0.007194496192143152 -0.16887303559822053 0.048816860499443435 0.98442816496625085 0.28230308713988655
0.96458567202740686 0.20132336680183835 0.17042119380818921 1.568445326174972 -0.19087470577165258 0.97868386054125245 -0.07579411463072401 -0.11987880601810931 -0.18204759821546945 0.04058082177140733 0.98245196772582033 0.24443701695214115
0.95998612617953205 0.21970378135506627 0.17365738107290699 1.8194162637741325 -0.2080112845713879 0.97458902313250451 -0.083111620611029682 -0.09855832432083636 -0.18750451470238438 0.043663307798606929 0.98129280671892594 0.23360825392425325
