0.99982414449721202 -0.0017230822904352133 0.018673806999067673 0.15470611256415356 0.0016646021831896191 0.99999366349234775 0.0031467562226746779 -0.0051313418786602741 -0.018679110792266331 -0.0031151183883778785 0.99982067735041202 -0.10535518465466906
0.99979140667600419 -0.0048566592274617388 0.019838245838909727 0.31579155693272265 0.0048170437455696052 0.99998630852805426 0.0020442225877527888 -0.00022713129804096261 -0.019847902316617167 -0.0019482344785268298 0.9998011127999642 -0.20055730928458382
0.99982271798005395 -0.0089600316719983218 0.0165605085493831 0.52406612504476857 0.0089190095363290561 0.99995697522702143 0.0025493065168453442 -0.0068392136343466648 -0.016582637904394921 -0.0024011512369581695 0.99985961544252255 -0.30345433843046643
0.9997775159484471 -0.012467597004616788 0.017014042108889654 0.70089105503121651 0.012370819349815047 0.99990676390774624 0.0057815499784037837 -0.038598324710895748 -0.017084537821282771 -0.0055697860344011123 0.9998385349900073 -0.40769694896773073
0.99969800817685517 -0.014286961589612766 0.019994378604130954 0.85346939885516127 0.014127974713809419 0.99986762590655265 0.008070377592161471 -0.051974435505213037 -0.02010703304106207 -0.0077854603287814518 0.9997675198913768 -0.48738986636314052
0.99960214556362192 -0.01805379930861398 0.021670507957309355 1.0283587600197226 0.01786847371498114 0.99980236045351167 0.0087153702550936216 -0.055077077309968324 -0.021823570553430226 -0.0083246839045474849 0.99972717848730552 -0.58577364955184741
0.99947840843139224 -0.022307796870260903 0.023351087303299586 1.2159229592933136 0.022157448236730794 0.99973219204162178 0.0066777004492839147 -0.04562411995971867 -0.023493798481466054 -0.0061568169088376369 0.99970502401381545 -0.70473455527325479
0.99933203017084105 -0.022344579334754047 0.028917352039531889 1.3611202995877447 0.022163227881218796 0.99973273275308483 0.0065768071230869257 -0.039314723181570851 -0.029056579366995395 -0.0059315121513829339 0.99956016945408921 -0.81749597893040171
0.99918546016177645 -0.027365481406560675 0.029657151391969852 1.5570066547732562 0.027147006496269711 0.99960145170958448 0.0077445321603576943 -0.053677243744638593 -0.029857264435820766 -0.0069331210488860198 0.9995301274063384 -0.92509105428811844
0.99904028225594477 -0.028165879679942319 0.033543965952423017 1.722178644702276 0.027936359230368205 0.99958310926036764 0.0072916057441313326 -0.036659122673396972 -0.033735356273709688 -0.0063475115778579049 0.99941064374653066 -1.0381802055133209
0.99892631426107392 -0.032107975606806498 0.033396056342311256 1.9280083681716369 0.031767903445511676 0.99943837790618606 0.010664383663774252 -0.063629528984871286 -0.033719712149761251 -0.0095920107737766085 0.99938529824180078 -1.1698860205681205
0.99859969950930982 -0.032432276782558847 0.041794587719173014 2.0543281023277373 0.032085330022563814 0.99944509963702355 0.0089456363039866361 -0.047683076330692652 -0.042061523239884192 -0.0075921165849539701 0.9990861764775355 -1.3033265839047148
0.99846568664263802 -0.036874734557073865 0.041310126465440147 2.2675305019225958 0.036373331684130622 0.99925598162501772 0.012824349060226356 -0.069570872874661543 -0.041752285439740126 -0.011302085558322942 0.99906406677579529 -1.4278206720073574
0.99835138008215296 -0.041334147073593772 0.039824743235317622 2.4937557532611723 0.040972587837013692 0.99911168898967639 0.009852916833827231 -0.040952161285424435 -0.040196628390931681 -0.0082049503285905271 0.99915810053069509 -1.5760923967071214
0.99802982554540232 -0.045753557771288401 0.042931099136676296 2.661813955550524 0.045097657340163071 0.99885244122403039 0.016124576373481542 -0.0812434482678977 -0.043619589913741617 -0.014156716146916902 0.99894790593088123 -1.6862147385800239
0.99784079498141587 -0.047557430424858063 0.04529943357527498 2.8162515152950052 0.046869888741730689 0.99877090153707171 0.016121407263723166 -0.076647536322774934 -0.046010448815391403 -0.013963418428516139 0.9988433618669128 -1.8080659704143509
0.99765980971302326 -0.051658950761987135 0.044791259075235484 2.9974104195570659 0.050935120455115668 0.99855462755651458 0.017154279049069819 -0.072032734051087483 -0.045612691080412403 -0.014832686595525685 0.9988490745957378 -1.9195289434313112
0.99727650720220962 -0.051956032522278719 0.052346335756239572 3.0922215619928259 0.050957405227408617 0.99849580125085802 0.020235556253703567 -0.083397166568285427 -0.053318955682296686 -0.017513011418686636 0.99842394973077353 -2.0143891795683819
0.9968784993325378 -0.052681644617209325 0.058803927495819065 3.1857079687944725 0.051793028195966477 0.99852093133491016 0.016535776859749243 -0.047642761532515218 -0.059588084369270565 -0.013438526946420004 0.9981325894863422 -2.1434215691974856
0.99653996396666444 -0.058990221307761985 0.058551293814744068 3.3461881522286205 0.057586524332382691 0.99801786383785174 0.025379828128792831 -0.10170774727805476 -0.059932398856003745 -0.021920247502992096 0.99796172788177229 -2.2220710937582191
0.99628029976063937 -0.063092273532657561 0.058693520335135758 3.4816099083468628 0.06192989308349086 0.9978506557396799 0.021418617662168415 -0.062376286921132625 -0.059918717038318393 -0.017704063385875015 0.99804624817095067 -2.3430212653428151
0.99598143768238667 -0.066664431259213522 0.059806599945254058 3.5935782313541886 0.065134058216353791 0.99750614435623819 0.0271854084357834 -0.085905145756603948 -0.061469750710367303 -0.023180715615298074 0.99783972869953819 -2.4059428754560246
0.99556411049726445 -0.070957599859715378 0.061782852895760104 3.70152105966184 0.069311173069875415 0.99719079347173467 0.028398639102782064 -0.086300834059165402 -0.063624391372086156 -0.023990423867885375 0.99768551978324849 -2.5006330537521331
0.9953791487600383 -0.072899802633327307 0.062497751877674909 3.799318152014576 0.071183443388726814 0.99703381313185235 0.029265899252927698 -0.0811515067872359 -0.064445850146191863 -0.024681860703369047 0.99761592717395708 -2.5801352163268882
0.99506375508932854 -0.077223873314910499 0.0623265328553382 3.899441742040719 0.075416439028334087 0.99667471923526774 0.030852305612153279 -0.077387183712008187 -0.064501814174567726 -0.025999565910660733 0.99757883825823346 -2.6483337188428524
0.99492246014558561 -0.078030906978862502 0.063564737503679469 3.9766633668271374 0.076244014550216191 0.99663561269131329 0.030071677051288572 -0.067505341140743774 -0.065697401342229581 -0.025072556141460367 0.99752454525460743 -2.7180742075157212
0.99482755004655088 -0.081561607329222574 0.060546262297940134 4.0864221843859099 0.079328195897029788 0.99610783632851641 0.038421553074335785 -0.11124052870377282 -0.063444329960207838 -0.033419793757521056 0.99742565356075785 -2.7423662816805336
0.99473955016661275 -0.081358530482867314 0.062241600654170955 4.1438614913600924 0.078856379887238259 0.99601525750244635 0.041656670215165011 -0.12900662288427106 -0.065382709376443776 -0.036529390085297091 0.99719140839389087 -2.7949084503216604
0.9945649070877024 -0.082537764020031143 0.063467811528391913 4.204996878358882 0.080015872989398343 0.99593746903314673 0.041303968884288486 -0.12641390007062323 -0.066619108815521522 -0.036001045629584852 0.99712878759676893 -2.8571297367672672
0.99449657093738109 -0.082732300526505445 0.064280143461122916 4.2543855956132308 0.080052112466102249 0.99585357310679667 0.043212500739259717 -0.13434669983800734 -0.067588680143239016 -0.037828922533135835 0.99699585903677501 -2.8876949463087782
0.99480776937609017 -0.082016943490478569 0.060255480824962848 4.337719714632625 0.079695921923604182 0.99601768777789679 0.039966556798389993 -0.1065960720723209 -0.063293459517667447 -0.034956925122953696 0.99738255016229038 -2.9355608060377762
0.9951151285521127 -0.078683953143312113 0.059621442824317507 4.3806415052488887 0.076452359434560746 0.99631675891262284 0.03883236596880655 -0.10618885357828473 -0.062457326740751794 -0.034084474876219781 0.99746545349140359 -2.975537256721454
0.99563735182945168 -0.073977854392517681 0.05686423042226111 4.4274121038457084 0.072157655207144553 0.99683299297408323 0.033425393241340418 -0.073651902334074371 -0.059156879879210977 -0.029176380478237087 0.99782222985116231 -3.0174014197365233
0.99592111219096124 -0.0716987527115069 0.054776154957545432 4.4769026184505005 0.070017220615536946 0.99703153956709101 0.032026519101387881 -0.081145514332288948 -0.056909815582147825 -0.028060612396925984 0.99798490716158395 -3.0531389132516757
0.99645768763894671 -0.06551973063846489 0.052718513278604232 4.5113993270414774 0.063956624675192211 0.99747691097488067 0.030811722317431216 -0.086942995181464297 -0.054604275523075646 -0.027330879405407009 0.99813395700453311 -3.0638104863756093
0.99706842985699928 -0.058544347756065762 0.049265662771498082 4.5499143015163659 0.057268007061921068 0.99799548498646995 0.02693301531162717 -0.080571437957968159 -0.05074368482534445 -0.024032712964570251 0.99842250934056409 -3.0866940265370655
0.9975667045479224 -0.048997490475295793 0.049597539299055096 4.5385077415794663 0.047879914041244129 0.99857717594878881 0.02347631797247313 -0.078163446325366925 -0.050677251393510779 -0.021044467236423198 0.99849333828019804 -3.0964029720669304
0.99815344883407353 -0.038880850702097736 0.046668747886844004 4.5560727268882806 0.037920710717100792 0.99905401960429818 0.021285807741415919 -0.082308591871353351 -0.047452210479118649 -0.019476790320167001 0.99868360473148332 -3.0799205507800278
0.99874566164036205 -0.02579391373421492 0.042915933740598093 4.5717360369415587 0.025248450572942654 0.99959400294875667 0.013203977148822026 -0.041140758039052129 -0.043239092245573318 -0.012103854061943302 0.99899143020279513 -3.0664866312589245
0.99909093542586047 -0.012044165258762571 0.040893041377461505 4.5755951219901085 0.011782732629212894 0.99990861356667604 0.0066281013085389426 -0.044840702451277983 -0.040969134255774114 -0.0061402441634995728 0.99914154524769161 -3.0725446704100334
0.99924836035466813 0.0022310172817287172 0.038700605814327264 4.5833434471610284 -0.0020765193479095959 0.9999897159958111 -0.0040318692953502178 -0.011011013051403225 -0.038709202987210554 0.0039484762257937624 0.99924271683089549 -3.095365566724809
0.99911725339640067 0.019355697155502671 0.037283655309760078 4.5824433542912875 -0.019032157990009332 0.99977824441098639 -0.009013266041184782 -0.027233733008399635 -0.037449845498691431 0.0082957211928991852 0.9992640742476504 -3.0868019376452436
0.99876949724164654 0.038118660906702705 0.031724739090311503 4.6173421311598357 -0.037443615497575716 0.99906511491638283 -0.021607216747755044 0.0034510000653131799 -0.032518718273299628 0.020392740075688056 0.99926306301897661 -3.1167573553936698
0.99804095233655021 0.056145274568675192 0.027603724436385951 4.6516552098191646 -0.055368660861894473 0.99806944088519056 -0.028137209625043385 -0.0064030367251229755 -0.02913020517456703 0.026553706233428006 0.99922286394565474 -3.131550783094645
0.99689598271424773 0.076005141180360919 0.020533342697858604 4.7082107637030051 -0.075126958151558704 0.99634696844355031 -0.040603677570399066 0.0031734995705379218 -0.023544421995203967 0.038935035475781803 0.99896432529165491 -3.1718705285152113
0.99494944917156425 0.098831949508064648 0.017545351225789065 4.7108805590200724 -0.097818541553248817 0.99387518798985863 -0.051416375081470171 0.0062069621748603926 -0.022519469833818775 0.049440433397761094 0.99852316799553797 -3.202734417156428
0.99263484208523389 0.12060196299102133 0.01145586317721391 4.7485435535550575 -0.11968534217267432 0.99091590266777752 -0.061327748280150966 -0.0045523180843125522 -0.018748043829492914 0.059504960825262444 0.99805193777165291 -3.2339115708249557
0.9899125507632841 0.14161907585118122 0.0041447794134170024 4.7908456291052612 -0.14090701468642161 0.98714350922343364 -0.075451344654720351 0.015172595052059683 -0.014776841796847958 0.074106204551995569 0.99714087038562849 -3.2749497098188884
0.98695643296599711 0.16087267120293072 -0.0060813721370235156 4.8611522371221794 -0.16075342172536863 0.98278084120641296 -0.091105189540448508 0.045308051670540743 -0.0086796791773080424 0.090894454273343986 0.99582270578237464 -3.3296338708011817
0.98346712264605063 0.18056466386859904 -0.013741209419766025 4.9109359742346799 -0.18103824279615394 0.9786121860220599 -0.097690040507750805 -0.010316779778772538 -0.0041920543387276958 0.098562627456582216 0.99512202023132623 -3.3613050635907791
0.97994721928878392 0.19711713775318285 -0.029125271023163896 5.0304713474096232 -0.19921168028871289 0.97232609323082453 -0.12205193508924628 0.073422319734515518 0.0042607328862124009 0.12540654857891068 0.9920962875289866 -3.4484092681827381
0.97630224029592472 0.21192634610410557 -0.043831032615276516 5.1430923871674201 -0.2159740158641878 0.96700726390674518 -0.13510061444377661 0.091714462072476244 0.013753547348016737 0.1413653966802105 0.98986194217011525 -3.4591771828988351
0.97158355010409858 0.22840428676885982 -0.062103840080344877 5.2497640889558994 -0.23535376052651374 0.96013600748239214 -0.1508225929421726 0.10754905621352948 0.025179606294480305 0.16115312259270781 0.98660815854394524 -3.5135210780046009
0.96608755834244997 0.24650248741056088 -0.076885325754200498 5.3281115938941452 -0.25625038914999332 0.95190904437208579 -0.1679431728386106 0.11567602156244101 0.031789427116578263 0.18194970443237526 0.98279384276692083 -3.6028046100358218
0.96116115527531354 0.25819259604133421 -0.097497779150404654 5.4747117548137734 -0.27228162516252175 0.94481204000436148 -0.18218925781080741 0.10137789910506767 0.045077158169972223 0.20166009127299642 0.97841773154368272 -3.6821551945595763
0.95742408040145377 0.26407414225542036 -0.1166360907245033 5.618312081051843 -0.28262988121982818 0.93974828754482331 -0.19233696030206437 0.065040203944137912 0.058817348708492166 0.21711288181182636 0.97437288347032092 -3.735939482013523
0.95275933348930231 0.27013636197221425 -0.13883802933431963 5.7726829510605997 -0.2947473095250534 0.93266631102887076 -0.20798455663712162 0.064377131594094014 0.07330536117340207 0.23908136316370318 0.96822849875998929 -3.815299220923464
0.94713511034084197 0.27807856640306683 -0.160023103540883 5.8473736187698648 -0.3089747713010042 0.9249277022992477 -0.22145730111903369 0.053358328294600597 0.086427272658190377 0.25919308715058231 0.96195076283259817 -3.8631521863721519
0.94192428670063488 0.28130402514895242 -0.18343032344325666 5.9894483870453135 -0.31966927479799734 0.91842222570230247 -0.23304971591090043 0.00045743546213586182 0.1029086627724929 0.27815222589622846 0.95500845355177399 -3.9484017553854764
0.93829216624930856 0.27161776706347068 -0.21408315994172464 6.1109108613367153 -0.32168572824100711 0.91273238350120156 -0.25186879194189288 0.0047637192631244385 0.12698859398084847 0.30519401161174475 0.9437852045222459 -3.9890746443783232
0.93552792254232398 0.25921330958583833 -0.23999159626370203 6.1699236216671061 -0.32077962200945548 0.90790503169326664 -0.26983122044996821 0.022772646073240674 0.14794573412949186 0.3294190546395348 0.93252085563448972 -4.0131131315059898
0.93513573797506422 0.23839799715040949 -0.26208309086338499 6.2541921650289858 -0.30971560746284826 0.90928726864107634 -0.27798004529312875 -0.016519776346546694 0.17203893180251636 0.3411202984900259 0.92414260149736893 -4.0132379379602412
0.93294779688039453 0.21968614574996015 -0.28521291285905254 6.3249986918816115 -0.30483549743579619 0.90352621005891653 -0.3011904833151961 0.050550896660297689 0.19152996579932066 0.36793801801675508 0.90991092261760054 -4.0875072834689741
0.92858344542613436 0.20717805931365982 -0.30791238464789811 6.4154373147397408 -0.3024658251493636 0.90324231859957305 -0.30441376202067827 -0.10073450649056363 0.21505164379107664 0.37580655346852743 0.9014001469230315 -4.2036661414865755
0.92121846798144302 0.18427681112219699 -0.34263477805464693 6.6119110300945723 -0.29655229400586597 0.90266827995313637 -0.31184405283138672 -0.19908160032913824 0.2518199181355229 0.38888563003675053 0.88620240102424575 -4.1804113290023039
0.90835168434130331 0.15810484615181752 -0.38716931073837357 6.9070951853398119 -0.30043539469261016 0.89071263116382182 -0.34112986134479195 -0.10116964155931724 0.29092231122795087 0.42618524881620612 0.85658061063816737 -4.1596973432334261
0.90523633554860206 0.13399313094433837 -0.40322824511964939 6.8678629727008529 -0.2929108177364807 0.88424913418655271 -0.3637399091978748 0.056471434742493387 0.3078155773437804 0.44738049750750802 0.83970248349903653 -4.2173598523816729
0.90135272103317665 0.11448897272492541 -0.41767876102392348 6.8493182852543155 -0.28797253436255676 0.87877178965272718 -0.38056794552792927 0.086978325489637603 0.323473479189399 0.46330596460107676 0.82505302340284237 -4.2948295643135816
0.89338150778056846 0.099559720357174447 -0.43812936860945451 6.9425305161605335 -0.28757881477710012 0.87593225627669857 -0.38735140080476066 -0.019900204326630873 0.3452070492430831 0.47204930303561854 0.81117294620596803 -4.3935617209719746
0.89091067570107041 0.079806523803324605 -0.44711193976485525 6.908039156357721 -0.28043833699655579 0.87102352091840551 -0.40332662340776643 -0.011834120424824294 0.35725692024713585 0.48471532342740453 0.79838496238982248 -4.4985151563404635
0.88956962867619915 0.055733179615304516 -0.45338690808939047 6.8058248128966934 -0.27416393680772827 0.85902682992558832 -0.43232746989068627 0.2370211401314718 0.36537653385374541 0.50888772647604941 0.77944420605394227 -4.5925622950013123
0.88138734249499273 0.031982405082130842 -0.47131038420002669 6.9068664525319017 -0.27037281907910438 0.8522841927166902 -0.44778364591449482 0.26915838836637812 0.38736919236412204 0.52210035492271245 0.75983967269203934 -4.6429336408275228
0.87085883102870876 0.015096389549866208 -0.49130132855699632 7.0899749369731566 -0.26795434624937176 0.8525302420092794 -0.44876792976511959 0.10191457062408163 0.41207446504895534 0.5224598410233634 0.74647863316538343 -4.7157103656720212
0.86925003083042562 -0.0026032084195147247 -0.49436586371555702 7.0646207017548797 -0.26146191054697482 0.84626651773501049 -0.4641881625954985 0.16085681346889735 0.41957365650673289 0.53275341788353059 0.73493655678499648 -4.8000418553728048
0.86827733251035755 -0.010984613383828218 -0.49595747006926499 7.0898358671112005 -0.25592072001002958 0.8465281328466967 -0.46679192941677289 0.099868986696610068 0.4249694799844409 0.53223064414583765 0.73220999891688232 -4.9457966863670766
0.86371200846479845 -0.015522445213865798 -0.50374658324229504 7.1812552764874438 -0.25725957236055974 0.84592049866271435 -0.46715738501182519 -0.026043055478087728 0.43338098581105966 0.53308307386073261 0.72663839528380758 -5.0379214564513752
0.86158696511901223 -0.026190717944848438 -0.50693386928725082 7.1840869465739008 -0.25353340928353968 0.84297665468268412 -0.47445881806228019 0.011573754178153855 0.43975983435743116 0.53731220528992651 0.71965747556209037 -4.9982880501226132
0.86237593541272139 -0.031640538561116267 -0.50527875706445091 7.284190301991849 -0.25096002986293259 0.84007617885938446 -0.48092730960532021 0.050903014736611983 0.4396894465781841 0.54154491044841147 0.71652097005962934 -5.0778777104839738
0.86573821732090039 -0.042861778716025763 -0.49865840712388265 7.3703281208785638 -0.2506787146565666 0.82521495694620206 -0.50614272379479053 0.43858210258526475 0.43319455339161539 0.5631901479585526 0.7036755901367211 -5.0861869370323651
0.86626671016783086 -0.059148958215732891 -0.49606792639415509 7.4871279724506108 -0.23133598822732318 0.83260029833555627 -0.50324984228753666 0.39722459181295972 0.44279300740401395 0.55070694925117503 0.70757063862244363 -5.1495891110905996
0.87091655744344521 -0.073064243986117036 -0.48596910006871352 7.555029515720328 -0.2092607995254033 0.83961489658073873 -0.50125516777555967 0.37730926942652188 0.44465072557328311 0.53824570754484669 0.7159450331950773 -5.240442555902721
0.87898421681332017 -0.088737566298733625 -0.46852149461945941 7.5734441858940516 -0.18014958730084471 0.84792278297561685 -0.4985710383748943 0.39798183292658507 0.44151203017404816 0.52264002758903083 0.72932470736519517 -5.3837082126100517
0.8838276813682745 -0.10299954019215271 -0.45633290958179307 7.6432147694249437 -0.15833818004355196 0.85202474648246695 -0.49898181542214914 0.48967701367256639 0.44020182915076073 0.51326886336665023 0.73673429641264254 -5.4073101969303172
0.89255464002211415 -0.1160649720781477 -0.4357466429377202 7.6839423984719115 -0.12670883768372376 0.86282583719087924 -0.48936330586661086 0.47379224339378812 0.43277140042733181 0.49199643995902775 0.75541274680786863 -5.5324474720169334
0.90012329778224109 -0.12894637347416854 -0.41611402470654973 7.7719431411827582 -0.096258770531467752 0.8727076300520521 -0.47866025690953373 0.47053874394004125 0.42486738858777229 0.47090787338585754 0.77313225058706225 -5.6391456607027841
0.90458818290142473 -0.13666990553997851 -0.40378404658281369 7.9459877034240218 -0.072014005345365312 0.88460551158193745 -0.46074621204408872 0.33920672954697223 0.4201597343739833 0.44586368522066477 0.79036154499838351 -5.662907221114053
0.91458871197606451 -0.14995294159786637 -0.37555506018706514 7.958881361184809 -0.034984290114385537 0.89588384421946299 -0.44290883611839288 0.30944495652917914 0.40286919387210007 0.41821794912784865 0.81411925395247864 -5.8234783961597287
0.92244528371625689 -0.15868522666496254 -0.35201377442924559 8.0964219428747555 -0.0089045145807493033 0.90266614892501251 -0.43024938489783837 0.3265408833706312 0.38602513929757937 0.40001602770786138 0.83124711693160658 -5.9187689918333648
0.9301244935598395 -0.17232688823440065 -0.32430212776283229 8.2063251014650458 0.023744393297758657 0.90944054322658341 -0.41515551558742203 0.36044823655882424 0.36647596137669575 0.37844595641542433 0.84998472210142773 -6.0155367448859201
0.93776831435731545 -0.18380351745468648 -0.294630031664669 8.2912856072863175 0.053810127846594405 0.91510349882372366 -0.39961238291838791 0.37701574084149947 0.34306713443373188 0.35888975105436477 0.86804555632729541 -6.1286350488074586
0.94494888637130492 -0.19575007759569399 -0.26220890386657419 8.3466026678432108 0.083816868988696488 0.91939289004654501 -0.38430644829978244 0.43495859293160422 0.31630101899703433 0.34117242100313655 0.88518644619554376 -6.2292838867676883
0.95026450691599629 -0.20875733935076299 -0.23112278157483468 8.3884246486238752 0.11282867622062498 0.92244253840918589 -0.36928234882745087 0.50650792498252495 0.29028788593050131 0.32483863163178134 0.90011821817003135 -6.3120812552542809
0.95238345824392445 -0.21412672351551204 -0.21706103920292691 8.7439337601732241 0.12629557372463662 0.92500175463756928 -0.35835901268836962 0.6310918067328618 0.27751608335537598 0.31388134731762835 0.9079996273595945 -6.2972137660730079
0.95734710066920159 -0.21559474111273261 -0.19236797146304635 9.0541218394416827 0.14354366364599874 0.93267632804654432 -0.33092307826547734 0.57697463341499644 0.25076232864479064 0.28919504613002744 0.9238422375202886 -6.4636914551191378
0.96295143282018791 -0.21048905048735247 -0.16857905461379186 9.4395766725997916 0.15672038036189381 0.94551781817077829 -0.28536779408474672 0.36548303410953542 0.21946129592429361 0.24837555263452127 0.94347566181896059 -6.8204724235502585
0.96737878995726967 -0.2088779309862725 -0.14334673588088021 9.7444577376113042 0.171774889713881 0.95672821967192856 -0.23487124333805975 0.098898346842068635 0.18620328677172393 0.20258608942934866 0.96139857102303372 -7.1661912523718554
0.96962438440599863 -0.20007175382726719 -0.1407119273045811 10.287707124995801 0.17251161002413268 0.96719775924412255 -0.18646243299933107 -0.19525845958532487 0.17340212678098815 0.15652408068290916 0.97233323227903723 -7.3872174277641793
0.97291336118243732 -0.20283445594288785 -0.11089533405443625 10.50920925828061 0.1848856067502492 0.97070825660387372 -0.15343660898775169 -0.41506778311438153 0.13876924749123823 0.12877757585628286 0.98191620411687619 -7.55938571345055
0.97529480779634814 -0.20678249743449681 -0.077724105914681416 10.719868653912341 0.19398766237305246 0.97000617241913523 -0.14648144017525769 -0.40170595066753073 0.10568266051024121 0.12778507042503565 0.98615523678777151 -7.6475030547291798
0.97630156185518246 -0.21225559974545405 -0.042223461438269237 10.922268713540566 0.20460559419003232 0.96885791447366998 -0.13946645613865233 -0.44101073294681159 0.070511071083023666 0.12752216253823659 0.98932617822247904 -7.8241621149267795
0.97677708487076842 -0.21417620742241292 -0.0059227228126356429 11.114771401832522 0.21146520485926967 0.96812502039161497 -0.13422522872233131 -0.45310253617028912 0.034481786571911602 0.12985567783461224 0.99093315078713684 -7.9092204425058483
0.97549785296259894 -0.21828238185117088 0.027508919257929216 11.360672650613717 0.21998657048750822 0.96596051117700443 -0.13611098284783954 -0.44137447349422954 0.0031380998238140284 0.13882756433806623 0.99031159728110618 -8.0345747126114553
0.97351777547767759 -0.22017803768638228 0.061520505114701862 11.611904091907471 0.22660487895894657 0.96495161182749001 -0.13235790744617498 -0.49364787139670158 -0.030222006237098295 0.14279362223889089 0.98929096416923856 -8.1430662207247586
0.97037039186814178 -0.22390225269736491 0.090824467092927935 11.932212523584498 0.23477727990805364 0.96257032144398957 -0.13541789067250351 -0.51183006363917349 -0.057104565707519671 0.15272903297101056 0.98661690187382034 -8.2809589994166632
0.96714677816478556 -0.21746399296102328 0.13166822415041166 12.123413463579599 0.23572089218473657 0.96107272688576928 -0.14413491812875684 -0.46686673113420746 -0.095198584407053199 0.17043657295838724 0.98075919782844423 -8.3841834664837105
0.96170611687022234 -0.21397840627143871 0.17127342591287606 12.338768414559169 0.23880702098696954 0.96085189975285956 -0.14048072276526022 -0.56533211756929203 -0.1345085554963974 0.176002467002187 0.97515669515592041 -8.4769411366801517
0.95551514007104021 -0.20956996686329735 0.20753613199618215 12.609345750754761 0.24192072517619129 0.95939653390035351 -0.14502638887531324 -0.58737733460602859 -0.16871627018532032 0.18878220183297023 0.96741723183218609 -8.579015536842082
0.95068702959605789 -0.20357422924274779 0.23399082235430788 12.949517474968099 0.24175121475709604 0.95900451214243643 -0.14787391877513706 -0.62762864951190955 -0.19429493539794734 0.1971493821412296 0.96092746823058339 -8.709114664497811
0.94253215507837584 -0.19596371882177119 0.27061292938227166 13.116965387616677 0.24250764209749143 0.95838422680856328 -0.15063106362522755 -0.6898424724969997 -0.22983293969235039 0.2076003244460233 0.95083065007512158 -8.9122713881062214
0.93705728026605406 -0.18932602701893914 0.29339275552339356 13.451844964172693 0.24323457842819693 0.95677108540202238 -0.15945541695249249 -0.67155524050650994 -0.25052064457294371 0.22078212253681193 0.9425999474914567 -9.1161753498222939
0.92949674656190051 -0.17429764254063543 0.32504788868045126 13.708177555389568 0.23816217820675378 0.95656560927404632 -0.16811011874954748 -0.62824090756035778 -0.28162843429358586 0.23367192163148182 0.9306357278970081 -9.2285500955838184
0.91700067403325403 -0.16336839958398977 0.36389631743111067 13.87107779680592 0.23956352299006634 0.95498708671951593 -0.17495423016194742 -0.63349053553676027 -0.31893429146949021 0.24760943079038319 0.91486091156443927 -9.3276814674541146
0.90577698615591873 -0.14723870595832578 0.39735225533274415 14.098600023554722 0.23512143333782645 0.95473825047089345 -0.18218887088113703 -0.59378201580521128 -0.35254214348850071 0.25844851819171893 0.89939891066702882 -9.4262110926954943
0.89084149925312495 -0.1389709695383928 0.43253727334647546 14.352344129339999 0.23571405482544772 0.95528024261337696 -0.17854563122707195 -0.66880094607336338 -0.38838165194327912 0.26101097237106113 0.88376069426950798 -9.4974977338836055
0.87445867390484355 -0.12302627986623768 0.46924040969939573 14.542299843601638 0.23166658828790368 0.95578251622034094 -0.18113633969625398 -0.65641122302697141 -0.42620724947333488 0.26710356820864067 0.86429339020183804 -9.5857977994154986
0.85721022322597384 -0.10972699666080368 0.50314075505833966 14.753872932883308 0.2284531167949716 0.95665944489622312 -0.18058759624490667 -0.64937267609833627 -0.46151902086863039 0.26974560736859154 0.84512573069443964 -9.6660010412417741
0.83680753164777322 -0.093374312234188628 0.53947603541988165 14.910094864047995 0.22222574436526929 0.95845812331089952 -0.17881203650943231 -0.63540084881777381 -0.50036873755148126 0.26951672243877711 0.82279515239638856 -9.7233864781506387
0.81985206341032257 -0.083475543880854194 0.56645778986225614 15.155238169248419 0.21902814091512171 0.95979311509222609 -0.17556722276332346 -0.59888830397991022 -0.52902671729233286 0.26800934647014912 0.80517185904348498 -9.8340422710562123
0.79910171695490595 -0.076525056193180563 0.59630559425042462 15.342479342905181 0.21483900891756172 0.96272091250850578 -0.16435523984987452 -0.61650029741280243 -0.5614985718655402 0.25944625723532899 0.78575250136384445 -9.9402842550708588
0.77582404063600907 -0.079714459294052228 0.62589349169860609 15.531860759389756 0.21273927688007283 0.96694780610853059 -0.14054871160719748 -0.72556520543370662 -0.59400257410533153 0.24219319817318644 0.76713975044634708 -10.06087352783584
0.75709041910557717 -0.079756408923239666 0.64842348240498693 15.792809356672775 0.20573110499980704 0.97112916950077754 -0.12075946579994654 -0.75764249368900349 -0.62007161661706445 0.22482671411644806 0.75164096408158931 -10.202589397938876
0.72803414934767274 -0.073321352240991178 0.68160858026374871 15.947178075359549 0.19666880319565727 0.97480957964308479 -0.10520297184804354 -0.74020107537585245 -0.65672494945235516 0.21064249984660008 0.72411468568533865 -10.245704688752074
0.7007901504039652 -0.069753967361007432 0.70994897643012866 16.101794277085464 0.18325738920373436 0.97941245068150806 -0.084663928282790318 -0.74049280571939213 -0.68942722197416817 0.18943504292353605 0.69914552856579104 -10.309887253063591
0.67101345453469929 -0.070666142095231518 0.73806994261708392 16.243538493707167 0.17121331468263185 0.98331194018776402 -0.061511211657397959 -0.76210032207100464 -0.72140622724564496 0.16764225196993648 0.6719145262945676 -10.375045706602778
0.63664338929374331 -0.075928089824389991 0.76741131086542802 16.374052791793016 0.15318452143953298 0.98776159172397471 -0.029352006852364401 -0.83528284366725547 -0.75579077611460477 0.13624229552726769 0.64048289567290095 -10.396435867225833
0.60622783538772795 -0.07361499246943691 0.79187665989397293 16.497366779345285 0.13404975834711341 0.9909189267719023 -0.010504420607618695 -0.80088185975467541 -0.78391228711392869 0.11251894706646527 0.61059070797291337 -10.453205136771398
0.57531124102615105 -0.080561262709524351 0.81395752892862727 16.627055690266484 0.11466682858952383 0.99325405622771024 0.017259727935904634 -0.83840898281023268 -0.8098570826819822 0.083404212950232245 0.58066792824469093 -10.497891861509709
0.5443269467325953 -0.089898968489320247 0.83404217550752602 16.745539570463666 0.094330184744451456 0.99449469227659937 0.045630289060553539 -0.88051808438896839 -0.83355263259547574 0.053837556577432263 0.54981044569462634 -10.533891873115843
0.51370841962552682 -0.097577937029707823 0.85239791518449293 16.861730635618724 0.072271435784153182 0.99490186709038275 0.070335726553205594 -0.8923525349417385 -0.85491549241754927 0.025471966258941672 0.51814156343547912 -10.568354511127019
0.48371888841509081 -0.1021168671069598 0.86924575491786482 16.947400147642263 0.048801600418425711 0.99477193399555686 0.089706204530900932 -0.88039750665176064 -0.87386179730382396 -0.00097200154270975074 0.48617344068339619 -10.599103160604514
0.45501111755330981 -0.11182762877699698 0.88343616880055498 17.045432711153303 0.02543946209876681 0.99331091037388697 0.11263333920436439 -0.90319010211278583 -0.89012230433295725 -0.028775280612257398 0.4548123421309852 -10.62250820835828
0.43108788782336782 -0.12261850991117056 0.89393955835903782 17.162533072532113 0.0045837028531505661 0.99100819459157197 0.13372265298186053 -0.90974269600207613 -0.90229830025338154 -0.05354866272389297 0.42777367623585882 -10.663791245454728
0.40692835202133781 -0.12596032769637602 0.9047338349856382 17.223704160979398 -0.017025795370495311 0.98922911025305549 0.1453818754864247 -0.88839204043172992 -0.91330139527606136 -0.074563820144691095 0.40040079684265106 -10.700305751458245
0.38502455746686304 -0.13374172061506029 0.91316441143660942 17.294631696721073 -0.037322642813360701 0.98637851509544971 0.16020126494981884 -0.89283577607968467 -0.92215134900995099 -0.095763130300856994 0.37478835680168676 -10.732121572653302
0.36477882904634629 -0.14060532903774497 0.92041650752567683 17.355902520456258 -0.058487868528825725 0.98311959065947918 0.17336389386632067 -0.90436598244384758 -0.92925538745520952 -0.11707267788739423 0.35039750709407613 -10.745114237602554
0.34806516555034306 -0.14342640375646956 0.92643375760811886 17.40731569369256 -0.078117918025099958 0.98035298946573635 0.18112318164447544 -0.89796653651580094 -0.93420995039329158 -0.13541374653660557 0.33002255352488241 -10.760932007161157
0.3338630516726615 -0.14407271829057111 0.93154630296737473 17.443386540553803 -0.093854118036515194 0.97825902048784574 0.18493429471503811 -0.88563021067787984 -0.93793756042468313 -0.14917218466767332 0.313082723998096 -10.78794816328087
0.32352986896536184 -0.14598365049680964 0.93488886915765634 17.491822836644278 -0.10852352856114143 0.97578230090636353 0.18992510362382894 -0.89395211112813466 -0.93997397178639752 -0.16290388278217427 0.29985205908680479 -10.798457999799661
0.3151493261452466 -0.14345992075739569 0.93813653236961125 17.517973256638655 -0.1213084363526489 0.97431096419189378 0.18974300599794847 -0.8911317722268286 -0.94125722600141148 -0.17360125630808071 0.28965054515464628 -10.801724149768344
0.31119496837292293 -0.13949114211459543 0.94005314367377191 17.542325731814817 -0.12930871352185377 0.97375488944111033 0.18729834995763889 -0.89670501185688534 -0.94150780573859216 -0.17984336674199791 0.284990201888073 -10.809378846308901
0.31060283246220333 -0.1337395482728134 0.94108427555359808 17.555389253454628 -0.13532311085586776 0.97374658787397772 0.18304436148670691 -0.90662984668538904 -0.94085787244128816 -0.18420454888946017 0.28435039657732764 -10.814820087519346
0.31138225088736871 -0.12231658511977488 0.94237983151007254 17.551267760004301 -0.14052888864096993 0.97485114920747562 0.17296493386290171 -0.8977979702278942 -0.93983654179311937 -0.18628980083059019 0.28636233135112132 -10.807524010189987
0.31500234168658547 -0.11061669604609567 0.94262265583202143 17.548142428994144 -0.14393651220938694 0.97612890110043726 0.16264885148518507 -0.90862645299212075 -0.93811289575667001 -0.18691258650047746 0.29156110821359027 -10.804731807929413
0.32135335401928156 -0.094502236756496882 0.94223210999656426 17.562867245940176 -0.14424862592614357 0.97851108851745972 0.14733765155857367 -0.89285125711423485 -0.93590830521957546 -0.18326313567216723 0.30081600244107209 -10.809915929303571
0.32974236198649831 -0.077948696222126537 0.94084747726123796 17.579777663965746 -0.1432317413908118 0.98091842640923899 0.1314675206618654 -0.88682817096787225 -0.93314234871734369 -0.17810963333883159 0.312285631341223 -10.818020977223911
0.34006897807369774 -0.060011817793212213 0.93848370890339117 17.595070659368474 -0.14000763621214393 0.98360864453086783 0.11363052497650805 -0.88944139902422859 -0.92991986318940345 -0.17003710221390847 0.32609267381604579 -10.831856541258428
0.35339806761918591 -0.041951995764496076 0.93453188059819603 17.634706185491776 -0.13635809586677161 0.98601396642379591 0.095827593671143838 -0.89312423548014197 -0.92548164514193021 -0.16129627419314194 0.34273493611944073 -10.856273416896819
0.36940121724718544 -0.022073739326914754 0.92900779906759923 17.673538353146448 -0.13238633838266659 0.98827081524170679 0.076122619181964418 -0.89410918351504587 -0.91979160580314479 -0.15110772903336114 0.36214618059625114 -10.894841612059617
0.38604087924188968 -0.0041499231596160268 0.92247233979774068 17.737158868649363 -0.12797072175925239 0.99008008642456613 0.058007903236883637 -0.90447548486716367 -0.91356222225230233 -0.14044287309540818 0.38168031842124417 -10.923618738139968
0.40014452678131907 0.015834168706956468 0.91631524967574018 17.791595153290572 -0.12351242416504701 0.99166043428325623 0.036800328178118145 -0.90428426980193954 -0.90809087582897119 -0.1279017676910813 0.39876321176566543 -10.937375671536607
0.41803225180081782 0.033024165404758436 0.90783172502047804 17.86581492662722 -0.11991336898293851 0.99260043618896099 0.019109108211688899 -0.93137096235532923 -0.90048310389118313 -0.11684938415243597 0.41889903441007981 -10.974193823406182
0.43151466542348138 0.051133876646487893 0.90065555024302324 17.924150503068219 -0.11535346780169092 0.99332386735841915 -0.0011278307665550991 -0.9431142239468544 -0.89470032468451999 -0.10340706549948846 0.43453228627364304 -10.983713013496368
0.44766584210196103 0.067685874387217085 0.89163552880287378 17.996701128865222 -0.11328968278996784 0.99338918184102865 -0.018530547065862914 -0.98098753622715273 -0.88699534473890618 -0.092717613265493229 0.45237451586253163 -11.020498625037259
0.4633727914932132 0.085863911996284917 0.88199378950221741 18.086199738815591 -0.10924938334584107 0.99323727681172913 -0.039297381467140513 -0.97637908298663234 -0.87940333655401881 -0.078147940269176222 0.46961970900862393 -11.071189359898113
0.47577303998732245 0.10314924300375436 0.87349885408566752 18.172655818042927 -0.1058193632443605 0.99259907567007755 -0.059576315272645931 -0.97152624381540209 -0.87317940698563201 -0.064088287905513991 0.48316706693395417 -11.098580880507757
0.4883485830686547 0.1184760487943291 0.86456872906491433 18.267089030287067 -0.10434003570803906 0.99156091026523929 -0.07694230424425344 -0.98999817408320379 -0.86638837617045772 -0.052634466806968566 0.49658916071604275 -11.147789070885112
0.50052296757685166 0.13176881625777304 0.85563645199937977 18.371290128463777 -0.10094497439351859 0.99048997771514968 -0.093486449234818275 -0.99084104588767052 -0.8598179290249498 -0.039580084738004596 0.50906438278412147 -11.207928568628679
0.50869335508783664 0.14446471757387969 0.84874084140318085 18.475539164468998 -0.10069100586005099 0.98903904874905102 -0.10799574708507528 -0.99431436381604676 -0.85503940951769664 -0.030523850115467873 0.51766388974483935 -11.250328267508511
0.51597965210628649 0.15134874973074716 0.84312428180382482 18.597744618568708 -0.10144968466936796 0.98813723875583859 -0.11529422736838443 -1.0324942510709045 -0.85057213691300837 -0.026045217198683246 0.52521299162179147 -11.298706110889777
0.52121357944363422 0.15574377291948055 0.8390949182305657 18.725196262568087 -0.1035444990375157 0.98748421454743873 -0.11896832661972624 -1.0808478952760989 -0.84712156230533076 -0.024875755595222215 0.53081659305351647 -11.359313172972373
0.52207138935719777 0.16731396088815317 0.83632978119074719 18.860121289604102 -0.10634971478159422 0.98568731400260212 -0.13080618173545661 -1.0469496549519979 -0.84624535601710638 -0.020653268657849073 0.5323929375125368 -11.411936402879826
0.51956840468149779 0.17140965965946728 0.83705878015354984 18.98894154854279 -0.11087162909222546 0.98491299839550772 -0.13286785711377552 -1.0798378337333587 -0.8472049071618738 -0.023772130047521555 0.53073414353501358 -11.440057112710818
0.51683063433058463 0.17381351274392021 0.83825709552920857 19.134090129771891 -0.11559918206922369 0.98437338339781211 -0.13283776256347582 -1.1003973978753372 -0.84824697141951055 -0.028247209518162824 0.52884702006541073 -11.492904918034982
0.5093703771243423 0.17663305772593249 0.84222478105704823 19.295792764016888 -0.11776328953492254 0.98380827312698094 -0.13510399462940278 -1.0673209394197922 -0.85245153911886362 -0.030365188049723889 0.52192368101915587 -11.528067499537578
0.50176289391289486 0.17483031706752356 0.84715309037164355 19.452593570098937 -0.1249548134987556 0.98373937292298586 -0.12900829719278442 -1.1084520459200782 -0.85593241139452603 -0.041124279874056882 0.51544980427699461 -11.565858435426344
0.49362621318839872 0.1718566999391721 0.85252474236194398 19.622767080979141 -0.13141321601882333 0.983764346804479 -0.12222224270543762 -1.1328832408758813 -0.8596881575948756 -0.051700915295323273 0.50819611081624205 -11.614012616737909
0.48035145927294876 0.17058474441366672 0.86032744960722518 19.782040357446611 -0.1380197617376564 0.98338431873265797 -0.11792297079274575 -1.1213915072094889 -0.86614838275218708 -0.06209771850905809 0.49591415830942009 -11.639727807112726
0.4708072809033893 0.16511376938351793 0.86664753355001456 19.980039485363754 -0.14577027895794017 0.98338766883630058 -0.10816523726794412 -1.1389885136504663 -0.87011006776205135 -0.075406471477405715 0.48705475466157377 -11.717977312356211
0.46049197968735556 0.15769585843299505 0.87354401885463162 20.170100351213542 -0.15180903202881818 0.98358581924635302 -0.097534373284262732 -1.1630745943076015 -0.87458627615467044 -0.08769807529564963 0.47687303672082904 -11.81177353978946
0.44499226466015418 0.14998794045124761 0.88288476151297379 20.361467989907911 -0.16008380873761721 0.98331804052094585 -0.086364375561370929 -1.1641606558410933 -0.88111012851554804 -0.10290407623238511 0.46157956250474752 -11.864971945987275
0.42974881398278486 0.13655004899221138 0.8925637461832151 20.567788111501258 -0.16510673722346469 0.98371680128482619 -0.071000142206700048 -1.1812365437954764 -0.88772502623493266 -0.11685606099032488 0.44529646170390114 -11.951043504041179
0.41258854154020752 0.12181310781041566 0.9027359869614664 20.777405460815451 -0.17333548941092888 0.98340987157329895 -0.053477402731074139 -1.2116764657821077 -0.89427372962667229 -0.13441202051065143 0.42685817930765479 -12.018890665406598
0.39412022625959753 0.108506523003823 0.91263113124564443 20.988169214676194 -0.18197527826910645 0.98255947546536671 -0.038234477531472161 -1.2152958556414226 -0.90086305582589243 -0.15100732312985421 0.4069920675015557 -12.084940395195646
0.37658362345095175 0.092389623555633987 0.92176403271542351 21.210962840020834 -0.18987118860210372 0.9815883465069295 -0.020814652065705524 -1.2290413561361879 -0.90671589061148383 -0.16717797540657164 0.38719222390381702 -12.171627453862556
0.35733605568554916 0.072841289020895858 0.93113108095523722 21.441810467798589 -0.19887930821144753 0.98002392983885622 -0.0003430867829148717 -1.2555072998131462 -0.91255573203636742 -0.18506010795679026 0.36468451073577413 -12.257230188250482
0.34022549937979185 0.047074812845214253 0.93916482662382506 21.691605471251137 -0.20761152738810879 0.9778605401620698 0.026195757090065403 -1.3173673928728149 -0.9171390643012366 -0.20389390866215992 0.3424663643967375 -12.353670380848245
0.32101194382561193 0.023966515965964011 0.9467718510991735 21.925948810913901 -0.21625789866483547 0.97512392301806283 0.048640066025168918 -1.3591701410007004 -0.92205414872792157 -0.22036093317626931 0.3182093743800013 -12.463237956417919
0.3010206017192234 0.0011007483724355057 0.95361700157537976 22.156654739810648 -0.22616116495094263 0.97155205305021197 0.070269023630264132 -1.3962468856749457 -0.92641120719075376 -0.23682355576871714 0.29270613014494962 -12.579817202934015
0.27934361603439384 -0.02655436267011662 0.95982394740077892 22.380106643114605 -0.23508153902799328 0.96730435150385308 0.095178577263690514 -1.4752785846673022 -0.93096928745746454 -0.25222441869274703 0.26396785491049224 -12.704394121913873
0.25812075322161521 -0.054490662787736524 0.96457474797200626 22.603406440081368 -0.24431245717705743 0.96227543537423121 0.11973892325990813 -1.5516295147540582 -0.93471123884567409 -0.26656472786977442 0.23507051246657595 -12.854739817630003
0.23753717516799522 -0.083088159823575883 0.96781839624505028 22.810429797333477 -0.25368861817717048 0.95645048199785432 0.1443764540824781 -1.6345338472043465 -0.93766634546653482 -0.27981928665337563 0.20611402522931088 -13.028729782881673
0.21675609444283805 -0.11362649478783293 0.96959053997247635 23.01679519488885 -0.26305826662281445 0.94966654389324145 0.17009939380040828 -1.7170371354157603 -0.94011549497031899 -0.29192888704630909 0.17595562231601336 -13.21880110969941
0.19863187344604238 -0.14744881093801554 0.96891910240446844 23.218659739190187 -0.2714615289675894 0.94166181433366514 0.19895141546721526 -1.821978644376008 -0.941729269557814 -0.30254235336361623 0.14701737067200848 -13.41876919043999
0.17848829902166274 -0.17799588737346861 0.96770831927316059 23.410538558896548 -0.28137374904434009 0.93319671200374954 0.22354576724716496 -1.9070041157021713 -0.94285244893413012 -0.31218802152472536 0.11648132363341068 -13.596190773428797
0.16249525296158818 -0.21401850078291718 0.9632192762230114 23.587296341460949 -0.29090443685885825 0.92241247539256244 0.25402723054034193 -2.0706414164610765 -0.94285200396498081 -0.32148298020703669 0.087628717076207563 -13.797564823154154
0.14436880949489739 -0.24557110125903794 0.95856793242391003 23.763215180472848 -0.30026503810767263 0.91216876582694284 0.27890688327818292 -2.1845410502358087 -0.94286719835575161 -0.32808989145686185 0.057952302703177416 -13.959091157286068
0.12685103539656528 -0.27782437585406311 0.95221973882088795 23.95538230055713 -0.30961005351997367 0.90092341735955495 0.30410296087433991 -2.2843673762518728 -0.94236427647602317 -0.33339257975318165 0.028265848427741713 -14.110895555155475
0.10874066404590621 -0.30892179456135488 0.94485067223760155 24.14954017489352 -0.31925153499744435 0.88928338914020133 0.32749581860092941 -2.3625043663903549 -0.94141060403239096 -0.3372571402421442 -0.0019224908477781799 -14.242318265817937
0.092699883860737797 -0.34114564289674476 0.93542844828707916 24.348362416880729 -0.32951691574277731 0.87602442440448858 0.35213606757353311 -2.4487479152686493 -0.93958785314177695 -0.34088246974485387 -0.031205897664956517 -14.368683832391985
0.076788054673546213 -0.36809917398742892 0.9266102701617468 24.539349852104333 -0.33821625425019225 0.86463424621551488 0.37150691195763469 -2.4893676047235407 -0.93793035989908236 -0.34192194779086782 -0.058103542047600598 -14.507395760993901
0.06107220566547078 -0.39426657047255537 0.9169645887944442 24.727915426572107 -0.34634734045207766 0.85322826669702734 0.38992953808471476 -2.5231618680049124 -0.93611628842624428 -0.3414021035626405 -0.084444645929017126 -14.634681710731169
0.047596639865850499 -0.41826809225129324 0.90707572058673491 24.903206947007554 -0.35424211323227406 0.8420110522169878 0.40685367536397382 -2.5591410273556652 -0.93394169255163539 -0.34068928798672943 -0.10809127608129199 -14.770185705260705
0.036733081415133206 -0.44514038843186338 0.89470705558662 25.08745636135513 -0.36193173258341022 0.82860222817893592 0.42711095561466639 -2.6281798847474991 -0.93148059651230541 -0.33951197628895585 -0.13067331891953904 -14.892970165501591
0.027161146140340153 -0.46905969421295962 0.88274870456160281 25.266649565739559 -0.36823171792511905 0.81628207840635514 0.44507187103491136 -2.6823339381674289 -0.92933722300048793 -0.33714473410902623 -0.1505515001861335 -15.019266004195744
0.017305455627971145 -0.48953295325896123 0.87181305844720447 25.437948447093078 -0.37536697818656833 0.80498310516953286 0.45945819404892679 -2.7205265203075948 -0.92671470954797808 -0.33520096668293875 -0.16982390597978503 -15.137260378609424
0.0083152798619902102 -0.50658894473242433 0.86214760754508046 25.604377693878146 -0.38164326597423365 0.79530649255806352 0.47099469257255044 -2.7404714199271942 -0.92427229410890477 -0.33294928137762919 -0.18672306331244481 -15.247541737754227
0.0020856280226223545 -0.52367844247170159 0.85191345748624259 25.770441462721493 -0.38598499389058821 0.78547431063199991 0.48378269070778795 -2.7821340845494138 -0.92250270170175319 -0.32983480141973703 -0.20049381318476844 -15.363859441731927
-0.0051733430640110711 -0.54113041720323796 0.8409227717804959 25.92978439331576 -0.39098915729211137 0.77508442685027523 0.49635834850860017 -2.83954533549467 -0.92038074480159948 -0.32622385386668162 -0.21558590345109163 -15.450777658022574
-0.0097879510993141849 -0.553143268193235 0.83302864348459504 26.085738417967455 -0.39528098017432345 0.76735718460061864 0.50489196661685787 -2.8701641633497452 -0.91850810705496966 -0.32433852083019538 -0.22615786782682901 -15.549381678950667
-0.016165323972466838 -0.55906034727994891 0.82896936638218932 26.226561146058124 -0.39021796340240261 0.76686005535367929 0.50956412407177298 -2.8823387522251127 -0.92058059035531847 -0.3152414687222716 -0.23055193137095764 -15.667757331666436
-0.020940471320209264 -0.56502801226321542 0.82480594203653013 26.368997817191943 -0.38766347474564355 0.7650329972621549 0.51423880002214695 -2.9056190912417668 -0.92156308900097661 -0.3089787346371326 -0.23506087410076404 -15.76351058800455
-0.023598257754585683 -0.57071851225899317 0.82080661668618971 26.505769554421455 -0.38721948721292426 0.76216506061518607 0.5188116123411366 -2.9432966778294944 -0.92168551629799855 -0.30558926706010342 -0.23897909721178712 -15.845993384010887
-0.023714088802105238 -0.5722598695509753 0.81972939662658595 26.637956587557465 -0.38624523694500917 0.76153514084677099 0.52046022537056791 -2.966117165830763 -0.92209124219329808 -0.30427433502842371 -0.23909176086480066 -15.933836657438764
-0.021606807836330733 -0.57261202836679292 0.81954170780064106 26.767344528083772 -0.38711325664685187 0.76058088122912659 0.52121017798676372 -2.990338732551693 -0.92177897154545285 -0.30599377130652916 -0.23809943204093353 -16.010074772611379
-0.016325968580123806 -0.57207377760415634 0.8200396671671627 26.892809280992484 -0.38879817963257446 0.75923634368265147 0.52191584565502047 -3.0206918828510325 -0.9211782879900704 -0.3103091481234625 -0.2348165120398773 -16.081040401208931
-0.0079574897271090794 -0.56793184738764224 0.82303711646565691 27.007447261616655 -0.38928196945794696 0.75989394334528881 0.52059652622937203 -3.0388315751694925 -0.92108426683566014 -0.31625086812530168 -0.2271324763168141 -16.163651798011475
0.0025737022013638811 -0.56232376686428454 0.8269131497784642 27.123104248061047 -0.39100965716722891 0.7605159337386056 0.51838881404951531 -3.0568069263845272 -0.92038297684113268 -0.32466520563383233 -0.21791668176575341 -16.233626230817816
0.015890499892821208 -0.55523538568892072 0.83154143522258239 27.231528397368987 -0.39243153318830637 0.76145190699678866 0.51593457442822066 -3.0768745597801712 -0.91964394401998428 -0.33452153863365719 -0.20579202223978266 -16.307620973233917
0.029230644978766263 -0.54888865130419251 0.83538423366950754 27.327062651029678 -0.38968917469931719 0.76335643316812707 0.51519831430527785 -3.1265230536530249 -0.92048243683206188 -0.34059977159460836 -0.19158256463835732 -16.382251916626462
0.042848783263689239 -0.54021895481884408 0.84043290191856335 27.432807523561021 -0.38509376690386377 0.76727481022748933 0.5128276087362722 -3.1525646579298843 -0.9218821901222598 -0.34561951108814165 -0.17515816021693076 -16.44573576870949
0.057474846434538929 -0.5291334977580735 0.84658985558393807 27.529090116352414 -0.38060797413350489 0.77233526596032576 0.50856249073243909 -3.1716933863917793 -0.92294865082154798 -0.35144840091299273 -0.15700257782082727 -16.503739879963941
0.075200990472939266 -0.51626639359539239 0.85312005126822354 27.625935873148538 -0.3752042237882538 0.77801926684319833 0.50389265808525752 -3.1902621896832866 -0.92388668216580705 -0.35798747361434258 -0.13519751200328178 -16.563210144775596
0.095605177547289033 -0.50351425481975653 0.85868099153262789 27.72088584267145 -0.37012820801911134 0.78280010199323735 0.50022905748060942 -3.2169534609727521 -0.92404802886793347 -0.36564654451079198 -0.11152508611341516 -16.618654980148335
0.11958631027056388 -0.48785508901265556 0.86469447004148603 27.807273388199086 -0.36392350433329018 0.78878438071926471 0.49535732933621124 -3.2382619002186841 -0.92372008605943512 -0.37392059699591285 -0.083214119911046325 -16.684632788916009
0.1437631374367031 -0.47043255017220081 0.87064652761774441 27.889841125039066 -0.35834331159447314 0.79533455369771855 0.48891003132473904 -3.2474697631342901 -0.92245446031219469 -0.38227759996229277 -0.054236567159135607 -16.733333162237749
0.17184717263735716 -0.45221045923426312 0.87519954856917237 27.971423246892282 -0.35206271795244065 0.80155268371918531 0.48328577244784665 -3.2654389246717561 -0.92006542804546598 -0.39117642539103559 -0.021461880947508227 -16.791983558222597
0.20241951028907779 -0.43360848763048687 0.87807176318859725 28.050496139301163 -0.34581531231282414 0.80721908522185715 0.47833996093110603 -3.2846428921196931 -0.91620855247280575 -0.400476001663508 0.013448437355177534 -16.842371399660188
0.23386863373112265 -0.41363707933691701 0.87989194152143679 28.118964160709993 -0.34035183648491357 0.81289841692837606 0.47260638078287392 -3.3025991000773467 -0.91075028935383007 -0.41000064677139864 0.049329302538656195 -16.883971990572942
0.26696578166678364 -0.39163817364160453 0.88053893290740526 28.182903362955315 -0.33592063443261727 0.81857831148158045 0.46592582600061205 -3.3116642719545024 -0.90326441244047218 -0.42017744932187062 0.086973055022436685 -16.914841331730027
0.30362464327135219 -0.36898078999492284 0.87844479201203474 28.240051884193381 -0.32954515287998604 0.82439792915305654 0.46018262311984215 -3.3247803454267859 -0.89398661523070411 -0.42921000806467074 0.12871169630408341 -16.963001708911854
0.34270404333767235 -0.34736699468250709 0.87286316779049278 28.307725441893805 -0.32256023481009677 0.829134323476173 0.4566083316727414 -3.346521069630191 -0.88233147603339301 -0.4380324698455037 0.17210090575526293 -17.00018878054362
0.38157201972276056 -0.32359797244751487 0.86584475859853205 28.354905799687113 -0.3166493518682415 0.83427828763553991 0.45134568430564814 -3.3642679583811432 -0.86841003087603474 -0.44639006598239683 0.21587016298255657 -17.034439725966205
0.42139081670114042 -0.29888358361480166 0.85621164617489287 28.40425081920494 -0.3105891973829909 0.83946962765347322 0.44589807660083991 -3.3745013895769755 -0.85203528686841101 -0.45382744263972497 0.26091477964682608 -17.066741539924642
0.46193926660750517 -0.27534880086193253 0.84308668108920826 28.450233046367693 -0.30413921654756199 0.8437690503585199 0.4422138923811833 -3.3929560087610149 -0.83313351326420404 -0.46069168379837006 0.3060256877372669 -17.099092388568639
0.50256748970424514 -0.25037988244242965 0.82748766320742739 28.492149472603661 -0.29801033363372703 0.84831061873861757 0.43767446256643583 -3.4039918002438125 -0.8115514520595033 -0.46656083054990682 0.35171754584708015 -17.13109404865143
0.54314237782660202 -0.22648383040891717 0.80851804678199335 28.541207205499557 -0.28991200427230157 0.85312642633409363 0.43373532305916168 -3.411762318939092 -0.78800214922783163 -0.46997912214663662 0.39770873457669376 -17.16782929022289
0.58120238153731352 -0.2023687811035223 0.78819456235756291 28.573133097666243 -0.28390036321898354 0.8573028157539121 0.42945601155944146 -3.4219411058153866 -0.76262990726792546 -0.47336957922440326 0.44081386775534548 -17.192897192321279
0.61789048677104152 -0.18013465804156834 0.76535145608412658 28.606167009251699 -0.27653807616276588 0.86142203408635443 0.42600325306589387 -3.4293569770413819 -0.73602855840656201 -0.47487217665680831 0.48245038817186536 -17.217223532486088
0.65239450835845125 -0.1577823735411325 0.74127331535909291 28.630811100833942 -0.26985345021678708 0.86562513588546519 0.42174902433718331 -3.4326330759718466 -0.70820937643456172 -0.4751819090864009 0.522150967065247 -17.240625441073384
0.68492519487207482 -0.13675760063328279 0.71566391280997099 28.649360808510387 -0.26328513140191639 0.86940364778318902 0.41811270825455682 -3.4386707522954643 -0.67938090715895583 -0.47479959550352613 0.55947022002744884 -17.259495649794605
0.7140117401481948 -0.11935647915195627 0.68988496563919655 28.660163658825397 -0.25614022608923098 0.87252092033026729 0.41605219403937876 -3.4485783671664771 -0.65159759016551344 -0.47377344213291639 0.59241818508552191 -17.266859551051251
0.74152713911568147 -0.10132580138768711 0.6632273998622612 28.672707995263558 -0.24875126185731078 0.87655532994042085 0.41203587620186127 -3.4437237699239938 -0.62310537766842322 -0.47051443710706997 0.62478464513343213 -17.281295298868578
0.76688501424561606 -0.087495708838720321 0.63579232132852248 28.685152095843222 -0.23981170332258989 0.87983681308209616 0.41033831078155347 -3.4503757261938444 -0.59529633114527047 -0.46715274084645003 0.65375117196424992 -17.292749274575794
0.78888232294774241 -0.075706908058854466 0.60986321795361786 28.688904020347159 -0.2312363771662824 0.88288383356614342 0.40871245919663757 -3.4514289406716339 -0.56938073238878284 -0.46344859531529331 0.6789852583706768 -17.296635260669792
0.80982026082225689 -0.066200327083734051 0.5829310952898108 28.697332279935626 -0.22094911518202617 0.88604071221207492 0.40757004895232285 -3.4580049821555052 -0.5434819533913261 -0.45885659306228321 0.70290681696880897 -17.31263622582679
0.82673331783945492 -0.060514984457477737 0.55932991859034153 28.6984345967767 -0.21000854055054077 0.88913859609125856 0.40660665247472 -3.4565935907279526 -0.52192761382206898 -0.45361932674542987 0.72237183799828764 -17.314509162999421
0.84103802374876657 -0.058245047129311049 0.53783134632863627 28.691430066716823 -0.19865451445176752 0.89147730825521909 0.40719110102501205 -3.4625320671572446 -0.50318130579017106 -0.4493058238560162 0.73819567199514591 -17.311938936866763
0.85293652722657431 -0.060443605790636457 0.51850347254545703 28.693725072081516 -0.18492029544929103 0.89387785255590368 0.40839548117112312 -3.46753732299321 -0.48816366605229672 -0.44421723877971281 0.75124382188295524 -17.309263894439226
0.86264095389502216 -0.064581245023081199 0.50167703500793714 28.701555810115789 -0.17065764447744286 0.8965005210704976 0.40885545624552572 -3.4665684364746316 -0.47615811769253391 -0.43831048186370702 0.76233678151057893 -17.317137672632224
0.86942997348571616 -0.072554166114824264 0.4886997178063533 28.70752846072304 -0.15609049678380529 0.89815515266423118 0.41103902315531615 -3.4684753699580444 -0.46875076321901787 -0.43365102873402034 0.76955799473432429 -17.319659878313626
0.87340757964733262 -0.086433581557513503 0.47925821411190134 28.72322115866428 -0.13808923114739921 0.89977446225466806 0.41392907763944664 -3.4729146508137432 -0.46700167457484404 -0.42770919215451003 0.7739342884837368 -17.323482363826926
0.87584191702989211 -0.10151884673800365 0.47179959742499716 28.741210494074402 -0.12036016166083446 0.90078189887527382 0.41725939431441644 -3.4739723741900019 -0.46734822975847617 -0.42223914363265946 0.77672372033173875 -17.338950414230673
0.87569901791407723 -0.11960988781966134 0.46780840603829338 28.760626392797494 -0.10215089723163714 0.90101416699200898 0.42159063684392667 -3.4805844045448544 -0.47192841005717412 -0.41697355505531064 0.77679896380301883 -17.351095719562206
0.87291552778849091 -0.13937001926706391 0.46754088492370233 28.773038162551124 -0.084605453619312293 0.90056362012467295 0.42641187052638924 -3.4840469382446235 -0.48047934249415014 -0.41177805167036524 0.77432450406722064 -17.360407997074311
0.86847416985399284 -0.16225106512293941 0.46843057987591891 28.797956514352855 -0.065417447931754025 0.89914966834949528 0.43272442895344954 -3.4919395002900622 -0.49139920004260712 -0.40645352227956449 0.77027421118976935 -17.375457407007445
0.86145964644030204 -0.18711161101220125 0.47209800103301497 28.820954992895214 -0.046256159087963704 0.89686876605552424 0.43987132689056968 -3.4984294070704758 -0.50571498425632888 -0.40076883798326951 0.76396118566335625 -17.394047876721324
0.85220190876526614 -0.21491249672623614 0.47703723696136408 28.852619530059194 -0.025891495049986141 0.89330638032973542 0.44870184014138242 -3.5114179563562811 -0.52257204018289538 -0.39473577189441766 0.75571299658402369 -17.408358406418429
0.84093504567891475 -0.24335291056997121 0.48332971134219049 28.887128628407787 -0.0059651787460974961 0.88895286940389828 0.45795983734504808 -3.5198510790388284 -0.54110319310786614 -0.38799762485832229 0.74609997822863661 -17.427506270247793
0.82753493859099492 -0.2724768574354387 0.49085872465843566 28.924669026367535 0.013567256610343709 0.88377610025390541 0.46771330339008754 -3.5271399776178409 -0.56125026054271676 -0.38038949352224044 0.73505236429701115 -17.446699465257325
0.81245242240936677 -0.30254836830761717 0.49838293124418948 28.971221905256471 0.03271544325907403 0.87712950647082899 0.47913831891281899 -3.5397544889511487 -0.58210889109642916 -0.37297226936146122 0.72252399627545061 -17.468806573647811
0.79562547818084828 -0.33278630541617044 0.5061949954285917 29.018208828106903 0.051521599062156039 0.86974134591654884 0.49081107977851179 -3.5485695063651539 -0.60359392251709687 -0.36442182444349508 0.70913405683953679 -17.495450757767856
0.77634545450622039 -0.36244696452716929 0.51567425102730413 29.058533614730226 0.067093690523965965 0.86100276936878606 0.50415540047802265 -3.5681861172474445 -0.62672655277992206 -0.35680026491627215 0.6927534907860613 -17.515555865650885
0.75571693276049678 -0.39135141013594527 0.52510569538300955 29.10024298399345 0.082025172440920682 0.85206056013383868 0.51697647233742317 -3.5833819201936339 -0.649741324393873 -0.34761598877067834 0.67601725993193362 -17.540126565836903
0.73438036682302066 -0.42065825684073799 0.53266509907877146 29.162592230623449 0.097236365972839689 0.8418963234616641 0.5308066217316143 -3.5933567448912158 -0.67173697676790256 -0.33801954306436893 0.65917541106239219 -17.570560369636105
0.7121246851248374 -0.44862615902215275 0.54001203901105888 29.219492959310035 0.1108194118271501 0.83137830239244037 0.54454492585400938 -3.6071684464662419 -0.69325139076538156 -0.32794006731732878 0.64176149888394685 -17.608071967083422
0.69004758214801432 -0.47534190692611289 0.54578787627752068 29.286634892128987 0.12411439779128833 0.82064239925932747 0.55780074291703896 -3.6149155635639145 -0.71304274109802523 -0.31716892038429828 0.62527907794014137 -17.652661233502194
0.66685229856745232 -0.49931989048939923 0.5531615124508934 29.343877733823469 0.13302822038238149 0.81015185274559065 0.57092685002089671 -3.6205937448987053 -0.73321995640953619 -0.30713779066494123 0.60667526162540764 -17.687083797118696
0.64255020683755038 -0.52308968749139007 0.55991643174064931 29.405117289967034 0.13992829421153552 0.79854548697227834 0.5854444275208851 -3.6346816989597905 -0.75335868228359282 -0.29782928680095733 0.58630061551354506 -17.714816037584619
0.61903866433331345 -0.54587794195967632 0.56463121109472481 29.476256292618853 0.14674652008072084 0.7866807706423451 0.59966559343167658 -3.6483772191240305 -0.77152873627923024 -0.28835852264747514 0.56709150188654722 -17.753616728277059
0.6036102494778377 -0.5586937424770303 0.56878464188329869 29.542688475251076 0.14188229087214077 0.77729212978109263 0.61293259051648274 -3.65826668999531 -0.78455342855804011 -0.28927192587145889 0.54845024445289603 -17.793422842007306
0.58855256126648425 -0.57212840169289025 0.5712048446949658 29.61567157812685 0.13771363083537053 0.76715741935050341 0.62650175563809485 -3.6735799724326075 -0.79664348268770802 -0.29006651980505199 0.53030234355449035 -17.838207823697363
0.57309624366586864 -0.58478493091061168 0.57409692568062287 29.689004322350012 0.13349838121977362 0.75781892747009649 0.6386616125772494 -3.6872284200163401 -0.80854120346941605 -0.28937356089999616 0.51237102235029341 -17.880606581014149
0.55918691902564954 -0.59716338790475587 0.57507032416628445 29.770535130646081 0.12917023496371774 0.74794221237073333 0.65107411049233921 -3.7039967899729351 -0.81891699212436631 -0.28979015701035615 0.49537523647220549 -17.925631682422708
0.54479717331584077 -0.60935486947561879 0.57609259932186385 29.854875514459472 0.12572634994937004 0.73858513428154082 0.66233291051156973 -3.7204053049768606 -0.82908921406292491 -0.28840707769517404 0.47899105697272837 -17.973610932848832
0.53168985984751083 -0.62063129219638968 0.57630086940935121 29.943334239433558 0.12306249995111558 0.72984252254789617 0.67244740566583006 -3.7377205505798043 -0.83795078258876055 -0.28661244115977141 0.46442630688982367 -18.028676904885891
0.51908134676104067 -0.63083205241171536 0.57671958272176527 30.03248522874544 0.12003399623552599 0.72185841822953445 0.68155136547356732 -3.755249650613012 -0.84625433245122827 -0.28455464445546708 0.45042453210981837 -18.084621072652808
0.50647090454136923 -0.64053261514694637 0.57723928468708818 30.124695083168554 0.11746941223499036 0.71446620447647402 0.68973834158334801 -3.7736326360805181 -0.85421786450659842 -0.28152444226744378 0.43709933466409168 -18.139199908615261
0.49499626912762174 -0.64857054977672557 0.57821703149600423 30.220107679401771 0.11512396966146174 0.70854973945482724 0.69620667788228185 -3.7888271546055456 -0.86123467484717653 -0.27805306810177899 0.42539549381730124 -18.19708526782318
0.48395085535867388 -0.65464759647929449 0.58071343537194908 30.310087413853811 0.11189922765383477 0.70444676760007741 0.7008803852785993 -3.8029216773910584 -0.86791136209182285 -0.27421027705336887 0.41417217616618274 -18.252824744739293
0.4742682764813505 -0.65987283731769941 0.58278421434841399 30.410737453354546 0.10953340557435301 0.70105253516166677 0.70464727063026655 -3.8178176234527994 -0.87353994470012275 -0.2703575068565488 0.4047650966914238 -18.3131850037724
0.46498751055901333 -0.66473666612993731 0.5847322290814726 30.515532417631036 0.10947677070192766 0.69858165352283086 0.7071057276235182 -3.8359556818863809 -0.87852231144166681 -0.26478073582450007 0.39760496756885122 -18.377716263916597
0.45593926930421158 -0.668783238404002 0.58723790982547897 30.622697575835044 0.1090663510124365 0.69682163419405962 0.70890347805321996 -3.8607299493882121 -0.88330284375358692 -0.25916903778996409 0.39065009416081098 -18.438647556982335
0.44804642065167322 -0.67107521432117323 0.59068812554935934 30.731523487734872 0.10942239894282418 0.6969135343203936 0.70875825518342661 -3.8844745095083582 -0.887288647256811 -0.25292208761760859 0.38568027437805197 -18.502630478052179
0.44213689783464116 -0.67122338678397342 0.59495724939478867 30.844535954205849 0.11108302186132125 0.69918350945343644 0.70625985470118124 -3.9025272617094635 -0.89004242922869559 -0.24617389208165183 0.38369635003483404 -18.575391646903206
0.43679147783434757 -0.6700335206111645 0.60022353015247154 30.95837959555729 0.11280429475847176 0.70276972914207136 0.70241718293733635 -3.9270171772758071 -0.89246198573123026 -0.23910204737514859 0.38254648732628793 -18.645907696099382
0.43232558610080096 -0.66713608463937513 0.60664984313411285 31.075120987519725 0.11384375783353745 0.70777059002598786 0.69720900072833547 -3.9536004429880709 -0.89450220033543693 -0.23235799204311811 0.38193661401959422 -18.712667488188885
0.43008206358085499 -0.66184496053997666 0.6139956569829057 31.194812901245122 0.11576670616179853 0.71492567438687993 0.68955010684279683 -3.9759241711578248 -0.89533652239282691 -0.22548287808678852 0.38409632041874242 -18.782959389428814
0.42595293846418414 -0.65526368187638795 0.62385383017781271 31.296391019522098 0.119197431095203 0.72416845476098568 0.67924371292592078 -3.9917615807318954 -0.89685900041981603 -0.2149640815180206 0.3865674288181592 -18.848158470835596
0.42686967069486936 -0.64560529964092284 0.63322672189067319 31.421938312575222 0.12371764500264576 0.7353379265604828 0.66631229770786105 -4.0142488483379726 -0.89581037533389452 -0.20608719231743705 0.39376622583312382 -18.927167077853579
0.43267480750201015 -0.63212351200914907 0.64281597406903157 31.551537105590945 0.1249064088202932 0.7481665323508343 0.65164808670458463 -4.0398240172968984 -0.89285547542069565 -0.20165987562067794 0.40266908818027791 -19.00798103514601
0.43937202229513217 -0.6159791133640945 0.65385163295924409 31.679835528572344 0.1257888051822115 0.76288939578347592 0.63417422392585054 -4.0640973179647606 -0.88945455337252488 -0.19639119557736581 0.41267553330016471 -19.086978871761488
0.44717111702684531 -0.59885930547252264 0.66438356718535063 31.814886363954511 0.12857136869539348 0.77810792984979282 0.61483123916784121 -4.090132400039395 -0.8851595309596777 -0.18951406742993468 0.42494355271895301 -19.171208429203016
0.45644774003231969 -0.57919111831835712 0.67542069044449549 31.94894691448885 0.13098129745111567 0.79458294225518633 0.59285904530091615 -4.1165011249104246 -0.88005645292640766 -0.18214169302557351 0.43854879241011202 -19.256770311687919
0.46600881060285348 -0.55784417518240126 0.68676463555979672 32.085270824600073 0.13251549443140223 0.81144811500813507 0.56920260047310522 -4.1439140566798685 -0.87480022415184322 -0.17424647159931489 0.45206496763084214 -19.340440859884811
0.4769779832256702 -0.53587609145969395 0.69665545151089869 32.230600387101248 0.13506725283339846 0.82790654717298318 0.54435979495196729 -4.174385261241631 -0.86847500869628436 -0.16555229913834088 0.46727250670245757 -19.430501629201828
0.48846785647047464 -0.51181039216854884 0.70671725298270183 32.377375967668307 0.13710336734772621 0.84487252567851057 0.51710064979221315 -4.1986399334993987 -0.86174347682883812 -0.15569373083682866 0.48286399981884642 -19.523187864887159
0.50056146997100937 -0.48828650776349281 0.71485278282776166 32.531406495234947 0.14012253677397743 0.86056037026389598 0.48969533775531449 -4.230871833424624 -0.85428560181504165 -0.14495563275498707 0.49918330807841893 -19.624897496374402
0.51257606334289296 -0.46346620955572521 0.7228173018736832 32.689711336323136 0.14241356618501982 0.87604358527010684 0.46072335828950767 -4.2594475923977013 -0.84674916914890896 -0.13321677562208784 0.51504284796362987 -19.726747233045614
0.52408372705969852 -0.43834569390064565 0.73019812357330605 32.843912861453894 0.14375764720731796 0.89060417458169394 0.43146024508299263 -4.291350219000976 -0.83944623764755288 -0.12114972908108891 0.52976670076831656 -19.830765306968388
0.53562500160728588 -0.41335533623171522 0.73637166136534671 33.006081703258147 0.14457325342937832 0.90401947104586378 0.40230258557807153 -4.3216809457862215 -0.83198824032917673 -0.1090236762300853 0.54397555641337214 -19.935750521718749
0.54810074457628832 -0.38843936067896245 0.74074316525381279 33.178358712233738 0.14534234007622923 0.91637806367872299 0.37299711606070102 -4.3535872210349478 -0.82368754875625272 -0.09677865200421637 0.55872418467448026 -20.049384689866582
0.55974603135335599 -0.3638186592207896 0.7445269394635462 33.353802594281419 0.1453262320289351 0.92764040026712402 0.34404007626513811 -4.3853146005643797 -0.81582146739862149 -0.084375772559644846 0.57211542745893795 -20.160860484957816
0.56980851255453779 -0.34129617761524345 0.74755279289533083 33.531271431067744 0.14526630170886901 0.93718506163437454 0.31714643595222913 -4.4225027975639035 -0.80883617661935292 -0.072118509375871873 0.58359485946775558 -20.274777139504486
0.58086148982772856 -0.32186863323996001 0.74766336848300374 33.725377501888325 0.1459639228778265 0.94480066319249723 0.2933363940071762 -4.4624788190138194 -0.80080863060610652 -0.061255936587872858 0.59577952917124888 -20.394858364125096
0.59097184109909451 -0.30342934431409657 0.74745094557239267 33.926198370371189 0.14644661759275601 0.95152078724800837 0.27048397296433552 -4.5012077795759842 -0.79328788672435147 -0.050386748694946984 0.60675819263720254 -20.520055339387913
0.59991238683551629 -0.28806730509863859 0.74640629408822767 34.130856509817221 0.14755382812328965 0.95676440281476316 0.25065862305668324 -4.5447811964613587 -0.78634152626417786 -0.040238106810802927 0.61648025015632557 -20.646028019067188
0.60769580821608082 -0.27439048622193168 0.74526214565580629 34.339274268911076 0.14753722338467795 0.96108667427351346 0.23354907888882157 -4.5872572665950715 -0.78034516234326978 -0.03197288858969858 0.62453115374870349 -20.772372724917286
0.61411717282775913 -0.26439238870154474 0.74361062582155957 34.557331752308045 0.14807001520518945 0.96408316249462933 0.2204969985997294 -4.6319319649281043 -0.77520021196796318 -0.025304556724933407 0.63120861113722093 -20.899420243367917
0.61962166130677576 -0.2558443270402454 0.74203280059627785 34.778538662219134 0.14775812608781771 0.96650293646971153 0.20985616495695633 -4.6720415102774115 -0.77086739003180571 -0.020390049454296809 0.63666923348690529 -21.029966022996568
0.62443174235120902 -0.25497392612713193 0.73829079375240036 35.008977492885386 0.15028933976611167 0.96677743075163491 0.20677164636848552 -4.7302241470588111 -0.76648425521787444 -0.018157543462254708 0.64200637856528864 -21.172684799662896
0.6271949324529148 -0.2545834860120848 0.73607999929037482 35.24515032763297 0.15196942910411904 0.9669071314353701 0.204928992085532 -4.7802665094388921 -0.76389253781088329 -0.016668768081610514 0.64512816001744155 -21.308797444051088
0.62867516861612704 -0.257150153093964 0.7339218835334147 35.488743763966447 0.15342768130263518 0.9662111186194563 0.20711354582990463 -4.833547062602042 -0.76238276408611261 -0.017603210499504762 0.64688688965268792 -21.447188737699985
0.62843439506285903 -0.26255545837825706 0.73221229324408488 35.730925099098471 0.15507202820653285 0.96470537019104574 0.21282907412397783 -4.8926472128425633 -0.76224856652531048 -0.020203465057773564 0.64696904317731363 -21.587038523658691
0.62691833811424003 -0.27023414796560669 0.73071670475594164 35.979608275974513 0.15744060800041276 0.96250952347084107 0.22087976860816136 -4.9512365332946704 -0.76301104335949144 -0.023429095186052868 0.64596069943164747 -21.726935419833097
0.623764571294672 -0.28040581340851339 0.7295823047499741 36.236155571605345 0.16043810429640779 0.95949008619403731 0.2315996312284066 -5.006481886737987 -0.7649688714499101 -0.027410842782901266 0.64348369941326566 -21.87147326059204
0.62057727107192662 -0.29197450908662709 0.72776008180755802 36.488088353614479 0.16183632669048256 0.95580183762622117 0.24546252372545599 -5.0645895343044653 -0.76726322340657771 -0.034550444772271198 0.64040097811744967 -22.011432565302638
0.6164389487545876 -0.30640341955884171 0.72534127618727695 36.744148497728304 0.1648409180948634 0.95098735187036609 0.26163051867897785 -5.1179382635071908 -0.76995486502780253 -0.041713319997776027 0.63673346445336265 -22.141936819959387
0.61164908666668316 -0.31979678314236826 0.72361275021354177 36.980857911948412 0.16624733329088218 0.94619122141313183 0.27764004879411042 -5.1698616334485576 -0.77346442643051327 -0.04951959220872848 0.63190235878179668 -22.277173867389237
0.60845183971878114 -0.33685106068867809 0.71855251836991241 37.264189701992898 0.17068930105452929 0.93980215001069711 0.29603560823115094 -5.1882452129856995 -0.77501711029392573 -0.057474183318980014 0.62932121925410189 -22.392135034437988
0.6016668259358503 -0.35345231518754866 0.71628799477363936 37.49784917726894 0.17143086972189472 0.93300894542837509 0.31639495042908988 -5.2402835049577385 -0.78013363436957017 -0.067570471651404354 0.62195316856346405 -22.503382217269809
0.59439683976582403 -0.3725986674501095 0.71264481327713614 37.733375722837771 0.17313856021547319 0.9246961989934307 0.33905748558852761 -5.2966341347030124 -0.78531231738902096 -0.078148401016939206 0.61414769524568058 -22.611425225888752
0.58686562357318117 -0.39128695355927773 0.70886053624275147 37.966695678722878 0.17418491090908514 0.91599097951004183 0.36141408698033384 -5.3419580468178367 -0.79072647399695395 -0.088628694171435679 0.6057199005231797 -22.709467093209593
0.57857725688747508 -0.40997195134198711 0.70510379159766834 38.196045335867453 0.17342357374231276 0.90656034245239869 0.38480203944760233 -5.3801893238511775 -0.79697717776797683 -0.1003560890301772 0.59561399707491591 -22.788849182055767
0.56973898122943745 -0.43059253254400981 0.69999111721862506 38.434271424880208 0.17223720755307131 0.89539731888508545 0.41060685048805612 -5.4070860416040727 -0.80357441323250411 -0.1133742133412025 0.5843068116557435 -22.850607457748275
0.55921083100245961 -0.45100392895722086 0.69561390336499795 38.652657264862505 0.17292720279065374 0.88407465161853493 0.43417530203889565 -5.391881473484827 -0.81078938635414977 -0.12250496492271756 0.57237496848197777 -22.922488161348909
0.54881505392752539 -0.46970478340756128 0.6915052082425579 38.857861960996594 0.17198151536798334 0.87296149474360751 0.45646531858043576 -5.3340884746778627 -0.81806136380729988 -0.13158892483435894 0.55987495024038891 -22.99094591560204
0.53855029310361036 -0.48940570967738262 0.68589039440219068 39.055186531276213 0.17011367840231681 0.86041397233632799 0.48036354215203902 -5.2458372292770967 -0.82524233908497957 -0.14202058844969653 0.54663080249648699 -23.053331490092692
0.52854019890759618 -0.50948404905095168 0.6790222838032387 39.238274592846984 0.16699878018372249 0.84664924040430112 0.50526871181577104 -5.1445895176189893 -0.83232004995426323 -0.15365893233218625 0.53257137264282739 -23.113773968166594
0.51875448450721384 -0.52915531614598077 0.67148226796997557 39.408749678046107 0.16412270097439227 0.83246048917285753 0.52921949415243286 -5.0348722053965789 -0.83902176600403233 -0.1643295024045707 0.51868901165432557 -23.190839141294891
0.50562731972086761 -0.55000533824324938 0.66470680864259279 39.574810972069471 0.16065432745472311 0.81699708310750918 0.55381039468747095 -4.9190071935940525 -0.84766219723540948 -0.17323364020233073 0.50145678306339359 -23.266001321299107
0.49566130376291295 -0.56679457427469992 0.65807581821915551 39.717876307732837 0.15728685190285827 0.80375266599895046 0.57379656509782972 -4.8075314437339927 -0.85415497315799649 -0.18090207978998285 0.48753842859524521 -23.366367787108278
0.48579941941629323 -0.58292331504542005 0.65130586737050866 39.854678775757023 0.15292523511726158 0.79033144935163979 0.59328751261935952 -4.7014314359678959 -0.86058863376128947 -0.18861762627653467 0.47308624425011847 -23.456281112473395
0.47642004970702301 -0.59935473968679243 0.64327119650434772 39.990564374732386 0.14820307134387897 0.77591548774652108 0.61318105443606086 -4.6061127827467372 -0.86663705545135727 -0.19679698140483665 0.45848790848674026 -23.546807578419656
0.46599743744844202 -0.61485864116366762 0.63623520782636178 40.117121746851346 0.14263148189838087 0.76188205090269978 0.63181642973554275 -4.514345535597089 -0.87321397644732945 -0.20367766666638826 0.44273328250582022 -23.624949968428758
0.4574623873190834 -0.62768985158559121 0.62986793409792152 40.235615197254546 0.13704449186545323 0.7496340660458225 0.64750874455326646 -4.4218377756440601 -0.87860512827871939 -0.20989096512252747 0.42895082622868241 -23.704700947318841
0.45007693698696372 -0.64005546155520676 0.62270358672950021 40.358922620134173 0.13196600754528645 0.73734109409914739 0.66250515756877681 -4.3431020228959145 -0.8831849883489814 -0.21600258583179882 0.41632578501575701 -23.786931824485457
0.44428889513389536 -0.65115806565775125 0.61530525041605011 40.481911534778973 0.12557879634630256 0.72529821158389995 0.67688438464881884 -4.2753041466592023 -0.88703852428680707 -0.22346292265620252 0.40401358718368829 -23.860483845095064
0.43950618602660485 -0.66080966364253235 0.60841178561973208 40.59935031314992 0.11964415444937407 0.71436988064211859 0.68946424848389321 -4.2112396395107066 -0.89023569280861903 -0.23023088860534865 0.39303199511178455 -23.92743353970889
0.43606750799090899 -0.66963888935866867 0.60118955940126517 40.721275509392669 0.11469178008349619 0.70395919927782447 0.70091885502774376 -4.1569924201965751 -0.89257544446163062 -0.23669643768044565 0.38377580999003758 -23.992950993740838
0.43511027017760306 -0.6760713292566215 0.59464830828243187 40.839706763780782 0.10993310868507843 0.69539293788742573 0.71017136914348333 -4.1052260276804153 -0.89364073564313751 -0.24363131919660871 0.37689523200182851 -24.049192586773525
0.43570272576334601 -0.68115988366865055 0.58837432612487539 40.956535994384623 0.10640266855687792 0.68807793354514857 0.71779330554987308 -4.0613049702537518 -0.89377939497751113 -0.25013990135272068 0.37227466051946856 -24.108454769561202
0.43932487424022915 -0.68093021421299038 0.58594171915443782 41.065318610771378 0.10499793211065807 0.68670960693383976 0.71930893918903649 -4.0199406259947867 -0.89217099769399177 -0.25448764040051614 0.37318487610979767 -24.159340000114486
0.44349700766947797 -0.68017210372579939 0.58367483541903664 41.174692224369061 0.10529153014711837 0.68625145858287651 0.71970315357941361 -3.9932458848569277 -0.89006971517263611 -0.25773017849311891 0.37596682995499442 -24.201513346335059
0.44944337173618687 -0.67982888664297736 0.5795112945302946 41.282845861145425 0.10679437876871557 0.68496224471483025 0.72070915352770792 -3.976358155197099 -0.88690225857521199 -0.26202940331380931 0.38045364439468465 -24.243475669141763
0.45816116037411425 -0.67760288177685035 0.57527618213546172 41.380460342404589 0.10871037225099313 0.6850573460505629 0.720332206407023 -3.9602088247454308 -0.88219635347789538 -0.26748975163521149 0.38752913010564405 -24.292130494767626
0.46813026498505328 -0.67525875804759627 0.56998216172529625 41.467686949054603 0.109000337330142 0.68422472056986305 0.72107937026585922 -3.9475933012251061 -0.87691104535576414 -0.27543082877759117 0.39390973216201475 -24.324034108820591
0.4799427244334169 -0.67286041065076341 0.56295101833313621 41.55406753789407 0.11013996383706504 0.68282189746018174 0.72223503426159474 -3.9414014962143038 -0.87035864425499854 -0.28462804522352142 0.40182422306630272 -24.350527082487343
0.49469453178595735 -0.67000928795506998 0.55350237061372431 41.63735823335135 0.1116737051868663 0.68062015293521494 0.72407540421442407 -3.9408336108426614 -0.86186211414060276 -0.29638448250943367 0.41152148757592955 -24.378852938200676
0.51191356498277696 -0.66693448593201499 0.54142672030591821 41.720609333815887 0.11446048772157082 0.6776074516502949 0.72646193170635809 -3.9448440337289163 -0.85137729517362881 -0.30991375081237049 0.42321409277131072 -24.41167268659472
0.53532333987220504 -0.65407991777975039 0.53442341167402341 41.785526070410405 0.1173427217342527 0.68417307211115364 0.71981795827416262 -3.9483958799315233 -0.83645657833749243 -0.32262465583898148 0.44300533179716184 -24.437864020050657
0.56139314038100629 -0.63820285692640077 0.52681576983242606 41.847398853448908 0.12053186200634804 0.69286698450715756 0.71092011648373044 -3.9470783397094635 -0.81872450322097634 -0.33560759108062227 0.46589455098190125 -24.459765282476869
0.58923862327028742 -0.62118133713240575 0.51665422793676319 41.908720542354864 0.12526068305635654 0.70195814734316953 0.70111662414950637 -3.9552519685256997 -0.79819020673445462 -0.34840853287045326 0.49143045092491677 -24.488500814081462
0.61713367702501298 -0.6016371999242156 0.50712789742720377 41.956412306466348 0.12947184491894062 0.71335446156838556 0.68873975748011285 -3.9635661139183238 -0.77613340738230874 -0.35938571455725449 0.51813014013594971 -24.511685092804676
0.64522525473718717 -0.58189073139702996 0.49506317512370224 42.009669607005506 0.13510993619466369 0.72468986539240454 0.67569956647833684 -3.9801455509017556 -0.75195058068386766 -0.36909047090350089 0.54620742259459099 -24.536239341538241
0.67433800531339427 -0.55973784384096692 0.48162412809390898 42.066206972161112 0.1412454952454687 0.73796513338952385 0.65989178807910964 -3.9809604405830661 -0.72478822056019576 -0.37696287360116465 0.5766983850016727 -24.569766019049165
0.70252396298206443 -0.5385627265391979 0.46519917349307499 42.126556591404189 0.14799473127013985 0.74995099149193944 0.64472557718500367 -3.9986109239321301 -0.69610174612067599 -0.38408814085170889 0.60656298857152824 -24.604155787921346
0.72900828924929717 -0.51725047220951015 0.44832896761736463 42.138319984340178 0.15487727307864499 0.76262569531912994 0.6280247440369976 -4.0317976321257136 -0.6667532860732942 -0.38839927630989785 0.636070796116605 -24.640460075505484
0.75493935109826693 -0.49514032582047102 0.43000306267482052 42.074901037380236 0.16308455205109051 0.7768472621708935 0.60820371598657819 -4.0450184809498957 -0.6351928880628489 -0.38903006182554178 0.66722230624462209 -24.646093252061586
0.77939230307971041 -0.47431771507574094 0.4093535673051269 42.015174786467178 0.1711988278038129 0.78972110344331714 0.58909382965268797 -4.0624777979208231 -0.6026927901167437 -0.3890543457431081 0.69670518643088686 -24.634089028773253
0.80196358016563374 -0.45591006482850094 0.3860057368433677 41.972340013736115 0.18271281580992155 0.80240773291139544 0.5681178197370722 -4.0702086721862907 -0.56874462021783456 -0.38508160557480131 0.72680238993911161 -24.632460921502354
0.82177067568914908 -0.43738413472131571 0.36522332246378425 41.907678843991341 0.18879922419928372 0.81373993743311168 0.54971098512591521 -4.0914996456320871 -0.53763166714689337 -0.38278248774002382 0.75128540353211348 -24.596372177759445
0.84101853269085214 -0.41706753125604001 0.34459033945036555 41.83501010901557 0.19283229751988587 0.82620265530293346 0.52934381776269412 -4.1035459115311221 -0.50547357270556525 -0.37873981404438345 0.77527583514120801 -24.571204112095728
0.8598422292443233 -0.39522591041764227 0.32321482104429916 41.767649516740086 0.19359765582623156 0.83817210863771319 0.50988965861291757 -4.1110859213674278 -0.47243125263549246 -0.37585102904788675 0.79721058416011015 -24.541898036094402
0.87660338917893366 -0.37555642082975732 0.3008718545386877 41.703802971241728 0.19470414989889287 0.84857857899905198 0.49193972118146667 -4.1221643897739684 -0.44006453173614946 -0.37265502819295482 0.81698925199194117 -24.506749065695143
0.89146594929186418 -0.35738882813224249 0.27849898883015339 41.646682427689349 0.19606889390158527 0.85842742374087111 0.47398243323336342 -4.1324429304358645 -0.4084671958644468 -0.36793421109740987 0.83533165042799751 -24.48073165742046
0.90412957123627158 -0.33973915380446518 0.25908883763748219 41.573276475291209 0.19557611728256166 0.86822553342011299 0.45599825160414603 -4.1340367859493119 -0.37986800439730817 -0.36160991481095528 0.85143324385745023 -24.442598327244596
0.91548505239637001 -0.3235923652332246 0.23911315313378925 41.515719199792116 0.19505491886067569 0.87672306303028269 0.43967061464129514 -4.1477834385624188 -0.35191007014160708 -0.35587167899899874 0.86574514183988516 -24.420044221757543
0.92343127537842551 -0.31044109963801603 0.22561250698601312 41.427098087428952 0.19337683829056829 0.88421132439892614 0.42517729503989321 -4.1534760721677531 -0.33148164061636626 -0.34899377854087371 0.87654050931719396 -24.384095279469129
0.93076870655190391 -0.30077467394406554 0.20785622535189299 41.380978195679944 0.1952563877302817 0.88959106970406354 0.41291969165117548 -4.1660502870549116 -0.30910282747690576 -0.3437474715785136 0.88673170566364734 -24.361014843832447
0.93582216128335327 -0.29335193072488114 0.19540093958560742 41.317182500516033 0.19612013600432227 0.8939962981390065 0.40287406365686879 -4.1779810482722759 -0.29287160105513782 -0.33869641812947648 0.89415376845465622 -24.334791772662161
0.93996621811909709 -0.28771650626567991 0.18352852861926688 41.269822577846668 0.19750580800254652 0.89720423681796646 0.39498862419207925 -4.1951687229945334 -0.27830732042140632 -0.33502801294542728 0.90016735440788753 -24.311727593489973
0.94246936351808397 -0.28399752785067217 0.17634313994177492 41.203917576404372 0.19892664948571273 0.90040259366637621 0.38691518120028717 -4.2010618044082575 -0.2686627755276233 -0.32957635457291129 0.90509653604034113 -24.286083877919232
0.94395976997826092 -0.28319384439797524 0.16953229532358755 41.152626099677342 0.2017381687153674 0.90156522625440016 0.38272947899557219 -4.2226505217824792 -0.26123105471202818 -0.32708009615986661 0.90817231115581465 -24.266380103305259
0.944751762429902 -0.28315769315336714 0.16512367544860895 41.095018997302574 0.20417234005987231 0.90244153164501539 0.37935858698159802 -4.2353493234934314 -0.25643276495032735 -0.32468600642815265 0.91039619632864666 -24.240031790530729
0.94468087009969604 -0.28484014119409262 0.16261656629080132 41.039332343944096 0.20704742334854942 0.9024092002798183 0.37787431737955596 -4.2515052826893438 -0.25438045945474613 -0.32330129788614864 0.91146412580678349 -24.215189870819863
0.94399168801720124 -0.28679399346677448 0.1631836335721655 40.977076326343926 0.20920302003585406 0.90262929028754568 0.37615749457225967 -4.2602507154206526 -0.25517403739862154 -0.32095103929786745 0.91207271695370085 -24.196853012496359
0.94297250344614703 -0.28933513255815274 0.16458444280083867 40.914553620121374 0.21155475985162825 0.90265958261690837 0.37476694290450518 -4.2687529476377151 -0.2569969675475301 -0.31857630008747501 0.91239339086489923 -24.17786391302673
0.94163926906738826 -0.2916515488045322 0.16809182321026891 40.841724826191964 0.21259936979593003 0.90240937944976363 0.37477836095946887 -4.2752623097017439 -0.26099232730601124 -0.31716980619379603 0.91174904394048129 -24.152162691730293
0.94031026377891702 -0.29481942836264546 0.16999444841507758 40.782126214061229 0.21461071400186379 0.90136916494253339 0.37613278230753872 -4.2854791013722853 -0.26411900588112497 -0.3171988857967869 0.91083808527182442 -24.1275813689792
0.93921210962723412 -0.29690560035138086 0.17241716158650339 40.722192123931102 0.21562739671353603 0.90087579389645578 0.37673283604959884 -4.2909347797977198 -0.26718053618499921 -0.31665417801035983 0.91013443657103743 -24.105412253376496
0.93831116494785516 -0.2978733029371271 0.17562361211273797 40.655503771372672 0.21441674902769434 0.89965541555139428 0.38032300877733249 -4.3078592788503958 -0.27128880454341214 -0.31920468146061809 0.90802574625559584 -24.076922232125021
0.93809166620439532 -0.29771688108416622 0.177055597243854 40.599677538237032 0.21265169412376086 0.89847521753746307 0.38408532965644859 -4.3295189625694359 -0.27342875266539884 -0.32265607415408243 0.90616211299486549 -24.053055072495038
0.93783826578737983 -0.2966957345679106 0.18008616913613296 40.532598241675352 0.20985176843681863 0.8980259344504522 0.38666737170122328 -4.3423707730437116 -0.27644461020041572 -0.32484005624860995 0.90446520958384036 -24.027315385701364
0.93827777929956513 -0.29394693775693664 0.18229099444568334 40.468669236798014 0.20590490082913321 0.89815980665214967 0.3884741092133655 -4.3566143702750342 -0.27791721912688561 -0.32696201537471081 0.90324850390957523 -24.007029309794511
0.9395259076684811 -0.28927026962750241 0.18334061178404756 40.399467869299649 0.20033080037399995 0.8983857267889962 0.39085887008397247 -4.36656559578112 -0.27777443950304243 -0.33049326318616412 0.90200641003672 -23.975909619446107
0.94136517157577149 -0.28349960102299981 0.18291962706040668 40.333268328952862 0.1949436698462847 0.89954335945150199 0.39092033722175246 -4.3675158616587035 -0.27536989546967744 -0.332339766935144 0.90206524153329015 -23.953461122537067
0.9440867810705369 -0.27531694727162476 0.18138557923083501 40.266025735044046 0.18805213745188409 0.90155915181172208 0.38965047078671144 -4.365160438723275 -0.27080720708217831 -0.33375391283033912 0.90292401798976896 -23.93675999479262
0.94801898615705205 -0.26370119164651068 0.17810582081999871 40.19918070217436 0.17851455412539938 0.90405871459785148 0.3883431401802927 -4.3667522283988616 -0.26342466826621441 -0.3363621888439467 0.90413932668861607 -23.91884477692475
0.95241389872502225 -0.25043189527086035 0.17375739220662811 40.130739698239907 0.16765886089165449 0.90648982133643652 0.38751349676875557 -4.3703841684971474 -0.2545550468561093 -0.33994127381722905 0.9053406311856349 -23.899747787289524
0.95816594745517769 -0.23363181419290505 0.16533055535578906 40.067204968944793 0.15550252999726516 0.90989726194091614 0.38458540777943401 -4.3638370657488901 -0.24028520616503088 -0.34278732197873912 0.9081629102693376 -23.8802134653716
0.9639321909380385 -0.21500028583627043 0.15687449876801154 39.998052807528246 0.14214880907796543 0.91420821078050629 0.37949580158312873 -4.3523107104264014 -0.22500766064982983 -0.34350869629723685 0.91179675817424566 -23.871768348696627
0.97044758116465746 -0.19258092575759542 0.14541003832615246 39.930247610554446 0.12606512661284888 0.91841220533166368 0.37500213992711612 -4.3431139926882265 -0.20576461324472678 -0.34558878473147459 0.91554864196506269 -23.855487883826058
0.97663246071263221 -0.16818660716830663 0.13379948374938749 39.856042991532554 0.1083167534032292 0.9229076574615791 0.36947115818554055 -4.3264619652704743 -0.18562466865848659 -0.34634480069432888 0.91955900377160826 -23.841936370993579
0.98257195797900421 -0.14295490640200026 0.11881179288648634 39.795490904135391 0.090990151406612568 0.92725933409887817 0.36319542903718754 -4.3090889963416315 -0.16208991251866262 -0.34605494081446136 0.92410650803767846 -23.837500685272595
0.9878980747538284 -0.11531908976891275 0.10372512440363085 39.726054443161345 0.071200131178760229 0.93128750085037071 0.35725919453528165 -4.2887807064690895 -0.13779671700663479 -0.34555042800543651 0.92822786345134733 -23.826724655073878
0.99233054195401338 -0.087325751391367779 0.087488905863470384 39.658325222578938 0.051131355105239584 0.93435327160149761 0.35266067029466158 -4.2720132332841905 -0.11254190344203373 -0.34548252776589317 0.93165237238904341 -23.81427198387188
0.99556955823592364 -0.060169913295524735 0.072255354458592977 39.585931019869975 0.031597376280536299 0.93784392719376597 0.34561593429406634 -4.2423953929984686 -0.088559926186250165 -0.34180162340132797 0.93559007568170727 -23.809954153281463
0.99795954849888147 -0.028738634852334334 0.057016054114020359 39.524891230198385 0.007954654609191281 0.94198186208846291 0.33556950839788857 -4.1880076814990641 -0.063351898392685721 -0.33443125207309249 0.94028839969812794 -23.806134394751439
0.99918011353545177 -0.0017249098399807765 0.040449046976730074 39.458166405884704 -0.011746293172700029 0.94376610054367949 0.33040516349064292 -4.1617457003937766 -0.038744358453622119 -0.33060939513362508 0.94297205819546737 -23.798737462323146
0.99940126569137611 0.025172374445835269 0.023737348192965645 39.392138573275226 -0.031548124818148678 0.94468456376646748 0.32645947803949188 -4.1413299306385589 -0.014206546200042471 -0.32701288437325776 0.94491308991829959 -23.792919389887405
0.99869120407166556 0.050371605179922736 0.0088645530899678013 39.325053609450883 -0.050527808778873917 0.94483594264124471 0.32362320997301169 -4.1252187161094884 0.0079258721849666917 -0.32364755967692455 0.94614451204098793 -23.789298832193399
0.99719856382898753 0.074602946711315871 -0.0054244483031196961 39.252442872465771 -0.068898169844333335 0.94433470240255935 0.32169086407663344 -4.1101112106948907 0.029121581164250839 -0.32041593309362476 0.9468292155031105 -23.782480170431391
0.99532142920428912 0.095012744735743754 -0.017545110558548717 39.172479074314857 -0.084389911521563832 0.94331473226842943 0.32099168013941398 -4.0965055464048286 0.047048861836541021 -0.31800926751137554 0.94691948463254494 -23.774396003558657
0.99318586805809117 0.11337833744571701 -0.026966351027551069 39.084568521264288 -0.098782691361305616 0.94177415205542714 0.32140850394427684 -4.0849720256060671 0.061836974191118201 -0.31655457526045383 0.94655659603880038 -23.764213688433873
0.99102810764887694 0.12915985416658221 -0.034365999498824677 38.991018768733205 -0.11142835171420709 0.94043648759472498 0.32118987411615524 -4.0710210417979162 0.073803877161982265 -0.31447884646214902 0.94639106232238646 -23.754230847896149
0.98895736339353157 0.14308243937647697 -0.038610217971296587 38.888438512724875 -0.12311258483562454 0.93820735191875315 0.32343508817178773 -4.0668467507657828 0.082502271755421325 -0.31511010829181241 0.94546231802622194 -23.74466053264355
0.98754799875951293 0.1517500684792997 -0.041483332346967869 38.786640798661182 -0.13021254360536366 0.93644091089685866 0.32576542770294525 -4.0594759508995919 0.088281615492142015 -0.31630734597095506 0.94454010992170589 -23.73478081139509
0.98691096286826674 0.15613213580080387 -0.040367159185530736 38.677810148845211 -0.13429871976845231 0.93428815167297452 0.33025672364397307 -4.052845666337471 0.089278246168847594 -0.32051272332588643 0.94302756531675069 -23.723883445736096
0.9871126801065282 0.15596172643476855 -0.035839875284290008 38.564245280481664 -0.1352001425035044 0.93260397081407376 0.33462031481793575 -4.0413284858849661 0.085612372002761061 -0.3254623995322789 0.94167125274734398 -23.71689885652221
0.98822307997123893 0.15041923544117233 -0.028092664904765939 38.447551028231068 -0.13198382734550795 0.93077867557837735 0.34092715704061038 -4.0263974544485954 0.077430055736706291 -0.3332043077420444 0.93966987595152562 -23.70862868092733
0.99000815958970789 0.14014738913576824 -0.015574121619757662 38.322382947870032 -0.12595695023443193 0.92856536970624859 0.34914352474296112 -4.0061214448034175 0.063393143426085832 -0.34369326950163781 0.93693983044047946 -23.701339127732119
0.99191984837632574 0.12686544088622337 -0.00041749949832296085 38.192836877270885 -0.11830671272941247 0.92618019461601808 0.35804157415612398 -3.9819573653629416 0.045809781927522955 -0.35509915095615069 0.93370555148289314 -23.698642078043974
0.99381557882552396 0.10967797505364096 0.01735906310322138 38.057813106681117 -0.10834845864651081 0.92354553092906988 0.36786446391282196 -3.9509412953922576 0.024314744346055673 -0.36747026286364376 0.92971737593653181 -23.695351303038724
0.99528665397980542 0.089232760755534352 0.037973554187468915 37.918253436900216 -0.09697146973878687 0.91981930822285485 0.3801696651195729 -3.9250816016585839 -0.0010052195693542867 -0.38206014530224719 0.92413691350645832 -23.692835590969409
0.99598605830331499 0.066450834645395085 0.059967143006449945 37.772957950115909 -0.084757391335306811 0.915540371620303 0.39319462426054508 -3.8955006302172701 -0.028774229432937306 -0.39669902257037126 0.91749764534425526 -23.686976470752754
0.99559444388508456 0.040452868482310743 0.084588821582417539 37.618367178895745 -0.071536622084777457 0.9109144498576357 0.40634637532683948 -3.8641216438936854 -0.060615303396493264 -0.41060739213038272 0.9097952266977648 -23.680469306149341
0.99404384259443501 0.011355966063861836 0.1083876424452834 37.464257758938913 -0.056254197153500662 0.90528200298328199 0.42107001837840718 -3.8331888341651403 -0.093339725212287075 -0.42465931887730135 0.9005288216309133 -23.668657447231961
0.99086243081285763 -0.019798091216827126 0.13341543684223792 37.303542356614784 -0.04071590485196639 0.89911426840947906 0.43581618537472078 -3.8023538329376039 -0.12858405148275814 -0.43726601506023488 0.89009245237650558 -23.656932416531134
0.98610224393796209 -0.051992051602241303 0.15779477516922352 37.139583784692157 -0.025309056384296234 0.89167739960821957 0.45196334662543158 -3.7733245144077108 -0.16420053643472801 -0.44967570714695426 0.87796921485689583 -23.64107441507624
0.97969176433726579 -0.083575265130719389 0.18226141102291826 36.968603969475772 -0.011498924157816998 0.88407727971761052 0.46719924896164239 -3.74577261052475 -0.20017947355547713 -0.4598070666545262 0.86516220434182878 -23.62497834436801
0.97249019560567307 -0.11553051280520307 0.20227585140546708 36.834462313482916 0.0032437662056582902 0.87497819512092212 0.48415145981783075 -3.722266911897135 -0.23292122580744509 -0.47017641229000456 0.8512824700970042 -23.63045620721547
0.96306653164770262 -0.14711134155978992 0.22552407588668552 36.654236845684714 0.015267314717222017 0.8660453671935332 0.49973225937890337 -3.696335464773203 -0.26883036421020218 -0.47783226674963791 0.83630530318270313 -23.61021250569398
0.95241794482305153 -0.17639066467078343 0.24856868627410433 36.46628762960659 0.024184462554074648 0.85669030770760779 0.51526384353146193 -3.6744400981475516 -0.30383411617197537 -0.48473503081254971 0.82019313564132634 -23.587467087265509
0.9407685373393927 -0.20548133174016636 0.26968867506550487 36.275913058941498 0.032543180134728095 0.84647853808800999 0.53142734779375456 -3.6546815965310211 -0.33748407455614615 -0.49117360155313033 0.80302739215938856 -23.562414160187949
0.92882458929134404 -0.2316607115376573 0.28916811210372506 36.080784703016313 0.038811427061032217 0.83697645986385871 0.54586086025950664 -3.6380369462506916 -0.36848141806236623 -0.49578596224946586 0.78639539938832226 -23.537566162941694
0.9168868247435058 -0.25493464325810938 0.30712681139658299 35.880290211658419 0.042855622057651109 0.82788556373860134 0.55925744430563462 -3.6227843372816388 -0.39683995044579812 -0.49961367177057792 0.7700027485081451 -23.512684287533681
0.90522666394020146 -0.27539768362689715 0.32360593743723731 35.675844207470767 0.045613488961992299 0.82012905002200254 0.57035756410757099 -3.6077072392760154 -0.42247378204618552 -0.50154207915482751 0.75496453315413758 -23.488207955762181
0.8945037107345063 -0.2908437354425224 0.33951882574614145 35.464261553879098 0.044719406429161467 0.81384908572062509 0.57935294972954621 -3.5937740545889869 -0.44481826195742258 -0.50305028299916765 0.74099738636761414 -23.462783383452226
0.8852066564406107 -0.30385562666581883 0.3522512363878334 35.250013212938327 0.043420877549085468 0.8078693067135867 0.58775999409876145 -3.5883786889584202 -0.46316714346561988 -0.50499400136400763 0.7283249657949854 -23.437072328189625
0.87789853556560493 -0.31193162303709537 0.36330816643891978 35.031585692403283 0.039501968553157421 0.80330586140570626 0.59425523768130273 -3.5892020698075799 -0.47721458038516779 -0.50734441514683071 0.71754295250328304 -23.410602701046923
0.87257969285167714 -0.3148075740923883 0.37349815383337337 34.807208975008159 0.03321547039801441 0.80109551778706511 0.59761417646146309 -3.5933748193261015 -0.48734116607271277 -0.50906007766818606 0.70947616251382895 -23.387750822343026
0.86847200520708268 -0.31347012300736077 0.38404798938848655 34.573167186718045 0.023226454543955763 0.79957785905986045 0.60011313859185544 -3.6066482645492326 -0.49519380850421235 -0.51226138765575535 0.70169178613982186 -23.360341074539196
0.86665159041833739 -0.30890913325910019 0.39177821304212151 34.338591212274245 0.013243408276610781 0.79922930210433074 0.60088029988929037 -3.6354740533141894 -0.49873804042060543 -0.51556538872090318 0.69674435554978031 -23.338317288809154
0.8644084296076413 -0.29681286870493168 0.40583270912335351 34.053099791711688 -0.006373291568528683 0.80062783333991849 0.59912807782310629 -3.6735450475109763 -0.50274988610424765 -0.52047785106820499 0.69017777316397932 -23.327339866116851
0.86548434499727422 -0.28486595740315218 0.41205367960670458 33.81600115200321 -0.01986974251173132 0.80239807124557516 0.59645832091932316 -3.7263434343631636 -0.50054174840582155 -0.52441273971383107 0.68880275589509443 -23.307054560876761
0.86710833645953356 -0.27184954486193702 0.4173978411548605 33.576844951795472 -0.033551979216556234 0.80416879802839647 0.59345329131130098 -3.8014086401118323 -0.49698832736094745 -0.52859281988684048 0.68818037841182755 -23.283199602632529
0.87013890143170558 -0.25535738128009194 0.42148653601390196 33.33929580740061 -0.048864412638261939 0.8063559098100701 0.58940853055575282 -3.8845055284960819 -0.49037797808704886 -0.53346298328951358 0.68916375707600142 -23.257000982667776
0.87351201699660308 -0.23672056822638141 0.42537057813288554 33.098024389064825 -0.06505432271469401 0.80920319163539312 0.58391620095971464 -3.967665893911867 -0.48243620434069689 -0.53773001332050685 0.6914490158469162 -23.223751888797555
0.87737840140704515 -0.21699131551167045 0.42792745849843827 32.84934086023393 -0.080989574958034008 0.81211159593817117 0.57785417234011005 -4.0454632545232299 -0.47291418829692017 -0.54165443295081728 0.69495513939548204 -23.176993668382448
0.88120802252017671 -0.19445391884360211 0.43088292434540221 32.593156542288995 -0.098966150883055534 0.81539715771153509 0.5703798525328031 -4.0964413782319191 -0.46225330937211478 -0.54526612643948069 0.69929016104347719 -23.114003359916694
0.88534438753372224 -0.17277297990284204 0.43164199619364013 32.333624932977195 -0.11528665080794039 0.81781701243827309 0.56381231124552922 -4.1285689376351806 -0.45041570088977395 -0.54893062547286398 0.70413128378871503 -23.035562474566671
0.88817254850583294 -0.14895735383434433 0.43469671130493243 32.057710245462026 -0.13463999890578182 0.82011917297878967 0.55612643599026756 -4.1222282813004245 -0.43934222967443604 -0.552463798679385 0.70835171798580343 -22.932204627985318
0.89124975071453472 -0.12513777898933096 0.43590643275925284 31.787968880615892 -0.15252816491452395 0.82247478397992957 0.54796933182886798 -4.0910358953116743 -0.42709371425846043 -0.55486553865489385 0.71394341040038123 -22.824974812559134
0.89423157694138322 -0.10250432044267603 0.43570948014877098 31.527683743241877 -0.16883064591788507 0.82428279490627887 0.54042028738792103 -4.0403530135427328 -0.41454324237632534 -0.55682199876807903 0.71979383290498167 -22.706205216743168
0.89757558945320814 -0.080170002366800816 0.43350989831632802 31.281106111522924 -0.1836147896869765 0.82599988378313671 0.53292569932257172 -3.9728843230351623 -0.40080378020414592 -0.55793992751079569 0.7266769344511459 -22.582053493554149
0.89984949652746904 -0.057233563180881492 0.43242941949511327 31.024348685963435 -0.19930189944219082 0.82787963873086068 0.52430340133704501 -3.891092367504124 -0.38800726343458503 -0.55797815640083948 0.73356031824351364 -22.45928916389726
0.90068568661202919 -0.038456675950457667 0.43276596216322188 30.771563714273064 -0.21431959442648182 0.82712517829279963 0.51954889171181262 -3.8170228686920278 -0.37793174698229048 -0.56070047575238058 0.73673778993205463 -22.316026694389432
0.90186398555878511 -0.019480764861620741 0.43158064293064585 30.537533593120887 -0.22738882503780022 0.82800555385659891 0.51254377864779088 -3.7252188636374046 -0.36733591411670063 -0.56038139028971434 0.74231868063319995 -22.188544029471146
0.90266921241751841 -0.0014534456385301812 0.43033263930279902 30.316568387306681 -0.23921621120836212 0.82956067039274228 0.50458368823482624 -3.6223946644550202 -0.35772041771284652 -0.55841470399096749 0.74847118923711875 -22.072321567394528
0.9024479596184144 0.012000326208025791 0.43063171312789045 30.101602001709278 -0.24991272318712726 0.82880203946212139 0.50063041275238429 -3.5320363810760851 -0.35090071383477556 -0.55941323862984271 0.75094974364195355 -21.9383745851536
0.90178248606542943 0.024218816682666226 0.43151106213415308 29.893632615463847 -0.25941945269007688 0.82889279992181486 0.49561908135558624 -3.4312944611346285 -0.34567310481383196 -0.55888297089486061 0.75376384196384738 -21.812285306880494
0.90276638656038088 0.036627514353844995 0.42856887018187861 29.762816304462966 -0.26623737531594521 0.83014633064430221 0.4898721564884837 -3.3152846924115678 -0.33783207556652994 -0.55634116772899322 0.75917981651803068 -21.689956778384779
0.90212829435741992 0.045168768341497981 0.42909710193181727 29.582876694552567 -0.27280116900121593 0.83020801623926554 0.48614213144268154 -3.2108193164065328 -0.33428141245265541 -0.55562076287570061 0.76127623445769155 -21.569789258880697
0.90143243778951043 0.053100479730837501 0.42965090381985144 29.416238784249579 -0.27877284638280325 0.8304998955447791 0.48224021360701652 -3.0996995562102208 -0.33121784405507243 -0.5544819767607112 0.76344251730372203 -21.447302249564785
0.90023078871568474 0.056579007481221771 0.431721371906437 29.247924532122429 -0.28272201418544651 0.83002465453754803 0.4807570442071008 -3.0091197391672386 -0.33113862617227308 -0.55484942891947175 0.76320988036350512 -21.31549042255752
0.89966428780158747 0.058934408580773687 0.43258629744791605 29.104937450267002 -0.28554094506523603 0.82896890452988348 0.48091259498351352 -2.9253046992823655 -0.33025828974563881 -0.55618098745620514 0.76262190582655465 -21.17601161480238
0.89867855288656373 0.062086866623615032 0.43419129375722532 28.965947240558609 -0.2881852424826315 0.82984414005881746 0.4778158319114893 -2.8318911002386504 -0.3306450129624498 -0.55453036364378028 0.76365564962236632 -21.039472753386857
0.89741913348276281 0.063981806325756507 0.43651486494544545 28.831210855360585 -0.29044670796091299 0.83044294971987176 0.47540006004966667 -2.750707376031448 -0.3320837374725164 -0.55341741544683243 0.7638386973611857 -20.895357344383662
0.89706268233787601 0.063492018507773751 0.43731831375164659 28.719890714638098 -0.2904246540037807 0.83059198206037532 0.47515311183217707 -2.6888085415060359 -0.33306465483980635 -0.55325014498220026 0.76353271886253504 -20.742191719937914
0.8955987000132497 0.064938614628110763 0.44009765378238369 28.600451639313199 -0.29259164457556996 0.83118640944512046 0.47277825910070359 -2.6256356349414767 -0.33510162348031153 -0.55218849053915497 0.76340996381822868 -20.591012056189093
0.89510289792587205 0.064945853114424842 0.4411041127533788 28.501173720264163 -0.29302523304624184 0.83135556473062366 0.4722119627769098 -2.5808856940584533 -0.3360461499897025 -0.55193293175409053 0.76317954894142237 -20.436297077103681
0.89483638359573037 0.064441531585257297 0.4417183894748567 28.410953978688909 -0.29266717913616996 0.83187017390887841 0.47152723783180273 -2.544714410146959 -0.33706641608115145 -0.55121620328847254 0.7632476193100437 -20.284503606689164
0.89481592813859767 0.064572587452821475 0.44174068829926433 28.327398748383835 -0.29223816616997444 0.8327457587188295 0.47024605853681706 -2.506399655996594 -0.33749267989553561 -0.54987715199437859 0.764024743533533 -20.138548915879703
0.89442137273523659 0.06360778954410172 0.44267872899398314 28.240976964185645 -0.29214598092749161 0.83255237122251757 0.47064559383858795 -2.4878881659857672 -0.33861649963096724 -0.5502822896305829 0.76323539481381142 -19.988293248042851
0.8945582360872868 0.065066554088949749 0.44218989788030183 28.167517646748262 -0.29230016016302052 0.83361466437975662 0.46866534723584835 -2.4551649591503608 -0.33812154414806894 -0.54850062431141822 0.76473582792550654 -19.85634482449829
0.89447079646788819 0.067230918086340741 0.44204298198180841 28.092314457630088 -0.29331202274541174 0.83441313043049825 0.46660774219698875 -2.4297348323044661 -0.3374760014861749 -0.54702351998652143 0.76607781393436736 -19.724848367913999
0.89468820369167334 0.069088903053304229 0.44131592045818818 28.020768004063832 -0.29394594492473214 0.83497280186108713 0.46520554770397143 -2.4138664615231833 -0.33634624962569915 -0.54593694107207735 0.76734871912031632 -19.596385251249718
0.89503987312320898 0.071071240883814141 0.44028684313618194 27.957011735301368 -0.29463594966944362 0.83533807802700122 0.46411200432712441 -2.3983446522710783 -0.33480334926935112 -0.54512308162229794 0.76860102992426071 -19.46287577633149
0.89515362403005494 0.075153581631621377 0.43937675012885957 27.893291702718599 -0.29693172514953331 0.83569318677797089 0.46200481401453114 -2.3788564576382467 -0.33246284000709181 -0.54403017999079673 0.77038926736656976 -19.338217595371031
0.89558722638060528 0.07960069540523905 0.43770680738925782 27.835094773421066 -0.29938539431529865 0.83558736965833658 0.46061060923315211 -2.3695437264118637 -0.32907735506194841 -0.54356000308932295 0.77217266037264465 -19.215236345945456
0.89629384903037801 0.084850706326346073 0.43526738199206949 27.781653284583207 -0.30196589839907539 0.83559334025906773 0.45891215490410925 -2.3624899581647782 -0.32476750513921376 -0.54275604773287789 0.77455919093058134 -19.101636568995044
0.89701083752460375 0.090778371490765258 0.43258622797413887 27.732152007322092 -0.30513109122796439 0.83524929026799744 0.45744249941696319 -2.3595229619169933 -0.31979145474737236 -0.54232638731329608 0.77692696895800195 -18.989810122521881
0.89837544250298595 0.098618243710719228 0.42801402583908071 27.691251813935427 -0.30812319198729088 0.83596457896736243 0.45411817985132852 -2.3471477925860671 -0.31302022756864639 -0.53984966862945616 0.78139661658695403 -18.896582642070236
0.89808362562656852 0.11182628018798083 0.42537123132712762 27.65569137345036 -0.31587012215087007 0.83698459347395615 0.44685887729755447 -2.293449840934294 -0.30605860111068922 -0.53567870346557145 0.78700473908332502 -18.801564905160415
0.89874054434998696 0.11881903619436376 0.42207519540874655 27.619681898542257 -0.31937188410098744 0.83694288489881608 0.44444145515808114 -2.2900527372597455 -0.30044472634292413 -0.534236505730458 0.79014196342026777 -18.710659250552101
0.89897098951301491 0.12564739065352321 0.41959968212088977 27.57982720118542 -0.3233240492297797 0.83662197635867031 0.4421823468472838 -2.2823710642920179 -0.29548725726103625 -0.53317577016934437 0.79272370905674105 -18.619144475437377
0.90012856017130694 0.13132935900305293 0.4153566836199668 27.560333079968686 -0.32529283156390426 0.8368201566844744 0.44035962473835993 -2.283121595620909 -0.28974669781909057 -0.53149282669704867 0.79596622181629895 -18.542525372205379
0.900186592583885 0.13677297327597798 0.41346977194646684 27.524489130277129 -0.32892254436727153 0.83577624117538718 0.43964535081551981 -2.2891241658070545 -0.28543661001906356 -0.53176237970355689 0.79734228107685057 -18.461853023128029
0.9010490786507499 0.14177134340834605 0.40989199071319693 27.506217491912789 -0.33073371581255673 0.83598099909582313 0.43789379805561113 -2.2868414785180566 -0.2805811238972673 -0.5301289044552675 0.80014847220600516 -18.397828080493184
0.90128780987114121 0.14497338260072573 0.40824380229831453 27.487700935396592 -0.33244203004480938 0.83567849384486803 0.43717702545405912 -2.2865736405512576 -0.27778153365075908 -0.5297397221867326 0.80138208508810305 -18.332988430281105
0.90128615154071634 0.14604216280897664 0.40786635031956398 27.466013003691291 -0.33338092303550426 0.83503227510295275 0.43769653836006273 -2.2949914430334539 -0.27665941732917765 -0.53046468894589305 0.80129069667918695 -18.272303850662546
0.90098910300845481 0.14595751670472609 0.40855237066673555 27.450860679571452 -0.33404252061511991 0.83428367948670457 0.4386186687354095 -2.2949375362997997 -0.27682888339390682 -0.53166450460747827 0.80043652081808925 -18.211555771993787
0.90082709054776688 0.14459373038614029 0.40939370545755288 27.435214640933289 -0.33334557622590766 0.83448905269212448 0.43875818823996698 -2.295942388899062 -0.2781928822703108 -0.53171484281522641 0.79993002580483008 -18.169136436829813
0.90091918379947478 0.14049446769662138 0.41061652281506084 27.428449371751146 -0.33072359297114534 0.83489690625124302 0.43996484062292923 -2.3005503596842085 -0.28100983846538991 -0.53217333687319057 0.79863947448577144 -18.130379301500007
0.90091268841508199 0.13420646831597585 0.4127286659718008 27.421829732676734 -0.32651224189596062 0.8360877541569588 0.44084807274257931 -2.2955213405640134 -0.28591272050187461 -0.53192658441830654 0.79706212119526243 -18.094628408847871
0.90088572447291082 0.1240478228023232 0.4159531813785321 27.419020376853219 -0.32058651637326097 0.8362023995820369 0.44496048414763806 -2.3085813854771513 -0.2926246690909286 -0.53420752951568085 0.79309086392933414 -18.058420322535277
0.89919142504723593 0.11260337718320033 0.42281823585136313 27.40173593996721 -0.31577543366210803 0.83591082207972078 0.44893092233161325 -2.3122294719100029 -0.30288720114430162 -0.53719044758534495 0.78720122358011368 -18.018605516357379
0.89746390791858843 0.09731098445090608 0.43021983483876114 27.395056434309897 -0.30790243310586707 0.8366146245014674 0.4530695992424959 -2.3136371242775979 -0.31583955684964871 -0.5390793470125379 0.78079371920729057 -17.987283808385822
0.89515218681055508 0.076871609031262778 0.43908235921433453 27.391250803502526 -0.29743147196190084 0.83668163760028913 0.4598895049781801 -2.3250618873658611 -0.33201970112458418 -0.54226800848606516 0.77182143338838338 -17.950063013904245
0.89118077666466911 0.053641997294858648 0.45046571393345297 27.376406033779663 -0.28673282335858302 0.83608857352958599 0.46769668079010113 -2.3347442161807419 -0.35154105210085029 -0.54596559721238891 0.76048698565350004 -17.90962197133279
0.886180785962145 0.027297248038615839 0.4625348363540126 27.374812304900356 -0.27429353349903812 0.83545074907165251 0.4762195957289313 -2.3361063756375304 -0.37342559107823203 -0.5488869702635808 0.74784786006429149 -17.865935654060451
0.87934872347600956 -0.0031155784086531152 0.47616815904918713 27.36229121147036 -0.26000957028646871 0.8346034907809754 0.48562540762984818 -2.3438403489348136 -0.39892461177590727 -0.55084236070530179 0.73309743402364469 -17.827431812995506
0.87136063978913125 -0.034583676261666835 0.48942272603803771 27.361510445332254 -0.24500864529346436 0.83356795747965817 0.49511132484992926 -2.3420545342514631 -0.42508987185974834 -0.55133331987049272 0.71786500906705553 -17.79372991039007
0.86105757194739718 -0.070154635222837672 0.50364489965530623 27.357446878574688 -0.22839168039757426 0.83156220910270118 0.50630181978480759 -2.3491642814484144 -0.45433148484033681 -0.55098332057239818 0.70000020166696286 -17.759245754785152
0.84865236217123552 -0.10667827460047426 0.51808195674955526 27.358446096688311 -0.21202975470101737 0.82871117998135191 0.51795865017908704 -2.3486959993992484 -0.48459524482046729 -0.54941562218613815 0.68066873205341993 -17.72242291284299
0.83354647923494407 -0.14451825723010889 0.53321172181620424 27.352119240635531 -0.1966868481370361 0.82430261381525916 0.53088556641450546 -2.3566527388631502 -0.51625047285687553 -0.54739352771521144 0.65866970105702338 -17.686098791589433
0.81549100339666758 -0.18483374047071555 0.5484623157179539 27.348217752355342 -0.18059715034187884 0.81905523392883262 0.54454861404853305 -2.3622736283390435 -0.54987188750425231 -0.54312522695727328 0.63455172773787438 -17.645481947323638
0.79466243001920289 -0.22585095043628178 0.56347401936824359 27.344438047751645 -0.16533513455656756 0.81260152309152134 0.55887660350966684 -2.3685250688537556 -0.58410265844039544 -0.53728029263724897 0.60840280369710242 -17.603694534423294
0.77133041857898255 -0.26669700835842314 0.5778599234307904 27.339740867837477 -0.15110984405172331 0.80525616576841885 0.57334834308874461 -2.3751154637680476 -0.61823555414213727 -0.52956134037957503 0.58081803206335858 -17.562012808491261
0.74571724929519845 -0.30829073459839601 0.5906459235992273 27.343694051301224 -0.13655743324442154 0.79696321413050397 0.58838907429393339 -2.3815538396170521 -0.65211797362846713 -0.51942897328081139 0.55220982442106559 -17.525552835851805
0.71828582471582925 -0.34887608866100311 0.60195593590635943 27.351173408283287 -0.12277591352625677 0.78805553286784447 0.60323672979533571 -2.3917322298667654 -0.68482957666129929 -0.50720208189337868 0.52321553785502994 -17.496474589501293
0.68708703575995134 -0.38930028296499752 0.61347917240439076 27.352667468785004 -0.11191136400397529 0.77756458729767752 0.61876421938195669 -2.4030483226757604 -0.7179047652003524 -0.4938001643012741 0.49068742172452473 -17.453479481365662
0.65474081142577745 -0.42767772448581948 0.62322245934509313 27.358067153120516 -0.1019380754179097 0.76703240000367667 0.63345870119897507 -2.4100497598240471 -0.74894799461218087 -0.4782813620905913 0.45861077183507326 -17.420321960838606
0.61817691989350476 -0.46455780059067064 0.63406888081764279 27.355039982836832 -0.096166903013369512 0.75590537807945535 0.64757932807909557 -2.4167306107254123 -0.78013410544328632 -0.46129503498402669 0.4226081733985857 -17.371898694397988
0.5806007348326363 -0.49896935344891513 0.64337576192344581 27.355739751877238 -0.091025992948862586 0.74547081301731333 0.66029352226640803 -2.421544271309211 -0.80908408420848099 -0.44193082180141896 0.38740172098539549 -17.33625599648321
0.54163067102483931 -0.53083624756483216 0.65180449099133309 27.356005057513343 -0.088194486871943228 0.73522454313923058 0.6720614582395753 -2.4254980967998874 -0.83597724173004684 -0.42149466122004203 0.35140333218742414 -17.299884465977673
0.50146273098225902 -0.56087991692578276 0.65874793982610813 27.358229564722667 -0.088337001649083605 0.72422893406946942 0.68387793150258191 -2.432981362208313 -0.86065771568926552 -0.40113111303653232 0.3136273689884358 -17.258477032537005
0.46045365818060668 -0.58731777639256422 0.66561269384033772 27.362222040752844 -0.091005052876368411 0.71464742257454672 0.69353957476017669 -2.4347332619244275 -0.88300651697428978 -0.37991695268946774 0.27561313473795557 -17.221105993580956
0.41857389007086609 -0.61002513393630486 0.67280400899291315 27.35741266617638 -0.096879407706970275 0.70660541855365233 0.70094447913723124 -2.4366802207216938 -0.90300070814661559 -0.35857791125027655 0.23666770512704038 -17.179317042691228
0.37749756993396644 -0.61734102188000206 0.69020695983024194 27.351873361406497 -0.10417728022080447 0.71231091169825655 0.69408951826215803 -2.4308624879404448 -0.92013188129732049 -0.33392099032518668 0.20458272957534918 -17.140772361759872
0.33650197028554041 -0.62414094577621426 0.70513438704939224 27.350414609891914 -0.11333459035738193 0.71651699551657466 0.68830128996277884 -2.4332037050214601 -0.93483779054040905 -0.31153085712570056 0.17037262231958694 -17.102924981540024
0.29487992316518929 -0.63044525371634652 0.71804220835590427 27.350550154943594 -0.12392669419834625 0.71987674488653197 0.68294922698297322 -2.4410593177424404 -0.94746398632304862 -0.29037261275489207 0.13414820305444264 -17.064562657287283
0.25317971679924256 -0.63628862868966463 0.72872272642046898 27.350719693670317 -0.13735375015968423 0.72199122481231504 0.67813171184592469 -2.452952185609635 -0.95761891079830208 -0.27178199405817782 0.095396904495031909 -17.022605155809028
0.21140687054877738 -0.64032481435744881 0.73843839770347219 27.346215509398071 -0.15225020802085323 0.72471783656528954 0.6720148298376557 -2.4570389424844836 -0.96546724918164861 -0.25449595179928713 0.055720743672312278 -16.9819163802944
0.17057379183165877 -0.64576662714666 0.74423789530216522 27.349663678210202 -0.16851150125649877 0.72506183346254205 0.66774936286021125 -2.4686296998229942 -0.97082874673366115 -0.23931318584558534 0.014857442444291102 -16.940289325902267
0.13030554540487149 -0.64934185379714671 0.74925003953555069 27.344452894496008 -0.18496062830237536 0.7265067910662959 0.66179864650250231 -2.4730211681413099 -0.97406880188964562 -0.22481779164878943 -0.025434813611112661 -16.903525840151985
0.090649595538180083 -0.65296837643766226 0.75194078902605621 27.341799602747997 -0.20178753175610498 0.72734447689907944 0.65593582304382758 -2.4739858579375666 -0.97522532927346772 -0.21119259290223227 -0.065827394348316304 -16.867175858774974
0.05259479673265155 -0.65807183543640524 0.75111600086938102 27.340884632023439 -0.21888293709031145 0.72627004452414823 0.65163032639496654 -2.4850476424709722 -0.97433261631096491 -0.19867884092739371 -0.10584267079197107 -16.826873866715413
0.016131745918440354 -0.66248767572568101 0.74889908952088313 27.337352320738152 -0.2342843326950789 0.72564059802973691 0.64695948400550352 -2.4909060834857595 -0.97203426803135107 -0.18589190945985429 -0.14350463327058405 -16.7937742158887
-0.019276000159458739 -0.66718048995051993 0.74464664750956699 27.331037396680426 -0.24989743597869643 0.72436081255109686 0.6425361349617531 -2.4969741779297023 -0.96808042398817584 -0.17369976128279235 -0.18068947291188597 -16.754585937072253
-0.052790827496570936 -0.67128542944638669 0.73931657680942597 27.322938550502666 -0.26412850855873876 0.72336871730590968 0.63794500530197684 -2.501508250116915 -0.96304167069694535 -0.1615969400582303 -0.21549285246859862 -16.718509726053998
-0.085975697408644303 -0.67320199500678513 0.73444349910253937 27.309100340023612 -0.27849764048892695 0.72402574630838112 0.63105133144990044 -2.4860290439851536 -0.95658101784281591 -0.15028570325042981 -0.24973378566250526 -16.674507780913149
-0.11631774914648907 -0.67806434278834971 0.72574026226501864 27.304017864207708 -0.29151744999200818 0.72182490497583329 0.62768334604861575 -2.4934531382949685 -0.94946709136423024 -0.13855523662291772 -0.28162863636483393 -16.627026219755489
-0.14442738078017525 -0.68079052441029042 0.71809817821391297 27.292619414977647 -0.30177564069672125 0.72143908123949718 0.62326327883358712 -2.4898849593662069 -0.94237582437319689 -0.12668825491525298 -0.30964155358004897 -16.586373911946446
-0.17136798621082239 -0.68504085009029603 0.70806217736129073 27.285420351227216 -0.31168118814392187 0.71947736623139324 0.62065059126527133 -2.4984864583466364 -0.93460571914537338 -0.11433001875405364 -0.33680973345860599 -16.533756646332399
-0.19521473076266993 -0.68943538008145822 0.6975457444391685 27.282383693394763 -0.32114386672578454 0.71695432657307601 0.61874317004113977 -2.5095130162063946 -0.92669187206841852 -0.10322475623648854 -0.36136798964801464 -16.482710786429486
-0.21807159323637482 -0.69438544309978634 0.68576500102765725 27.283681221612383 -0.32968322443931691 0.71378343055923699 0.61791762054693189 -2.5284546106775245 -0.91856069573362675 -0.091334936744930414 -0.38458312181263965 -16.426172386323405
-0.23889505228711805 -0.69703718949452853 0.67606827351555598 27.275744244119281 -0.33546508644733974 0.71260314992843743 0.61616550251287838 -2.5375991710497043 -0.91125865140892615 -0.079598411878867445 -0.40406900779291188 -16.375189510851424
-0.25780900191428802 -0.69856352548283529 0.66749046389963551 27.264983653266317 -0.33905940213894259 0.71232018139089592 0.61452313300999806 -2.5459186009167123 -0.90475037460790331 -0.06788932204870711 -0.42049708631407379 -16.327609088358344
-0.28078819186618853 -0.69470725279101275 0.66222339450375856 27.258983986054588 -0.33622337664380891 0.71745738300219253 0.61008912838525542 -2.5548052126911553 -0.89895040592167952 -0.051349162556064143 -0.43503037962657176 -16.282520969873197
-0.30197112870080711 -0.69026794328953167 0.65752840539249779 27.246822354319232 -0.33464777201145252 0.72258741053247366 0.6048787505176102 -2.5564701065426503 -0.89265015886344412 -0.037384496877906112 -0.44919716525625408 -16.227436968743536
-0.32018814526710848 -0.68801083214857495 0.65124545793167332 27.240125966699974 -0.33361991463347818 0.72528846684830794 0.60220793121378069 -2.56944960666626 -0.88666639960605265 -0.024448613520122543 -0.4617628840721002 -16.168915585093014
-0.33623015644607568 -0.68634793910677283 0.64488432170439169 27.232480914422002 -0.33253608308478033 0.72716544041130593 0.60054156868451958 -2.5856611126969229 -0.88111805982108871 -0.012527120791196162 -0.47273040509555053 -16.110895774006178
-0.34928830961662261 -0.68617799188564388 0.63808889679804659 27.229807090114186 -0.33062961113625167 0.72743305681927817 0.60126966336782028 -2.6053341555320233 -0.87674496691173187 -0.00095461947719642341 -0.48095462540306277 -16.058267310025489
-0.36285184288364292 -0.68498689875170982 0.63176854041211905 27.221046465767476 -0.33056889688150032 0.72850137431639705 0.60000829330407501 -2.6121068871212714 -0.87124206999575748 0.008871085482383214 -0.49077342971260385 -15.988555048378487
-0.37436318916478917 -0.68217027317106316 0.62808910275540175 27.200251398866961 -0.3269374678071823 0.73094890744277952 0.59902052289719976 -2.616212506263369 -0.86773503717563238 0.018905372514819149 -0.49666738583067849 -15.934017118629706
-0.3856243396547907 -0.68254502601416345 0.62082699371816319 27.202234600197254 -0.32844042651989774 0.73034239946366886 0.59893811514469375 -2.6253035062777434 -0.86221850762624841 0.027060432534897969 -0.50581318497819927 -15.864280198524842
-0.39531900732282543 -0.68252347477669906 0.61472318064966203 27.195744856280619 -0.32715831204123308 0.72997078729016829 0.60009173345856304 -2.638451984886137 -0.85830665924926131 0.036115870219511112 -0.5118645549426728 -15.799197399021672
-0.40444801112513695 -0.68203323493536028 0.60930490949977512 27.185224258916556 -0.32476095289838913 0.72991169908024256 0.60146424251016262 -2.6489809468736065 -0.85495738476806649 0.045382573631308563 -0.51670909827595213 -15.742750552310824
-0.41341199478208002 -0.68178476369991547 0.6035396081094867 27.173944086278276 -0.32229553556158924 0.7294904514163596 0.60329865659507675 -2.660789376865575 -0.851596213194593 0.054892779844040757 -0.52131628824891307 -15.692675371781386
-0.42412593839969648 -0.68045341182691166 0.59757873348178348 27.164282178398796 -0.32054933820652898 0.72994891785469607 0.60367433198547915 -2.6627184249223914 -0.84697420866985873 0.064480474997269818 -0.52770916061045714 -15.63807243105226
-0.43484760473120043 -0.6786018266599898 0.59195195878826423 27.157370671785667 -0.31875397613610645 0.73079039394156209 0.60360691084526108 -2.6644431478359669 -0.84220155744154279 0.073789978834945189 -0.5340894828271554 -15.591468102093335
-0.44572136283144359 -0.67716177559685786 0.58547792134818477 27.155502025440626 -0.31647228982617537 0.73100405512154942 0.6045480635714815 -2.6786522824176964 -0.83736357485136514 0.084172448380461493 -0.54012706138998512 -15.556606743107009
-0.45715909108620356 -0.67449728547286447 0.57970594039303547 27.146127012881749 -0.31492581752148724 0.73234036184272111 0.60373779397557614 -2.6843734394805363 -0.83176156132371204 0.093439853947924756 -0.54721266322932571 -15.523645386893769
-0.47005069076482275 -0.67316338576618739 0.57087950057373482 27.153399689921766 -0.31424366057498926 0.73204005870513456 0.60445700776764444 -2.6958080330871743 -0.82480498901252086 0.10473017003130683 -0.55563326177009031 -15.491792578855383
-0.48449371062774449 -0.66991499171527757 0.56256532797292058 27.153549028571341 -0.31301127186301192 0.73326312573325914 0.60361339624513843 -2.7015994341372171 -0.81687807416337221 0.11635760531658562 -0.56495231624990327 -15.462870123421041
-0.50068851194994557 -0.66516946314403425 0.55394999711348214 27.150855605031982 -0.3101966081840275 0.73531211220921999 0.60257295152499213 -2.7010702294432654 -0.80813926910680101 0.12986794423218087 -0.57449563861567565 -15.445450510719787
-0.51759710580406293 -0.66004958734537833 0.54445181449642865 27.141281171191366 -0.30669104269646613 0.73715985057177769 0.60210959055204294 -2.7074762315107028 -0.79877020499829121 0.1446716867607141 -0.5839831013452339 -15.435398817403039
-0.53651641134392802 -0.65445903437365671 0.53276027694013983 27.142307746090811 -0.30381921252039668 0.73878034748525834 0.60157915877550727 -2.7078592048050933 -0.78730173787571411 0.1608942836034323 -0.59520500925447473 -15.429661929589894
-0.55763915367407946 -0.64578088750650375 0.52154157995405215 27.140982735481042 -0.30136781478104574 0.74293332368859777 0.59768513179358129 -2.7109807769726637 -0.77344425429616703 0.17611678478874648 -0.60890628475317987 -15.428706108438181
-0.5815072138826336 -0.63616738960792962 0.50709014248148254 27.15272865199297 -0.30088733208918123 0.74729308439897002 0.59246928983511771 -2.7127333359961292 -0.75585459818057088 0.19194816594306566 -0.6259710280838735 -15.408926636317938
-0.60510062888153637 -0.62423094072165264 0.49415479515322908 27.148943999077385 -0.29768479174925383 0.75305598742388569 0.58676268164074641 -2.7150994825492978 -0.73840164794532559 0.20794810037794825 -0.64149870916536544 -15.402675621107599
-0.62982580761795326 -0.61177343016416308 0.47859452797077323 27.155165429978748 -0.2959397112708203 0.75868812135961672 0.58035508251479895 -2.7182358472313397 -0.71814980286242291 0.22388748212660192 -0.65888941105141008 -15.38352247752035
-0.6539983233296589 -0.59768441995394783 0.46374511019126463 27.148581684531219 -0.29309307010260799 0.76532807649283563 0.57303524114106985 -2.7243820908250185 -0.69741138888020959 0.23884360882403641 -0.67570044042022648 -15.367129401508269
-0.6799545790914594 -0.5808339779117524 0.44754179746227774 27.143082742202736 -0.2900702503509226 0.77363314268718619 0.56333916107199655 -2.7212770010596836 -0.67343969309353124 0.25322648092006045 -0.69451805529225297 -15.334851580774288
-0.70456565393099324 -0.56516800749728169 0.42915307595582336 27.143068821723872 -0.28732355381945385 0.78015530627281016 0.55570034507361721 -2.7329841184248242 -0.64887010620104202 0.2682215901002945 -0.71205671395101566 -15.306988761257477
-0.72983320556182862 -0.54709646101700804 0.40991334987044664 27.140466370052778 -0.28463556690684738 0.78835824520693709 0.5454116530345281 -2.7351560886359767 -0.62155135436338915 0.28138361636190606 -0.73109313656478303 -15.26479634925496
-0.75313604761220643 -0.53095781465734315 0.38841973796572621 27.13873336681652 -0.28406236024898263 0.79501320424129296 0.53596882425358439 -2.7493581968417669 -0.59337565612084409 0.29332201440787009 -0.74957823246601007 -15.218447716520261
-0.77566887917742955 -0.51312721020727547 0.36747551757978314 27.134935821779607 -0.28117415740652274 0.80221670702182357 0.52667774604761286 -2.7651043546293348 -0.56504768213166134 0.30520291794142518 -0.76653264496541662 -15.17267552492279
-0.7968649225234099 -0.49515731190885393 0.34615824663722577 27.125439208040206 -0.27855691943717686 0.80954647486019449 0.51675966142405383 -2.7804534233684319 -0.53610851316261587 0.31536287274286201 -0.78302868441069218 -15.121021849904869
-0.81759586899563752 -0.47597122929687324 0.32401911036679865 27.1222931797234 -0.27636893537840052 0.81807344947637528 0.50435705885774407 -2.7784602728561381 -0.50513088062310918 0.32281143124655254 -0.80039713473842111 -15.059601494999322
-0.83598148705333308 -0.45814587359683068 0.30205514696872021 27.108737530834347 -0.27399888561846786 0.82539828757437539 0.49360133463061723 -2.790018956786009 -0.47545721572391364 0.3298788040712613 -0.81554914667393197 -14.996347098651174
-0.8534938307143729 -0.44068223467115653 0.27811409345400107 27.109038305391849 -0.27204717228809394 0.83201025510236104 0.4834762367009946 -2.8063180174530569 -0.44445316624202069 0.33698383262367315 -0.83000197564084299 -14.926190002439416
-0.86905169855934084 -0.42321013347382364 0.25620758801447208 27.096969545594703 -0.26975940978668211 0.83949384728202603 0.47167779384571762 -2.8133564998192728 -0.41470351585520232 0.34079798018869001 -0.84372846973220228 -14.849690490811291
-0.88300853567262938 -0.40723712389355432 0.23335348905080577 27.09323521442688 -0.26741399808342853 0.84509634269825684 0.46292755932982271 -2.8400513033624559 -0.38572746798525342 0.34636699681253752 -0.8551281915366542 -14.774357453807937
-0.89546332455871869 -0.39207791446096646 0.21076134219108056 27.084857985918752 -0.26583188965638854 0.85079878874441839 0.45329331289215385 -2.8548682369892489 -0.35704179140817721 0.34988045110147198 -0.8660859247933026 -14.685182941062394
-0.90653648276469756 -0.37774159342681418 0.18842211656804847 27.077403811321364 -0.26467819021086231 0.85636238475093029 0.44338349271302629 -2.871255347023308 -0.32884200012059656 0.35207208719106248 -0.87630370555967363 -14.587688252130471
-0.91615164137294802 -0.36376427643699089 0.16834999613283824 27.060096519360904 -0.26169691507204379 0.8609604637805427 0.4361901012730211 -2.8835659473665229 -0.3036130673265392 0.35555960259155622 -0.88396633100673339 -14.499597469506774
-0.9245456698398169 -0.35105847960708941 0.14823376226893442 27.03905196121908 -0.2601450456750562 0.86569605626721735 0.42766212525089226 -2.8866465985432841 -0.27845979887798367 0.3568308871991685 -0.89170166443126431 -14.393270732706005
-0.93223936587098755 -0.33795743864614702 0.12928470282363264 27.015878713006924 -0.25792831327918775 0.87124314114551293 0.41762228654114353 -2.8684226152532797 -0.253776968871118 0.35597775024660683 -0.89937594553109568 -14.28047610461334
-0.93891793686993008 -0.32513852574721064 0.1127743184366214 26.972941311758785 -0.25398574757773013 0.87580561590488715 0.41043362822366647 -2.8646981857262448 -0.23221616621436075 0.35672042585811048 -0.90489015351274138 -14.170185678914846
-0.94372217393675095 -0.31581278892066478 0.098238183891217939 26.931134474944656 -0.25165447309955535 0.87839353127857611 0.40631863158971465 -2.8746549078441035 -0.21461240548737695 0.35872982390944957 -0.90843515390412843 -14.068952095414497
-0.94803888489404864 -0.30704732981902183 0.083331926533941642 26.890438889479778 -0.25054153612446839 0.88193416414189452 0.39927568019568849 -2.8633757977179548 -0.19608980443980542 0.35765076173600807 -0.91303599119882062 -13.951570743847887
-0.95188257050389358 -0.29832504849456537 0.070155095407357468 26.842181569323785 -0.24900308545433442 0.88632170549936196 0.39042450972617448 -2.8369662790747361 -0.17865339460844742 0.35416945068909811 -0.91795804086758848 -13.819232291565585
-0.9555342777481175 -0.28936860885455445 0.056745504297379831 26.800496726983194 -0.24658043298014759 0.889624128481042 0.38440473474668535 -2.8245835792558918 -0.16171683313652607 0.35331956955980581 -0.92141898593765004 -13.689898551398613
-0.95809454405145389 -0.28288725568702222 0.045051584086483569 26.757087270114916 -0.24602093838660807 0.89318273332689246 0.37642835010407222 -2.8034279973494227 -0.14672607993880638 0.3495703154682423 -0.92534969174319381 -13.545081680726266
-0.96017544420262202 -0.27747977512371846 0.032681657662803204 26.720577180499404 -0.24625540838224549 0.89572780048198919 0.37017560871320421 -2.7934988906473968 -0.13199011399643354 0.34738549457481438 -0.92838673405333649 -13.403752064670622
-0.96153453357389229 -0.273766187532267 0.022436918435591389 26.677877902326173 -0.2471749942283836 0.89797701112706285 0.36406291999530166 -2.781920924531224 -0.11981595458467251 0.34451322478441154 -0.93110406237735277 -13.260254225752924
-0.96289637803349071 -0.26954292209213171 0.013310834685349847 26.628404909796703 -0.2473468043130834 0.90118173608571006 0.35593684403507719 -2.7614908472033175 -0.10793573813195947 0.33943790550788611 -0.93441521003156258 -13.099443801091965
-0.9639861063252857 -0.26588126804235312 0.006159392502982218 26.569327937987556 -0.24720994337764879 0.90435040186849325 0.34790457676712799 -2.7480088432046306 -0.098071559113919918 0.33385251525858711 -0.93750971586884368 -12.931995461036628
-0.96494367944926984 -0.26245699127245975 0.00015239131503769953 26.50231136344226 -0.24660499983902565 0.90686101978808642 0.34174415114717932 -2.7456970488888248 -0.089831339438411359 0.3297262781780062 -0.93979301547392935 -12.767733908382134
-0.96539988671310062 -0.26069514555506329 -0.0064109140031861035 26.448489097456751 -0.24746933440694335 0.90811625103464411 0.33776293925617079 -2.7651458989499473 -0.082231303422214588 0.32766280791509989 -0.94120938002480381 -12.611839596557672
-0.96603953536521936 -0.25806976887347971 -0.012946447579969815 26.393732333803793 -0.24774035295938648 0.91080632550091656 0.33023711926898375 -2.7666450020343776 -0.073432510694587824 0.32222947075198932 -0.94380921512347138 -12.427696549189591
-0.96641212749705852 -0.25626170058268294 -0.019430405067342085 26.347289694204704 -0.24877372850385446 0.91383796934912132 0.32095451045617795 -2.7558610975044968 -0.064492106748811881 0.31500810559467463 -0.94689527487296865 -12.238847757950921
-0.9665028849187367 -0.25541209324023617 -0.025235611155684613 26.303599003116588 -0.25032279367644916 0.91637927719155032 0.31239001152391166 -2.7598335100843925 -0.056662795640330436 0.30824289604228139 -0.9496186838040257 -12.053487748737908
-0.96631384248039143 -0.25565420193405536 -0.029639279077645155 26.247956811259897 -0.25230157952741622 0.91825876557421482 0.30519625229365122 -2.794755797072487 -0.050808176495049907 0.3023934001918368 -0.9518281151141037 -11.859148072091244
-0.96608602673760413 -0.25598886096256807 -0.033874651369962851 26.201585172837685 -0.25433214751324335 0.92063550285314011 0.29621855044484918 -2.8207783019559138 -0.044642442626399388 0.29478801527442194 -0.95451929177304518 -11.658779633500059
-0.96631909166348939 -0.25471929919552722 -0.036680944698699883 26.145113118732382 -0.25441478879434581 0.9241005681641804 0.28515128469177087 -2.8422449078939742 -0.038736653564524687 0.28487930520832583 -0.95778037834079921 -11.453932076564817
-0.96665280605940351 -0.25286662796984727 -0.040507048727849944 26.100665817878614 -0.25419355712644676 0.92819683397437081 0.27172830716610691 -2.8545514086921062 -0.031112506374212454 0.27296356141271522 -0.96152114177900505 -11.249713710237428
-0.96718938212437 -0.25028961822693402 -0.043586765350224217 26.060337360830843 -0.25286985942616574 0.9318360415113851 0.26026606758120302 -2.8853316604127128 -0.024526175806086164 0.26274835631875565 -0.96455262580748902 -11.065760167212559
-0.96687899028907665 -0.25044609945263141 -0.049211476370240967 26.058711732871714 -0.25476170070814319 0.9352375743376673 0.24581935521697804 -2.8992426184112214 -0.015540076893973409 0.2502147693801447 -0.9680656357882822 -10.884292326903353
-0.96690363395408463 -0.24972364924557713 -0.052301641024522789 26.041801722395551 -0.25498504421738188 0.93860312202112384 0.23239364569122595 -2.9306664041220611 -0.0089437057110514587 0.23803839677596389 -0.97121456526788319 -10.707340393909407
-0.96699023056331046 -0.24835989852416035 -0.056984689173362801 26.044618361183506 -0.25481333240500842 0.94228495074154495 0.21718479973206894 -2.9424417914497738 -0.00024417979170230194 0.22453603811208789 -0.97446575515261524 -10.546797577848746
-0.96686810311596427 -0.24775961206816477 -0.061491835269161042 26.049241963299647 -0.25516023141385302 0.94523868174398207 0.20351189360754326 -2.9827892686707469 0.0077024334963773427 0.21245942945120497 -0.977139531159958 -10.384554471196889
-0.9664227085866155 -0.24800993426655649 -0.067217712198562554 26.082170400533208 -0.2563926979209924 0.94805501678963311 0.18829357289297793 -2.9945409007170118 0.017027412630966441 0.19920531530334923 -0.97980983337277694 -10.238382117595286
-0.96597051856500116 -0.24776055597350996 -0.074267517576391884 26.118755537540196 -0.25716998798603879 0.95068709849951294 0.17337138756391765 -3.0229670523330263 0.027650579424726471 0.18657102575232495 -0.98205228873375261 -10.093285179037283
-0.96545625800208801 -0.24782414170948736 -0.080482350056160445 26.161902937972389 -0.25772298553648726 0.95372835608698237 0.15485827559992307 -3.0120087725371536 0.038380680175916768 0.17025104282082407 -0.98465298750760755 -9.9411543285812876
-0.96544166139930954 -0.2466077241016173 -0.084303195953427987 26.164640583673723 -0.25659672624298407 0.95605020906788307 0.14186654934352957 -3.0478754273079498 0.045612701256607928 0.1585958011886747 -0.98628943689436221 -9.8193756339822134
-0.96463144623739017 -0.24716677400993126 -0.091622916104467073 26.21782404970682 -0.25733180645528386 0.95833251980391987 0.12401259158944238 -3.0400269920099143 0.057153427862403496 0.14320393609043394 -0.988041557006478 -9.7058213803343492
-0.96377972719001526 -0.24700636963951783 -0.10058076762008852 26.281308341165179 -0.25719542727336964 0.96058587026267206 0.10547652839079326 -3.0340777034295092 0.07056308983604094 0.12752505326096075 -0.98932209676302119 -9.5877813170710322
-0.96203205102695755 -0.24894609358658656 -0.11189358911413812 26.364393448637731 -0.25906313365101014 0.96191128252279878 0.087252377264251765 -3.0338888049900992 0.085910567334781099 0.11292708728787319 -0.98988223914609796 -9.4771679563520923
-0.96111028343075855 -0.24951440145551759 -0.11836209929678647 26.365163935073259 -0.25860355298213472 0.96353850898843629 0.068685836104376952 -3.0349397745390738 0.0969083353931115 0.096623522822529534 -0.99059208020693412 -9.3585289263793392
-0.9601269192485733 -0.24901433966651054 -0.12707540113922947 26.384188114885326 -0.25695848619755468 0.96511529493534864 0.05024742633126749 -3.010928344712914 0.11013008356169297 0.080897009353292887 -0.99061952260814468 -9.2874083954678621
-0.95844279318635617 -0.25044256756183869 -0.13662332356581722 26.40495250088879 -0.25678929124256145 0.96597942886419275 0.030708352517695547 -2.9966654192474365 0.12428464141751019 0.064515605586880728 -0.99014699138232976 -9.2042656181411857
-0.9563899913568199 -0.25220420080453365 -0.14734729562855656 26.408428918504914 -0.25672173779309282 0.96640868631191279 0.012173757241600944 -2.9747501698542722 0.13932743368410003 0.049470113375950364 -0.98900989585826404 -9.1398895993657838
-0.95470519861497594 -0.25231706382690411 -0.15771519596827066 26.390282139379885 -0.2543685716022337 0.96707920981078332 -0.0073777864424383532 -2.9516656688638405 0.15438462850484602 0.033074178047548392 -0.98745708019533707 -9.0689825236681791
-0.95185293368720791 -0.2544688940751979 -0.17094319108757064 26.394843694440887 -0.25341775981328341 0.96694243574948058 -0.028315454403532281 -2.9132985160204794 0.17249762793230802 0.016367892198057621 -0.9848739312534982 -9.0244991257806397
-0.94823540303037945 -0.25713579472584625 -0.1863620227152554 26.388438762759989 -0.25284946758397153 0.96637147271309198 -0.046832931456741174 -2.9092895640987062 0.19213736539860229 0.002712894586447244 -0.9813642916983718 -8.984871176396199
-0.94438869418441529 -0.2609281232915408 -0.20011623815225379 26.355636729365457 -0.25278989508195504 0.96529067023068715 -0.065659659685722252 -2.9019444169753146 0.21030278942778963 -0.011420877424488557 -0.97756958847835773 -8.961909735039713
-0.9407159685700881 -0.26260486018018636 -0.21469083326259294 26.325000819377276 -0.25030879700559383 0.96459437627058209 -0.083085470503446834 -2.9150118023405782 0.22890821876650502 -0.024420824656663277 -0.97314163959016531 -8.9356452183653854
-0.93576916572224267 -0.2665013425054184 -0.2308963034054646 26.315206829057669 -0.24825042711674281 0.96295125855338826 -0.10534039627227679 -2.8847490042438562 0.25041524298623169 -0.041254188796475244 -0.96725916795184319 -8.9209769818385212
-0.93178512379568312 -0.26706573154946944 -0.24587065320003146 26.26672278777318 -0.24309373010043989 0.96207656117460738 -0.12375026797666533 -2.9080731611904946 0.26959584837107176 -0.055539044557758765 -0.96137063251936983 -8.8784375874392971
-0.92428881400439145 -0.27257238366821446 -0.26719746250251641 26.308882805699589 -0.23981227434396057 0.95930940851686508 -0.14904875646914795 -2.8457953686644828 0.29695161454407515 -0.073686867164034511 -0.9520451587121368 -8.8919926822435436
-0.91822069602332834 -0.27524396721967204 -0.28480082848125798 26.282841138979599 -0.23332058355633745 0.95695867617050767 -0.17260242579674112 -2.7997345750820215 0.32005040022372255 -0.092037224051823005 -0.94291934475090167 -8.8931804818715943
-0.91043662965632288 -0.28017235942695962 -0.30431659894453089 26.290193052255272 -0.22893129869527751 0.95403010102354791 -0.19343481284063765 -2.7832244161918882 0.34452228354306713 -0.10644254484993035 -0.93272417186869405 -8.8909683929808718
-0.90559943391218822 -0.28140480626574726 -0.31733420916828708 26.172069717862648 -0.22176760352050864 0.95193478896113903 -0.2112801164196057 -2.8198971798139945 0.36153671366362694 -0.12096070674416926 -0.92447807550923367 -8.8160688076894491
-0.89513511843514215 -0.28979565051050388 -0.33875005636796357 26.188506276947876 -0.21568428082819016 0.9465539525711002 -0.23982473991574327 -2.6783275469606433 0.3901453713011741 -0.14161248467992282 -0.90979805090747923 -8.840156528935184
-0.88850398523516527 -0.29735455011008338 -0.34948668036144082 26.034029671966366 -0.2139437299960889 0.94222410654850808 -0.25776309556301186 -2.686471860463358 0.40594180447028438 -0.1542530536738112 -0.9007870152348525 -8.775188770289331
-0.87693420609961636 -0.30445127214610807 -0.37188146103436409 26.015519122144546 -0.20531251969799083 0.9369208097425229 -0.28288896324649615 -2.5623227131049031 0.43454938433703821 -0.17172308860497401 -0.8841255642793453 -8.7675411806405883
-0.86692729894676446 -0.31139793090519147 -0.38918939729755386 25.908216364178813 -0.20168481721509274 0.93320245671031954 -0.29741622231266868 -2.6167183136590135 0.45580729792948932 -0.17934464981646298 -0.8718229199421339 -8.7570014057189702
-0.85777545303987179 -0.31839562757722162 -0.40354119554507717 25.781049947304467 -0.19378563269183594 0.92744215242073114 -0.3198408705519451 -2.5519298743519387 0.47609704969099298 -0.19615116174243899 -0.8572376105973325 -8.7106597674051311
-0.84646274773379937 -0.32769517657412772 -0.41966258821700819 25.694109381612222 -0.18616031883548545 0.92057429189863182 -0.34334721316242395 -2.4792885835695602 0.49884381562771463 -0.21250610425440447 -0.8402356831655029 -8.6992765785115278
-0.83311985493345597 -0.33689568184772456 -0.43864861434639801 25.632642808173603 -0.17839443747868922 0.91437536049601031 -0.3634461786763663 -2.4098085187525782 0.52353293305418747 -0.22454175484784089 -0.82188458334338699 -8.6923648761848202
-0.83311985493345686 -0.33689568184772478 -0.43864861434639846 25.632642808173628 -0.1783944374786893 0.91437536049601043 -0.36344617867636653 -2.4098085187525733 0.52353293305418802 -0.22454175484784097 -0.82188458334338788 -8.6923648761848309
1 0 0 0 0 1 0 0 0 0 1 0
