0.99978764583026347 -0.00062778220236760218 0.020597794413143466 0.13728222132288168 0.00060781432821999223 0.99999933932030494 0.0009756642331984561 0.022326721213684234 -0.020598393309240026 -0.00096293741225623531 0.9997873668658841 -0.08425651998372724
0.99974461905801815 -0.0040486802509488908 0.02223296770032579 0.29434725249512866 0.0040564570078910145 0.99999172612398268 -0.00030469676833426809 0.029886765828113809 -0.022231550127719057 0.00039480603222075318 0.99975277059236778 -0.17844715172902847
0.99967617888830729 -0.0071291647808037492 0.024427696837833815 0.45096667833691129 0.0071009023004660063 0.99997401506826511 0.0012435331810528036 0.017327261656575291 -0.024435927438757166 -0.0010696718100848281 0.99970082587363429 -0.26537517634176494
0.99965856448075952 -0.010557671513583528 0.023901674260987368 0.63544171569364982 0.010490038017760814 0.99994061687105884 0.0029532751162359579 -0.014756979348954086 -0.023931434613349279 -0.0027015372915272931 0.99970995200288437 -0.39540069374532644
0.99955615062598058 -0.0112775174945855 0.027573888824960799 0.78063957878083579 0.011191537426861849 0.99993202429924277 0.0032705153786195896 -0.013765378911312508 -0.027608897764944011 -0.0029604695536273921 0.99961441785531835 -0.49548643798947506
0.99941253559848664 -0.014210158327852546 0.031187418759831435 0.93797572796187623 0.014035516931461907 0.99988460845755134 0.0058115431819660991 -0.029824395951798321 -0.031266402944220638 -0.0053703975631766293 0.99949665876227078 -0.58189761904578352
0.99920841928787529 -0.016837905801829645 0.036041916603233033 1.0862347940239969 0.016558600027364232 0.9998306193550035 0.0080340130273700155 -0.052805543337529778 -0.036171087754717397 -0.0074308497763640362 0.99931798486880119 -0.68229902050832392
0.99900932539411358 -0.01913258653263341 0.040178500571441428 1.2499947823704469 0.01886858403333071 0.99979788787372559 0.0069397362928595935 -0.041369250610472703 -0.040303155114397207 -0.0061747498579772407 0.99916841831195613 -0.8003120044695351
0.99878835234587005 -0.021967872829130763 0.044036800310483279 1.4115718128245025 0.021743676068976245 0.99974809702811762 0.0055637253405473822 -0.035909981272857668 -0.044147930520350237 -0.0045994621447249442 0.9990144169023536 -0.92050849006578461
0.99864795941766915 -0.024348517521043452 0.045928235819077692 1.5910874638411909 0.023997525513780114 0.99967856608716976 0.0081782195565861925 -0.049406120364122792 -0.046112600448693454 -0.0070649982609832501 0.99891126426696752 -1.039007724822967
0.99853604984573141 -0.027460886108732159 0.046601039608641509 1.7862435263973235 0.027073640632235267 0.99959363565693993 0.0089208484494099835 -0.049274268414317 -0.046827077011057532 -0.0076461289724933414 0.99887374656176464 -1.1811439308408562
0.99815454004628668 -0.027843686678760891 0.053965204503651977 1.9192218898544549 0.027389067274848935 0.99958300984291693 0.0091457874012485507 -0.050488310240025112 -0.054197353983379902 -0.0076508526002028662 0.99850093203546397 -1.3089264005076553
0.99802821930495367 -0.032090305218849119 0.053943357162345267 2.1279476758088305 0.031585557763689175 0.99944916918882132 0.010183847432644631 -0.04727226293749523 -0.054240446271577591 -0.0084599360952570726 0.99849206480047914 -1.4395254117177907
0.99793559727892767 -0.035906224653225634 0.053247410403718345 2.3336059538075791 0.035413878437007253 0.99932106945710963 0.010161562534742962 -0.037965347060231101 -0.053576122457665729 -0.0082548876582731745 0.99852964699709867 -1.5706425200878251
0.99767012781288889 -0.040279053614813466 0.055062817851150657 2.5112689535609736 0.039382632113102271 0.99907495510782995 0.017269694963477814 -0.08290739121160301 -0.055707489242094364 -0.015060940082959887 0.998333533307461 -1.6751195890363748
0.99736546948579741 -0.042434282672690393 0.058834105172332972 2.6550918499577381 0.041352506526809912 0.99895461341946656 0.019484622960537722 -0.10096353099666368 -0.059599416786786374 -0.017000352408652535 0.99807760095929243 -1.8050388751163431
0.99726376766705371 -0.047891360446961101 0.056315142662094059 2.8556691525226507 0.046859227255146914 0.99871098679788894 0.0195083999917289 -0.097347163097406431 -0.057176835515471237 -0.016816136408998397 0.99822243364728624 -1.9345353925860409
0.99688109042040607 -0.048903907768628831 0.061939481489432298 2.9619851517450182 0.047519720224356 0.9985908129882759 0.023627619541822985 -0.11683998614989016 -0.063007680103470035 -0.02061058030167149 0.99780019855059521 -2.0227313670021507
0.99664666063972707 -0.051055541882272168 0.063943455324124765 3.1015787309697256 0.049836484594286586 0.99854661820204615 0.02051770163883981 -0.07557187208103415 -0.064898063445408161 -0.017262181796185754 0.99774258125063064 -2.135982726430393
0.99636934392192256 -0.058130891543841323 0.062200722993512772 3.2791404108913254 0.056439042929919997 0.99799572678832871 0.028621036763021121 -0.11873006356629816 -0.063739822134613766 -0.025006574346633653 0.99765319942036679 -2.2093865485048085
0.99615891702656401 -0.061414087413821615 0.06241571833753537 3.4121827396963176 0.059891158748690922 0.99786660436673202 0.025986323197925158 -0.095719562562652002 -0.063878487241027987 -0.022148357878980493 0.99771187680164575 -2.3330255281049825
0.99582383562256493 -0.065534557486535056 0.06356186105682321 3.5283343205789799 0.063525050447206188 0.99742988952781453 0.033138850948873588 -0.13695591864683199 -0.065570239984636139 -0.02896268722987877 0.99742754442454684 -2.4075375382378947
0.99553143984587111 -0.068247524582187441 0.06526429090100104 3.634015183725904 0.066110279642597178 0.99722029778350041 0.034367260789366375 -0.13785015271542531 -0.067428356082469984 -0.029899048095055464 0.99727602183097996 -2.4985475651946705
0.99527502672257984 -0.071497710889936589 0.065693976282966887 3.7348907166901482 0.069192890986647965 0.99692739121848961 0.036716760140382415 -0.14442152565728078 -0.068117288695879713 -0.031997718290458894 0.99716406925085632 -2.573715153538672
0.99498345967680069 -0.075631750011405416 0.065480938904361435 3.83706229854418 0.073181726062259311 0.99655413023484685 0.039042290947336217 -0.15700793870691596 -0.068208136905598543 -0.034054425587290306 0.99708973826721681 -2.6544520313774842
0.99493310966944426 -0.078785600351208754 0.062457477220819985 3.9624696088082509 0.076717709625798117 0.99644373163141409 0.034846559690077022 -0.10374550890427908 -0.064980768795554852 -0.029878401392343466 0.99743911133310625 -2.7281528031470423
0.99484029264882889 -0.079902710281070002 0.062516789841863971 4.0410355988875697 0.07776098741641238 0.99632270704877346 0.035976273501135969 -0.090472364002521649 -0.065161499049798968 -0.030929279150076736 0.99739528710177872 -2.7795516903856941
0.99467519972190954 -0.080342654411503123 0.064546920455535339 4.0976244891943505 0.078285244704562884 0.9963578789594334 0.033799371251634756 -0.073224440081242584 -0.067027363962236644 -0.028566324887407232 0.99734211660929117 -2.8504844001865965
0.99466148507457286 -0.08121247629853276 0.06366367726345612 4.174238309395883 0.078994596376279355 0.99620231257399805 0.03661702016231113 -0.095323744406644581 -0.066395661398874234 -0.031392453164393534 0.99729941844549741 -2.9014737673711188
0.99482571792194407 -0.079972173633245783 0.062659735121228535 4.2372755597445586 0.077555737521476292 0.99618145116748358 0.040095185837533069 -0.11485027963670096 -0.06562696502649204 -0.035028100065810371 0.99722922824553795 -2.9318917953230987
0.99487189332393 -0.080727379184219031 0.060934441197948774 4.3074766985907997 0.078498800160306498 0.99618492002489945 0.038125365419585097 -0.10144664771371345 -0.063779732262304295 -0.033146573956171585 0.99741337989196677 -2.9810907985913424
0.99521998413619894 -0.076968732495479364 0.060108214030889888 4.3494713921847108 0.074732397761724495 0.9964558923542246 0.038609886264134821 -0.10984477838547101 -0.062866938057514185 -0.03393329943558937 0.99744487531326131 -3.0105364010704481
0.99545726315708905 -0.073415212101313215 0.060622140014331603 4.3783600583602906 0.071141788903072462 0.9967094410995514 0.038847598313030217 -0.11700389998032201 -0.063274663961720934 -0.034358356409162925 0.99740454192137717 -3.0301563001152294
0.99588092386209304 -0.070614179711587663 0.056875505371326178 4.4375824714488123 0.068678506811910053 0.99701411987051591 0.035300247604044918 -0.1066507408041117 -0.059198379958159145 -0.031248718413401436 0.99775701922254068 -3.0696664531681175
0.99659401605808806 -0.06408124376104446 0.051903384814950895 4.4958884693501915 0.062418221000331245 0.99750260168084337 0.033053370888647321 -0.099574632172418062 -0.05389186250599512 -0.029701074694129689 0.99810496107255608 -3.0773898172319822
0.99711347763891089 -0.057796190249459929 0.049237314137605841 4.5281321119056299 0.056324850103129757 0.99793839769014658 0.030764682291268716 -0.099614242164721131 -0.050913887807719133 -0.027902595009621806 0.99831318794255741 -3.0801589839218289
0.99755263210703415 -0.049748090133437825 0.049131188713521075 4.5238976066040228 0.048379302171023562 0.9984175578380966 0.028667461032604355 -0.10449407564991586 -0.050479592884383181 -0.026220368584107291 0.99838084064826704 -3.0818841429988604
0.99807126892148879 -0.040947629440358603 0.04665869475954313 4.5426116892463702 0.039866873996884815 0.99892000733189379 0.023863178953479437 -0.10026470128812943 -0.047585444320355462 -0.021957016993761971 0.99862581325217603 -3.0819686406442504
0.99870444283078852 -0.025676892724836815 0.043933279527500736 4.5401387012367271 0.025036278737183157 0.9995729453197002 0.015070226670282027 -0.068972598241602526 -0.044301474208409408 -0.01395077649798861 0.99892079526760524 -3.0911337637096317
0.99899744219897646 -0.011751611045244031 0.043197339243801411 4.5310924575745632 0.011302258200916619 0.99987960373832641 0.010631885422973952 -0.082824500921415883 -0.043317080227810598 -0.010132998861577529 0.99900998638382421 -3.0922624201609143
0.99925886407384801 0.0014082927177153772 0.038467379446280418 4.5679910407847064 -0.0014789360963750355 0.99999727183930487 0.0018080547475847577 -0.054240607488485186 -0.03846472823075351 -0.0018636055292509323 0.99925822071002535 -3.1072879701635165
0.99904692848282972 0.020066936350079188 0.038762775372069236 4.5482251545519174 -0.019765265916725769 0.99977142874971259 -0.00815012386405666 -0.041935763629228552 -0.038917463332863118 0.0073761996502411603 0.99921520341038395 -3.1283618455324298
0.99890423230598702 0.035483814743966807 0.030516119877902675 4.6210649350388557 -0.034946293976231314 0.99922760099785801 -0.017971030615750411 -0.033340518196122444 -0.031130229978487182 0.016884913244706451 0.99937270749515927 -3.1469444623368688
0.99823821252102007 0.053501941937206053 0.02565176936951092 4.661225637442592 -0.052817814357908492 0.99824863928492269 -0.026644561401039817 -0.033510260091993559 -0.027032379645385692 0.02524274895386984 0.99931579296834872 -3.1759178801030181
0.99699104281508233 0.074720779824151318 0.020631665200981579 4.6848422010199648 -0.073931192120681055 0.99658797907768504 -0.03669575982958468 -0.03149103876705972 -0.023303205318359967 0.035060020255646099 0.99911348484622309 -3.1949923116112817
0.99507872969182032 0.097452989509485693 0.017923073134291308 4.6854218910577812 -0.096436164365690635 0.99404131007370511 -0.050812794347345147 -0.0059425402176570231 -0.022768133813437241 0.04883429842453111 0.99854735660360006 -3.2304987088860124
0.99285008401424513 0.11877279655845654 0.011905186709574472 4.7213689386176316 -0.11783141526381048 0.99113423696125602 -0.061389591138533081 -0.0036666638855505237 -0.019091051564379197 0.059547855720523665 0.99804287714970141 -3.2579845331940249
0.99045016875839664 0.1378615425625529 0.001630425937325902 4.80121619744315 -0.13732046429224079 0.987480820523707 -0.077619064567860885 0.026654494666979365 -0.01231069831598141 0.076653924753398994 0.99698175636611985 -3.3164397323826136
0.98748802953049541 0.15753924646133807 -0.0069840789208810245 4.8529498230523958 -0.15751462005195921 0.98328526746980716 -0.091319369504595363 0.037822032230187035 -0.0075190427493297086 0.091276878787695567 0.99579716578975563 -3.366576969403575
0.98405972902945515 0.177332306888071 -0.013405321190869894 4.8904784587978556 -0.17776615709101987 0.97871571889456899 -0.10254138180158204 0.026700575993262574 -0.0050639012200301738 0.10328985682264248 0.99463840785583568 -3.4104053052359826
0.98008237006222787 0.19663287102247279 -0.027821968418245496 4.987562310032704 -0.1985386607003263 0.973387679590486 -0.11445010016933196 0.0031187495102857829 0.0045769094951704312 0.11769426177562349 0.99303933086487772 -3.4532840313713509
0.97518475925124237 0.21809883453743081 -0.038047124694393614 5.0293256652951879 -0.22118787177766608 0.96717705133018073 -0.12507788277199058 -0.0265918825334155 0.0095189654145347736 0.13038960753707118 0.99141713700327239 -3.5143118635852453
0.97044163280800166 0.23605311097316048 -0.050219180726415187 5.0929808731661268 -0.24080338600987203 0.96092051253378885 -0.13654851840273133 -0.065242288981747679 0.016023938314913271 0.14460531591782255 0.98935965958249306 -3.5951049166273332
0.96608385491182724 0.25058725724159309 -0.062353923588168589 5.2092341023011794 -0.25725429705365027 0.95491477672591629 -0.14818230608924143 -0.12741859882008194 0.022410085366543632 0.15919734827763002 0.98699239732392829 -3.751031821112722
0.96214794025296635 0.25706316178244987 -0.090497911143762308 5.426322634264273 -0.26934849947105527 0.94753775198302803 -0.17211506151304873 -0.029380962942800432 0.041505745381395211 0.18997562849312968 0.98091107327778448 -3.7963934779723552
0.95743317099824721 0.26705908406372308 -0.1095498456926635 5.5334482520662398 -0.28371194076267081 0.94056737372676269 -0.18665623522780911 -0.026464221419433529 0.053190767440599085 0.20979147051247268 0.97629825420272798 -3.8396366883244455
0.95367230876872233 0.27246103430116958 -0.12757002890676042 5.6581420249914736 -0.29356286630417483 0.93552306567703636 -0.19651319831888286 -0.063547276717969142 0.06580251526356698 0.22485901888466983 0.97216688413626384 -3.9191611576774559
0.94867487427686903 0.27999856451182925 -0.14702648328475276 5.7789723165485274 -0.30563106599366069 0.93118749746439344 -0.19869447920256594 -0.21157477230536942 0.081275054077775424 0.23343232089262034 0.96897044183367087 -4.0186922756347698
0.94365210838307201 0.28278112423942403 -0.17191723042810592 5.8989941824395942 -0.316269677618987 0.92354149581134248 -0.21689766373414493 -0.19638746231600646 0.09743813094967016 0.25904814473073456 0.96093697470156669 -4.0764137429796738
0.94197533183574089 0.27393975772174439 -0.194008977504387 5.9829744409275722 -0.31470552857716561 0.92178335721943228 -0.22644176433741053 -0.28800635190318685 0.1168028445540286 0.27435825391743646 0.95450754004956029 -4.1634349658568128
0.93974521335796601 0.26080267589451961 -0.2210450140063083 6.0843634903390162 -0.31162764827965878 0.91936319242910924 -0.24012398721128606 -0.32163930296318743 0.14059567133621198 0.29453910547296563 0.94524048397680527 -4.1993153344808318
0.93786019531886011 0.24132380789930644 -0.24936133176065639 6.1492985346788425 -0.30646142032757023 0.91309757372176792 -0.26895021605164959 -0.16363081971747931 0.16278713673775894 0.32865733006339493 0.93031430576355367 -4.1729783794279305
0.93337939074533194 0.22513054889110731 -0.27949803020390285 6.3074023685143628 -0.30348097369939714 0.91082460369774754 -0.27981751178456837 -0.2447025828713191 0.1915782125773671 0.34599823302269911 0.91846775186221497 -4.2329943832442591
0.92760997932409717 0.21185512573055557 -0.30766399197832445 6.4428257424259909 -0.3027539807048934 0.90883228357243151 -0.28699112791837394 -0.37791560646761341 0.21881442691396982 0.35936233252555833 0.90718187842135656 -4.3142477151055596
0.92358406922031655 0.19432965836230071 -0.33049727829928205 6.4740374136833445 -0.29921508615772224 0.90431763149300137 -0.30443382464258983 -0.34436724735515201 0.23971399478976707 0.38006000217291974 0.89335972343186132 -4.3735548808022164
0.92295529425643785 0.17911969669194783 -0.34068997499339038 6.4000937962275675 -0.29220609753886584 0.90219269990140794 -0.31727579297153291 -0.36659645126185442 0.25053766456387183 0.39238306092591818 0.88502339637621341 -4.4928575511471873
0.92021819073961164 0.15312068755051372 -0.36021179391570973 6.3464300331980397 -0.28499912769854119 0.89292753552409176 -0.34850525607792837 -0.15929984887655216 0.26827966498224648 0.42336092326398028 0.8653274235860573 -4.5039411717771349
0.91276378407039971 0.13490090871159777 -0.38556973340534645 6.4338839738175428 -0.28381647073640948 0.88829093635622258 -0.36109198734687281 -0.20474660874776804 0.29378646229568439 0.43902272972611622 0.84908689623360456 -4.550187348985304
0.90688464820553272 0.11785159240689491 -0.40456301983286397 6.4749843949035997 -0.28120781224100116 0.88428841189849727 -0.37276825363308963 -0.27692920696500034 0.31381905803146665 0.45182408827904774 0.83508837380665901 -4.6231654992257525
0.89997272780217796 0.10033839507070318 -0.42424202489492052 6.54281874111643 -0.28156533105767861 0.87673488653789078 -0.38994474361603026 -0.25431979134536603 0.33282135382016387 0.47039148079235787 0.81728930082271722 -4.6866970303526578
0.89479488926661188 0.08169329439930538 -0.43893998655002958 6.5885453861548022 -0.27758207374862015 0.87180951369701165 -0.40360421722374956 -0.23953127936302654 0.34970029807789316 0.4829848625760112 0.80276729134081204 -4.8140986412363524
0.88917536018505106 0.062045847119025999 -0.45334037068748606 6.6529791550370154 -0.2735165056255689 0.86634159616761952 -0.41790065793214465 -0.21705906593933125 0.36681862001561877 0.49558304208782578 0.78730016410820947 -4.881387481368332
0.88178184615209487 0.045788324378734147 -0.46942965942427539 6.7519792420654552 -0.27232370477293494 0.86204699135963281 -0.42745149959562484 -0.24760923168049731 0.38509813764201289 0.50475579643862734 0.77260663364111781 -4.9618634828497967
0.87893520693140381 0.032017487843177608 -0.47586529868090011 6.7669813656201629 -0.26978016697041968 0.85616273997696057 -0.44068585657422216 -0.24347033696262738 0.39330848392306866 0.51571333427336874 0.76114925824491331 -5.0189625942354148
0.87998659804434842 0.01872477559903795 -0.47462929749552962 6.7204854344637646 -0.26051269191026893 0.85455926576322272 -0.44929010522365942 -0.21293920420808732 0.39718600757831285 0.51901622718079565 0.75687874280297573 -5.1700934280489399
0.87252807033629232 0.013779465834033012 -0.48836962722568533 6.9109510526069418 -0.26591561943909092 0.85196394912435525 -0.45105023304589659 -0.3356818963745658 0.40985808496789561 0.52341910140322712 0.74702663571835748 -5.2273722978060704
0.87235091829492573 0.0013855932806433979 -0.4888782624347911 6.8785207659381404 -0.25726907613861383 0.85163282512659866 -0.45665539921222048 -0.30151468887467991 0.41571203712760585 0.5241370157679659 0.74327914735250533 -5.2368113969658729
0.87518520779341735 -0.0067929512041573986 -0.4837403310388031 6.9155499539965906 -0.25046865958236592 0.84910125157640648 -0.46507259125688422 -0.24206793529779422 0.413903735941832 0.52818644471939824 0.74141943391583442 -5.3365183300274346
0.89137071435745274 -0.0064823148061658783 -0.4532286720637147 6.7275575244124832 -0.22783690320576322 0.85799639183911691 -0.46036131150289361 -0.27439837935085865 0.3918527722544427 0.51361480818392524 0.7633159461787089 -5.6408858705085398
0.89683474139939112 -0.026402451295983773 -0.4415771248430454 6.7445399882503096 -0.19879100506873951 0.86769317401024348 -0.45562121557252988 -0.28773640766642183 0.39518297397895025 0.49639849550697929 0.77292881349808651 -5.8119596250102434
0.90047382387408303 -0.043573968705049149 -0.43272185265927843 6.8164530830659817 -0.17592010569595992 0.87344394705688089 -0.45403500719836448 -0.30317259413152647 0.39774239015914453 0.48497111316137997 0.77884787376579712 -5.8779251851975403
0.90687007278485432 -0.060596324875849407 -0.41703088194848781 6.8549142363886268 -0.15102591658540931 0.87713899027288389 -0.45587099519776714 -0.2576916680956261 0.39341815363138755 0.476398233786195 0.78629948444512143 -5.927824747953494
0.91478224601558089 -0.069747786932058034 -0.39788024403426919 6.9162080205865726 -0.12889496757288549 0.88309008497576258 -0.45115184711124179 -0.16021496002758778 0.38283094142071922 0.46399046114718862 0.79884499263333009 -6.0651436809788466
0.92371633494110206 -0.083646992820779378 -0.37383326919232091 6.9363998543831604 -0.097430988904279744 0.89247874723354115 -0.44044169663825317 -0.17456776026667167 0.37047987119965359 0.44326613487665556 0.81624738817799514 -6.2112945104333877
0.92975459778546388 -0.097906084779363758 -0.35492363468775401 7.0181819402637871 -0.067220146001729694 0.90265298299723684 -0.42508710196581634 -0.28345266104106587 0.36199149143080195 0.41908470605519144 0.83266449983311852 -6.3248935558234134
0.93743721687782167 -0.1128623686150383 -0.32935323007823569 7.0367715404864839 -0.034318313102186505 0.91143530663868944 -0.41000967695684748 -0.32165246420114119 0.34645882554523605 0.39566117773044318 0.85054013111597171 -6.4410391607093187
0.94365917476068595 -0.12697773992006522 -0.3055879831648709 7.1539558421040788 -0.0080826022829248549 0.91433308090540744 -0.40488231463273594 -0.13417655902673786 0.33082024338047578 0.38454085703188684 0.86179249001303371 -6.5518338753340633
0.95099005975695472 -0.14349924742025616 -0.27390851069888972 7.1822474724764618 0.028135032020163202 0.92228073742431971 -0.38549534543140401 -0.15144467530675434 0.3079388351875873 0.35889581686873029 0.88111716951688024 -6.7373416566452331
0.95628681488589728 -0.15461065242471123 -0.24821578078798867 7.3320033649071581 0.056459074377217894 0.93044796259829365 -0.36204828658226268 -0.19626824688704914 0.2869283893166612 0.3322079695815402 0.8985042928949516 -6.8770304961796898
0.9615647490475987 -0.1723721511355204 -0.21373131474339879 7.3320708282797913 0.09460116668951743 0.93871486392351333 -0.33145893186040709 -0.29211033468596403 0.25776705113340342 0.2984999929011275 0.91894172915806593 -7.131418850141988
0.96588910238762926 -0.18998766654213078 -0.17596286099826852 7.3160923776742708 0.12765315404202024 0.94053740622262805 -0.31479208973405831 -0.22946953583194138 0.22530626744931909 0.28159203479126904 0.93270735592154985 -7.2505993484671301
0.9685757079707531 -0.20390144390294421 -0.14242646911037615 7.3554404059065916 0.15234041750427177 0.93900792095978902 -0.30831237660755478 -0.094501560523888653 0.19660492141240668 0.2769265706808739 0.94056269292767103 -7.2494211186660475
0.96946220306516406 -0.21179977221142088 -0.1236280442263358 7.6578342131751329 0.16725054314210383 0.9396913417528755 -0.29834114374881621 0.04630186002472967 0.17936078904462335 0.26855360493925745 0.94641886531673669 -7.271692534657868
0.96934699308874395 -0.21122613488044995 -0.12549871287498121 7.6904456423622607 0.16653725230015456 0.9404096727143556 -0.29647089412216066 0.0011056850646151341 0.18064260457080902 0.2664829589462423 0.94676030863420213 -7.252349039844356
1 0 0 0 0 1 0 0 0 0 1 0
0.99527158193141418 0.041008242235088942 0.088049998685568398 0.15124415659177706 -0.044463838937322822 0.9983013090072772 0.037649215945524318 -0.042424152165500356 -0.086356500778436721 -0.04138623567256601 0.99540430693771798 0.15430363335532421
0.99016928084228661 0.057857757430906404 0.12734706585287026 0.24448843872997109 -0.065503948709020821 0.99624046951611822 0.056693558733160065 -0.06837423684749161 -0.12358813850768548 -0.064477955949073754 0.99023662082192987 0.21623680553553223
0.98362952864968267 0.074489356910887664 0.16408621537291135 0.33378823838499322 -0.087693866055420983 0.99333909116608898 0.074747814801385121 -0.097117379309081264 -0.15742533539636161 -0.087913512433133265 0.98360992172050221 0.26973066325591682
0.97570141572563007 0.089759167017234243 0.19987505919292053 0.41457605026632016 -0.10918096442372127 0.99008795413736206 0.088347948926950012 -0.10279290644301385 -0.18996385013603864 -0.10802377057141223 0.97583021096552836 0.30223609934417039
0.9670834926645494 0.10421315668221898 0.23214033727481254 0.49849874375087389 -0.13088569661432584 0.98607510901845719 0.10259051513673399 -0.11565275714635173 -0.21821652695778818 -0.12959744344918642 0.96725697206787598 0.34670710941232247
0.95733663819485826 0.11881638140194455 0.26341835296788796 0.55452649374570395 -0.15302097067122233 0.98170445632027625 0.11331788462439552 -0.12368128298950395 -0.24513494998592936 -0.14879189477743249 0.95800304192833197 0.38212551349087798
0.94793940775385011 0.13048238687741145 0.29049135261149073 0.62362719666029287 -0.17296341686443384 0.97688395653208526 0.12562401003311049 -0.14813635080422199 -0.267384621199238 -0.169328326587705 0.94859547867420679 0.42870493445013858
0.93835880033400987 0.14176359616705331 0.31525520556765174 0.67422356258584792 -0.19239682892233798 0.97189949525832819 0.13562754638065058 -0.16479634363723392 -0.28716932645452636 -0.18792140356646855 0.93926531077500253 0.47070007638500261
0.92938345919340204 0.15303838666851594 0.33589527829906124 0.72368553235641775 -0.21016776136947932 0.96748652432785787 0.1407101180617191 -0.16781043458916259 -0.30344010588359543 -0.20136801496240445 0.93132970783254487 0.50020597750898199
0.92145388927376848 0.16375687734270011 0.35228740406834502 0.77102184259107032 -0.22614431187923043 0.96344126714608402 0.14366514874741684 -0.16796890082219018 -0.31588206683335934 -0.212048602643158 0.92479938904076331 0.51486411040414937
0.91498751711879578 0.17198216067017649 0.36499312312425697 0.81168883346240672 -0.23868550177291914 0.96006245428487846 0.14597710476614265 -0.17796011770699649 -0.32531073569771907 -0.22068579538274133 0.91949480964065022 0.5393632909790832
0.9092590701181209 0.18147492489208519 0.37458616504529646 0.83578498306883164 -0.25039074870507672 0.95738018055897811 0.14397104860273019 -0.16967056679119805 -0.33249423509414588 -0.22469989209670446 0.91594625503950189 0.55834596894335919
0.9059533308271841 0.18890685982568953 0.37889676783251652 0.85565945780448061 -0.2581185031865858 0.95582427430257688 0.14062288208776239 -0.17645195109562703 -0.33559410107426968 -0.22519803499309118 0.9146925408897808 0.56806687410027146
0.9033702342326404 0.19752447906502116 0.38066560137810784 0.85931997136439553 -0.26460764519014679 0.9552403856957864 0.13228227259421643 -0.15869413495990353 -0.33749816889783252 -0.22022689596381548 0.91520221824728598 0.57195745419109112
0.90248963654266989 0.20619358026178464 0.37814899628573195 0.85552030357141551 -0.27054698660605797 0.9545296374230372 0.12520982117799995 -0.16910599895828243 -0.33513696300387552 -0.21530763743971607 0.91723815734446346 0.57610865411723622
0.90353059299532867 0.21299669591633288 0.37183985134763992 0.85981877310346078 -0.27275201620278366 0.95510748724390782 0.11565476846176709 -0.17487076900430562 -0.33051294252846769 -0.20591769069061 0.92106411257947729 0.5800029890459486
0.90588911233520997 0.21933736074854904 0.36229275224931884 0.87470862515970138 -0.27294534009255733 0.95645328485532322 0.10343091999600569 -0.16807297547476624 -0.32382982795641857 -0.19258306277895465 0.92630772773220105 0.59686218474641284
0.90975710400485754 0.22519591916263432 0.34875322178467555 0.90119477045132879 -0.27197603420003869 0.95800333299623408 0.090877119171581977 -0.18620937880371954 -0.31364159248019735 -0.17752862293332536 0.93279823086554092 0.5987975714139816
0.91330941957035638 0.23163577192089363 0.33497876543248317 0.91580512905594857 -0.27133101209052202 0.95945559267458091 0.07631806839406878 -0.19378516948414135 -0.30371925523745091 -0.16059213820134693 0.93912979888081904 0.61565312536936012
0.91807521921799429 0.23659207545435557 0.31805987123501189 0.94672493707686611 -0.26808936272646861 0.96161448088336354 0.058529340918340153 -0.18995513301842584 -0.29200339972463979 -0.13900280568254686 0.94626224407488246 0.63201618035902396
0.92326665480894454 0.24074885259331932 0.29936378219968662 0.98201813656824521 -0.26534666724734352 0.96315854302300774 0.043780899745488246 -0.21251701803746331 -0.27779458291807774 -0.11985662675378915 0.95313407174676856 0.65089188152454169
0.92935611818118069 0.24350661176460292 0.27749186587381325 1.0465351809602779 -0.26084652810307501 0.96500855483835324 0.026787643893492984 -0.22161290713633264 -0.26125905606462541 -0.097278050534104807 0.96035445878514303 0.68279527011160113
0.93473967866291696 0.24624426057515139 0.25617473971284471 1.1016240359547305 -0.25688549791994719 0.96640542771076721 0.0083898897245421912 -0.23161138763483519 -0.24550269670935917 -0.073649938390782835 0.96659407844423828 0.70705789582425038
0.9401126804059986 0.24777357322150959 0.23408631859400489 1.1640889086075299 -0.25281514296173224 0.96747534815206615 -0.0087151710985720436 -0.24570685436851381 -0.22863213166370036 -0.050987323239053479 0.97217675411410076 0.74937111540502777
0.9445749532090435 0.24929675057325801 0.21361013066741022 1.2173878359051584 -0.24958301554169557 0.96800227032602326 -0.026075333109633322 -0.26668400757347011 -0.21327558726503845 -0.028683354010285746 0.9765709339722709 0.78633031998302649
0.9491497784850067 0.24920970628532793 0.19237780613949057 1.2958290378665769 -0.24466023980132798 0.96844740706415677 -0.047444565664236722 -0.26144548963655834 -0.19813143380650006 -0.0020352011920134997 0.98017334838991033 0.8046969691227821
0.95282407103749445 0.24876891889735953 0.1738974256341215 1.3549476767654667 -0.24123455596199903 0.96838435961134406 -0.063542277815201706 -0.28705741325730549 -0.18420689091712347 0.018594543575093922 0.98271158754126886 0.85714669543514144
0.95648759186049026 0.24862325340910157 0.15270220850136379 1.4528072784349957 -0.23853554021502366 0.96771119570712227 -0.081460651589700797 -0.29205179333266196 -0.16802464899902975 0.041491198673519351 0.98490923326029767 0.90538790683491444
0.95950281928554104 0.24793017928407735 0.13373468504192801 1.5578087467398662 -0.23668362158589581 0.96697579986987492 -0.094544517233946843 -0.33333468154875168 -0.1527586431469031 0.059062921246589781 0.98649701888943198 0.94849135903744997
0.96230420258091176 0.24586052154318597 0.11628940468343665 1.6695671266791228 -0.23374689254452069 0.96622196249827574 -0.10852423421411855 -0.36000689789611462 -0.13904320163494441 0.077251039685515915 0.98726858804816187 0.96444514739281095
0.9630929670159456 0.2473202159778484 0.10622922221824437 1.7414524627311232 -0.23430157779635385 0.96455115655464718 -0.1214242028231256 -0.37215992808732601 -0.13249417921766171 0.092053121390655857 0.98689995202942193 1.0293855805845753
0.96438763107486358 0.24736920331000964 0.093621441366729119 1.8742798446644111 -0.23439687285299957 0.96330565446599137 -0.13076819976807377 -0.40421169556705883 -0.12253408924273902 0.10416666130590545 0.98698262580748264 1.0890483254966603
0.96425007426912823 0.24995443536630202 0.088003264216129681 1.9739220667118367 -0.23656493138329668 0.96159667038372121 -0.13917211195694765 -0.41762383253808183 -0.1194103325160638 0.11337823312988334 0.98635011468582945 1.1771805498894516
0.96355902393399095 0.25419916345416016 0.083287410180529403 2.0923944288440008 -0.24031464141639877 0.95936987156257469 -0.14784560412442668 -0.42194951115988916 -0.11748566089647815 0.12244278189102938 0.98549727784834773 1.2156675085995998
0.96249776725007441 0.25838368990908867 0.08267960345566229 2.2112303576467189 -0.24432004690959666 0.95805073994228318 -0.14982154175597098 -0.46709248439482032 -0.11792269805560819 0.1240026148313316 0.98525001334599249 1.2932873227444204
0.96138301736185405 0.26220113319515442 0.083625711831911753 2.3515111276379113 -0.24783021695204777 0.9569260414646158 -0.15123734569332203 -0.49673864745083895 -0.11967822481018833 0.12467203743437162 0.98495380886021489 1.3666327562132927
0.95959739337668482 0.26734246767052966 0.087754473415911236 2.4937302795213121 -0.25239140652244518 0.95568180107868139 -0.15156144958606524 -0.51999090651279678 -0.12438416514289057 0.12328949698510168 0.98454470665118443 1.4507788287886938
0.95691688524368246 0.2740814115422176 0.095861642915999898 2.6189397561632739 -0.2582433917674265 0.95427698893355595 -0.15055158252360365 -0.55075491811103505 -0.13274195020408805 0.11930971560996831 0.98394347724708453 1.5200137260931694
0.95416621182201244 0.28009373575441798 0.10542456738523842 2.7647360987457761 -0.26388734434799449 0.9535756438622901 -0.14511016823635031 -0.59486863682321867 -0.14117474884055356 0.11063901040660654 0.98378285188656012 1.6174241164170804
0.95035527344129456 0.28737636707812286 0.11933012145850834 2.8957706358088844 -0.27057734987545884 0.95258679257350487 -0.1391628554927499 -0.63263247274661361 -0.15366441350129148 0.099966125560123881 0.98305341755359443 1.7230017673191791
0.94647283699875384 0.29403489340069294 0.13316399771099327 3.0617632694264878 -0.27651013170246858 0.95141468558062503 -0.13547045112275957 -0.63766020285157843 -0.16652722266768813 0.091397907658565314 0.98179178372311848 1.8249866263118391
0.94165068288917175 0.30092279602621047 0.15079609492995541 3.2117563783509686 -0.28374828518335787 0.95068127192490381 -0.12526783252994758 -0.68500303407620977 -0.18105496974637347 0.075170406697149861 0.98059599626305072 1.9439262631970513
0.93602612577887223 0.3082184282094147 0.16987198818967386 3.3710581085597453 -0.29218973765745826 0.94965515100717601 -0.1130497738750655 -0.74382042321639974 -0.1961638322093564 0.056182690195963482 0.97896029350289993 2.0589851488084965
0.93011855469579163 0.31348135936923688 0.19133455395883656 3.5362762172401929 -0.29853718521825662 0.94879670546369976 -0.10324902296481935 -0.76613241841442969 -0.21390423851006773 0.038913352839928673 0.97607926303050985 2.1785465054195998
0.92362228715942685 0.31846431691195848 0.21331279735681372 3.7216683524971033 -0.30569484749462972 0.94774204251424077 -0.091299951074303498 -0.80238563743256797 -0.23124128281434625 0.019118046572147957 0.97270857373503228 2.2966729352348647
0.91650572476188263 0.3222527632062166 0.23700298117250423 3.909412299919977 -0.31295618556389132 0.94664657923305329 -0.076932957460751863 -0.85258558887066926 -0.24914991951834048 -0.0036620530193762118 0.96845800475378785 2.4084707222582349
0.90909885119672329 0.32482945003181901 0.26081623251788594 4.1114264526849089 -0.3197205332974733 0.94541285080965642 -0.063034293142206016 -0.89241666594733482 -0.267054412696696 -0.026083901471679272 0.96332838157257594 2.5276636328230686
0.90021429717778156 0.32733640784648649 0.28716736453655661 4.3093130558855721 -0.32833165817953314 0.943434609868531 -0.046146063096335288 -0.94753733013256713 -0.28602891705873223 -0.052744791215545053 0.95676822982676291 2.6591024951642646
0.8911518021074526 0.32745923610047784 0.31403648560817127 4.51949618324553 -0.33589776836499124 0.94146659603412608 -0.028519077112246927 -1.0100840766042287 -0.30499369634151186 -0.080069327737949156 0.94898248031643584 2.7867200301120341
0.88147246695698722 0.32568668354001751 0.34195683084487083 4.7350526766798371 -0.3430144062221463 0.93927274538702954 -0.010383973092259715 -1.0804164449951446 -0.32457265306989674 -0.10814293290741113 0.9396582883907062 2.906399498253712
0.87062711356582889 0.3240820797997862 0.37010705839888863 4.9621034347731863 -0.35130639692587734 0.93623735404430453 0.0065903240495138521 -1.1446835426527402 -0.34437224714397535 -0.13575869196764054 0.92896573292680928 3.0122455716786707
0.85971060453318926 0.3184375570212466 0.39936849992396589 5.1843425065250672 -0.35897085208918272 0.93290135532031182 0.028896169155985987 -1.2704836424099684 -0.36336978933800279 -0.16820399376907075 0.91633498933337143 3.1011821547680136
0.84790499900036587 0.3125100236688218 0.42824595476980515 5.4208170955127715 -0.36698249995047894 0.92895169095492958 0.048709348200050573 -1.3848764222610095 -0.38259764426912807 -0.19845967091197519 0.90234849233609526 3.1769481240149289
0.83638784740794847 0.3040079015695894 0.45610806229615486 5.6748232726772327 -0.37488155381151461 0.92432271405111455 0.071353632710927636 -1.5179307713594816 -0.3998989738923604 -0.23066581036737177 0.88705923962687017 3.2316810183212192
0.82490297474316954 0.29339003290082016 0.48317426551330883 5.949837589794055 -0.38133826711319607 0.91979290378290768 0.092531833364045663 -1.6333847230011649 -0.41727234307460936 -0.26058262172497698 0.87062074921286081 3.2693657618354197
0.81286822637435474 0.28101156752076739 0.51017423050417987 6.211759208343099 -0.38846520129170808 0.91421042412287934 0.11538668818567301 -1.75275251022847 -0.43398160552770393 -0.29197910771934721 0.85229582113196489 3.3115466647694078
0.79996087118780868 0.26773188415998039 0.537012330186737 6.4487686667695705 -0.39594405181025411 0.90797638000935488 0.13713934949964704 -1.8781369659634222 -0.45087793514932734 -0.32233295138606971 0.83235242298333256 3.348668410229263
0.7879952012298278 0.25305059767209365 0.56127440513224847 6.6802244353172808 -0.40325862891211961 0.90100142190435106 0.15993409872273948 -2.0387427939016494 -0.46523761783273782 -0.35236604936363231 0.81202963382452098 3.3680096060584281
0.77569924295149439 0.23693422369963793 0.58493833702735565 6.8980312174335028 -0.41034530888473064 0.89353669624491061 0.18223309232964593 -2.1890645887941118 -0.47948661291090638 -0.3813847743468271 0.79034058603594848 3.4034819200253903
0.76305978114099271 0.21953429652292458 0.60790168864319249 7.1177066594248082 -0.41783713688972579 0.88513028052893716 0.20483289171068572 -2.3259624365275311 -0.49310434741630188 -0.4103036426123336 0.76713690004991508 3.4601026696550305
0.74989502242353179 0.20165302669328108 0.63007421163689104 7.3276423298001285 -0.42549635378989936 0.87629692008311078 0.22595698874864464 -2.4387737774461056 -0.5065671803975379 -0.43753830081296102 0.74293332612408447 3.5264895284437476
0.73744563489544612 0.18250972700191298 0.65028004361454883 7.5409819593707059 -0.43306313527229562 0.8666072524770142 0.24788745596009901 -2.5522065162076544 -0.51829553002296069 -0.46441583683583382 0.71811397010104905 3.598157497187112
0.72513362494466915 0.1642034661085561 0.66874393282671374 7.7544787762005596 -0.43980688465927859 0.85770565135552812 0.26629104348267019 -2.6362807769683605 -0.52985953816167541 -0.48721477538219798 0.69416902298242222 3.664027121340983
0.71270621283829594 0.14660592909737644 0.6859712499333982 7.9640168957823532 -0.44678628589878649 0.84876726008641301 0.2828005532847685 -2.7043932792738539 -0.5407697004404568 -0.50803625831125321 0.67042321806948202 3.7356671167563666
0.70203235241064044 0.12864410768004741 0.70042934670670864 8.1758028385041968 -0.45288552313244601 0.8396867740594407 0.29970122523389947 -2.7827980076103538 -0.54958646190188587 -0.52761426727189076 0.64774833528563613 3.792165008873094
0.69205671438035565 0.11060515961663929 0.71331900489699884 8.3754102896113256 -0.45907361252276802 0.83003672279564444 0.31668668600994587 -2.8683410486965077 -0.55705378767796054 -0.54663107986725779 0.62520839738185963 3.8535455626162096
0.683686674672771 0.09224484677135418 0.72392224659767035 8.5793961402802736 -0.46372068771159103 0.82087907649403069 0.33334766470247912 -2.9492125135967537 -0.56350302098851068 -0.56360307843236335 0.60399992989932172 3.9129442183111451
0.6747342507362446 0.075823129407133344 0.7341556673691948 8.7700876189488959 -0.4694185504852259 0.81167980101270687 0.3475947713765587 -3.0229687163738808 -0.56954360267125137 -0.57916038683155957 0.58326094587360311 3.9740111630598736
0.66656475969097184 0.061813954171143846 0.74287983968327265 8.9546023612642873 -0.47474233487522405 0.80352854576645649 0.35911222704840368 -3.0801251859496204 -0.57472701051485098 -0.59204806494757789 0.56494951294473306 4.0344933054256629
0.65996093826327307 0.046167485918706591 0.74988007255200906 9.13268111911046 -0.47858548184494781 0.79523256394886332 0.3722379693187628 -3.1575609924070149 -0.57914376154276193 -0.60454423533705381 0.54691751753517415 4.1024766008219693
0.65461600860306535 0.033741580046330384 0.75520817464892986 9.3096815770204255 -0.48276098708587695 0.78742646305587349 0.38327717728451677 -3.2296331957405768 -0.58173852427741213 -0.61548441983148061 0.5317510868030686 4.1625999276462524
0.64937732606560616 0.023778063010806347 0.76009452840507774 9.4734215219533784 -0.48632843861117681 0.78138907885818176 0.39104444407148548 -3.2851484662011461 -0.5846312839644302 -0.62359098066009289 0.51898029890303676 4.2240899158248961
0.64761617663829807 0.012658724161418141 0.76186156515406256 9.6477251044821521 -0.48085692388121981 0.78240578788965376 0.39574967066601707 -3.3234468564427111 -0.59107521222927595 -0.62264029726590564 0.51278568009329317 4.2614110410197066
0.64605359488834901 0.0044899493320581059 0.76327884346864783 9.8100353105696492 -0.47760195795846128 0.78241755788061529 0.39964876438490121 -3.3651313981355742 -0.59540836598597202 -0.62273799103244831 0.50762808456465969 4.3086805331770117
0.64471526280189373 -0.0016713116360525114 0.76442098128433145 9.9528004696879808 -0.47581251757621695 0.78178286233873451 0.40301117139756515 -3.4135937326491463 -0.59828478004046481 -0.62354852487266021 0.50323211254952938 4.3584599890986864
0.64480921108558342 -0.0040841061240272881 0.76433265099454917 10.093228123434164 -0.47607360339210925 0.78018182610980347 0.40579581363196093 -3.4710787331902546 -0.59797575657583335 -0.62553947779907559 0.50112409267807068 4.4130962348547396
0.64578919735848095 -0.0039055614171477904 0.76350576891409661 10.228905000633944 -0.47745903441536613 0.77827427338841126 0.40782597494137962 -3.5249070632559447 -0.59580968692212055 -0.6279123362156197 0.50073637275317573 4.4694471785351721
0.64881427327488139 -0.0009432656392718414 0.76094621954821584 10.359648198183022 -0.47950251442384539 0.77597468062974551 0.40980560474787858 -3.5823230134150879 -0.59086155523607864 -0.63076335124315708 0.50301115024669607 4.5218463669256286
0.65394157628157235 0.0059835553609079656 0.75652138890821552 10.492248899940728 -0.48027558859101199 0.77591311260375384 0.40901613744828147 -3.6201356306489618 -0.58454749491716207 -0.63081141298711252 0.51027559948646695 4.5607346687109143
0.65879447449097495 0.016998467165433646 0.75213090116959402 10.611566392264075 -0.48311214857666845 0.77593315381835448 0.40562346172668157 -3.6457968332764024 -0.57670832513307368 -0.63058607098438779 0.51939264030469023 4.5989038936252467
0.66525718789108501 0.028088623292851136 0.74608572108086746 10.725469459261328 -0.48598179688161353 0.77490490742594009 0.40415848073115251 -3.6833349712692369 -0.56679323131011694 -0.63145341371213415 0.52916161921697302 4.6464390365345931
0.67450608039644233 0.037680723031640023 0.73730706670968582 10.842235267455479 -0.4842629702131202 0.77640788327807331 0.40333630442104818 -3.733637739880554 -0.55725301541453764 -0.629103299860583 0.5419392169938716 4.6847547496087092
0.68494840569225668 0.048312357663811624 0.72698803128841116 10.956413543995938 -0.48125971097490228 0.77914389383383853 0.40165144502889288 -3.7747238963470862 -0.54702355720022644 -0.62498056673660518 0.55692415917214666 4.7240018928810361
0.69632452512747767 0.060609286524490637 0.71516338699138182 11.065053693081644 -0.47828346770538727 0.78212821430235668 0.39940002617916381 -3.8142138520568096 -0.5351421121774127 -0.62016285827127626 0.57360347714697335 4.762657723794022
0.70875562542741499 0.076306445056540287 0.70131504323508365 11.172020755506933 -0.47473965245923361 0.78693374196339472 0.39415421872964329 -3.8333781931881328 -0.52181196403290731 -0.61230107970043846 0.59396941166174333 4.7916461141866691
0.72281311817221772 0.090630595738260364 0.68507466112408777 11.273725270124725 -0.47157556859690802 0.78934577076561174 0.39312814358291032 -3.8798295608946898 -0.50513134856258779 -0.60722265215534443 0.6132886526006911 4.8318334221119699
0.73635572539367 0.10758352491857817 0.66798654989906481 11.362833270195441 -0.46879124483077517 0.79301514461978351 0.38905237330425846 -3.906177068938395 -0.48786782477426649 -0.59962718881798338 0.63437545663452977 4.8664349376281582
0.75125450049942444 0.12444559274703104 0.6481743360587493 11.44779562699348 -0.46586902895743626 0.79564009824508541 0.38719876281156468 -3.944196734636968 -0.46752831287272406 -0.5928491616848176 0.65570355203551656 4.9050222339223177
0.76761391413850655 0.14297626499609925 0.6247612875880888 11.540055739039181 -0.46252116130979343 0.79838032595232689 0.38556845108605081 -3.9814035399666441 -0.44366998339035912 -0.58493302418312942 0.67897739510117505 4.9348072704688652
0.78367586236332343 0.16254913574071969 0.59952474612733586 11.618643489699574 -0.45905342244898006 0.80176715461395531 0.38267399326335233 -4.0068694958394975 -0.41847592294776009 -0.57510625822728367 0.70294430338458069 4.9626569468153043
0.80001786889338744 0.18329238110762355 0.57129266797253797 11.694603237660083 -0.45629192220523473 0.80414998341070998 0.38097307767190969 -4.0394442260113292 -0.38957552692839276 -0.56546149931578249 0.7269691889000609 4.9874627900169148
0.81585448534130833 0.20397654787341948 0.54108689382215835 11.759576609589859 -0.45354433532473404 0.806188737984041 0.37994375194565916 -4.0687439599943342 -0.35871854516224028 -0.55538570981376711 0.7502451057430124 5.0176156359626045
0.83231022576688307 0.22573923762424078 0.50626226867178892 11.832148715625008 -0.44992020773179958 0.80859722475077012 0.37913366350131306 -4.09507125332338 -0.32377692128756536 -0.54333445015218684 0.77456838337190503 5.0362230644809856
0.84842607970617168 0.24664216358432878 0.46833837171094367 11.902463368889642 -0.44569146947606214 0.81018829668000547 0.38072829939343861 -4.1268218587679817 -0.28553861614619697 -0.53175423558744939 0.79731118869869255 5.0634543820652809
0.86177502627906644 0.26962397860818721 0.42970538074500103 11.953892087651031 -0.44315574637019656 0.81238151837738015 0.37901088778283976 -4.1397858610880141 -0.24689428616472375 -0.51704852650244937 0.81957551982770771 5.0770707053376842
0.8742813630163877 0.291302110485683 0.38829779642536522 12.007702557058769 -0.43981897910738782 0.8138600481933933 0.37972501573057144 -4.1587820215900386 -0.20540536482561156 -0.50276724473779566 0.83966286908474341 5.0969588975651687
0.88566185382717322 0.31147377750713368 0.34436487422623618 12.060908720503734 -0.43527303156505726 0.81516262657419936 0.38216132748986675 -4.1837767684327085 -0.1616801430837429 -0.48835845253470228 0.85753457841088332 5.1138999418478281
0.89443257575513835 0.33249572370794533 0.29906012964612738 12.107114983750252 -0.43164321618964768 0.81673952449071319 0.38291080299743552 -4.198155517098221 -0.1169380235230864 -0.471575172004012 0.87403796016185742 5.1245645465355354
0.90224497110801272 0.35058445069128708 0.25108674804495329 12.163321945213166 -0.42547258911648211 0.81852024055246697 0.38600219133633018 -4.2179104828923748 -0.070193219194011433 -0.45509906475340089 0.88766984472818566 5.1389531066478371
0.90700204578538302 0.36825271311659152 0.20429691192820137 12.204027834353745 -0.42042241396610558 0.81983513835629807 0.38873556532844061 -4.2352558196218588 -0.024336860439311193 -0.4384749539011083 0.89841384229395005 5.14673980772461
0.90953990192528944 0.38462988004409793 0.15747070261797205 12.24265406279709 -0.41506576928500666 0.82111216330083459 0.39178466336403356 -4.2504366299881502 0.021390978789680146 -0.42170448261393467 0.90648097352880663 5.1521984351663974
0.90953247129894843 0.40023971079668375 0.1120663087382399 12.268351243415976 -0.41045585576115345 0.82251449186253933 0.39369518811827992 -4.2553818952824196 0.06539628524776249 -0.40407683004287143 0.91238437146758367 5.1540652639132896
0.90824196455047801 0.41346300232022709 0.064380738904055906 12.306726854521905 -0.40332364839725948 0.82400876790895516 0.39791906847082542 -4.2639877243218054 0.11147451938901626 -0.38737307098133383 0.91515874874552683 5.1703692904860166
0.90596703112643717 0.42288504807592603 0.019798349066805786 12.337748699004541 -0.3944372317578082 0.82618802800871094 0.40228424351236358 -4.2761791628317294 0.15376283268458102 -0.37226546776312636 0.91530072260209339 5.1789537910942478
0.90187723693765443 0.43141291697487122 -0.022368383064824846 12.359021660645176 -0.38635045229713394 0.8286727833594123 0.40501203207949837 -4.2802312893147461 0.19326349242291446 -0.35662909750411204 0.9140376957816897 5.1803995344400411
0.89709660115244827 0.43760136813584927 -0.061014185287998131 12.366543358073839 -0.3773239271643084 0.8306224602956146 0.40950333630113911 -4.297624477894308 0.22987897291842274 -0.34434193915074168 0.91026605272957317 5.1762900543913242
0.89166937709955696 0.4422386428789335 -0.096699041812663381 12.371642396657798 -0.36838180526792308 0.83301189985110591 0.4127784154410174 -4.2962160058700301 0.26309801878850037 -0.33243970498580683 0.90568387147973195 5.1808044145569552
0.88610494986999389 0.44470330570512323 -0.13060240315871435 12.380911179200947 -0.35809872481605165 0.83577709067420203 0.41622344718826743 -4.2975054412457094 0.29425043942365381 -0.32204910277642823 0.89983390372884053 5.1730128498658363
0.88092970912878921 0.44477769115387805 -0.16166524990266884 12.389630878775455 -0.34649348599354651 0.83886248601721747 0.41982376506940822 -4.2974916521984277 0.32234315835504701 -0.31381927124515335 0.89309145850626859 5.1745473038800718
0.87627983596231451 0.44350067180343145 -0.18825727926368244 12.389982587626315 -0.33520400052051885 0.84185466643006723 0.42298817790212556 -4.2944082032435773 0.34608081010206143 -0.30755141800977803 0.88636346842549618 5.1695896910060677
0.87399894638139997 0.43837848968246579 -0.20964289043018625 12.38758275315549 -0.32136755892880342 0.8450622691922447 0.42730861593910807 -4.2971195350866713 0.36448420239064533 -0.30609485616614718 0.87946415801684652 5.1743341653761279
0.87289067418507282 0.43244442240715908 -0.2259506416226067 12.382817331208637 -0.30836371991241535 0.84783112634310109 0.43138636678222231 -4.2988432839336701 0.378118615202302 -0.30687815616743913 0.87341405421756657 5.1818853798208666
0.87394555275550434 0.42306662136011508 -0.23923587671963642 12.389537419574827 -0.29262232449904757 0.85103792149278779 0.43601219178597489 -4.308313615609892 0.38806100812069511 -0.31104515760926521 0.8675595448752651 5.1843653095222306
0.87701530120893434 0.41138995095656217 -0.24819844821706585 12.40090591278785 -0.2764089164826819 0.85454575662491561 0.43971543152727804 -4.3134815186688797 0.39299144053563295 -0.3170328974827501 0.86316155473898404 5.1866962882252352
0.88165309849367157 0.3978062985645669 -0.25384633686320335 12.421198708872787 -0.25912544950386629 0.85768615773967705 0.4441041051838735 -4.3178497978139205 0.39438789958101839 -0.3257677142445341 0.85926339443733091 5.1925395158762706
0.88793430122652239 0.3823101333814562 -0.25575699133986662 12.441972049595867 -0.24115791564266939 0.86041655987977494 0.44891669963094144 -4.3285331648135248 0.39168295396691771 -0.33693071305315414 0.8561904917559191 5.198769377195406
0.89547301441811067 0.36626561518195722 -0.25293789669467237 12.457384980801848 -0.22431197467228758 0.86214664992015155 0.45429868154120662 -4.3349403483982112 0.38446354634420327 -0.35007521072884051 0.85418682287049863 5.206969404832166
0.90387482979076439 0.3477199683186139 -0.24920095445888404 12.489114565052004 -0.20555164156771907 0.86387890178616633 0.45984972077575864 -4.3438657578111908 0.37517837720147545 -0.36442292282625333 0.85231280560556988 5.2171935407149537
0.9133853854523124 0.32803906502367164 -0.24107573386910172 12.513833852258838 -0.18784614124415153 0.86498803652388467 0.46530583908891265 -4.3516361477941965 0.36116611809777077 -0.3797184068345254 0.85168830369404336 5.2230859977806929
0.92339064556387185 0.30627838019861048 -0.23139418641800716 12.548046905983707 -0.16861667982726186 0.86516899000973546 0.47228279029577697 -4.3670341722011381 0.34484508256486229 -0.39708459117478934 0.85053259577889406 5.236687245567099
0.93380748032861749 0.28266985267016609 -0.2193201861975895 12.586104704683667 -0.14902550599571879 0.86460896277450816 0.47983615959273967 -4.3840505945064798 0.32526141524170787 -0.4153902934366856 0.84950333482190965 5.2519829652685903
0.94405303275411701 0.25789317893175118 -0.20556016055702508 12.628928588854466 -0.12993731268352085 0.86374298452470488 0.48689254610944732 -4.3944316127051728 0.30311741309324197 -0.43294244992242459 0.84892913069044218 5.267116756420867
0.95401552481689744 0.23284303129863604 -0.18878162300394116 12.666406052297445 -0.11186696552642041 0.86083753395206175 0.49643179004093174 -4.4130733832554681 0.27810098962831908 -0.45248520739908776 0.84729981509071162 5.2897443698406592
0.9632819796672325 0.20642189038990849 -0.17169109125471263 12.714854613586084 -0.093341573895596372 0.85704509929468486 0.50671594444783041 -4.4357861473446834 0.25174427149603695 -0.47208442141509016 0.84484384404818225 5.3130448645234205
0.97155288342300561 0.17985081721859 -0.15407361311480006 12.769049635370397 -0.075871821574079804 0.85267573533407104 0.51690188340103016 -4.4555853484950045 0.22434005750974292 -0.49050766958153319 0.84206517840260964 5.3375861675151768
0.97901087273604803 0.15397076762142931 -0.13353169579792426 12.814624855272452 -0.06133695549771348 0.84739828195215883 0.52740300495427694 -4.48047547112321 0.19435917512397782 -0.50814284848120939 0.83905622969055504 5.3536537766320569
0.98536920070476608 0.12793988375620349 -0.11260073022365127 12.865069699834221 -0.047720540299915772 0.84135691149612291 0.53836910898675217 -4.5029570563261112 0.16361628383487528 -0.52511897092197535 0.83515254776711967 5.3785075921779839
0.99072724132438839 0.10083309153389024 -0.091061632697230485 12.918235826427258 -0.034407615188244686 0.8345883006440673 0.54979858534294701 -4.5303335614189768 0.13143686436774454 -0.54156722212460962 0.83031879095044514 5.3998628223610883
0.99463689774183217 0.075051218967058339 -0.071167100419104179 12.982527289579176 -0.022405597553467233 0.82809180672092486 0.56014457851517796 -4.5457659785808078 0.1009724261804987 -0.55554592445020512 0.82533223309040271 5.4213157670929553
0.99749854950244088 0.050735485302412772 -0.049219450135643085 13.039778367718302 -0.013526958144647995 0.8204415508626336 0.5715703657656418 -4.567276473932897 0.069380581893490487 -0.56947482134791994 0.81907555372314422 5.4489445314980651
0.99921763511686856 0.026977128573860375 -0.028919754586821708 13.106147918407862 -0.0050549296458379505 0.81235906590395279 0.58313565808474865 -4.5908662780206519 0.039224550446476984 -0.58253324589895006 0.81185987218528366 5.477636501329096
0.99994796982091039 0.0038902230988008802 -0.0094299424855734271 13.176804409631888 0.0024882883542784941 0.80348118902111421 0.59532494262401159 -4.6208375510348869 0.009892728243797496 -0.59531743217669864 0.80342970375412193 5.509659900538689
0.99993894759890112 -0.0049695637263954956 0.00986937237981249 13.244816325357011 -0.0020305399748616849 0.79531274875841484 0.60619593249191728 -4.6450322317982442 -0.010861766993109374 -0.6061789629298463 0.79525410210767444 5.5365540496185064
0.9995276823415693 -0.013931330476826138 0.02739215698035425 13.322423272469781 -0.0059489031212577644 0.78677154408212968 0.61721564138822294 -4.671446182374404 -0.030150004718818943 -0.61708707282989406 0.78631706185335204 5.5646945728719146
0.99868657174620334 -0.022830104169012769 0.045868483269534507 13.394354275166959 -0.010983409440962275 0.7790324312665422 0.62688741872204801 -4.693056497425431 -0.050044941111642066 -0.62656783940653404 0.77775847567902467 5.5968661897501581
0.99760150932255731 -0.031632735141173374 0.061567837909446511 13.477730211846003 -0.014877604469327002 0.7706900984366184 0.63703644248740565 -4.7219642898418499 -0.067600928119440531 -0.63642449845935678 0.76837098609860743 5.6313701849696942
0.99623068299691941 -0.041249576436591974 0.07630792029202027 13.565701163655334 -0.017902928056814749 0.76298118645108892 0.64617272790538072 -4.7509486831455225 -0.084875858890994901 -0.64510323326231311 0.75936678029264981 5.6670899836835424
0.99463755028815115 -0.050676636800517205 0.090155543586482104 13.655569035839164 -0.020859005890197301 0.75551285165183546 0.6548016744497408 -4.7830729468915472 -0.10129681845970447 -0.65317088841397408 0.75040438771267959 5.7027600364167199
0.99291910600492395 -0.059665122298306394 0.10272157568646734 13.750834221848017 -0.023415492185652823 0.74944818479670483 0.66164879885829753 -4.8102704762208894 -0.11646185494008812 -0.65936901010439697 0.74274433344042523 5.7376748780962537
0.99101893245427541 -0.068989289688267785 0.1145510952610081 13.846631081962389 -0.025486940073890175 0.74348575238844283 0.66826592901408721 -4.8428930962590533 -0.13127029901260306 -0.66518374446742112 0.7350501307349333 5.7761900212338597
0.9890463141092618 -0.077900021090725705 0.12537533753074376 13.946936106426369 -0.027230346847672119 0.7385211305117132 0.67368022681258544 -4.8761784398895252 -0.14507203988859776 -0.66971495914438528 0.72831035743067352 5.8176705887382028
0.9870002691494334 -0.086129356065399065 0.13569157204007101 14.046188557330142 -0.029046302800832698 0.73478461415167651 0.67767830354791059 -4.9102580162718592 -0.15807207530917161 -0.6728100064875161 0.72273087257825108 5.8557937929764172
0.98495965418138842 -0.093340304141682914 0.14540311983454121 14.149141587192632 -0.031023058049328985 0.73231826536889655 0.68025548735483088 -4.9451272208446282 -0.16997661458020566 -0.67453505900718658 0.71840824373473311 5.8964952193398652
0.98308446539177163 -0.10045761900933907 0.15314437857247357 14.257427473114355 -0.031583506806865287 0.73064665279438579 0.68202489020426593 -4.9826284408291404 -0.18040902417328053 -0.67532491109341941 0.71511457015887325 5.9375711984717601
0.98135424476398081 -0.1069000362451578 0.15973799965725405 14.371754693193004 -0.031590953180626311 0.73006066651286072 0.68265176692654728 -5.0223780985399138 -0.18959392912447492 -0.67496948483733799 0.71307105997758891 5.9820041016663064
0.97956914419972674 -0.11228916856691559 0.16683954673387755 14.478597331744611 -0.032276253064247779 0.7310683909884742 0.68154035183960771 -5.0645072206687143 -0.19850071843685488 -0.67300085462061221 0.71250776449101116 6.0260853159535737
0.97834925699536335 -0.11709628524000647 0.17064932264621382 14.602021054015246 -0.030282473846507767 0.73468109116458502 0.67773642816581015 -5.0991928238112072 -0.20473324867826456 -0.66823061458467004 0.71522873447411084 6.0661914835232871
0.97713477896230261 -0.12113849187119378 0.17473720133235748 14.721522816179329 -0.02882382355449532 0.73876831919874109 0.67334282334035933 -5.1431553573508033 -0.21065804266154056 -0.66298328511014493 0.71838454376926075 6.1129767202444611
0.97629038079345021 -0.12383530610157362 0.17754410531726914 14.84375540659644 -0.027016039481602475 0.74407888377950948 0.66754531555855279 -5.1877957499098448 -0.21477249819497021 -0.65651460888252045 0.72309151726660625 6.1616834713576862
0.97591171647224939 -0.12517712753286453 0.17868130398787904 14.972282457750884 -0.024359740358448262 0.75137231767430834 0.65942872494486271 -5.2297529889803744 -0.21680157910369763 -0.6478968490241015 0.73022376592574956 6.2112311873941275
0.97589440645993386 -0.12541350718282787 0.17861007714100621 15.102814956179875 -0.021059707248568947 0.76046493020689743 0.64903742469600567 -5.2729644481122699 -0.21722475957132048 -0.63715346828022645 0.73949229995156851 6.260057078975616
0.97514392762258661 -0.12408650837051911 0.18356704187083456 15.186973014278822 -0.019942633774494307 0.77595947962929013 0.63046742765314812 -5.2881483136028038 -0.22067308802600291 -0.61845729392889714 0.7541975628488955 6.2820372051420437
0.97650353490440289 -0.11727751737348989 0.18079499505770716 15.323820712855069 -0.019422470611418292 0.78764091841882777 0.615828345618886 -5.3354977039013134 -0.21462435545518632 -0.60487004186937232 0.766856321936769 6.3329445894030556
0.97807554256874485 -0.10935037384298223 0.17723072185503141 15.458923278824871 -0.018912171819837162 0.80088912531034828 0.59851394195681207 -5.3829840928558008 -0.20738988110781209 -0.58874366637784326 0.78126201271664453 6.3835715570708613
0.9799640498379919 -0.10186981341459374 0.17115198549826285 15.603726118310014 -0.016485973998199982 0.81487212895873862 0.57940627033851089 -5.4336633344590091 -0.19849099144911436 -0.57061892236511813 0.79686596849935742 6.4341514154260055
0.98203991581510008 -0.092854429378358888 0.16424268230484582 15.748001398486554 -0.014666525014116409 0.83030990147275885 0.55710893060541378 -5.4818847128465746 -0.18810235721511162 -0.54951207671999058 0.81403561393160295 6.4830525457622867
0.98406685635499791 -0.08349264694477973 0.15697579472563983 15.893056485475112 -0.013492934325930005 0.84526949106544558 0.53416984957711611 -5.5332885085425119 -0.17728610477662368 -0.52777690872196847 0.83067513004363802 6.536691887105782
0.98622302931347328 -0.074800761311976202 0.14754315490359021 16.047895989140926 -0.011183219273850827 0.85973561473536908 0.51061689000881083 -5.5909981652402205 -0.16504263709244657 -0.50523214353675661 0.84705454905739397 6.5950049267030364
0.98834423178972886 -0.065304670854153299 0.1375171969340615 16.20614608016146 -0.0096381327403866155 0.87466417417182374 0.48463356138179309 -5.6423323808128965 -0.15193020070166907 -0.48031019392154506 0.86383987620958913 6.6521068555098308
0.99043239143308592 -0.056147052143703371 0.12606024962576734 16.372737917823869 -0.0077841401491581521 0.88930273774020696 0.45725271766268494 -5.6972372034749545 -0.13777911729386563 -0.45385917329425551 0.88035718072517488 6.7071362902968517
0.99232457984168054 -0.048799227055107343 0.11362466141140413 16.548619674878321 -0.0049639314760445228 0.90238357109870793 0.43090515197134066 -5.7585436695516465 -0.12356086607956941 -0.4281617989148111 0.89521516202737517 6.7709710760211523
0.99403746184757702 -0.040158366937505859 0.10137470102811405 16.725163127777023 -0.0041686414436136908 0.91503382931845012 0.40335556724970117 -5.8167749081750992 -0.10895938175366754 -0.40137313907102234 0.90941049936765761 6.8340258838734318
0.99568317854428978 -0.031430175742432974 0.087333567525549355 16.912797214987499 -0.003748801144936005 0.92653593231958942 0.37618760294651526 -5.8812334552741063 -0.092741330882814263 -0.3748910644086747 0.92241841664865698 6.8984986324214619
0.99704979414328287 -0.024244729426384979 0.072827886787127968 17.108721240167657 -0.0027341736803290755 0.93698506643534829 0.34935871188712592 -5.9458606961256271 -0.076708749782036872 -0.34852715586046867 0.93415447830360987 6.9664344943151821
0.99803018203586069 -0.017880805780389614 0.060133455996730326 17.299434679484659 -0.0025336309196160854 0.94625197933255711 0.32342042657133002 -6.0141023285498179 -0.062684419593946009 -0.32293570318851694 0.94434273182267259 7.0377686262360584
0.99877928084980339 -0.011782843672507926 0.047969914948212483 17.495550980888993 -0.0030033486981508699 0.95485025957886482 0.29707231725418604 -6.0775839917754082 -0.049304442413912512 -0.29685374576913071 0.95364926759322244 7.1070580536935575
0.99935413066605916 -0.0072507626583907005 0.035195851482195797 17.701998104578269 -0.0026884384279915203 0.96160131488212286 0.27443703014679216 -6.1492113055478592 -0.035834254833943396 -0.27435440156455315 0.96096075285240024 7.1847647850178955
0.99973408998154512 -0.0040771799051635364 0.022696385897161591 17.917729237596003 -0.0018057502899567856 0.96738077226038455 0.2533203125033448 -6.2226212079162773 -0.022988879804424267 -0.25329393609978684 0.96711617365258395 7.2642152641672855
0.99992987884202689 -0.0012209621693974315 0.011779076803820685 18.133601830775749 -0.0015730686598343193 0.97216117415714909 0.23430786780726071 -6.2983915363648793 -0.011737242178674395 -0.23430996716480973 0.9720910844325571 7.3462718390729265
0.99999798314813904 0.0012556711100525397 0.0015674787773783327 18.357682907087717 -0.0015676633970432713 0.97586397583573026 0.21837363187334397 -6.3725657211989875 -0.0012554406109899429 -0.21837564872518309 0.97586397613229259 7.4355741214389282
0.99997864040450579 0.0017869225454793501 -0.0062869422275531215 18.583443151026394 -0.00045270972016884148 0.97852703795952789 0.20611800269763442 -6.4522939731901641 0.0065202598617998082 -0.20611075394061618 0.97850694597502241 7.5272534084564766
0.99990725366116529 0.0035581290753216701 -0.013146246356641522 18.813501622484129 -0.00089380951244378702 0.98033251481472916 0.19735085888230736 -6.5341476634049913 0.013589892580209194 -0.19732080507263361 0.98024477285275335 7.6204414959074711
0.99982420063553867 0.0040547590724439005 -0.018306467501147054 19.048802152517002 -0.00046182443790178309 0.98136679659539172 0.19214316864850445 -6.6179365595364308 0.018744453624863971 -0.19210093562750677 0.98119614552307621 7.7118115247570325
0.99977311221834919 0.0027611404633579801 -0.021121083982072877 19.278358198351679 0.0012351529781087561 0.98237969478749909 0.1868919732528414 -6.6850865132401838 0.021264959025515125 -0.18687565751740307 0.98215339440694371 7.818789308548026
0.99973023916224724 0.0013170803911477164 -0.023188665417377689 19.527124225208041 0.0031310405454662892 0.98163491204505904 0.19074353472501207 -6.7834248140845048 0.023014028106754365 -0.19076468424090581 0.98136598155671206 7.9251852143237516
0.99971994171066569 8.6672391208557207e-05 -0.023664966383236702 19.778377564492065 0.0045738618231293939 0.98043051117034707 0.196812328257848 -6.8836965191473087 0.023218913283055271 -0.19686544962016214 0.98015553705103631 8.0285127906998888
0.99973097350060947 -0.002028478081006153 -0.023105538301422108 20.037253159674592 0.0067220182230959442 0.97875528685953039 0.20492169947452285 -6.985674061746975 0.022198988592545665 -0.20502188595658069 0.9785056112175724 8.1350996767730432
0.99974720635391434 -0.0055982954139336162 -0.021775731354015199 20.303007592018858 0.010142273485348484 0.97665934876737226 0.21455454027785265 -7.0779144296249417 0.020066331904269596 -0.21472115767606748 0.97646923493275362 8.2488917128678096
0.99978508515739839 -0.0085554176441798684 -0.018883546429295399 20.557222456176508 0.012644892898267351 0.97347691019927374 0.22843557514639973 -7.1775827495123083 0.016428334681429128 -0.22862526137286043 0.97337587790215252 8.3619334884334435
0.99982924633743375 -0.011607912254567426 -0.014378266286638273 20.799954865228774 0.01476737168361251 0.96964537927052719 0.2440691770643594 -7.2761216887595914 0.011108685875352438 -0.24423983056087686 0.96965122712536023 8.4756493974411899
0.99985804821677626 -0.014133619367497659 -0.0091719256273430517 21.040966656928322 0.016034212935494285 0.96539644178650874 0.26029332339014644 -7.3716153714457233 0.0051756576082701688 -0.2604034388972673 0.96548602350256685 8.5804130866769235
0.99985730865232836 -0.016647790934377182 -0.0028659015209564842 21.269029172194813 0.016783550032459328 0.95974582430498523 0.28036808872882152 -7.4736400081605527 -0.0019169723082210401 -0.28037618262996178 0.95988828591196995 8.6989082492204464
0.9997831691357606 -0.020229754039500007 0.0049367767172944802 21.489666366413033 0.017803791879335763 0.95339328894477116 0.30120468387757432 -7.5685612633479407 -0.010799986461676035 -0.30105148006042676 0.95354673018465863 8.8103307890697646
0.99970257883602343 -0.022713012084782276 0.008881044456639663 21.733812020301027 0.018724320630292536 0.94817250101945505 0.31720389046707087 -7.6395418657609335 -0.015625417931635528 -0.31694325579281224 0.94831578017130647 8.9247456336833455
0.99948816685215958 -0.027244339801106878 0.016767536232595321 21.942702341341089 0.01989986334384555 0.93987637099304022 0.34093460177554485 -7.7274245256227303 -0.025047949245514001 -0.34042642846546872 0.93993746975042936 9.0569391864086768
0.99910669347105185 -0.032779809637870472 0.026670192002432404 22.139110931416745 0.020916767443560851 0.93198050349116512 0.36190444864917903 -7.7939545754938555 -0.036719257904451554 -0.36102330283855538 0.93183360687758365 9.1744032999157117
0.99865126743852406 -0.036269484056006523 0.03715064696261082 22.319999564958565 0.019130417302604844 0.92224765242008333 0.38612600888760829 -7.8493660689706495 -0.048266688070113674 -0.38489452078713238 0.92169763734686128 9.3206894976572023
0.99798769745844085 -0.042304011435051324 0.047232682944149999 22.512829820161588 0.019339715074961288 0.91249034172268817 0.40864085904817582 -7.8691233025450114 -0.060386514574190038 -0.4069050833785624 0.9114722826165732 9.4499711007217186
0.99720272649066366 -0.047839404094324162 0.057429205945116475 22.700662159085635 0.018379903543093153 0.90169686174028363 0.4319779492907832 -7.8498761651384754 -0.07244930244890721 -0.42971404555078702 0.90005385262829851 9.5818009976833007
0.99617966888088105 -0.055165676997320209 0.067696494664091875 22.888562359961824 0.018432425020633511 0.89056632783242207 0.45447977010966467 -7.794728234310452 -0.085359902859813555 -0.45149569633884917 0.88818090678153006 9.696186272268335
0.99509269339561768 -0.060388323055690633 0.078382281091945255 23.071264286275976 0.015602923100484275 0.87801949114058719 0.47837048609623128 -7.7315932864498107 -0.097709162013475223 -0.47479998274615148 0.87465301465374179 9.7978860275295183
0.99388889405207481 -0.067238908281001888 0.087543106485449398 23.261314017980357 0.014487544863576595 0.8656670150055189 0.50041056161442132 -7.6507560902412308 -0.10943023953080598 -0.49608421497223004 0.86135095886149493 9.88027539583973
0.99239939460828508 -0.073403750506263521 0.098769079132709284 23.432127345252773 0.01148555777918412 0.85436411436923676 0.51954792083172729 -7.5539615346732205 -0.1225215227770623 -0.5144646241382238 0.84871351289272279 9.9429322276505534
0.99082281321116539 -0.079148480408510413 0.10957039230255505 23.605236467918058 0.0077337128820019092 0.84249693069577769 0.53864562696939511 -7.4656408658126292 -0.13494570206335188 -0.5328549894832717 0.83537729061628874 10.001920560180807
0.98959759307665851 -0.090229695499084037 0.11205001484616933 23.831374027418576 0.012392380569866981 0.82943460902395216 0.55846634478462098 -7.3603716707994389 -0.14332840849146333 -0.55126838418634727 0.82192465342991028 10.091896951833911
0.98785947064816015 -0.096690974438722169 0.12159161859613155 24.000365464432573 0.0091062971895653037 0.81738935483923125 0.5760136438896224 -7.2845071993615118 -0.15508301519583653 -0.56791328392422358 0.80834631213371178 10.139233350217991
0.98589082165201603 -0.1022074516914685 0.13256290808913676 24.149583317924463 0.0037329532614503664 0.80516999933233357 0.59303232393784211 -7.2129762997080835 -0.16734799921797874 -0.58417027397318499 0.79419124785144379 10.194499569442483
0.9840538960087184 -0.10781722349163228 0.14146863987689273 24.303313446012933 -0.00040636182088282433 0.79398127618291736 0.60794207613967344 -7.1453157752884735 -0.17787007792243495 -0.59830525602697271 0.78127655538251339 10.238467522425136
0.98244506012442623 -0.11231226088819719 0.14895522780786888 24.455440679251556 -0.00494339942553477 0.78251059722686833 0.62261764191979774 -7.0894768124649827 -0.18648663930489015 -0.61242397183800001 0.76821846637459612 10.28955375761832
0.98108518743465234 -0.11523042338535573 0.15554357756829648 24.600627152324741 -0.010408218151422306 0.77096172358182713 0.63679642725650631 -7.0437595766263819 -0.19329646657718658 -0.62637047368004994 0.75517978370094396 10.34601661122597
0.97974180522928611 -0.11713630654540254 0.16243485086323381 24.733654265065077 -0.016769523397402938 0.76026564673655916 0.64939581880180408 -6.99954336245432 -0.19956146464456379 -0.63896418685333456 0.74289971715418868 10.40085951648337
0.97893121833407781 -0.117868206611855 0.16673558600689622 24.864599786454228 -0.022299906371055788 0.74997165891583251 0.66109396079443672 -6.9697243040594419 -0.20296892359866367 -0.65088370443047594 0.73154221980693679 10.462389829027378
0.97840246797291275 -0.11809191877483509 0.16965526630373506 24.988259230322797 -0.02682683226584397 0.74126139607349384 0.67068015011759163 -6.9408769558726071 -0.20496080536310785 -0.66074642746764267 0.72208394723442892 10.525256425131019
0.97833588900397095 -0.11644102458317968 0.17117352622654333 25.106355846173432 -0.031241692854713961 0.73432069564292712 0.67808338172975413 -6.9145367446874673 -0.20465298657576803 -0.66874105881462598 0.71477447586012155 10.57986242762718
0.97909812931742857 -0.11274993123857945 0.16927582867263571 25.218201881256348 -0.033288867671231286 0.73221919992555995 0.68025502170108243 -6.8940158999037076 -0.20064571875890891 -0.67167141986693801 0.71316113135647852 10.635390092389233
0.98003151245340581 -0.10943370379195123 0.16601957436599288 25.319621919373738 -0.033606267271829006 0.73176227974693087 0.68073091948260223 -6.8805429738297423 -0.19598176802535577 -0.67271705078283106 0.71347243547855843 10.694606485258825
0.98141226499417833 -0.10571630873965848 0.16016874909125625 25.41996544055899 -0.032684286899404336 0.73033190101770962 0.68231008474573784 -6.8802464759702566 -0.18910765058260867 -0.6748624870463017 0.71330142301050148 10.753989496898434
0.98331045060547639 -0.1004935207497584 0.15166281685822949 25.524085585134618 -0.030912047782699958 0.72920382145575746 0.6835980047339224 -6.8790702344136179 -0.17929027589898749 -0.67687727030949829 0.71392727774362785 10.805464700773213
0.98529111845146278 -0.092574242374087443 0.14363642138931662 25.603233258599211 -0.031623322976349247 0.72725254325204303 0.68564108962150816 -6.8816393735452106 -0.16793265717125758 -0.68009833699421673 0.71362796657158967 10.856161972266014
0.98760906995486064 -0.084220971742947973 0.13242036422532891 25.684433003849431 -0.030428974616063868 0.72501424089214983 0.688061354827747 -6.8877261362142015 -0.15395584576985102 -0.68356505061497508 0.71346788234021896 10.903303156332594
0.99021919970765038 -0.073620379627571855 0.11851572146273551 25.766403133078128 -0.029218025531796071 0.72119340988024627 0.69211731124811948 -6.8992563767939252 -0.13642669648702857 -0.68881064542354109 0.71198851903442995 10.950317687111559
0.99274624593026251 -0.061290278483460241 0.10343303608997734 25.832889859507645 -0.028285893445584694 0.71709039013999776 0.69640597398417747 -6.9082502393441922 -0.11685375228616192 -0.6942801121537947 0.71015514251771683 10.997607410286918
0.99562362440479324 -0.042539693465286348 0.083210414053425913 25.890085895299983 -0.027055980664929612 0.72105226152772861 0.69235222976170663 -6.9205943758152317 -0.089451508859951956 -0.69157357571384082 0.71674571288362121 11.031436945721515
0.99800921792899966 -0.021597381956133043 0.059254991531409999 25.947545175057584 -0.025135507017203466 0.72548838267597771 0.68777526335946559 -6.9360045342956553 -0.057842953034355771 -0.68789545695173404 0.7235012322653156 11.072257434924389
0.9994705582082829 -0.00021314746519529991 0.032535485903570305 25.997896213372833 -0.022001419920789061 0.73226194135035594 0.68066760373274482 -6.9464681645744903 -0.023969580644901727 -0.68102305674475216 0.73186956172923445 11.095212423960136
0.99975769340574361 0.021689144539012446 0.0037597187651518065 26.048563567253517 -0.018577610413533945 0.73973189946425566 0.67264521800599109 -6.9581436004888255 0.011807915453210324 -0.67255207822455654 0.7399555900244823 11.122583245168059
0.99868428285533595 0.042821005619923844 -0.028214617761398428 26.104293985085942 -0.013299958512099157 0.74765946557475993 0.66394912052057187 -6.9801940107820002 0.049525895058038179 -0.66270029803385688 0.74724527479572422 11.150310587242831
0.99601417671453274 0.064327523762418903 -0.061787777677036596 26.160350349273568 -0.0083479527010384535 0.7569153964000237 0.65345955833417591 -6.9961687054051591 0.08880355549961215 -0.65033918256490619 0.7544354685136675 11.176046928329887
0.99163024358117058 0.084788101739818614 -0.097367539860604632 26.219176112596219 -0.0024336849367285725 0.76628370634871867 0.64249774984983377 -7.0210618326815633 0.12908732390431293 -0.63688323826885962 0.7600764459048801 11.198598554924937
0.9859706000498869 0.10298693129367925 -0.13136083061543474 26.237752335677584 0.0030099233554255899 0.7758756499175542 0.63087868582351658 -7.0616424817935588 0.16689192969901334 -0.62242322245215431 0.76468059734350247 11.180837234012238
0.97835823132515065 0.11966582222512104 -0.16880539739448144 26.193575881279124 0.010249588658356061 0.7867786262157811 0.61715017561558116 -7.0693930339794546 0.20666426186125547 -0.60552414016386991 0.76852481973463194 11.1295071221965
0.96902791002694555 0.13379186808304219 -0.207568411911976 26.14841433144807 0.019543605282469612 0.79633981837511014 0.60453365593890607 -7.0814411743775176 0.24617667858953038 -0.58986662026694348 0.76906073441145117 11.09875537347664
0.95823844347976683 0.14375718088147518 -0.24721035249860487 26.112758424625074 0.031127921058932629 0.80689100590562624 0.58987961239489828 -7.0856279376413154 0.28427124013523164 -0.57294046595926296 0.76871911937869741 11.065219669413787
0.94668208357975858 0.15384532048980695 -0.28306297884477155 26.048876455774913 0.03893202798880243 0.81754735766928777 0.57454383223966898 -7.0911182185867423 0.31980827041489424 -0.5549305680275276 0.76796792566023198 11.02694430589942
0.93347520463285616 0.16428443346777244 -0.31880192479942837 25.992623301884485 0.045194600021885308 0.82794352980321007 0.55898744134896527 -7.0909859320308044 0.35578292604411066 -0.53620904167793937 0.76543998664710278 10.990216470221663
0.91899730541552671 0.17655637663257873 -0.35252205393333352 25.931100446772927 0.048183471811450947 0.83713040139333728 0.54487709082620206 -7.092654806197209 0.39130845337558989 -0.51772631470054242 0.76081348396528747 10.959404419067722
0.90351381313146661 0.1869888288089552 -0.38561375413915472 25.871920246344857 0.050788869219988486 0.84673108023765886 0.52959132217486549 -7.0866045388151431 0.42553881167760965 -0.49807796142795008 0.75553627583047611 10.924135366405174
0.88846279204380307 0.19649923798473495 -0.41475524906280398 25.811801186784979 0.052456032825901833 0.85430728261187838 0.51711452454603912 -7.094791675684232 0.45594103979999206 -0.48119342924413117 0.74871266309471185 10.892955016056705
0.87329206482991628 0.20439787365620385 -0.44224707884837844 25.744920598057707 0.053370399053427796 0.86213924630822925 0.50385267735713801 -7.0965346141746553 0.48426497912814137 -0.46361344805764737 0.74199056649671757 10.863010849847779
0.85878388989208643 0.21086210891217974 -0.46693404404361533 25.683893917673224 0.053767458276106031 0.86925352829124281 0.49143398741209665 -7.0989218789410984 0.50950887224104746 -0.44714144806574752 0.7351634066854269 10.828202252611401
0.84652320644896506 0.21460818552954566 -0.48717736774924081 25.613333865706874 0.053892370592581763 0.87589290933120789 0.47948641667436664 -7.0957247770397709 0.52961691186675175 -0.43215152213896996 0.72989793024620686 10.783557524465486
0.83440510718426453 0.21701178322105169 -0.50663004554411828 25.562891598817014 0.056570071947601427 0.88064469100743625 0.47038787735257426 -7.1006918709311755 0.54824077198313081 -0.42115414534780082 0.72253805560102125 10.75456270677933
0.82452772808545893 0.22013640672627691 -0.52124273429168755 25.494681360774305 0.056892920662667143 0.88429041592854585 0.46345836477011709 -7.1070591946439219 0.56295401339425855 -0.41178929409415521 0.71659776449046664 10.722510528906916
0.81606912424659794 0.21962558596061516 -0.53459871533969017 25.449900283763917 0.060673447569390811 0.88731798060659206 0.45714935639491394 -7.1141441565332117 0.57476074779984332 -0.4055014220489197 0.71078736588720326 10.697993040778035
0.81002205776319824 0.21857439192244743 -0.54414106730957779 25.39184385532851 0.062700466924388298 0.89033273990020279 0.4509725753405206 -7.1091048115085238 0.58303766377871147 -0.399415632465143 0.70748444163665691 10.663129384524254
0.8059061291529851 0.21780104111724949 -0.55052521966018442 25.332994663304177 0.065051949380731847 0.89166697878473944 0.44799357453724903 -7.1171981135210514 0.58845862630725265 -0.3968535062628743 0.70443150106411623 10.63097196002599
0.80350036767368582 0.2133690723067706 -0.55575246120120769 25.282703135227539 0.069071998065758755 0.89384003082668695 0.44303392463213381 -7.1095753915907105 0.59128353455128069 -0.394364854258966 0.70346296526103558 10.594014144591487
0.80245571922930004 0.21076472458298362 -0.55824998839914519 25.230450486258356 0.072245137698557393 0.89434566285923733 0.44150478525582015 -7.1178748421985238 0.59232209038250738 -0.39461888727775113 0.70244606557981815 10.561837855510785
0.80329301911522633 0.20699348340358212 -0.55845682310201528 25.170912070358323 0.07424299842169417 0.89554714155737614 0.43872918119697635 -7.1109648782276569 0.59093849309898649 -0.39388959757381758 0.70401895024000249 10.52075997014569
0.80447378305300421 0.20430458625318762 -0.55774686768847193 25.112785162187656 0.075984810847084458 0.89587530625570955 0.43775991612043624 -7.1105136967977884 0.58910800444478839 -0.39454666603223554 0.70518415142565916 10.484040535798178
0.80595071148677244 0.20279911891968971 -0.55616181819625388 25.054763744665824 0.077357210004203716 0.89535497469960212 0.43858332314514697 -7.1158883273129705 0.5869065621666969 -0.39649966790159163 0.70592400486142748 10.450583143593523
0.8083990832724739 0.19972996603372073 -0.55371370114201857 24.998019844025077 0.07889083921066059 0.89542543181030809 0.43816610041850679 -7.1138033401174781 0.58332423029809211 -0.39789601246493039 0.70810423357839514 10.409541150278779
0.81013831979931239 0.19835939702233485 -0.55166063155320666 24.941579164701011 0.079635320029716294 0.89505785483613065 0.43878201000030614 -7.1100100060416569 0.58080471640346709 -0.39940579128134818 0.70932425257734455 10.376537994664121
0.81231876562682737 0.20004644133185237 -0.54783176644018139 24.875271146443215 0.07772601131887294 0.89381979832535829 0.44163880636338365 -7.1166825920992407 0.57801115056282959 -0.40133226811717693 0.71051778330521498 10.341404853362372
0.81453586961164381 0.2017458822668593 -0.54390248767988714 24.812951609813382 0.075756077157401513 0.89255919797703931 0.44452119733518475 -7.1217092168460949 0.57514548932398402 -0.40328237885500401 0.71173800588090286 10.307326113229253
0.81623083031074906 0.20414137539774513 -0.54045677949392223 24.749165531658448 0.07254411089632172 0.89186933563428406 0.44643749857009429 -7.1213838835805969 0.57315319385351715 -0.40360300668599791 0.7131619937780862 10.270709114760157
0.81707747976507017 0.20816847843601527 -0.53763396158203736 24.689237762469713 0.068562527446424271 0.89083463999372614 0.44912450836867801 -7.1275571989352722 0.57243652214976615 -0.40383106464570384 0.7136083655172476 10.235572515010974
0.817231355052222 0.21029559916187673 -0.5365712192175951 24.632185387896421 0.06519051843841743 0.8913383833429539 0.44862688582529225 -7.1156115668686049 0.57261078284052558 -0.40161131377579085 0.71472039569473877 10.195906548061682
0.81537337159016188 0.21712711453509775 -0.53667688699566185 24.570494086776954 0.058606352052784298 0.89128759529779511 0.44963509423457915 -7.112306039812756 0.5759614226671409 -0.39807315734916909 0.71400714351980177 10.159251522832308
0.8124533168348711 0.22460055932016162 -0.53802806313155005 24.516428994133221 0.051541328478126279 0.89153788813877299 0.45000409494999782 -7.108415999613622 0.58074357458582915 -0.39333800066371327 0.71275670309801109 10.121197636920714
0.80731899647527561 0.23462933194341901 -0.54146570946084749 24.464171602401418 0.042483488495203212 0.89206973676601675 0.44989636356775276 -7.1042624699084644 0.58858405613423814 -0.38621323299182092 0.71021697214764845 10.082681566062753
0.80116130991967938 0.24581916746129073 -0.54563127879220907 24.404957802459521 0.031907762825541315 0.89290027550082141 0.44912246958043223 -7.0957503581330803 0.59759723071584969 -0.37722941947731908 0.70751361465455376 10.040543348368752
0.79168631003531797 0.25876322345916142 -0.55342061823506938 24.349528220137259 0.020084548106338911 0.89435545990420395 0.4469059434231144 -7.0804571422976785 0.61059757404531712 -0.36492452031148015 0.70285183150178221 10.000554933576254
0.78153030938592294 0.27284163712234533 -0.56104172444083167 24.2941319495119 0.0058456350871350891 0.89605452338376701 0.44390553012315381 -7.0626660526047882 0.62383988655870004 -0.35020527148500863 0.6986988362395774 9.9493627000290932
0.76817200294790633 0.28941914777759514 -0.57109397719350219 24.235506901432732 -0.0090463105834876455 0.89681232499387442 0.44231868376082467 -7.0428265441948907 0.6401796139770688 -0.3346105357557827 0.69152429545851768 9.9105371097364099
0.7536790711914072 0.30577963599295188 -0.58177888571181036 24.181651756333032 -0.025305200277238694 0.89802558279052369 0.43921486711252056 -7.0180184373746801 0.65675528508492931 -0.31630502187881576 0.68456090207318687 9.8628204840023521
0.73643308769076166 0.32158817608025275 -0.59518682139276857 24.140727053888927 -0.041173125247474136 0.89946453310907448 0.43504979880035632 -6.9907692410509332 0.67525630771700818 -0.29587936508694057 0.67563623363770398 9.8183564498546314
0.71803377692965742 0.33710761098997416 -0.60892196035351132 24.096063077693714 -0.058402915947721838 0.90097428171515526 0.42992376428462686 -6.956676298986995 0.69355359893589641 -0.27313696619185829 0.66661803388640295 9.7679783191212639
0.69832519362420298 0.35357927526915162 -0.62235329198925327 24.050821083173179 -0.076219943559055661 0.90126405046007696 0.42651334275981356 -6.9283434507793817 0.71171092738103547 -0.25040927987683953 0.65632518494873326 9.719740399314059
0.6778078531416476 0.36950928767847013 -0.63564093680226441 24.004602052328362 -0.094889470250878308 0.90126970525531225 0.42273976253069723 -6.8967167225380166 0.72909018828607097 -0.22622069911560294 0.64595022458129814 9.6688294987199246
0.65662274089471451 0.38431094040166208 -0.64896199983319725 23.962259451095168 -0.11281457727353746 0.90080807714935307 0.41930618800236924 -6.86317274762221 0.74573416664016789 -0.20211360476245849 0.63484694492091487 9.6190155703041107
0.63423368741521091 0.39895584608497281 -0.66225513408529202 23.931214112078152 -0.13118968082338175 0.89968898081644055 0.41635202106262637 -6.8217236683830942 0.76192971945788013 -0.17718343791702976 0.62295194994055381 9.5790451285127585
0.61225454276170133 0.4126086880932443 -0.67446159666628303 23.886856000102799 -0.15022512895194834 0.8982028284296204 0.41311510458030992 -6.7755706435769794 0.77625819512519834 -0.15161051913044069 0.61191295540294599 9.5324243749237372
0.59128863124596176 0.42511917031160373 -0.68531120346368968 23.848961077503155 -0.16682953727224159 0.89587455011018924 0.41179691105980365 -6.7489991080248366 0.7890156272551303 -0.12916068093053606 0.6006428709713898 9.4848127567549216
0.57077786653688634 0.43679495888269093 -0.69528612165515635 23.804012493939204 -0.18284903294380292 0.89312161736751738 0.4109744611801881 -6.7221784638352666 0.80048663837887801 -0.10744273118968163 0.58964158714543313 9.432612398019117
0.55306804444391433 0.446126427693121 -0.70362415303111847 23.75244210829581 -0.19575013967227067 0.89049020465699547 0.41074210671445516 -6.6923752929638081 0.80981332480595236 -0.089433807498712714 0.57983098661852517 9.3768852638278517
0.53704983517661475 0.45628006194933307 -0.70949699055336646 23.693906750566025 -0.20848967888714812 0.88678720302384328 0.41248092119597823 -6.6712771610090558 0.81737967208287299 -0.073600011009929064 0.57137860481911074 9.3170130096455868
0.52481921021076161 0.46391635912322399 -0.7136850904506864 23.631156686339022 -0.21983431307021287 0.88385883888968941 0.41287580180184658 -6.6448196128556036 0.82233671412062115 -0.059792680609100771 0.56585083189377572 9.2483519813949524
0.5150214947325007 0.47241199208893353 -0.71524804766882544 23.562654831057579 -0.23012443218367834 0.8799920430492939 0.41551985497936111 -6.6270112946466186 0.8257091531984132 -0.049405605962229655 0.56192835880018066 9.1741176186578013
0.50869694412229582 0.47914304341697073 -0.71529669577439037 23.493098170378964 -0.23619282568169261 0.87661750306542818 0.41923108474423931 -6.6091165636066913 0.82791326124005005 -0.044313623914738511 0.55910279430388088 9.1014728722407447
0.50710783540936166 0.48477409480749228 -0.71262593291993548 23.420865259631494 -0.24009461855717726 0.87355158232083996 0.42339367870179673 -6.5908818386820354 0.82776579864495214 -0.043608600394110394 0.55937650340834966 9.0221815615666596
0.50979671348533928 0.48841173245278968 -0.70820991981333581 23.347495816237789 -0.24143002198561805 0.87135906297296728 0.42713572533668559 -6.5649743203982576 0.82572323172087803 -0.046769252477852456 0.5621332418733942 8.9376948794578563
0.5174779628468551 0.49160015279780056 -0.70038978271891428 23.270762561276218 -0.23951564223646313 0.86899892457830796 0.43298166959560636 -6.5379106267961555 0.82149182290021816 -0.056304163708586812 0.56743371952779931 8.8507744343210391
0.5303398532372684 0.49319439530968628 -0.68956430338539543 23.191926239979651 -0.23561852996222124 0.86707284152214303 0.43894031010281848 -6.5011335397340666 0.81438538076681766 -0.070313412161759903 0.57604902192734952 8.7562862663212897
0.54666459351360941 0.49391801098826238 -0.67616774591812567 23.11465744962975 -0.22972714464580421 0.86498860515768605 0.44611674700715548 -6.4628468948926363 0.80522249174466431 -0.088542144590919719 0.58632501858589903 8.6570106928226433
0.56614446372355753 0.49276200849051621 -0.66080711950126414 23.034495871397162 -0.22233385574421549 0.8632255569982038 0.45322102150612037 -6.414727448718148 0.79375569464733664 -0.1096687773868809 0.59826804735117767 8.5535628241824817
0.58829598687701368 0.49093326460259989 -0.64256700937025568 22.952380603465041 -0.21333083636089711 0.86069362527193094 0.46227312021555084 -6.3709516075518371 0.77999858082047868 -0.13487406393704679 0.61107380961316349 8.4476930221931941
0.61239785039553318 0.48801691459743557 -0.62193919630276528 22.863607123863218 -0.20383804929724189 0.85759134697442452 0.47221513238489871 -6.3240032937206383 0.76381864502617725 -0.16240865944090402 0.62466351330054737 8.3382791422676164
0.63878036372258729 0.48248326447036133 -0.59930755579123351 22.770989857850417 -0.19362355556782043 0.85467921774008326 0.48169840511722117 -6.2739510474883913 0.74462713196049624 -0.19165942259441018 0.63937242674286709 8.2234223646475204
0.66565706437491279 0.47536291249102292 -0.5752658290528172 22.674584483085795 -0.18205538789325795 0.85101947166942649 0.49256643671541972 -6.2251969748702676 0.72371023786237021 -0.2231500846236503 0.65302950266098181 8.1094853931366444
0.69315328601832404 0.46551195667123979 -0.5503064058123559 22.574568989643097 -0.16944935264031624 0.84731969870432322 0.50332518820082184 -6.1752047067432603 0.70058935116926901 -0.25563244391846818 0.66620313316922641 7.9929546041075881
0.72054014940326216 0.45477282312627959 -0.52345350552238967 22.467932766214204 -0.15801845516952182 0.84272153198104727 0.51463636420423553 -6.1254392528783743 0.67516817232728221 -0.2881008484563527 0.67907719752246665 7.8720747144598047
0.74694813110863545 0.44270603913673068 -0.49606436310743401 22.355435437349378 -0.14725721191813226 0.83771655799038536 0.52587667946662131 -6.0769928926877457 0.64837011264509636 -0.31975354787806309 0.69092247441227173 7.7487270253041904
0.77286287390063757 0.4291076605493731 -0.46749288101947728 22.238314895534657 -0.13646591133446867 0.83185818165682146 0.53794890152714281 -6.0293296334346973 0.6197257725717884 -0.3519638919952594 0.70147087291052168 7.6245135081001809
0.79710503889268081 0.41477754766869351 -0.43884295929391698 22.116467280359878 -0.12714927013996755 0.82575079738996338 0.54951677291299594 -5.9811587599490332 0.59030214303758999 -0.38222402666470912 0.71094878392570893 7.49627667251064
0.81929061433327566 0.40040493935512483 -0.41041293084577968 21.989632313834342 -0.11928650527145626 0.81914599174618941 0.56104418174175441 -5.9348665311689057 0.56083296882897926 -0.41070150808850309 0.71888152871547795 7.3663120586252795
0.83991105316806536 0.38665758448018805 -0.38084817858309039 21.85579592626107 -0.11533095174285236 0.81286611753880167 0.57091807339362 -5.8946751161870088 0.53032838349102074 -0.4355968173911986 0.72732882408334376 7.2263007055510267
0.85797555274532611 0.37289365534758168 -0.35331044803808326 21.720162769212269 -0.11132584988782902 0.80641759902131249 0.58077294284036185 -5.8539306516305416 0.5014823087987299 -0.45895640075089994 0.7333992883632181 7.0867374754176815
0.87357682327148611 0.36001482560259934 -0.32749482314874645 21.581017544521707 -0.10899279633416634 0.80053372748441853 0.58929306928485237 -5.8098812882402111 0.47432489307452302 -0.47909819088181993 0.7385667331417044 6.9447897105417287
0.88679436087871222 0.34845319220973614 -0.30360522780835136 21.439158216652533 -0.10799778982730106 0.79497218985005869 0.59695535407383726 -5.7680051272377915 0.4493687115344529 -0.49658794810571766 0.74260902963135234 6.7996050046988268
0.89766392030223752 0.33881627801244668 -0.28178540760907145 21.293262708934741 -0.10895402869899784 0.79021747337750847 0.60306331707302907 -5.7292386470176728 0.42699942133201546 -0.51064652600664895 0.74626511352163893 6.6503635596771868
0.9059373871766756 0.33193913084261356 -0.26285711694939617 21.14365105411758 -0.11117138711216502 0.78550310023521652 0.6087904419489687 -5.6953227190039826 0.40855645044847277 -0.52230383201381336 0.74851875985885008 6.4989629271909326
0.91177086947789665 0.32846373310081572 -0.24654706976355742 20.99053338621389 -0.1157443154881535 0.7814840403067812 0.61309538261021679 -5.6677533808851752 0.39405219832364741 -0.53046608825000807 0.75055219286405095 6.3439764003154844
0.91575208015960052 0.32818018162546875 -0.23172374947691252 20.830907866609277 -0.12324131346766444 0.77846631115519338 0.61546874904514082 -5.6445481000740036 0.38237377830877661 -0.53505884796412817 0.7533275004121186 6.182812632546745
0.917494342919001 0.33103424622751659 -0.22050047287071872 20.669963614825797 -0.13227244271782373 0.7767570362060936 0.61575360949147961 -5.6258492551457895 0.37511082576898613 -0.53578431717334307 0.75645689491338763 6.0162126740724551
0.91793226455030386 0.33640329802197155 -0.21031685328924923 20.502278302386927 -0.14326720619871741 0.77541343450878786 0.61498659596067629 -5.6228399586020164 0.36996603266457473 -0.53438453071101011 0.75997257056502276 5.843435067612881
0.91659616567160274 0.34464840526212326 -0.20265474538335157 20.333220766123688 -0.15579228978141105 0.77468957558268081 0.61284975640705841 -5.6320792808903564 0.36821220990181824 -0.53016369003714425 0.7637710587901444 5.6675871105820406
0.91359829562693851 0.35501032288361301 -0.19825696677197979 20.166066598637229 -0.16830995762083628 0.7740115218974648 0.61039161374943784 -5.659308922448095 0.37014850046059267 -0.52428411631103555 0.76688737960063691 5.4928945620935261
0.90960235575219883 0.36649158806834031 -0.19572294266436008 19.994367191903446 -0.18159835253245418 0.77439018639955348 0.60608735143175818 -5.7001139318152392 0.37369184198688221 -0.51575551871328629 0.77094140643063158 5.3160819683321696
0.90422229667180365 0.38061852739302959 -0.19367905102702865 19.814752340015403 -0.19650923831892164 0.77347359583304287 0.60259664436870208 -5.7565830546005445 0.37916507942700373 -0.50682159894213685 0.77418712814722634 5.1420653214172312
0.89767117600785384 0.39619666535974318 -0.19291102125720153 19.625262967810787 -0.21322538807580815 0.77363547693397572 0.59667669864765205 -5.8084249072095515 0.38564412823819549 -0.49448594639985433 0.77894945610639121 4.9652309013295568
0.88997192690532356 0.41246098855686136 -0.19448882291566799 19.419268830607493 -0.22989046127549537 0.77414293382235833 0.58979072036397084 -5.8403516441299903 0.39382781153057916 -0.48018605866019104 0.78378632543150828 4.7938157589783925
0.88158461088721085 0.42923486649308207 -0.19638228849239692 19.20043460992558 -0.24664737676375667 0.7736191266094864 0.58367672429139483 -5.8583305204687797 0.40245949533139663 -0.46612324156883816 0.78788037054298798 4.6324610598131892
0.87265618764277841 0.44529948712763368 -0.2004483597653979 18.972345957057282 -0.26173364017462902 0.77303609733261336 0.5778500617129847 -5.8536617258848533 0.41227015386723037 -0.45180035301516625 0.791144589342341 4.4769261682131845
0.86262962813127886 0.46312507601455505 -0.20343374507835274 18.727972953481625 -0.27975934268844649 0.77187142767807904 0.57091961720782758 -5.8094036683119414 0.42143188636910234 -0.43557968628107135 0.79540272947146939 4.3294038320871442
0.85215237157261614 0.47986072540164154 -0.20873432837024286 18.48813258116655 -0.29644316348615191 0.77138057370461754 0.56311052319545385 -5.735161764205098 0.43122823011195432 -0.41797810316827066 0.79958521673825733 4.1874407445674571
0.8415726988379556 0.49552327404602153 -0.21496994545589654 18.248248320410326 -0.31155247512480333 0.77042633791113146 0.55621786477643087 -5.6432379997980036 0.44123740527544636 -0.40112335101755747 0.80275127496269783 4.0579933041342473
0.83048843429342989 0.5102039038065328 -0.22356416762402173 18.017575556767131 -0.32517713024503625 0.76991160441827233 0.54908647346996686 -5.5333056091163186 0.45227070927758534 -0.38331201119017416 0.80530932417729639 3.9434094869487573
0.82023992366879672 0.52330603232908812 -0.230991913598277 17.780016982011258 -0.33830347095055785 0.76941827801174345 0.54179910945317045 -5.4121972384681021 0.46125614268279569 -0.36625989404988218 0.80814383673202483 3.8230025496094839
0.80982634645109375 0.53668204746306558 -0.23696765290757485 17.542519205668839 -0.35175651347170589 0.76744762071120465 0.53599580660201118 -5.2893673094022891 0.4695195883282216 -0.35070861038127188 0.81028070863160417 3.714523499910106
0.80068646891018813 0.54763986919622065 -0.24288217754886984 17.315714230048641 -0.36260641597133109 0.76573996895041208 0.53118630163836877 -5.1669573220164606 0.47688338784294049 -0.33724304828797941 0.81169536205455262 3.6201776603569469
0.79206362313575518 0.55751664952830648 -0.24861697931515439 17.100333134604696 -0.37347132790142534 0.76473730768766801 0.52506763132587297 -5.0356271327744384 0.4828606259994766 -0.32303565705560794 0.8139370861006674 3.5210184759443792
0.78431287523588322 0.56668274604829882 -0.25243608908074366 16.88635571384199 -0.38398002719641461 0.76304904896545833 0.51991873171405389 -4.901783038970148 0.48725009230728994 -0.31084853900906295 0.81606404977946956 3.429456096837074
0.77794994830796349 0.57394017799726382 -0.25570793888361421 16.682127334986095 -0.3928965513306496 0.76193936262455331 0.51485989126729592 -4.7672063117346815 0.4903327216086229 -0.30006845846199603 0.81824980437279793 3.3426929332544453
0.77321942387299436 0.57953505717501719 -0.25743123363466308 16.483065469773372 -0.39923691318102467 0.76028440506138584 0.51242317528985915 -4.6449502116798733 0.49268814649756071 -0.29343950130410923 0.81923845696792941 3.2742744965166528
0.76918199285227218 0.58414370843597696 -0.25910459232995359 16.293624109957779 -0.40512762947644193 0.75932623310476732 0.5092104432881589 -4.5111553530103938 0.49419699079072293 -0.28670507427248104 0.82071282107677912 3.2095101764258764
0.76566000054688899 0.58790910424810428 -0.26101273667146907 16.113559447660837 -0.41030359633739766 0.75887978920928911 0.50571970928792442 -4.3753190438461775 0.49539451187425948 -0.28011488834379489 0.82226511961350246 3.1559748241260719
0.76325558748406119 0.59073606881847973 -0.26167117757072317 15.930714785349199 -0.41517763981109423 0.75875431159778939 0.50191575192720739 -4.241665651746108 0.49504387237420677 -0.27444998019430233 0.82438387465797569 3.107107015130731
0.76188982829310881 0.59252853990545029 -0.26159858359901805 15.752979818921354 -0.41826678271772622 0.75846879481551643 0.49977793645384194 -4.1187600380005644 0.4945470533917472 -0.27135772826402649 0.82570466590235947 3.0757804261176269
0.76074083282509453 0.59437849797448505 -0.26074429316511755 15.569029727944885 -0.42157013790508741 0.75794109013415256 0.49779907865818529 -3.9992667101393953 0.49350988247376293 -0.26877407805040954 0.82716896149993757 3.0579521518332644
0.76042649687227126 0.59513114249918442 -0.25994319779940583 15.389178406502975 -0.4239893479116626 0.75814525061244442 0.49542790780418994 -3.8899404358462695 0.49191927763811893 -0.26652336145525635 0.8288430020737233 3.045425665223255
0.76082034325415004 0.59522452078809351 -0.25857334577102448 15.198035423802764 -0.4233090325032845 0.75718555660375586 0.49747311070227074 -3.8231855053012684 0.49189619666324985 -0.26903123001474183 0.8280460910993932 3.0521219375851851
0.76102879843394655 0.59518851840004761 -0.25804223592067205 15.021659798911331 -0.42513683163209254 0.75803356860179538 0.49461478269725506 -3.7281620121032732 0.4899937166372742 -0.26671283515718408 0.82992193682201654 3.0585306876759297
0.76203409131820443 0.59448169872490686 -0.25670129245874013 14.846194922181809 -0.42552489147346573 0.75854939736979399 0.49348898517233153 -3.6550877321450872 0.48809078090590258 -0.26682264077673673 0.83100726107753997 3.0743810733656356
0.7627223215790141 0.59353405343623411 -0.2568501266822204 14.679975220521444 -0.42525349737192375 0.75949806362356775 0.49226228204586048 -3.5922928916580146 0.48725160147306479 -0.26623301591576626 0.83168855835482614 3.0930825672123832
0.76318074787626244 0.59299362269502642 -0.25673665401351897 14.519238558468256 -0.42495372884693949 0.75988948629722031 0.49191696144169339 -3.5371239455543377 0.48679510516243946 -0.26632035607135868 0.83192787760232811 3.1177952380470151
0.76394815402797644 0.59259887274237477 -0.25536208407223282 14.348555921538836 -0.4255750972697484 0.76018039576419982 0.49092932534085676 -3.4858996643884241 0.48504541492636705 -0.2663688080843013 0.83293373298159634 3.1369550047377976
0.76346138031321398 0.59260474669581165 -0.25680018489836609 14.201572744053594 -0.4263275439059126 0.76108911920953126 0.48886417124597298 -3.4292397928816118 0.48515105490701999 -0.26374792286282128 0.83370587565888787 3.161193630525946
0.76375859353074294 0.5924590574738211 -0.25625197760246243 14.045963539244353 -0.42673381105860114 0.76127968759914633 0.48821254771702494 -3.3875350061483442 0.48432537132318754 -0.26352514579481362 0.83425621497623781 3.1892081482563022
0.76348742079482346 0.59228517309113948 -0.25745918516236177 13.900960143148668 -0.4266276582159389 0.76183177285054327 0.48744352608336311 -3.3536273802501477 0.48484616068733838 -0.26231779126051902 0.83433421172510391 3.217212059472355
0.7626154004477419 0.59295005811065848 -0.25851108213478396 13.755734957890825 -0.42767482795386019 0.76202750406279662 0.48621839186363636 -3.3176075314655122 0.48529577840175608 -0.26023895103998423 0.83472372425075014 3.2441613195617696
0.7603817902985377 0.59477574123298815 -0.26088570413715684 13.623248818647268 -0.42929395339181353 0.76169547446616048 0.48531093719284563 -3.2848152037618084 0.48736663259154095 -0.25702494396171016 0.83451299787232891 3.2758770555011827
0.75775123043326764 0.59674711945409609 -0.26401884061579334 13.497006529584732 -0.43158233574214377 0.76178107382932814 0.48314209403734559 -3.2508760542413997 0.48943820881927924 -0.2521556483180073 0.83478606167634417 3.3031680248954887
0.75395011055212335 0.59886728498470487 -0.27003186066368023 13.388888176926745 -0.43297637423745428 0.76213517641668405 0.48133297437480616 -3.2244853498593793 0.49405535130249206 -0.24598363328351366 0.83390728621712673 3.3315438894577589
0.75002170968889237 0.60131865154378206 -0.27546926198927996 13.281752848035467 -0.43466204153233667 0.76203230043523007 0.47997466885694356 -3.2004036281365389 0.49853419606511667 -0.24025538994777829 0.832911161502083 3.3638921352864664
0.74548839791802091 0.60428521477598995 -0.2812230925311045 13.181598080701542 -0.43751198490276183 0.76196113752401262 0.47749187215025801 -3.1742157141103999 0.50282234599912923 -0.23292617737439575 0.832415211452604 3.3900134746595039
0.74011860948681263 0.60773461722845334 -0.28789421479684557 13.091311422689694 -0.44000406130661224 0.76139162827953466 0.47610840616347661 -3.1540344619027678 0.50854780495543772 -0.22570206779740476 0.83092581297428825 3.4242076798610439
0.73509827376249826 0.61169017130552339 -0.29234510811644304 12.993529854880817 -0.4437663437060822 0.76013336784427687 0.47462479421481196 -3.1376573612278476 0.51254459328445823 -0.21916294718299606 0.83022023733280115 3.4493328826639731
0.73037131578430692 0.61535162222792661 -0.29647954752555777 12.900285027099804 -0.44702215514147692 0.75880582962381837 0.47369283902290327 -3.1187529206094347 0.51645806595712074 -0.21343873582451703 0.82928582054528244 3.4779637117410034
0.72590172539751741 0.61824172313111303 -0.30140314670683116 12.82161932062235 -0.44966110016738442 0.75817299067515875 0.4722061109377379 -3.1062629941787652 0.52045324483681032 -0.20724596013085028 0.82835833547340931 3.5075497650225409
0.72281250957725984 0.62052530979477671 -0.30412236994788805 12.740119292097891 -0.45110548128250283 0.75708011932269503 0.47258177883115143 -3.1051631470245336 0.52349395484141481 -0.20439675347331279 0.82714934952163544 3.5354362234992616
0.71964015788653968 0.62329980794488804 -0.30596632588064654 12.663568638335073 -0.45320566782191679 0.75549542118199864 0.47310811790448593 -3.1021452289864655 0.52604435726574117 -0.20180192761443133 0.82616784989490677 3.560709618723648
0.7168282319463406 0.62510169119265246 -0.30887725968864893 12.603464074739502 -0.45569542740678592 0.75530413746417391 0.47101734296100722 -3.0842880593256643 0.5277300098774278 -0.19688457430074632 0.82627931178094005 3.582531167917935
0.7155940086583803 0.62526497579578855 -0.31139833784932469 12.556157997228411 -0.45530362500781008 0.75560583653725555 0.47091233668866839 -3.0802404395456868 0.52973939236852829 -0.19520125469352484 0.82539241960360654 3.610004680637739
0.71576117639700221 0.62566046190259461 -0.31021754427274362 12.499253594714087 -0.45591790588090281 0.7551398146433479 0.47106551926200513 -3.0752129151049155 0.52898468924908582 -0.195736677074692 0.82574956965644608 3.6284023334157927
0.7163919892527455 0.62534905459358647 -0.30938823127811738 12.459121589604923 -0.45542916817146639 0.75507571598150158 0.47164068517640534 -3.0677419281109897 0.52855159683151132 -0.19697518385301871 0.82573239395879894 3.6487543348019247
0.71882659226135526 0.62348425004512864 -0.30749913854121735 12.423324650870979 -0.45331224376627632 0.75573072253914608 0.47262996589514333 -3.0686320864977801 0.52706388598490728 -0.20034586333669019 0.82587238429091747 3.6674785704337975
0.72311059380107312 0.62058019334672521 -0.30330066395970939 12.38691195048275 -0.45051074186632178 0.75657935943625665 0.47394909466954366 -3.0652337521602955 0.52359444286175905 -0.20607740414893813 0.82666859315176566 3.6851344649539839
0.73013371812490602 0.6165819166473413 -0.29450211157238115 12.338367797935746 -0.44612171765909808 0.75660866387026282 0.47803634044845539 -3.0746977976535512 0.51757141216453995 -0.21764666278155209 0.82749608064936309 3.7087089122665806
0.73804124981659514 0.61051737085732649 -0.28733891739654066 12.313823744089232 -0.44078720165231822 0.75865000799331039 0.47974660835827565 -3.0692038192003803 0.51088330999228859 -0.22741746910298652 0.8290232435330841 3.725150852561038
0.74818419137273429 0.60248473362617827 -0.27790746936223376 12.289522989730544 -0.43340055047620046 0.76093374893652799 0.48284965835788635 -3.0717732952519867 0.5023787203165101 -0.24081523099005639 0.83043581684339196 3.7411955133805259
0.76036082708304353 0.59309260559009946 -0.2647500214012018 12.258193638506571 -0.42522195318994732 0.76268689313266813 0.48733458072351515 -3.0747096950856276 0.49095590755475821 -0.25797260365780089 0.83211323303928952 3.758430390700076
0.77493454783680416 0.58089265252406963 -0.24907864784545153 12.223299231938256 -0.4155436756837313 0.76519795749708297 0.49172709854302976 -3.0743438031334254 0.47623513117809979 -0.27755325990851382 0.8343646012061724 3.7697345452559445
0.79111169803781412 0.56738652146727753 -0.22850561587188409 12.175645389183225 -0.40585082660214156 0.76640429307719193 0.49790517781923915 -3.0733645250192674 0.45763237185986405 -0.30115941760156245 0.83658569042017616 3.7872967533299842
0.80827772788639218 0.55092956904272272 -0.20775881342848301 12.14165531575504 -0.39406008312784002 0.76833101235109691 0.50436505266009313 -3.0748030627702789 0.43749716054860427 -0.32579758349923121 0.83812419670235649 3.8030480046957287
0.82636063668394344 0.53196186585847405 -0.18478276816759351 12.105849471001594 -0.38149541895000894 0.77017984074638357 0.51115971890205958 -3.0729621597116208 0.41423344077882573 -0.35190849120225304 0.83938731844142667 3.8236537975717653
0.84480446408508403 0.5104655291737703 -0.16040686078611702 12.074108627147202 -0.36804498060975793 0.77196499766070958 0.51827881939614662 -3.0707468886366365 0.38839195371412744 -0.37880732029891306 0.84003375192790908 3.8417231300690728
0.86334140820129091 0.48610368581510183 -0.13544304899840678 12.050987994266377 -0.35290410644097825 0.77347139095744744 0.5264985270895316 -3.0688825133415074 0.36069419809875891 -0.40674957161295733 0.83931786675285847 3.8646578178477631
0.88171821922855642 0.45889161106625809 -0.1095055759924469 12.029792075040632 -0.33652657915200823 0.77444255917716409 0.53571315464469593 -3.0753891458945506 0.3306400511200519 -0.43549651184382515 0.83726933824617666 3.8907773660733458
0.89943001549036228 0.42977411855350672 -0.079497511008602501 11.994159657507204 -0.32138158530696115 0.77360531846765124 0.54612149551555678 -3.0841222908945514 0.29620858167951686 -0.46564902905527478 0.83392533111741418 3.9173016671751539
0.91542363281138639 0.39964067611296789 -0.047821569258797318 11.955844635157332 -0.30820992873270914 0.77243759767301889 0.5552898320082168 -3.0809054165456642 0.25885558197763942 -0.49358635282704599 0.83028085608540469 3.9377671419446654
0.92970752742584906 0.36800351463088365 -0.014742003494478744 11.917201050537265 -0.29602585970608453 0.77048227803170588 0.56455801262965588 -3.0758538911455298 0.21911778529591749 -0.52050981975212551 0.82526173042776074 3.958561115332131
0.94244467771322959 0.33390601044555779 0.017458683751584311 11.891479459693613 -0.28288293628863836 0.76841900446401046 0.57402916122376324 -3.0724122659461268 0.17825620271599224 -0.54592949157090798 0.81864871369006931 3.983178788339361
0.95313543756328578 0.29818060991441586 0.051197280514795947 11.861882099850533 -0.27075743324694485 0.7651868429588311 0.58410573332593074 -3.0754906010252387 0.13499351837243878 -0.57059391797824488 0.81006131296567052 4.0079371531783359
0.96114066179534308 0.26232610046384747 0.085986308555731278 11.826817870532787 -0.26087485878341704 0.76121248209025205 0.59371699080010332 -3.07775102133153 0.090293611614234603 -0.59307720755853466 0.80006655321681119 4.0277397844593441
0.96687930484404272 0.22488413672130914 0.12071261290939005 11.795682280504288 -0.2513493391649444 0.75674011150490239 0.60346326594159305 -3.0804655743140184 0.044361239451196986 -0.61381717855617202 0.78820083211304337 4.0514701399204247
0.96979643559436102 0.18740295633434917 0.15612496746394677 11.759563085752715 -0.24390397353530407 0.75134772256013505 0.61317815640920237 -3.0904277953120292 -0.0023927394680811399 -0.63273749040249272 0.77436266893297057 4.0744737966371982
0.96991277485070793 0.15025295477607892 0.19155484531187808 11.728394209727098 -0.23829993095583324 0.74696229529396196 0.6206935413838468 -3.0870289525476315 -0.049823208325488928 -0.6476661014675954 0.76029354128647009 4.0986155642930822
0.9673366464063915 0.11397787689712549 0.22642627077541078 11.700632697382519 -0.23441547788900782 0.74217498453335851 0.6278739332533062 -3.0875277284808327 -0.096484176139427197 -0.6604432874296875 0.74465123906682862 4.1201064631303632
0.96218360660685964 0.078430888114519148 0.26086644660934039 11.671983709275104 -0.23207990886711152 0.73743566642774494 0.634292955802365 -3.0888997697313432 -0.14262406205563374 -0.67084814501482781 0.72775074252996497 4.1433670480369607
0.95419207399127248 0.043952485491823734 0.29594875392764369 11.640189613612216 -0.23200067192289439 0.73329167204134027 0.63910798144143144 -3.0875301733987102 -0.18892637232413975 -0.67849208008193185 0.70989810755243887 4.1670163231557913
0.9434631781436732 0.011127767844712585 0.3312905134015065 11.603030841222848 -0.23466729727349295 0.7282929786792518 0.64383273976775757 -3.0962346057535837 -0.23411213355440091 -0.68517553224651639 0.68972893148925496 4.1981098153972018
0.93134028463715646 -0.013594428295937816 0.36389622934469507 11.578585679001218 -0.23731935715613417 0.73528256827736982 0.63485357958070465 -3.1059763323883445 -0.27619702556504755 -0.67762433272923539 0.68157205544408805 4.2243695073937149
0.9166851349466083 -0.035373421566541552 0.39804156116490441 11.552340687923371 -0.24296786156739453 0.74147414792436095 0.62544600582720988 -3.1131714842370055 -0.31726169263446546 -0.67004836318471717 0.6711037247551197 4.2542572815329462
0.89972333767010315 -0.054847823260573525 0.4330007297168752 11.52391639997419 -0.25030545896187628 0.74787821830500056 0.61483765971093751 -3.1129698014154745 -0.35755432155919187 -0.6615662377030096 0.65915477716984738 4.2787676700031128
0.88083949032168074 -0.072437676815813201 0.46784033095423644 11.496741830203414 -0.25955898589491333 0.75255919212362021 0.60521384253125632 -3.119313423594646 -0.39591782623550292 -0.65452841445408005 0.64408200529216952 4.3026170482853452
0.85890220323099586 -0.088475287123795765 0.50443942039981671 11.458806005528542 -0.27094649411852767 0.75733243850616772 0.59416796860078236 -3.1195762782397822 -0.43459751795174778 -0.64700826977300963 0.62650243114892756 4.3262842441451603
0.83541098498888122 -0.10248932544214845 0.53998557789104018 11.423921355965629 -0.28376594845110398 0.76096550644685168 0.58344527121036116 -3.1178221273087505 -0.4707073110326126 -0.64064610836912128 0.60663596264312214 4.3495912760657847
0.81098781853629587 -0.11690685112129873 0.57326394125798852 11.393478847708868 -0.29591774905559148 0.76329710790204519 0.57429105065484476 -3.1257529564364459 -0.50470926678595074 -0.63538202148729073 0.58442984419955146 4.3745230906676342
0.78609476611798601 -0.12995488377771244 0.60429028360898707 11.368319784529751 -0.30747642977996748 0.7658876397957004 0.56468962124155975 -3.1261937425850017 -0.53620263316368888 -0.62970457469395347 0.56210220138141587 4.3900572816100816
0.7588599396390141 -0.14094504709206401 0.63581922408125402 11.330825208398936 -0.31999134698719983 0.76962695569504602 0.55252139046456217 -3.1087715905193223 -0.56721876720044229 -0.62274299897131846 0.53893786967313695 4.4073857882694147
0.73153038138659621 -0.15325568177370494 0.66436134528768154 11.29545732053087 -0.33281209732482064 0.77017174634929697 0.54412460797093909 -3.1114117992168127 -0.59506252527161818 -0.61915117469754588 0.51239868646203002 4.4313404735408088
0.70449135208683233 -0.16611820894813339 0.68999759093110691 11.260651695868074 -0.34387223127976613 0.77058208012823981 0.5366145230422954 -3.114093414628774 -0.62084122236650974 -0.61531130205864037 0.48574497235623448 4.4510031381550155
0.67727220412960087 -0.17881849134458583 0.71367100870546685 11.224814383932351 -0.35442814366766795 0.77074154791767002 0.52946969440163894 -3.1156336739717094 -0.64473486991919648 -0.61154019775213497 0.45862352103174631 4.4723466958380627
0.6511037587763977 -0.19165423276004964 0.73439264046721164 11.19063531876181 -0.36326571308651617 0.77087912631930289 0.52324315026661661 -3.1159549233459569 -0.6664097215699899 -0.60746524811740865 0.43230088517913512 4.493865034898608
0.62583214396404296 -0.20384168375144074 0.75284971644196508 11.154050687301266 -0.37177889993674151 0.77056762377353716 0.51769294640146568 -3.1187874735472332 -0.68564901891798535 -0.6038825259579732 0.40646195110910699 4.513563829143024
0.60233379274870313 -0.21592610514214144 0.76848547106051868 11.120901251557896 -0.37787250551690271 0.77089114028542749 0.51277599339654323 -3.1195732806754544 -0.70314036414313519 -0.59925183933599924 0.38274124596792702 4.5290757793505634
0.57764800172301101 -0.22791101184171972 0.78382354952291133 11.073360831151293 -0.38453942004509289 0.77103151167758099 0.50758235039406963 -3.1150399493021279 -0.72003626334844828 -0.59461498356622999 0.35774404367052193 4.5596069065024807
0.55581164401013305 -0.24020808505449889 0.79584765643758959 11.034180183223393 -0.39031086314198399 0.76985737164174894 0.50495252988990691 -3.1235814533531356 -0.73398286526056755 -0.59128648149886576 0.33413986637421589 4.591047655232706
0.534199733379914 -0.2510932277889768 0.80720681105608982 10.985087787303346 -0.39558590582853093 0.76962006670612049 0.50119531525452976 -3.1246467182058359 -0.74708930923059635 -0.58705804132281481 0.31180189247592915 4.6248156570765202
0.51386539414574517 -0.26228582842863263 0.81679158963896303 10.936814542628612 -0.39895013444703803 0.76983079161029933 0.49819608841634866 -3.1252165501718689 -0.75946108980258398 -0.58186484383760961 0.29095043664120168 4.6570200980689487
0.49660065964489786 -0.27221535428443577 0.82418844066878971 10.889515073935511 -0.40028141108517878 0.77072478688312474 0.49573994677009842 -3.1278649075623357 -0.7701704855289575 -0.57609209660935379 0.2737796914388072 4.6776626175122615
0.47824571270096572 -0.28077929437642185 0.83213221673759508 10.846501715996421 -0.39451684169171247 0.77784359810369075 0.48919913993250269 -3.1245746495811582 -0.7846257068849718 -0.56224756534695874 0.26122820551516956 4.696751791738949
0.46142306554797541 -0.28859770223559639 0.83892795926983099 10.802264466178164 -0.39083131465713056 0.78278666058114266 0.48424779555471598 -3.131533035110555 -0.79645441681472784 -0.55132241953375793 0.24840280122364822 4.7206390158975617
0.44450054085818058 -0.29698351330009454 0.84511541342275709 10.748218500405422 -0.38761387043845486 0.7867757954366601 0.48035334406947922 -3.1351002859843766 -0.80757337537867468 -0.54109577760590899 0.23460733755906071 4.7579885023209023
0.43042752551341701 -0.30468076744859679 0.84964803020270141 10.694434281791807 -0.38495331421282059 0.78944532599706707 0.47810775264363775 -3.14268717017125 -0.81642090318472493 -0.53286556204010649 0.22251112699080733 4.7896744404270226
0.41836421197680429 -0.31213415412872786 0.85296169665663846 10.64209012491602 -0.38116142266145764 0.79206900756408105 0.47680463203616774 -3.1466974789890183 -0.82443153506626699 -0.5245940879220764 0.21239982793185963 4.8172274530429142
0.4080344775764666 -0.32040609435496104 0.85489636787689072 10.592095064296478 -0.37829950847911731 0.79288640564434854 0.47772442854520619 -3.1589909704643633 -0.83090152665244177 -0.51833491339536975 0.20231552229637872 4.8503903887645095
0.39801017054335852 -0.32638122267630032 0.85735826911995772 10.534857659319606 -0.37475190355548504 0.79519251974193472 0.47668634061404896 -3.1580564148004693 -0.83734635302578764 -0.51102265510522715 0.1941827259145803 4.8762289881536622
0.38776966091668652 -0.33206907578890282 0.85986325597577551 10.476549853938373 -0.37180601849467015 0.79724732443359414 0.47555965797638527 -3.1489766834594231 -0.84344233631215071 -0.50410994097337491 0.18568304372807354 4.9107555632420201
0.38035951059863637 -0.3390930738015176 0.86043159518755741 10.421612647037207 -0.36787127995208774 0.79811853490859019 0.4771556618356092 -3.1562330837991417 -0.84852658419378879 -0.4980187662480241 0.17882937225528006 4.934972486715977
0.37256439040310185 -0.34518485592880394 0.86141928829169823 10.368254652924536 -0.36337297475774349 0.79986485399702134 0.47767802603430692 -3.1519466792170698 -0.85390623385666498 -0.49098231187868124 0.17257031379409371 4.9551154587078097
0.36353148342087038 -0.3525662408035114 0.86228876045527936 10.317344509811921 -0.36016695192316817 0.80044963612392384 0.47912435418318311 -3.1558541325190026 -0.8591417969719527 -0.48474470175006396 0.16400593532261554 4.9856613226157114
0.35372944539473483 -0.35934184144092046 0.86356755407471286 10.269083149075039 -0.35705056881794844 0.80146785231207718 0.47975428400072262 -3.1532111983693727 -0.86451742074264371 -0.47804050320042435 0.15519957001349061 5.0141075693725679
0.34381694499020354 -0.36485816322460668 0.86525627941435368 10.227532587940201 -0.35378415070617436 0.80320355623687079 0.47927113616152084 -3.1500353307250801 -0.86984290710835521 -0.47089549581282936 0.14707395750599583 5.0336141845351152
0.3345197630926563 -0.37223887103384168 0.86575675047433753 10.198991877950611 -0.34997851128649371 0.80391120223968282 0.48087609688072197 -3.1626529824953562 -0.87499232553098605 -0.4638588166727014 0.13864857899336214 5.049844886689919
0.32388502527609964 -0.37835515917283702 0.86714812110111705 10.170073975397361 -0.34632018332539249 0.80552677206786916 0.48082112069186994 -3.1689145787373421 -0.88043217854833478 -0.45604165709857736 0.12986603084493176 5.0635616677881528
0.31015130988242645 -0.38553094387735187 0.86900636147916277 10.141954904741853 -0.34297697201196276 0.80714856955649295 0.48049764133907319 -3.1727340468307066 -0.88666395079969296 -0.44707614337598628 0.11810995036970506 5.0842816105694748
0.29528766022388497 -0.39362844303584943 0.87055260987069394 10.121567344206424 -0.33873914570551644 0.80885697199623474 0.48063103314265843 -3.1791722143773806 -0.89334259323408538 -0.43681466056699075 0.10550812019718847 5.1023234263712176
0.27909853441602517 -0.40181480226681171 0.87215186336217276 10.107204908048944 -0.33345187877588539 0.81117104474973079 0.48042833045154881 -3.1808199769065375 -0.90050755278768169 -0.42490752033697088 0.092410749014536497 5.1149574554905888
0.2615192862637199 -0.40995460472247514 0.87381055439892341 10.094692757848447 -0.32800383409133038 0.81369149864202561 0.47991627380104701 -3.1828550966755307 -0.90775610586407063 -0.41212057350311171 0.078329337811351429 5.1183339055158568
0.24096403960642099 -0.41846487576596841 0.87568457755445717 10.087959094095728 -0.32190129059177469 0.81673706506045585 0.47887380975762561 -3.1821251090593963 -0.91559592109833332 -0.39727536332700697 0.062099878916867746 5.123216885342794
0.21781674747323787 -0.42484043547014522 0.87867312973011602 10.090246799997892 -0.31675589839995472 0.82078418516104112 0.47537250890050781 -3.1849189591347464 -0.92315847250026228 -0.38186899033446431 0.044209827775275934 5.1267429800627768
0.19065448787927675 -0.43069495087193571 0.88212965347782746 10.085135178185975 -0.31084285875748846 0.82588465717697124 0.47041603947904337 -3.1870485017060513 -0.93114315946097304 -0.36389063237887526 0.023580166579978967 5.1388321144000244
0.16183797114669707 -0.43397101030474861 0.88627176041561717 10.074603166278171 -0.30471988812444195 0.83224360663577324 0.46315911844128466 -3.1819382257826856 -0.93859163690955016 -0.34502136372832937 0.0024490190884293161 5.1488094960318636
0.13023841834305394 -0.43859241238722446 0.88919888111932222 10.05936675004266 -0.29805303649575998 0.83803621838217568 0.45701168925461794 -3.1874873090701192 -0.94562272700224215 -0.32454890613905496 -0.021579288699724142 5.1721526985194712
0.099199235548188991 -0.44009229692733071 0.89245631929628999 10.037399810731113 -0.29058117327130312 0.84497473098076825 0.44897693230749763 -3.1912758836766937 -0.95169432771606255 -0.30386917281817943 -0.044061688617977657 5.1781515384225969
0.064044654420098102 -0.43996667744252749 0.89572741667339495 10.007431789841338 -0.28377757900526446 0.85248678574470504 0.43901772832605784 -3.1849006809727753 -0.95674895761329248 -0.28230409644715476 -0.070255456976910713 5.2018584403862826
0.030913699288900087 -0.44108474894772592 0.89693287789109233 9.9835996507887828 -0.27583840435518331 0.85874895515382699 0.43181408812705135 -3.1933107017479987 -0.96070678038570223 -0.26075750472025166 -0.095121006370864736 5.2154733628398073
-0.0037980191789350748 -0.44075619151059353 0.89761882483345545 9.9530273069411361 -0.26880832450901093 0.86503653010548387 0.42361997858661327 -3.2108808063093082 -0.9631862020009293 -0.23967849554797652 -0.12176435868875535 5.2281167845443202
-0.039846911417178443 -0.43973568566077043 0.8972428603265471 9.9209280380167755 -0.26309985933028496 0.87088594274197906 0.41513388051904238 -3.2226948838269061 -0.96394537587505236 -0.21952266737370529 -0.15039651205476057 5.2611080679390172
-0.076063802161956851 -0.43512711515610186 0.89715031720252736 9.8767242511348936 -0.25537288639129868 0.8782481530314924 0.40430789083685859 -3.2202314232298135 -0.96384593524942763 -0.19835467060974576 -0.17792256110582416 5.2874975406231774
-0.11080712281595773 -0.43042026265088629 0.89580141718619288 9.8275626159362481 -0.24714702053942625 0.88497089919396554 0.39464523032504584 -3.2265519495478379 -0.96262148935691949 -0.1776651487472039 -0.20443816460949815 5.3065552133563942
-0.14729782435598926 -0.42381061487673477 0.89369341144365411 9.7766281148660372 -0.23975146891401555 0.89190183630378106 0.38344536449345062 -3.2213436922838694 -0.95959501045678863 -0.15778364020311922 -0.232984417484708 5.3436501719716345
-0.1817023952729202 -0.41665552550230966 0.89072016515877606 9.7155985824031905 -0.23205051862752768 0.89838486038030874 0.37290374018525024 -3.2216810444738084 -0.9555819150427548 -0.13893457347920038 -0.25992381178986612 5.3741541944555395
-0.21606931700899068 -0.41006840639245329 0.88609139050440089 9.6598639931684165 -0.22583479024586814 0.90390900083964665 0.36324532442369639 -3.2252678765564724 -0.94990141475938106 -0.12162409415829371 -0.28791471299379889 5.4188495233153882
-0.24806323660140062 -0.40225067299878281 0.88128260320901808 9.5950516065945717 -0.21868511621193701 0.90948668734218929 0.35356864325715093 -3.2283509283793714 -0.94373802010632646 -0.10501600649118766 -0.31357644647905825 5.4561706985706806
-0.27899732944596933 -0.39633053866479945 0.87468999896173949 9.5330184791508383 -0.2123766473183944 0.91376953339684941 0.34629669289426152 -3.2496197464443166 -0.93651302705078066 -0.089147876908954191 -0.33911061057833392 5.5024204356381503
-0.30945655339915001 -0.38897349117759955 0.86771900101324817 9.4620529874284731 -0.20700125303497191 0.91818333404020647 0.33777188505374761 -3.2534560373422465 -0.92810943471137652 -0.075093197108129908 -0.36465585001177336 5.5552753478448196
-0.33748812948232754 -0.38097814136044744 0.86078883488580338 9.3824991069919008 -0.20116542658059208 0.92250394514081735 0.32942213396837233 -3.2546067963961565 -0.91958372843758407 -0.061984893362550773 -0.38797376121029759 5.6027934504744437
-0.36390869653879099 -0.37380280448002112 0.85313652128267803 9.2960827592235393 -0.19560224804423135 0.9261831220020148 0.32237336285531415 -3.2538388907474696 -0.91066471390050097 -0.049560951176023028 -0.41016276156551168 5.6497043942712537
-0.38748764263992297 -0.36674712834587808 0.84578358381527363 9.2031496293061181 -0.19083677188180104 0.92949827609062441 0.31561730187410658 -3.2477025715979475 -0.9019061222206497 -0.039108804566357104 -0.43015793391067625 5.6963922776908777
-0.41064336539303481 -0.3572692605824232 0.83888658464751464 9.1018505251168413 -0.1848680282011326 0.93355178021586072 0.30709100573742404 -3.2131563151372569 -0.89285824104821288 -0.028978424710221135 -0.44940450853724889 5.7387620487785105
-0.43045254097547558 -0.35089286651967533 0.83161578038981576 8.9938325668599575 -0.17902528706903573 0.93622837129721481 0.30236796022067852 -3.2030210078632684 -0.8846810479249605 -0.018725197028864392 -0.46582057751737871 5.7737954722786782
-0.44734770838586235 -0.34665472106045658 0.82444559078717572 8.8857476508886784 -0.17374685594206155 0.93794968551243518 0.30010401113176177 -3.2049434042695566 -0.87732095486895023 -0.0089939876373683024 -0.47981981027695486 5.8077555926974558
-0.4645417917754715 -0.33942883119181227 0.81791747276225535 8.7677086946839662 -0.17010433448672663 0.94062793126670385 0.29374071952956898 -3.1767797451974062 -0.86906008945461433 -0.002676467201606616 -0.49469930002018048 5.8533535851052392
-0.48066131534850087 -0.33073208689894196 0.8121459146132054 8.6430811521525541 -0.16641090660656038 0.94372204085242895 0.28582533087833389 -3.1306164765579196 -0.86097160817870866 0.002235241552302745 -0.50864810390423276 5.9002633526491071
-0.49477294481455814 -0.32260401055181098 0.80692402706538435 8.511493743291549 -0.16134400210067143 0.94649949199103167 0.27947598223614395 -3.0927976499692984 -0.85391325441503052 0.0080848028179984748 -0.52035256307404243 5.9409745648290118
-0.50682841287167091 -0.31749233397202986 0.80145092037814547 8.3798462643875791 -0.15855180485908338 0.94817865032959658 0.27535172459069829 -3.0696088712568028 -0.84734071369308739 0.01248458762385252 -0.53090286304554057 5.9838512185948503
-0.51894391955301766 -0.31130027018681339 0.79610888083262088 8.2411030237620881 -0.15714934529873906 0.95020023630218908 0.2691163209533039 -3.0329766212739022 -0.84023883011387235 0.014548289001837224 -0.5420212686380399 6.0395918213382203
-0.52982623177206145 -0.30296154352647586 0.79214800843672728 8.0923517223123849 -0.1555686436339927 0.95288900054388814 0.2603861550857684 -2.9827094462440216 -0.83371611549981317 0.014726024124837936 -0.55199690485488873 6.097563962754041
-0.54008777603669333 -0.29776064506367195 0.78717456286836729 7.9473190395044053 -0.15481584308879889 0.95451033843261579 0.2548373374408815 -2.952343448300228 -0.82724678839173715 0.015767437221034998 -0.5616174311922999 6.1587249311872085
-0.5481257174388281 -0.29216418443105896 0.78370803697416835 7.7913172580041374 -0.15369346817623167 0.9562338929188744 0.24898807174878143 -2.925090562264629 -0.82215358402316296 0.016025959220864833 -0.56904011537757127 6.2132034641588287
-0.55572556129082362 -0.28572604699702819 0.7807238478459918 7.6283426281977977 -0.1526743114852486 0.9581893761841529 0.24199932640470145 -2.8882086824222131 -0.81722680764920119 0.015288735568253177 -0.57611335640151573 6.2712571748935675
-0.56255587081101277 -0.28034218711964248 0.77777834267678003 7.4660110052606834 -0.15226653447102703 0.95979464735441444 0.23581589723765198 -2.8610167087401703 -0.81261663451854516 0.01423000459559544 -0.58262484694094763 6.3285136415054026
-0.56935086221499431 -0.2755026674733867 0.77455656727581346 7.297458411771232 -0.15250809978215502 0.96121632944896851 0.22979218329066009 -2.8475789222180099 -0.80782478000856073 0.012706227437780025 -0.58928573424818342 6.3979230509722962
-0.57481707902548096 -0.26813333478718254 0.77310402950477464 7.1166834267330641 -0.15207532644261085 0.96333509433769493 0.22103979529658874 -2.8094502274619182 -0.8040263806293847 0.0094874018197388683 -0.59451792946783644 6.4564454296103824
-0.58140115502590839 -0.26166373489960759 0.77039261858673569 6.9400415738349981 -0.15312588750629508 0.96514379711934128 0.21224964889834169 -2.7879354530123259 -0.79907769303738496 0.0054351375739468142 -0.60120321004599031 6.5398677052385636
-0.58732884481538528 -0.2554237103294339 0.76798669015118448 6.7593437222549388 -0.15438173252432955 0.96682874404231445 0.20349068862320741 -2.7827729296778965 -0.79448795378571491 0.00095283529859034816 -0.60727916430113305 6.621786122926542
-0.5928210205199933 -0.24902521094006314 0.7658653158002986 6.5772593265241976 -0.15502685025742557 0.96849177464220049 0.19491115450292432 -2.7776960553585708 -0.79027205020100255 -0.0031822581067751663 -0.61274787629533778 6.7072726708645698
-0.59836506325545247 -0.2412592481858932 0.76403745080989094 6.3826965595354022 -0.15537822087680284 0.97042630861489887 0.18474411499482357 -2.7808571951262024 -0.78601326932339921 -0.0081703557351384404 -0.6181556322923083 6.7998701120927869
-0.60316047089008218 -0.23357763506813534 0.76265256490202149 6.1981973699450901 -0.15453102124066737 0.97226457424597812 0.17556127460406318 -2.7955393667950164 -0.78250725864363169 -0.011961858645874008 -0.62252654891800829 6.8821766882404365
-0.60919520202161626 -0.22034039024574847 0.76179480062559735 6.0212317458199429 -0.15285952101955891 0.97523649588327377 0.15983661636491317 -2.7719128940356974 -0.77814855436960972 -0.019075888541944336 -0.62779052064269192 6.9777095275123653
-0.61557288340080429 -0.21161854356232204 0.75913609928798786 5.8705386398255595 -0.15355874257580474 0.97701785911765326 0.14783712505218446 -2.7843988195585112 -0.77297460359326031 -0.025567459508506238 -0.63392157812628791 7.0840201687297011
-0.62021570313308905 -0.20001100024421575 0.75850384400373161 5.7166368344678826 -0.15147397426906167 0.97928541720187956 0.13437152516391362 -2.790894746109934 -0.76966753647679886 -0.031554261789003391 -0.63766465470236589 7.1637677200196368
-0.62879662982803608 -0.18908436595651598 0.75422934235398664 5.6035619917878581 -0.15178934698818117 0.98117067863746743 0.11943238054645454 -2.7849062496379227 -0.76261051163605553 -0.039385300975286884 -0.64565780844754039 7.2905841508846203
-0.63394564550487953 -0.1818780668231956 0.75168696101107091 5.4830329910475024 -0.15184465235164943 0.98230696563618547 0.10961855141734285 -2.8332095450429016 -0.7583245479988161 -0.044647441934416693 -0.65034643524132929 7.3859132428151817
-0.64228017467953746 -0.16926713602084156 0.74754586071820717 5.3803558521091812 -0.15084859783951329 0.98415038557648116 0.093234752638253121 -2.8274151242640775 -0.75147912661861482 -0.052883411699372961 -0.6576339916880507 7.5150685266171209
-0.65128339642609445 -0.15735761113090818 0.74233989503384834 5.2950919669013148 -0.15110879357750989 0.9855648526576325 0.076341690507144691 -2.8192473160568823 -0.74363705531881652 -0.062454010480617245 -0.66566014341527668 7.6419648615928475
-0.65905853803181813 -0.14685277674025451 0.73761514722180177 5.220206532900125 -0.15134749767518094 0.98658477721581139 0.061191603292355144 -2.8211830660436883 -0.73670603254949962 -0.071307358173647292 -0.67244292120258908 7.764239392956549
-0.66735055629923989 -0.13577676463636093 0.73226218336875637 5.1348975835223856 -0.15061173905812111 0.98752927640291599 0.045847925852993077 -2.8344558897351266 -0.72935542711697454 -0.079690642060503941 -0.67947778661483937 7.8800707308628777
-0.67763187762860055 -0.12194182348941852 0.72522081472170508 5.0812393424113855 -0.14926106476677559 0.98843636895867204 0.026733482086784437 -2.7977277816412149 -0.72009455835065617 -0.090131771334371863 -0.68799715902749403 8.0103617367754687
-0.68592713322858145 -0.10648743828482601 0.71983636570289689 4.9950914885269686 -0.14663715870374419 0.9891683230428675 0.0066009374981334783 -2.7625329427135736 -0.71274224765206129 -0.10102699726358641 -0.6941124074930447 8.1099553132941651
-0.69250782620239248 -0.099280488786985532 0.71454621627621484 4.9417545114296333 -0.14800364070942545 0.98896843557575964 -0.0060295747436954665 -2.7975945218510487 -0.70606503452953484 -0.10993096916270569 -0.69956225529523519 8.1925237675923306
-0.69986364899906639 -0.089227728841497114 0.70868137072700044 4.8856929281951258 -0.14559632521428312 0.98915691700757857 -0.019243274673482073 -2.8222084617899781 -0.69928004611443673 -0.11664907175734678 -0.70526619879612906 8.2370014100098974
-0.70975472091396119 -0.079436106792868 0.69995581366107529 4.8552695492828741 -0.14567194032371752 0.9886955800732864 -0.035506840832028985 -2.8119133708234729 -0.68922269401309566 -0.12716506942214845 -0.71330296731206144 8.3188944441639823
-0.72066498050267391 -0.06629946913285624 0.69010605436395211 4.8044180320836487 -0.14309562974079534 0.98820751177704347 -0.054493618126434079 -2.7876722819449862 -0.67835508889236307 -0.13802280268175207 -0.72165371149444546 8.3978303998353709
-0.73193641901740047 -0.057081646333041622 0.67897773466284905 4.7800488196949118 -0.14362457345833274 0.98702068165091539 -0.071848144668281475 -2.7683605677285663 -0.66606385610907959 -0.15010616125020276 -0.73063471033056704 8.4604570690554226
-0.7451174199951518 -0.044937709439173162 0.66541763779609053 4.7549926000245737 -0.14077146572597105 0.98584602231024865 -0.091055009375774765 -2.7241783008953946 -0.65190752784204786 -0.16151848985618061 -0.74089699188041558 8.5155194701811023
-0.75302628962702634 -0.035196002137440723 0.65704843699996374 4.686796335067446 -0.13803651313855489 0.98479780957277241 -0.10544759504710888 -2.7273973917840801 -0.64334852776011198 -0.17010148645503004 -0.74643697398687703 8.4969886631089118
-0.76606141477739986 -0.025096719414754651 0.64227724812877063 4.6634097337683924 -0.13568882968452736 0.98303308256098498 -0.12342811709448931 -2.7045003756940669 -0.62828214226420021 -0.18170336613630667 -0.75646905848596568 8.5086580176419648
-0.77673372418458841 -0.016525938309913085 0.62961227360758898 4.6199424592007645 -0.13425607957205016 0.98102470183028634 -0.13987794499756273 -2.6986092259336587 -0.61535357869462648 -0.19317719265424371 -0.76421367785845207 8.4997584580400254
-0.79043012430062931 -0.0069645386319164325 0.61251262337990786 4.5987821804906002 -0.13165182314278806 0.97849928357698035 -0.15876696603045706 -2.66795957351066 -0.59823742449070527 -0.2061325962602247 -0.77435220455406939 8.5090350154547618
-0.80388608868837208 0.00075917569176897799 0.5947828007479542 4.5869058615625828 -0.1291068412616122 0.9759335546830501 -0.17574162962472739 -2.6703958950418127 -0.5806019117715342 -0.2180667799000458 -0.78444139331836982 8.52300311750205
-0.81611683451399619 0.0096414144861680269 0.57780650355422725 4.5403339615790701 -0.12310405740488103 0.97401032780232466 -0.19012961995665936 -2.7118004103092446 -0.56462262040526767 -0.22629830856883107 -0.79371932826760361 8.5033267732598503
-0.83154746218086939 0.02642854103398215 0.55482461225090851 4.5003227216527391 -0.11142591941568193 0.97062608012237206 -0.21323526225427283 -2.6386620587457865 -0.54416273542289328 -0.23913708370951939 -0.80417682916879696 8.5239881060375371
-0.84543613477564183 0.035481874368492837 0.5328965927897471 4.5089804631835806 -0.1052574984407367 0.96715115820672948 -0.23138603285717138 -2.6234132899827696 -0.52360156706948591 -0.25171347554447732 -0.81392980360206657 8.5322994342523533
-0.85809132197949922 0.039293407409899575 0.51199151484921623 4.5185835384596293 -0.10376652578382521 0.96322896737204133 -0.24783555947875119 -2.6321137725016905 -0.50290336176071671 -0.26579312359335133 -0.8224610776080894 8.5367593283210006
-0.86921741617765114 0.042033934288150498 0.49264006311069308 4.4945473193480652 -0.10168332022215161 0.95988369598928636 -0.26131167704973812 -2.6940912913576049 -0.48386112243292245 -0.27722993803376772 -0.83007347605844251 8.5099633403829777
-0.88268769843503336 0.049074748688531081 0.46739073169311107 4.4748226892278495 -0.093766290626870044 0.95614633048385878 -0.27747446268860276 -2.6688784412951714 -0.46051092253446235 -0.28874879002934195 -0.83937704667393076 8.4957667003617061
-0.89365719095485185 0.057544565466997759 0.44504544491534509 4.4258246632952352 -0.089419063312589045 0.949021078157544 -0.30226350148337788 -2.5433635323576467 -0.43975112981205888 -0.30991549847967781 -0.84295392972042671 8.4372843783762281
-0.90748452416305514 0.063782521266478084 0.41521515914697171 4.4432004393198445 -0.079311748659815565 0.94461677141551681 -0.31844748654220462 -2.495367836384935 -0.41253058665882703 -0.32191760613768333 -0.85216639802887539 8.4322292704082482
-0.92054001230150551 0.070458895158585111 0.38424162950541429 4.4282993217293454 -0.069388884173536738 0.93846749545024144 -0.33832520263276672 -2.3847309267699637 -0.38443629967147491 -0.33810398411787851 -0.85900781569117379 8.4228531949156977
-0.93273474787454269 0.077310163027176859 0.35217755294755154 4.3968938286686186 -0.056153841403292958 0.93367801183029642 -0.35368363875118486 -2.327935739299352 -0.35616377721922815 -0.34966914207195371 -0.86653266232704507 8.3950042377115199
-0.93376526159846329 0.076508817363439202 0.34961240981636033 4.4280617459619975 -0.05689885895155785 0.93271995517625306 -0.35608426680495064 -2.309741294505518 -0.35333405734795159 -0.35239166573807679 -0.86658822853554829 8.4218710867978803
1 0 0 0 0 1 0 0 0 0 1 0
0.99997226489224234 0.0052660388101000736 -0.005266714490994806 0.59255768025032995 -0.0052412759996993711 0.99997519776841048 0.0047045588447181047 0.42505722527426204 0.0052913582541829693 -0.0046768240590126737 0.99997506411137416 0.3631754767397759
0.99991098351238294 0.01156900636519102 -0.0066470401699650844 0.82016762420731959 -0.011573300398743946 0.99993284232984248 -0.000607904632963729 0.75390136425200682 0.0066395609176656397 0.00068477871207802039 0.99997772340634472 0.37212945336741365
0.99984319236202668 0.016515470381926019 -0.0063898298392822839 1.019345841269192 -0.016535805728180492 0.99985833487770603 -0.0031428179236001694 1.0330164464831262 0.0063370195069236595 0.0032479860906034922 0.99997464606365105 0.54988090973510706
0.99989809491097204 0.014175724647674037 -0.0016877867525552249 1.1381601876444014 -0.014178551799376986 0.9998980762429317 -0.0016750506131910296 1.288029012124724 0.0016638696707247608 0.0016988102889065725 0.999997172786664 0.64247331633410032
0.999958577645775 0.0087636817073391878 0.0024578192714183548 1.2347069301818319 -0.0087565498436670847 0.99995746244871253 -0.0028976072831072295 1.5125432083634207 -0.0024831084297470608 0.0028759652404350433 0.99999278147217741 0.8170396976392108
0.99993227046144573 0.0083310255323254343 0.0081270230341746186 1.2710702828277869 -0.0083487095865931275 0.9999628494727808 0.002144463223173737 1.6645387968070764 -0.0081088555331187834 -0.0022121681347850616 0.99996467576314241 0.92276615693409259
0.99990316157979231 0.012481863292767759 0.0061539053840941101 1.3674474442503046 -0.012455876280846141 0.99991341925942401 -0.0042432453386095047 1.9580217348304974 -0.0062063361826427185 0.0041661821453260516 0.99997206176848763 1.0642706802882467
0.99990432017418263 0.01306227355990567 0.0045527471324275787 1.4921512157298602 -0.013073337196542746 0.99991163869311683 0.0024088712276075851 2.0777108361770478 -0.0045208795107954522 -0.0024681603456609296 0.99998673482849609 1.0934603922743518
0.99986610454310054 0.016359098971884711 -0.0003909816282826092 1.5886791210798621 -0.016358697824319004 0.99986567937495063 0.0010080741843463102 2.3053509221648976 0.00040742029673863868 -0.0010015432574808731 0.99999941545973181 1.2388337865734895
0.99973563060907122 0.0089829787803117726 -0.021165419507186371 1.8559197789063056 -0.0082425840504476676 0.99935986609002991 0.034812610598585328 2.3767863856902549 0.021464591746735429 -0.034628949460673769 0.99916970888853318 1.2781266789862278
0.99892489004353757 -0.0079895254071797213 -0.045664335484866536 2.0053026769523115 0.011161854662126653 0.99750949227754404 0.069643562636455741 2.5887232881815043 0.044994189091570179 -0.070078386824786454 0.99652623781214489 1.2834451652947718
0.99749308545071314 -0.022451980738380842 -0.067107771822194032 2.0790051988535305 0.029548530706684499 0.99385192021366076 0.10670166362665312 2.8501122453130647 0.064299524190248938 -0.10841710773001963 0.99202384141731437 1.2906594767520116
0.9954135900572576 -0.037779542192936208 -0.087889083059354611 2.1312280741537908 0.050251249041542947 0.98825282429899008 0.14433006351704533 3.0705085380524855 0.081403910834104337 -0.14808464287954259 0.98561876090309464 1.3159603682181309
0.9937026427185025 -0.054710174445933991 -0.097784736366979833 1.8728751813880782 0.072787475139303906 0.97866936804279925 0.19211520376470279 3.0993327816610208 0.085188269832820823 -0.19802288975470367 0.97648855283412672 1.413716509983171
0.99088861355800617 -0.076536358872489274 -0.1108239202141572 1.6752233749946701 0.10142416429164945 0.96543430439434663 0.24010360846173173 3.1996818329520047 0.088616558378402668 -0.24915615519016504 0.96440049559922025 1.5924019641207474
0.98586442780970096 -0.1185667278657045 -0.11837762044690261 1.452724317740238 0.14616451381107767 0.95400370679064206 0.26174961763503291 3.4603095955764052 0.081897893024315632 -0.27535224435790356 0.95784856665615115 1.8922499783683329
0.9796319839274229 -0.14151488030276205 -0.14245951958123559 1.2412174482382412 0.179539119705525 0.93501555516297352 0.30579669079086108 3.6689086488744143 0.089927084695250056 -0.32514527561717893 0.94137860034209508 2.3022174103685842
0.97499410593912539 -0.1385391486820132 -0.17376247485124216 1.4858331142416588 0.19383296455256094 0.91258977278007447 0.36001206711717015 3.6421335733488256 0.10869809214853393 -0.38469053913460782 0.91662310349652087 2.2297821400577149
0.96567621612094134 -0.14425590228411336 -0.21600851898602813 1.7148948209050494 0.22311248323474803 0.8864861957932344 0.40541712407453101 3.7212052712671748 0.13300475722005292 -0.43969587139776029 0.88824392777693617 2.3183089450929013
0.95272627145756261 -0.16213241409791201 -0.25695472747811815 1.9029843261286521 0.26360469767179401 0.86162839653179635 0.43371542473770475 3.9243646469871996 0.15108016097401036 -0.48094655273619413 0.86363487561077479 2.4197126518064485
0.9407276980417183 -0.17435710356303072 -0.29091407421133869 1.9939600305471912 0.29813037048171376 0.83406289861645067 0.46417385034915587 4.0974506201013723 0.16170862788845192 -0.52339151845309362 0.83660721851882158 2.5679576133695492
0.92945498546901573 -0.18179645239952646 -0.32103501348254582 2.0429766281686876 0.32767262016047105 0.80665006548123253 0.4918803979183301 4.246050081640572 0.16954080330104412 -0.56237507213075322 0.80931464478407089 2.7015995703358673
0.91480172249272929 -0.19487178669735281 -0.35378354296619996 2.1542514155099366 0.3632300845910667 0.77998491885973742 0.50959536104573733 4.4188139294204039 0.17664006955473655 -0.59468354029748483 0.78431484285773123 2.7869277552881155
0.90114623441558983 -0.20719161156686552 -0.38079797832305762 2.2242527468412985 0.39549168897185483 0.75265483691057 0.52640005739866047 4.5556016114019604 0.17754376404929675 -0.62496586512500707 0.76019463249602015 2.9130314596257927
0.88719526389898273 -0.21862844451807256 -0.40630797058736429 2.291747693785787 0.42573694145601559 0.72735521486767118 0.53824013979308649 4.6897337600888216 0.17785561670886738 -0.65050441555181793 0.73838430708723513 3.026859323257856
0.87525611120293123 -0.23608373819314921 -0.42212700501468825 2.3046436320851997 0.45334279481356815 0.70459175199999524 0.5459219480880031 4.8146243935830997 0.16854391176350789 -0.66918975752347398 0.72372509852369293 3.130409333926778
0.86098921213985102 -0.25009635080077958 -0.44288756123302003 2.3880602000318745 0.48081514911689494 0.68418820094013166 0.54836420203547565 4.9459573064988849 0.1658745578999285 -0.68508271107249474 0.70932877428669416 3.2428614502012993
0.84596947861416472 -0.26798929449247239 -0.46099607296668527 2.4741201082756996 0.50795617585089348 0.66802425096339935 0.54380522573778711 5.0971521043364136 0.16222257755384931 -0.69420842559149076 0.7012549444884999 3.3483701605137783
0.83298647467509523 -0.28514746183580292 -0.4741565754230942 2.5516273928707092 0.52990494097331398 0.65767194826756525 0.53541419666834922 5.2266803405648741 0.15916747953154797 -0.69725069628544978 0.6989328866128921 3.4346989267353765
0.82069888811818226 -0.3035396776666931 -0.48406301152182596 2.6358736823008511 0.55000040311369935 0.64919005212983616 0.52540635016188075 5.3396768667646528 0.15476721751180883 -0.69743525885752344 0.69973649903802493 3.546283706268277
0.8095580830795075 -0.32687671778752131 -0.48761390616869238 2.7154883563544674 0.56814140304379879 0.64533159167180398 0.51064908003222709 5.4568893784009953 0.14775336296699623 -0.69043373915155193 0.70814560337062726 3.6430599987933094
0.7984445890402847 -0.35236253394492389 -0.48818734406393949 2.8026733460405078 0.58440415198850393 0.64855355459570085 0.48769875328923989 5.5898564121748331 0.14476886879052558 -0.6746991414646929 0.72375620421238396 3.7110372947398274
0.79203150420283408 -0.37668257490070078 -0.48041267064511733 2.8563173270307178 0.59448099945259314 0.6548778918249154 0.46661256743555501 5.6893099605159847 0.13884681357540005 -0.65516805826072777 0.74261455533461351 3.7826450493068915
0.78514582062009952 -0.40171893240521017 -0.47134694197587484 2.9426018300209149 0.60546222784045378 0.6579500685967794 0.44779146697091915 5.7561674529465243 0.13023644275418855 -0.63696436837605874 0.75981238631521641 3.8931872005693338
0.77367646008855018 -0.43367082786369143 -0.46190296401394809 3.0745313317200731 0.62068148336489226 0.665142292442788 0.41513880451230972 5.8703227856906066 0.12719760733915961 -0.60787773759529418 0.78377638700283625 3.9387700951554945
0.76847648388263567 -0.4586418623077817 -0.44619674568314693 3.1697141250329457 0.62843529533040943 0.67225010625384063 0.39134240023882044 5.933245341838207 0.12046980245008354 -0.58114321537857594 0.80483513213395941 4.0402830576320206
0.75999552594112674 -0.48794143478543756 -0.42932500133232265 3.2893101429061495 0.63904717047943005 0.68139211447731551 0.35682418672277161 6.0731461211439282 0.11842936482015157 -0.54554371277438585 0.82967255167363096 4.118991050034281
0.75743557260176508 -0.51376358228638741 -0.40291231660709331 3.3624370527635454 0.64250741764439667 0.69623497608150109 0.32006417536600423 6.1885272433897089 0.11608432981830492 -0.50130214401800632 0.85745005030822941 4.14743025566474
0.75737494917030235 -0.53366921925709521 -0.37627164494126392 3.4461451147874262 0.64371553385317148 0.70693117841320996 0.29305054250664142 6.2280170897441289 0.10960610313941722 -0.46416104253247376 0.878943131692693 4.224400251223245
0.75320616404253671 -0.55815178581891955 -0.34806186007012924 3.5764098343694188 0.64914717211219708 0.71619636194263014 0.25626299006856001 6.3251771288850005 0.10624699236714856 -0.4189622359202464 0.90176616785375296 4.2682839058525746
0.75054677177105567 -0.57925920158556343 -0.31802251612504201 3.6985434938747201 0.65253601493347035 0.72562063909965802 0.21833789713961613 6.3950738234255535 0.10428946542576942 -0.37139394918476992 0.92259971922288586 4.2976886915887667
0.75086684161347528 -0.59622880087604357 -0.28409541209128947 3.7924236539840939 0.652431295938384 0.73645730562328882 0.17878490169543612 6.4898035450338325 0.10262743417607778 -0.31959639234509701 0.94197970028787437 4.311465292381329
0.75229829474638554 -0.61058098724383925 -0.24746339878458615 3.8765137819054338 0.65098060154155701 0.74669484352379978 0.13664211309680807 6.601009804694594 0.10134856751959082 -0.26388950087357954 0.95921363584470587 4.3025330599106679
0.75641270001305383 -0.61922050637278814 -0.21072681781488981 3.93386710614095 0.64660800605239532 0.75649106797819665 0.098078288005821926 6.7253369955513751 0.098680868297291641 -0.21044531013219395 0.97261238819760942 4.3386772323607392
0.75766950412707379 -0.62989137777515425 -0.17080332174858856 3.9788181063043884 0.64620967770116322 0.76070169138421151 0.061204486523117878 6.8231453124790962 0.091378197406125405 -0.1567475324517664 0.98340237751852599 4.3748129740468622
0.76368693135865562 -0.63086060007322342 -0.13710278679608429 4.0356316394696163 0.64017672395602776 0.76744891254581094 0.034582202607411822 6.865615473220382 0.083402835544889461 -0.11417998908523661 0.98995297722445752 4.4471729422039656
0.76969132247381644 -0.62860800372481906 -0.11147755721043309 4.1567057839924608 0.63330661510862685 0.77384866512965544 0.0089985963740930874 6.9009731171453721 0.080610169136164408 -0.077525615961101482 0.99372620952739832 4.4742608513581974
0.77514822992018539 -0.62573940568945063 -0.087151694298026272 4.2779500967059256 0.62692855591880958 0.77890429640182857 -0.016391547221922875 6.9409727821725102 0.078139666144407996 -0.041932007037412504 0.99606018862348622 4.4591982164276276
0.77978933789515614 -0.62264673641921464 -0.065112442217559477 4.40868186306448 0.6211186010409866 0.78247917656219501 -0.044022967726368725 7.0883952171943641 0.078359887352661348 -0.0061139081650077266 0.99690638887561955 4.5134758128807775
0.78422536991682912 -0.61740560664227029 -0.06165132655103852 4.5982394287439794 0.61610386931996386 0.78662064872367021 -0.040545988833930152 7.1906000148302214 0.073529527319176113 -0.0061864277448709518 0.99727385242167865 4.5620876147700251
0.79248113900515249 -0.60860354100647085 -0.039690983805910358 4.5729013778548726 0.60783936718297027 0.79347446623480544 -0.030488934648438933 7.1996840669443944 0.050049455778283847 3.6163177794471507e-05 0.99874674000395225 4.5945644358539672
0.80045863873070044 -0.59887494773853622 -0.02479444801884996 4.6244526540560305 0.59839749446729029 0.80082898687399529 -0.024359236392784592 7.254701353909363 0.034444249108715075 0.0046616256323084044 0.99939574891521377 4.6251971393087121
0.81345399796253293 -0.58162910933643996 -0.00041517619283155602 4.5615887122374552 0.58148427619860277 0.81326696008043964 -0.021745992166549055 7.3307970968913301 0.012985751135709017 0.017447945839557704 0.99976344174680709 4.6301121333434638
0.8241331998356316 -0.56598403585574153 0.021599539002707991 4.5225063304880608 0.56633800303827209 0.82399522999966357 -0.017120959448110588 7.3756667346747902 -0.0081077273822589523 0.026342590879568382 0.99962009416700237 4.6272412482526049
0.83217245484477553 -0.55350756375918342 0.033442222698163056 4.6093747453911531 0.55414726325199337 0.83230569190081172 -0.013712981435014565 7.4569842780274964 -0.020243913355525809 0.029943481609267651 0.99934657245680758 4.6426788801104735
0.84066748996665197 -0.53994428722338272 0.041693380865580831 4.7191226535697206 0.54052928533544564 0.84131847054842046 -0.0033649381597582878 7.4544015480264134 -0.033260532285601795 0.025365287479147951 0.99912478659233483 4.668958824213429
0.84822545610618283 -0.52666132022570056 0.056048455746615107 4.7884451508891352 0.52751619750094592 0.84954480134759214 -0.00054025681229264236 7.5474196311568207 -0.047331141837074472 0.030024727832275836 0.99842790362198741 4.7273961921562488
0.85736649022457012 -0.51042498383510593 0.066249809938852364 4.8790531827049612 0.51134392491523983 0.85936889213892886 0.003535205253970693 7.6401862198976591 -0.058737482856177928 0.030845471318201114 0.99779680547037142 4.7716227541994707
0.86605350640029377 -0.49422499677237708 0.075451816526178966 4.990263479276841 0.49491938056770413 0.86887529783122641 0.010513018461778781 7.6762326312186806 -0.07075401607143135 0.028237729796170008 0.99709402757499366 4.7846517124427148
0.87372082067105561 -0.47899697854162865 0.084698418367096087 5.1106846224198481 0.4796012223639628 0.87736847319177491 0.014395476932929162 7.7236447616173693 -0.081207111960036063 0.028043837061363472 0.99630263884523851 4.7648437973642217
0.88329169767320348 -0.45860184565961237 0.097365928225366244 5.1831079060977689 0.45889342505733993 0.88824995193878387 0.020708629116670544 7.7765951016382413 -0.095982296600642142 0.026388824118276772 0.9950331796985068 4.8076873375051532
0.88955965704430284 -0.44423278587473874 0.10649342004645608 5.3191025877496596 0.44359513069654294 0.89569392373607759 0.030915287554648264 7.7806338513106486 -0.10911909357000456 0.01973896998929061 0.99383268032512517 4.834609108746502
0.89944740110825006 -0.42046011763824231 0.11919589806386056 5.3963783438059822 0.41911379733394211 0.9071639448706228 0.037379165468118453 7.8401077575570248 -0.1238466694099528 0.016336052228279666 0.99216688912382922 4.863709164666937
0.90608085932770732 -0.40084345319018011 0.13543264892386703 5.4643997576784997 0.39896935941424999 0.91600584839819521 0.041913433990615152 7.8902930603892978 -0.14085782409417857 0.016056516897338533 0.98989962201052428 4.8828913677092203
0.9138268864152258 -0.38003198774416191 0.14316462536491043 5.6176121312961627 0.37708231744394927 0.92492070035418017 0.048276535992483639 7.9733386274973688 -0.1507625534930829 0.0098684521356713125 0.98852074642704957 4.9264052521860062
0.91955959584983837 -0.36065749726048602 0.1560010235552457 5.7522771075357921 0.35620252364360849 0.93269175193030029 0.05662029698890398 8.0368132364619598 -0.1659214025688257 0.0035022208653501755 0.98613276115267767 4.963778813607064
0.92381923789884168 -0.34081673199452006 0.17436160953770419 5.8613023534750841 0.3346917969785394 0.94012914133884029 0.064331941061739603 8.1022713931361352 -0.18584783217266615 -0.001073684343964845 0.98257795134973902 5.0322223868627249
0.92849060636336078 -0.31931494066421601 0.18958682064850108 5.9990716662448031 0.31306886688599039 0.94764813296526218 0.062856190420472982 8.2622571477938411 -0.19973251733686406 0.00099234875974788797 0.97984995624953641 5.0750004028222921
0.93204923471180368 -0.29860520967756898 0.20522951256229241 6.1831896123363554 0.29206635220650823 0.95437465528152732 0.062179283246510092 8.4342590662285346 -0.21443290321665881 0.001986481734350285 0.97673670142387614 5.1491605530508524
0.9342619170952573 -0.28004510567207663 0.22074738742420061 6.3526773705161856 0.27150482669620829 0.95997715416523666 0.068767670903378236 8.5756678006008773 -0.2311704984338542 -0.0043130348861175729 0.9729036943006818 5.2041835528861329
0.93518763535617477 -0.26333158541798907 0.23681335012658086 6.5412292824182359 0.25042566392654014 0.96452095519759584 0.083584172136050405 8.6175691373985934 -0.2504217912320687 -0.018862743860999245 0.96795305845384694 5.2941207846053171
0.9345845949621312 -0.24916930016378172 0.25390213609845924 6.7546043826475506 0.23339341158196064 0.96811711887166663 0.090976697993260316 8.7365574173716691 -0.26847560464519454 -0.025766334693056652 0.96294181844329652 5.3853443050652086
0.93478656551341022 -0.23018591826586887 0.27053376862739642 6.9568657153510891 0.21213926264650398 0.97265223677975432 0.094575681499730127 8.8325135887430051 -0.28490526527152937 -0.031017242292627104 0.95805371483081259 5.4660285061879321
0.93325411327946406 -0.21404041654296974 0.28848476585960869 7.1917053968162117 0.19410676652897488 0.97623480349915526 0.096375160828046036 8.9477555570660083 -0.30225704827948557 -0.033945670166866795 0.9526218390538268 5.5334037584605653
0.92977895588212889 -0.19956000106309327 0.30933299076308757 7.3941895642577711 0.17657638386490659 0.97910135961051792 0.1009024690977796 9.0330776752516879 -0.32300444866894845 -0.039196091444599741 0.94558542319323813 5.6135633761356321
0.92822219818037777 -0.18913458914506967 0.32036176112968484 7.723811483203983 0.16366589955842184 0.98092208491379584 0.1049063232131625 9.1229833829283837 -0.33409134099362725 -0.044944082116532759 0.94146853657240304 5.6490819845554228
0.92407420861227296 -0.17605818758218333 0.33924971858923958 7.9851338597750603 0.14711022758517825 0.98304541182807048 0.10945455323382532 9.1987589269582806 -0.35276824958808095 -0.051237026348686328 0.93430687100839915 5.717159662092099
0.91883889198939472 -0.1602263709240532 0.36064192854992499 8.2038880346429579 0.12843845760359887 0.9855289097222637 0.11061794931228279 9.274107966360674 -0.37314695922131008 -0.055319780930097255 0.92612151938162846 5.7464075164849415
0.91338100857493199 -0.14538049506774825 0.38026259982871902 8.4503762265248437 0.11187511528366739 0.98773648533951874 0.10890635477051276 9.4151475047661215 -0.39143210363344777 -0.056931073966605274 0.91844420683136918 5.8019424445997512
0.90896431631824581 -0.13852112196971689 0.39318668648411115 8.8059134035726832 0.1016206091078663 0.98835317126583633 0.11327515461614136 9.4867050773577546 -0.40429830999479843 -0.063007202897885486 0.91245436538948865 5.7885775256127356
0.90188297127905281 -0.12483147013600179 0.41355073471165754 9.0342852327737866 0.084573980081817213 0.98983477593822355 0.11434315998977403 9.575448379731931 -0.42362052359392083 -0.068148517276688914 0.90327262306736678 5.8433299298741508
0.89648434767263696 -0.11337843843206379 0.42832364407848567 9.3260033256014214 0.072379646257468247 0.99119454903016402 0.11088080438260486 9.6834539114341531 -0.43712355368432199 -0.06840099174424627 0.8967966899709171 5.8241956545792846
0.89229818341435296 -0.11073862686505936 0.43765386825148361 9.7027849618400452 0.066856933984394407 0.99117271197175028 0.11448495718116009 9.7581318557853702 -0.44646847845469689 -0.072894523543314854 0.8918252554081102 5.8147984101016368
0.88687750650903019 -0.10466190362421521 0.44999352704020168 10.022557016448332 0.057240183099614962 0.99138983238934064 0.11776995233826697 9.8168808023380372 -0.45844503475012988 -0.078689809790026849 0.8852322090548681 5.8060408462786253
0.88373362577304548 -0.097556679135877344 0.45770904845109434 10.368946428729144 0.049871176752940186 0.99209357372186235 0.11516599632296241 9.9347794211515446 -0.46532541775332209 -0.078949574639532213 0.8816117173999749 5.7832393364011123
0.88265671637359999 -0.094899285358689758 0.46033818729167397 10.790280393679785 0.050430804232670302 0.99287254256714053 0.10798540735075228 10.125510918780856 -0.46730488444378621 -0.072098820064351893 0.88115146548156398 5.7398575050439806
0.87808063568685013 -0.092107982894625767 0.46956417742291678 11.111572599184758 0.044246160713393164 0.9927238817991374 0.11198915915291499 10.184453914987825 -0.47646266852073704 -0.077559099999520792 0.87576704180584608 5.701876530832295
0.87533960928827104 -0.085340584706680503 0.47591759056897537 11.426816751245919 0.038428938018682725 0.99346587455713242 0.10746521675960202 10.311986230767276 -0.48197902976562501 -0.075779553260453422 0.872899578516242 5.6765844017245284
0.87360624080826954 -0.081019805340652146 0.47984156464754762 11.756141899348284 0.033950111513267565 0.99378766894114767 0.10598801342018117 10.409538017556732 -0.48544775820790492 -0.07630111534625586 0.87092974105138743 5.6466257332454841
0.87333264828106349 -0.078709863767151722 0.48072324968961178 12.102859249370956 0.035496762312278253 0.99451884654948219 0.098347565924292502 10.598953353317203 -0.48582925530656346 -0.068826021268440715 0.87133972334826226 5.5868269152571264
0.86934719956111295 -0.075348948634844135 0.48842397827591771 12.382784717177916 0.030960401754322769 0.99467105636650721 0.098340953574528697 10.633180296352601 -0.49323108188602777 -0.070370629998318918 0.86704733105821752 5.4660447509330838
0.86823513842196443 -0.072899166977079072 0.4907682302914893 12.684130366551477 0.027232260915279017 0.99465785437422749 0.099569858376419615 10.672459955026524 -0.49540503466843622 -0.073085321273878512 0.86558210901072785 5.3674006933795244
0.86903261261154718 -0.070845646056488618 0.48965621884377947 13.006377974632363 0.024110965144983176 0.99458314053282892 0.10110903979186324 10.698213620582361 -0.49416695516528208 -0.076060968983401173 0.86603334197938375 5.2608579867001044
0.87079683839333288 -0.073467529525729991 0.48612281200285357 13.361309335675923 0.027650260877152322 0.99452525012527015 0.10077196999510409 10.749699543342352 -0.49086487887971891 -0.074310490300190671 0.86806083986881022 5.1096638444633324
0.8706990680495138 -0.073879230113892386 0.48623553166699657 13.642392954316431 0.028057006932892755 0.99450445519231467 0.10086472606716872 10.793718722418157 -0.49101521082312294 -0.074180509302753592 0.86798693237854008 4.9879438739649125
0.87233355832832582 -0.074232069110269444 0.48324296469772798 13.984046943307359 0.029468253481744477 0.99459244783338896 0.099586569122162363 10.814839104481788 -0.48802232023850817 -0.072632380027063334 0.86980385853399578 4.7981910743757057
0.8746523899083648 -0.074884267060444182 0.47893166879462667 14.294864113877278 0.030130903324144195 0.99448397717973414 0.1004676455265535 10.823630315741266 -0.48381331677875195 -0.073443622456944524 0.8720841179771277 4.6538413596345869
0.87591022695219867 -0.074883383013978733 0.47662747850803733 14.539046596423105 0.03259291112293642 0.99480903696452272 0.096398558693847572 10.86970053654581 -0.48137197307807628 -0.068901806377631131 0.87380407678885275 4.4724082735077957
0.87608172274910079 -0.078966797467798472 0.47565224688068847 14.78561825146498 0.034031633502033011 0.99416431187164733 0.10236781194280405 10.796503878654761 -0.48096014698325162 -0.073495346100645634 0.87365655215044047 4.3029179188206133
0.87910153527783796 -0.069056313604183184 0.47160546670235814 14.983307709201517 0.025519839082036654 0.99484896942721135 0.098103342669057375 10.787770948090394 -0.47595086772205308 -0.074207503535803201 0.87633556240381372 4.1496170639670309
0.87938413445444097 -0.068658092485755606 0.47113650931129403 15.184480349331819 0.024382325446627502 0.99474352350100437 0.099452625197234162 10.74868038469786 -0.47548821886102327 -0.075969657028475676 0.87643571637362394 3.9980580183117342
0.88098394860850371 -0.072152112403091356 0.46761239822094219 15.428407714579617 0.0275997822347449 0.99445814972734758 0.10144575132283769 10.713486679856647 -0.47234048557662722 -0.076466078208785065 0.87809305006280747 3.827182408719688
0.88449753401778886 -0.069736058632795833 0.46130358164967 15.674774512541697 0.026884650198819957 0.99474124731846358 0.098828469921346321 10.697705117258483 -0.46576960817569191 -0.075011552508067889 0.88172100978154755 3.6290031259880422
0.88410004714055956 -0.069199108416660479 0.46214563726210772 15.834294717498917 0.026235698168181734 0.9947652916662838 0.098760835545884718 10.658789766818215 -0.46656060140960082 -0.075189745912807082 0.88128752817788092 3.4501561048257852
0.88639360035217563 -0.06893132502207637 0.45777162175631686 16.063006377909986 0.025223545183972487 0.99457451637551908 0.10092226783398391 10.586982933605 -0.46224469496475529 -0.077910229155760735 0.88332317877990574 3.2490029517357155
0.88714615201733493 -0.067127452448778907 0.45658034351970572 16.235770989635796 0.024124412019988987 0.9947573559333952 0.099377138020221745 10.540888916181872 -0.46085758939777199 -0.077147313265837833 0.88411457082797662 3.020481717054984
0.88590021340852443 -0.067499211840528386 0.45893863237217059 16.40030347585434 0.02159821799255901 0.99428562778912244 0.10454476242995903 10.427297298028622 -0.46337277527092241 -0.082703970720263156 0.88229571253906991 2.857351332847323
0.88664655808085024 -0.065578652436398724 0.4577743127218995 16.596249894602696 0.019163709862346508 0.99425426415600449 0.105314815823387 10.350777313775986 -0.46205046614811807 -0.084604364853287192 0.88280885143958465 2.655420564761632
0.88506141302229879 -0.062533468969761349 0.46125465898739682 16.745329420891913 0.014911333888923694 0.9942352259520788 0.10617894140398934 10.286576902222233 -0.46523536763731199 -0.087096961684243954 0.88089169139273216 2.4889598730003213
0.88351913679626293 -0.063002957153728556 0.46413851629085034 16.919617981985557 0.012584244833217252 0.99374764758745282 0.11093804440488952 10.197571626766686 -0.46822598357712286 -0.09217505250494322 0.8787879084278224 2.3396936654543348
0.8824110799434145 -0.060055263403910687 0.46663052978837966 17.117138278821042 0.0093463472287939817 0.99386153885617412 0.11023559940380544 10.150838816790269 -0.47038636437143433 -0.092911823359163287 0.87755573116099006 2.1406471850141133
0.88208794343689112 -0.056818343342343682 0.4676457376081895 17.365840203420916 0.0085671995639710168 0.99447040919614693 0.10466713106261807 10.172656415511726 -0.47100686102742412 -0.08831920002513452 0.87769713214298084 1.9457627156033712
0.88146736868422004 -0.059764540370933476 0.46844794551707503 17.667774543869808 0.0058260291825084137 0.99326043431527289 0.1157573626505025 9.9380982216458005 -0.47220899539174599 -0.099307146460294871 0.87587485141030941 1.8244118130469325
0.87878413576168279 -0.054650295908613748 0.47407993829173284 17.845163533930542 0.0027350942103877168 0.99398162000584567 0.10951282276617219 9.8971919294625152 -0.47721165324544684 -0.094941478014910291 0.87364475260777008 1.6621571375287447
0.87256267843638313 -0.05496975238131898 0.4853995246423935 17.891074705745854 0.0050754665560171913 0.99461516685516038 0.10351284703320765 9.9102822657392711 -0.48847580476331048 -0.087857818006242178 0.86814307114439271 1.5168329003972492
0.86951049516264811 -0.052887379339410387 0.49107476407224981 18.023218437968417 0.00075301616874839776 0.99439141390564467 0.10575986439752266 9.7809345160755949 -0.49391389104646177 -0.091589524823213739 0.86467359574234814 1.3969907702902318
0.86628796029292687 -0.053144505016090068 0.49671000738671978 18.201414314965628 -0.0051495324552481422 0.99332205825783848 0.11525958048641166 9.5249470091002735 -0.49951842024795523 -0.10240581118767646 0.86022927040875641 1.2795040534293276
0.86628796029292687 -0.053144505016090061 0.49671000738671978 18.201414314965632 -0.0051495324552481301 0.99332205825783859 0.11525958048641165 9.5249470091002735 -0.49951842024795517 -0.10240581118767646 0.8602292704087563 1.2795040534293278
1 0 0 0 0 1 0 0 0 0 1 0
0.99997562646307481 -0.0013246897255524599 0.0068550475499523532 0.48522416161836257 0.0012868138939403642 0.99998389965721701 0.0055267111691524994 -0.071382676963706107 -0.0068622583588388774 -0.0055177552932228428 0.9999612311418582 0.058708094375469644
0.9998645864253547 -0.0045098765638779993 0.015826238524455638 0.59829824092523443 0.004213696652260247 0.9998162943533504 0.018698189913930123 -0.22795495960318271 -0.015907657683553247 -0.018628970956906108 0.99969990890672267 -0.046115655728650833
0.99989478345912763 0.0020396028979086669 0.014361825484352385 0.80862934417877308 -0.0025322769118762915 0.99940596114664881 0.034370225460196815 -0.40052048402642382 -0.014283192390559238 -0.034402977263051311 0.99930597194781756 -0.21415532816223753
0.99988812376585612 0.00030071148852728465 0.014954916402195213 0.99193975153962588 -0.0010997040562008898 0.99857006735308396 0.053447275304229998 -0.59783926623414752 -0.014917459669285352 -0.053457741806571347 0.99845868178806341 -0.37998454158739847
0.9998379401649411 -0.0026266830293644504 0.017809939443773348 1.1587460015888391 0.0012227695212716067 0.9969224312118371 0.078384762431086288 -0.78587680367343027 -0.017961020055260617 -0.07835028195828804 0.99676408195501875 -0.62481984512552846
0.99995654919105526 -0.0064949678350301049 0.0066869367230985889 1.3869290094237334 0.0057129750192120177 0.99380777995135705 0.110966023739634 -0.99686253396911129 -0.0073662504944279209 -0.11092299987368301 0.99380170378837462 -0.88505111741581544
0.99999250678971652 -0.0038676934651556325 -0.00016526245303004911 1.5175973742384976 0.0038538611369274287 0.99056172916923924 0.13701316892760379 -1.1476142237148328 -0.00036622227686136232 -0.13701277915766252 0.9905692122354387 -1.0712654867881639
0.99998910576361388 -0.00066327097852268712 -0.004620435660945655 1.6477244159956297 0.0013402243348061074 0.9889725715343467 0.14809272956993513 -1.207238911668123 0.0044712585275604767 -0.14809730863304232 0.98896268636527895 -1.1811968469369221
0.99995847659766712 0.0072245763865342828 -0.0055543295282097418 1.6801923931771146 -0.0061920932086461222 0.98584808648460898 0.16752673922789249 -1.322970489050816 0.0066860348614294542 -0.1674853900215478 0.98585188596825324 -1.3100089186070414
0.99993459464378454 0.0098984840291092765 0.0057294370138584582 1.543934869890599 -0.010756297994309565 0.98415796708215286 0.17696722262097508 -1.3767066634925371 -0.0038869638572946331 -0.17701727554860178 0.98420006892365253 -1.3672061749076168
0.99920953915859256 0.016946569101464765 0.035959847749433262 1.3307146407562369 -0.022848912472344191 0.98506254650615155 0.17067427067266813 -1.3436405242799485 -0.032530355874233759 -0.17136100275881122 0.98467110381090717 -1.4002484440874676
0.99740959148297093 0.024835824465067682 0.067507693197985733 1.101395877692591 -0.035758049446897838 0.98551973758585953 0.16574742450020696 -1.3252512858506833 -0.062413690145081413 -0.1677320143915256 0.98385491950319326 -1.3957061019292651
0.99304636443331662 0.04797225398490948 0.10750619020958717 0.79799414114764711 -0.064263639034782383 0.98603931319252369 0.15361203578113092 -1.2630341268310938 -0.098636214362574734 -0.15945261266728616 0.98226562676793117 -1.4502945468127046
0.9893167351122466 0.063708106711344442 0.13112465354044198 0.69698134210273421 -0.082602198169879612 0.98610776026786295 0.14411232423704376 -1.3298639489751887 -0.1201219150877513 -0.15340391872033401 0.98083533951265045 -1.5875216627930486
0.98908656274917361 0.066185098361694131 0.13163321823870289 0.81670407091074415 -0.085158863215287484 0.98588034068802322 0.14418017152419815 -1.4667006676222982 -0.12023202320889832 -0.15381640549603323 0.98075724519137497 -1.6914364282889529
0.98875483562131927 0.066986206876961163 0.1337038635331638 0.98579604740656568 -0.086737927347179763 0.98519929460954936 0.14784749527929675 -1.6967870114115913 -0.12182120913442492 -0.15778212189308163 0.9799308113412617 -1.8832920530765949
0.98788147891647438 0.073161762593015336 0.13688513472281286 1.1318974665195878 -0.093680521603865544 0.98423301231431981 0.15003112124725249 -1.8621452173812478 -0.1237503272150302 -0.16103643676188117 0.97915939588465861 -2.0252793667608611
0.98743594681074698 0.072877586639346154 0.14021094219634986 1.329015513639308 -0.094696007214653793 0.98323253515455611 0.15584109865868739 -1.9209821463502925 -0.12650263698265662 -0.16716051919986696 0.9777803657556563 -2.0022821165815379
0.9861843296265087 0.070050747251657761 0.15011116150572545 1.4644414328344437 -0.093519388034727979 0.98340229908348631 0.15548003800785268 -1.9170499157670626 -0.1367281684976567 -0.16737028101427595 0.97636704008916575 -1.9495043761687283
0.98776273919414226 0.063951098973351828 0.14224987873381653 1.7768320044249917 -0.087483753775817991 0.98225741130979105 0.16588240036929816 -2.0151102369718012 -0.12911763584025615 -0.17629700753866651 0.97583195338538409 -1.9076361828088098
0.98990110703852385 0.058984172339191558 0.12890564649139924 2.1416924894942109 -0.08256469741472254 0.97906728622992145 0.18603849003685327 -2.2157064491589735 -0.11523397513199113 -0.19480276293686802 0.97404980084564574 -1.8946291947219442
0.99107881520147112 0.058100918554458481 0.11994609340022919 2.4709131331474774 -0.081095764175759866 0.97708884480425862 0.19677618349746726 -2.363213413191009 -0.10576511282837013 -0.20474782690472576 0.97308379304466608 -1.9278977967186401
0.99196616768739698 0.055483083469813496 0.11368706879966953 2.7502291690516167 -0.078135845853367844 0.97549194047612198 0.20569458830729787 -2.4537253197341831 -0.099488249338089293 -0.21292510776047932 0.97199021946150799 -1.9337769036092276
0.9934209077151358 0.048096510272144267 0.10393087036139496 3.0469993726034779 -0.069754679555155921 0.97388525013688132 0.21605972379409713 -2.5631790757022443 -0.090825022953991474 -0.22188791149016107 0.97083292586311754 -1.9517272939809585
0.99438935430837094 0.046888392569757784 0.094822416550124675 3.379559841541349 -0.066970661921955527 0.97292288328208254 0.22121481331008189 -2.5669405079949201 -0.081882491900993157 -0.2263239753722604 0.97060430438556178 -1.9106166802017581
0.99381716317758406 0.055162750821582174 0.096356199050477806 3.5623080475350353 -0.075060999230306388 0.97328485166185408 0.21698489329930473 -2.4872402196489509 -0.081812545298427242 -0.22287590369386895 0.97140776143925989 -1.8767497688889041
0.99273396233876354 0.064392182963427858 0.10165100487640483 3.7573906369494177 -0.085327325958450648 0.97235372673728016 0.2173648489174437 -2.4462330379661128 -0.08484413629685178 -0.22445907616607363 0.97078298072365998 -1.821125840493012
0.99252916187839346 0.062243524692463748 0.10493620183155303 3.9551411083259107 -0.083777990727446822 0.97294853207144216 0.21529608033983766 -2.418076701077323 -0.088696736640338752 -0.22247898231941968 0.97089442852221053 -1.8376631181966163
0.99162420106024851 0.061629187756356757 0.11350456857816549 4.1169747543964785 -0.085366348918633511 0.9722284589300374 0.21790917860160616 -2.4466273868810404 -0.096922806108396709 -0.22577348573961536 0.96934632758011618 -1.8668115170920159
0.99086921897176883 0.063838979329025242 0.1187551077322789 4.3124562555624317 -0.088760770325713126 0.97186896794019306 0.21815644571281878 -2.4592286795714013 -0.10148751916104208 -0.22670530181954796 0.96866144218784966 -1.888546139499137
0.98947003244797127 0.068046455013931917 0.12774480360252441 4.4340814745483765 -0.093033838126197546 0.97512520470475117 0.20118533771879485 -2.2856175565407257 -0.11087722873033519 -0.21095145202049218 0.97118779082087259 -1.9304563267658401
0.9886823625216018 0.067633558642470074 0.13391373261939749 4.6185840020878288 -0.093106871890603835 0.97653232696891323 0.19420536756595094 -2.1985839663845668 -0.11763628881195889 -0.20447571036686726 0.97177743718637266 -1.9289388151085434
0.98697843878701175 0.067536521061792434 0.14598760115990339 4.7221786128233534 -0.095544841227862345 0.97627664465560904 0.19430670707602496 -2.169637273810145 -0.12940148640682428 -0.20572489256979976 0.97001676474834642 -1.8658364015258162
0.98610766025402308 0.065070563358734942 0.1528316203294105 4.9271269670311337 -0.096114239821052536 0.97392873714697015 0.20548690435871841 -2.2519835981533136 -0.13547595835408371 -0.21732150547859905 0.96665279597410669 -1.7874184993021727
0.98550324377895437 0.062399561662826078 0.15776454356237993 5.1192989777943438 -0.094458365722232623 0.97425428847780116 0.20471003523935619 -2.222463810819824 -0.14092896666847401 -0.21664458471630596 0.9660249221768844 -1.7247918039010233
0.98411180641423046 0.065283178362360278 0.16511226210983987 5.3059452532156 -0.097200379795430988 0.97630913177892409 0.19331985250539432 -2.1085547074458049 -0.14858007485441707 -0.20629732385077537 0.96714289302474021 -1.6845080486729713
0.98338556062538895 0.062850970109632712 0.17030148181905974 5.5400912143647218 -0.096264263906293501 0.97592902216614275 0.19569296151986654 -2.1091929510308427 -0.15390266614996947 -0.20883557946411943 0.96576481096684019 -1.6219704510078792
0.98435478363520501 0.057424619433328522 0.1665775285487997 5.8714320131767206 -0.090052980197803015 0.97656095839860424 0.19549720020781294 -2.1335829037028451 -0.15144675860507179 -0.20743940709165407 0.96645370902774241 -1.6066298183006003
0.98629097064717031 0.05253402612564733 0.15642984791558318 6.2899665737528965 -0.084747986936389227 0.97466019837944695 0.2070151598438307 -2.2605420252111297 -0.14159060678622815 -0.21743429764866209 0.96575070607064051 -1.6229977646856135
0.98468431302284554 0.051615987005820908 0.16653105888134373 6.4860255292610383 -0.085466703224244822 0.97543694601325193 0.2030226760544723 -2.239297936728402 -0.15196133168245632 -0.21414610488578883 0.96490890732521439 -1.5934387271057839
0.97832093179975543 0.055731803813932203 0.19945455734603706 6.4131958925744668 -0.097413760221903761 0.97374897807824701 0.2057267289658764 -2.2098770840870512 -0.18275314969074447 -0.22069638360248475 0.95806805214603485 -1.4645324733871445
0.97464504368947102 0.054773972874349403 0.21694895876014056 6.5589766431111194 -0.10161275741792523 0.97218026227072984 0.2110459314489169 -2.2553590687502303 -0.19935367150237043 -0.22773965299608034 0.95309640861339406 -1.3719850484421001
0.96953115111328814 0.050344848644731002 0.23973890638751458 6.6371994346504026 -0.10382449205624165 0.97085779552063767 0.21599911047518461 -2.2454158469319205 -0.22187794363164123 -0.23430863640025462 0.9465039043966208 -1.2608871268446935
0.9692733446286258 0.046164142821072972 0.24161551131918813 6.9246372919126058 -0.1004946534691414 0.97083831962709755 0.21765519007767936 -2.226007857794114 -0.22452173172446879 -0.2352484411451628 0.94564695469409543 -1.2004780867323817
0.97100927245532576 0.04120967892715597 0.23546285305436104 7.2943278829123708 -0.094140134838308534 0.9713490852538591 0.21821684075505346 -2.2127294380145885 -0.21972398098160337 -0.23405708051501453 0.94706845330334177 -1.2156277041746792
0.96988292085265182 0.035764218175453132 0.24093160966678354 7.5426044208841461 -0.090109629028002777 0.97166638586097398 0.21850558195228931 -2.189811343826797 -0.22629046509909442 -0.23363509001468827 0.94562533284544781 -1.1886914828803927
0.96786721274536325 0.029681939350368579 0.249703906595237 7.8238134530130958 -0.091505852526954173 0.96650130971621995 0.23979553221473271 -2.4908542406648184 -0.23422155632186614 -0.25493960224577239 0.9381609999146896 -1.1664229236387298
0.96383718050213829 0.031475449771753365 0.2646265019671204 7.9959122897404811 -0.10214938556105616 0.96079008799161958 0.25777492090301307 -2.642853329747604 -0.24613693853460358 -0.27548448754643479 0.92926040731868642 -1.1550391170551695
0.96226208515662071 0.028687476778299106 0.27060803414925994 8.2517859354845164 -0.10817183812876155 0.95280939323493485 0.2836425807228532 -2.8872064198230247 -0.24970088687443123 -0.30221066963191395 0.91995553058544777 -1.1465156594727259
0.95951590164453626 0.030475665038447498 0.28000083630542411 8.4479013721131562 -0.11902006691210941 0.94487941204664128 0.30501986879977255 -3.1307939360095278 -0.25527134222922393 -0.32599713270343011 0.91025403668735938 -1.1414536824265145
0.96205446983014098 0.031582748131037619 0.27102348071770077 8.7888023063832286 -0.12602776796839782 0.9324135101157125 0.33870643314616827 -3.5558875355223498 -0.24200867501135193 -0.36001052231037289 0.9010128883900953 -1.2738383824013404
0.96049086645416892 0.031582912858741638 0.27651367972213797 9.0008029185668939 -0.13440721939278358 0.92263675425034686 0.36149152006856994 -3.8213922736528021 -0.24370472878715363 -0.38437473814201462 0.89042914701004572 -1.2150908294001832
0.96049086645416915 0.031582912858741645 0.27651367972213803 9.0008029185668956 -0.13440721939278358 0.92263675425034675 0.36149152006856999 -3.8213922736528012 -0.24370472878715363 -0.38437473814201456 0.89042914701004583 -1.2150908294001832
1 0 0 0 0 1 0 0 0 0 1 0
0.99994948647783677 0.0048647750465391701 -0.0087953656238427044 0.19823680574377672 -0.0048822093894455394 0.9999861575194734 -0.0019618361084663516 0.015505482009985357 0.0087856999828194639 0.0020046778258469371 0.99995939554695246 -0.057137142895801206
0.99986574403705297 0.0095102489472273944 -0.01334350277072224 0.29011511317191557 -0.0095307219501369993 0.99995349885286977 -0.0014715539449831677 0.016613374056286712 0.013328887438180601 0.0015985295948398915 0.99990988867137154 -0.052776736947324966
0.99970187871583649 0.015880120128206721 -0.018546575876444985 0.36792092248747255 -0.015855072551709284 0.99987318010002479 0.0014967935874386268 0.00012352923551676634 0.018567993063523108 -0.0012022900553053954 0.99982687708033524 -0.058301713184794449
0.99897617628670499 0.023766791325738952 -0.038493361007749666 0.58154506744973544 -0.023204604054620197 0.99961840486036979 0.01498636096850175 -0.083303994688043753 0.038834849842151652 -0.014077794375849812 0.99914647081559005 -0.045271580771474092
0.99825942522687439 0.032404372741359593 -0.049275516972929971 0.71516458895563795 -0.031418398282280741 0.99929289379473074 0.020654216536314433 -0.10080832035614275 0.049909960880434048 -0.019070108510231852 0.99857164328170345 -0.086415099302978193
0.99752702489034661 0.037349558184612851 -0.059538601905218022 0.80694223444755087 -0.03570369642133351 0.99895674761270759 0.028472134814488136 -0.12298695027024163 0.060539909772538217 -0.026275975765998681 0.99781986972713543 -0.15467936433589172
0.996397647228911 0.049485985040575095 -0.068868467975225334 0.94542123001219702 -0.045144733329902161 0.99697761306339117 0.063226514240429216 -0.48900957353744984 0.071789147155142327 -0.059889701410068455 0.99562017959448279 -0.22186946620032968
0.99523942556430545 0.060210048712336942 -0.076637039585890687 1.0715711302997577 -0.053108933285584761 0.99438365046401767 0.091545600086086573 -0.75891330103642729 0.081718584224756807 -0.087039679020044641 0.99284750453853132 -0.33018149952400638
0.99358146617811516 0.082011747140989993 -0.077909841472238409 1.1722843103985168 -0.070444878519922996 0.98748643332082298 0.14109593579417234 -1.2351674847886642 0.088506435684984452 -0.13470195744012867 0.98692552581445447 -0.48295869982086248
0.99167163460859431 0.094384031834489956 -0.087630038499276433 1.2586812133124132 -0.078507425235459935 0.98237196237875168 0.16965232599354232 -1.4742933036191974 0.1020977634212295 -0.1613597907373038 0.98160025704845666 -0.53417935911664416
0.98908652533552943 0.10562450143501871 -0.10271957017186609 1.3549546865770103 -0.083840272860802728 0.97678888942484476 0.19711487549853884 -1.6451009254408619 0.12115549532033343 -0.18635163050744163 0.97498431564866861 -0.56076449170160525
0.98508978275204329 0.11728096310695052 -0.1258701537706152 1.5056847626325689 -0.088603092016832086 0.9729901374764246 0.21316586138184795 -1.7434603100327499 0.14747071574583542 -0.19883502726208616 0.96887409911251965 -0.56709704584466714
0.98031248524523129 0.12770218286957724 -0.15059742282875657 1.6616625526249502 -0.092361455883715263 0.97068778808012035 0.22188866473789032 -1.7749489918480581 0.17451874609725673 -0.20361083115214776 0.96337211745938178 -0.57410671087674303
0.9764507420108075 0.1310988830306801 -0.17133893689016405 1.852974940537143 -0.091418920141209822 0.9707956939643021 0.22180690165228018 -1.7138367955416081 0.1954137391965024 -0.20091989311284547 0.95991909403072306 -0.72905888846535061
0.97128082339246946 0.13803332363823043 -0.19380496297935731 2.0651727776985047 -0.093279588932232468 0.97022202852934014 0.22353553105724841 -1.7176333449291099 0.21888919662395459 -0.19903772738301617 0.95523374243141346 -0.80541760388493755
0.96573971978548212 0.14364339608116156 -0.21613275640431998 2.3108277714605188 -0.092676627269592818 0.96881989643407118 0.22978044092439301 -1.7485665379562094 0.24240015756305014 -0.20187764372447498 0.94894024078319206 -0.82738385682845283
0.96157586835030673 0.15115568540959581 -0.22918073255557248 2.4980361047399282 -0.094386289019592798 0.9659125299607092 0.24104815475338512 -1.8528875086198275 0.25780434024946791 -0.21015456986051317 0.94306520395743543 -0.8903617373305428
0.95679957268179439 0.15834205727908968 -0.24384907342977763 2.7001802587198034 -0.09738655933353893 0.96478260829858842 0.24435706821319414 -1.8764869075992761 0.27395334598633891 -0.2100531161901627 0.93852397550712108 -0.91389476311836826
0.95342454047729563 0.16611012515041285 -0.25177186486613601 2.8448780846341104 -0.10131866672680014 0.9625684975376736 0.25138897215424794 -1.9229329405054789 0.28410591931243051 -0.21417122558966653 0.93456648385283903 -0.92096282346206548
0.95028428632996598 0.1644433891104943 -0.26442039810158713 3.1116109665879845 -0.096170798084176057 0.96265954298374889 0.25305687482890571 -1.9318330826668619 0.29616034972663019 -0.21504645098251304 0.93061488875346587 -0.92106881252364448
0.94729371373590754 0.16422554221519001 -0.27507197458221622 3.4258737865722351 -0.091724088063496328 0.9617046487170513 0.25828445618142226 -2.0027152317174695 0.30695490154964544 -0.21944051567597975 0.92608020629668331 -0.88711555843315493
0.94355443855882659 0.1595508814829753 -0.2902559864911371 3.8653963029040947 -0.083075458548613493 0.96231983833697232 0.25891890029513293 -2.0662224956043294 0.32062983277118051 -0.22019092842601154 0.92125591741709634 -0.81505077301344608
0.94020701406959528 0.15042382290703774 -0.30558704847615509 4.3748423908899436 -0.069189952045848921 0.9628361663756575 0.26107329862496514 -2.138337589929058 0.33350190588695128 -0.22431939332358058 0.91567313411976425 -0.69639627027178996
0.94115004913685396 0.143600366019735 -0.3059665339358138 4.7822904408890095 -0.061028781665541168 0.96257738605282428 0.26404594991806213 -2.2568488590999038 0.33243356150984071 -0.22983409394324031 0.91469350956655027 -0.60694853132439086
0.94214753079312485 0.13599163994025276 -0.30637281877930783 5.1831136433288254 -0.056845764111409507 0.96558720126705844 0.2537910870220606 -2.2355007886109446 0.33034313875576093 -0.22169264898866134 0.91745614612437054 -0.51284674115431217
0.94661727847116606 0.12910695029973021 -0.29537624055456102 5.532703519291613 -0.050910346924550702 0.96467036029374298 0.25849416346749904 -2.3463280096462951 0.31831409751354839 -0.22965733464238242 0.91974651071319213 -0.3168675927014255
0.95695853432750133 0.11922205181191593 -0.26460624697749929 5.753497626314874 -0.046373375918716993 0.96282805065201882 0.26610459387905122 -2.4485490756939989 0.28649585264652938 -0.24238037717478342 0.92691524918783585 -0.17199477654762968
0.96516101224730155 0.10487115698370668 -0.23972121489485027 6.043865357147812 -0.039386200894471396 0.9639567739358762 0.2631274694178441 -2.4423953366902893 0.25867537110607297 -0.24451866680488196 0.93450397215158942 -0.030080633277498194
0.97319756781541644 0.087094768499855466 -0.212840304684321 6.3476652237987192 -0.032507737684212654 0.96831724561596411 0.24759838212994661 -2.2958619755155198 0.22766146136053075 -0.2340431864905903 0.94519524219523998 0.08892029643988357
0.98045072244504716 0.070072262014370446 -0.1838647844291412 6.6969163735688104 -0.025450319146459257 0.97175171470091259 0.2346292527183674 -2.2003983571422117 0.195111922014849 -0.22536300289094827 0.95453803214730315 0.21506351996026635
0.98002602415386042 0.071402734267205739 -0.18560884009212425 6.7115059493004789 -0.026938294350871621 0.97238219330824804 0.23183442029713067 -2.1878144708052067 0.19703634253264746 -0.22220377961728652 0.95488332273903997 0.2192719490230082
1 0 0 0 0 1 0 0 0 0 1 0
0.99863226650344339 0.029703414909220772 0.043026775860226775 -0.31552158851944045 -0.030028072173505567 0.99952510993427912 0.0069187782454699547 -0.20410894308259453 -0.042800831530920666 -0.008201326331632515 0.99904996224746634 -0.17303996464779656
0.99717519442600977 0.040687348725893392 0.063136132880523221 -0.46517122385283921 -0.041332944946819744 0.99910531789026125 0.0089527328466339016 -0.24303379254665072 -0.062715383148576179 -0.011537045421492047 0.99796476756420105 -0.32924329040655059
0.99618768131112567 0.033110680213702552 0.080708032188556281 -0.66763406424127492 -0.034496363435720039 0.9992793630276402 0.01583526244760159 -0.32938475210857182 -0.08012555468559221 -0.0185590269911876 0.99661198969481923 -0.31686215836741494
0.99630959003274444 0.043338762671012887 0.07408746492444164 -0.49685871807456622 -0.046237380460729338 0.99821250989856602 0.037866736460052543 -0.57502355620784951 -0.072313936809680845 -0.041152602981475273 0.996532567360914 -0.62453521306047244
0.9956561580388501 0.050413338838005528 0.078277137316848974 -0.5041326266185131 -0.055188197043772397 0.99666655023996464 0.060083696123206375 -0.79923768614020441 -0.07498718468094491 -0.064142676121070108 0.99511940953518407 -0.71847002416665506
0.99529307753735419 0.055323801795289604 0.079567372465965763 -0.47245911301187643 -0.061215819005705358 0.99540551480760198 0.073623940359597656 -0.91663908693766716 -0.075128645067530253 -0.078148180052566685 0.99410691006792051 -0.94263628156327828
0.9942814263424985 0.060361613125924522 0.088096088966327216 -0.54769367089282239 -0.068286423007227967 0.99360664831556311 0.089904353932336298 -1.0828955006896825 -0.082106087857142185 -0.09540599605868115 0.9920465141579029 -1.0185546239675936
0.99370709611789154 0.064101939834333363 0.09185395165382422 -0.55359671786399745 -0.073751225320204422 0.99164571968288784 0.10582780068760658 -1.2442454566639023 -0.084302810680996931 -0.1119361779947969 0.9901329850920032 -1.0872064736314977
0.99232481711335652 0.064609719740818916 0.10543738168200349 -0.62659268615792829 -0.074607706117100298 0.9927906347257156 0.093810691228959658 -1.1185930455835522 -0.098616162614898195 -0.1009571182033424 0.98999116801877995 -1.2215911901287591
0.9919905108234941 0.066897920679995601 0.10714240357970471 -0.57054277043930601 -0.076641385123699293 0.99302795697500978 0.089563244427382074 -1.048948919827392 -0.10040380731060007 -0.097057430806359174 0.99020145960446082 -1.3668592110518409
0.99135613135818723 0.065480374614690334 0.11368967129360712 -0.61888002885141213 -0.07690571816747753 0.99209075066284746 0.099204097507978123 -1.1399956417124582 -0.10629454986815239 -0.10708997613944889 0.98855106376897861 -1.4459904360408262
0.99052590130082907 0.065081430497520285 0.12092496126349037 -0.70142770840271562 -0.078965452210799106 0.99035853957347508 0.11381748745705783 -1.2883002744379428 -0.11235166313555046 -0.1222880635969429 0.9861149696117516 -1.5075281243138918
0.98987676291716986 0.063197270625212465 0.12708304065511153 -0.78608820986778538 -0.080136849853563702 0.98787914665417875 0.13293937302905814 -1.4800814713934456 -0.11714128022252641 -0.14177763078615521 0.98294304203066218 -1.5629363288009035
0.9896128886298452 0.062257284192432337 0.12957762624263611 -0.77524045382111362 -0.08058072390908072 0.98667439575758864 0.14135198509637506 -1.531388019201579 -0.11905073536934617 -0.15032520520983847 0.98144243595161396 -1.6653658715366733
0.98868749301817482 0.061443163108192596 0.13682755152635226 -0.82380267033348142 -0.081381601255074404 0.98604093308919671 0.14525946870943179 -1.5416148859202128 -0.12599236535043151 -0.15475146519450586 0.9798866811491812 -1.7761604643866724
0.98813496195753403 0.057883705338240624 0.1422630437376429 -0.80211269882733038 -0.078829535016319452 0.98609183055119431 0.14631748401782207 -1.5260296385707821 -0.13181502708831655 -0.15579595109151742 0.97895475904517459 -1.9061897658505276
0.98662742183469743 0.056814860088038731 0.15276911388430156 -0.89901543961155161 -0.081229751098841008 0.98398601260552088 0.15866081599786394 -1.6361431022439823 -0.14130837915791991 -0.16894850893057414 0.97544263968205591 -1.9996643822649416
0.98641255121406424 0.054559818265678676 0.15496291504155812 -0.80278697667165844 -0.07955811450812425 0.98390425132141179 0.16000915801154725 -1.5921075335004569 -0.14373860032459351 -0.17016359911117365 0.97487617896544099 -2.1507497606816934
0.98455359555339117 0.061506052836380005 0.1639244428002663 -0.7755886635021475 -0.089603999689764333 0.98136968076964215 0.16995491433226442 -1.6026014255009944 -0.15041722216051612 -0.18201800770961937 0.9717222361081046 -2.2000180294245966
0.98187150144383739 0.062451539024703254 0.17896413027718808 -0.86576388830457973 -0.094891961745266873 0.9792832782494485 0.17888481360123323 -1.7315482230535029 -0.16408494826936193 -0.19262415792018175 0.96745649180569449 -2.2935537827957879
0.97871343785183673 0.068239712145678713 0.19355450977570582 -0.94965317949474071 -0.10367693486379045 0.97831046860152326 0.17933131405841329 -1.7512462056303215 -0.17711888590855646 -0.19558110519920582 0.96456048620268964 -2.4420664165012806
0.97529678354856342 0.069913030778268964 0.20954319871382965 -0.89306080009992239 -0.10981131889472376 0.97652885460406813 0.18529131217698261 -1.7448928659636358 -0.1916707026189135 -0.2037242358018887 0.96008269305539951 -2.4375214707417765
0.97182647025718827 0.070131215486931422 0.22502205296765923 -0.82339281170770873 -0.11408325174919239 0.97538346458192526 0.18871170787868588 -1.7315640238307324 -0.20624820818078599 -0.2090662804817785 0.95590426664375205 -2.4359341538955888
0.96785428759436021 0.079466279400606799 0.23862771931072516 -0.8892313771503686 -0.12669448232776714 0.97364838746720295 0.18962416968892576 -1.7290539786937786 -0.21727076686225563 -0.21376138103207534 0.95241770555064087 -2.5639209971740575
0.96233995146163975 0.080855883468200621 0.25954603431643042 -0.91333370307062312 -0.13446016595866006 0.97135262342533923 0.19594525953714906 -1.735230754603357 -0.23626739426162577 -0.22346455440021773 0.94564333198914574 -2.5167023711693566
0.95851677394915569 0.07554035505618055 0.27484404453451311 -0.82003341725996226 -0.13557688796908815 0.96900955194501426 0.2064930887171286 -1.8040536399419833 -0.25072794321080483 -0.23518958947476568 0.93905343591084878 -2.4163836667763792
0.95586824740232346 0.078317823491801497 0.28316463785493712 -0.77229197048870457 -0.1410494037596845 0.9678068251801667 0.20845866456859924 -1.7995451483451497 -0.25772264026865815 -0.23919922169228164 0.93614249611624756 -2.4739429610993122
0.95106727376817135 0.074303166557319708 0.29991678880438372 -0.76715450972238453 -0.14351655744338979 0.96582714322156005 0.21582615030639427 -1.8586203422322332 -0.2736312089414808 -0.24830821342846332 0.92923032270647976 -2.3960644071710098
0.94721383996675901 0.07980502203148819 0.31051103013255549 -0.78379188156981283 -0.15193948143370331 0.96459311853909924 0.21557947408942368 -1.832533259647309 -0.28231247821710681 -0.25137874636804292 0.92580148548020103 -2.4333609735988104
0.94414261677671396 0.081769575859224314 0.31923103804270286 -0.78781163445610269 -0.15668314861986768 0.96361093957536126 0.21657411680358724 -1.8283068595659961 -0.28990534683683139 -0.25449497754276401 0.922598068652284 -2.4571726318883873
0.94173537815597996 0.085651794217310298 0.32526642568326808 -0.79071548918526569 -0.16146138850599176 0.96344783824159919 0.2137720351432959 -1.8156556210844468 -0.29506727631360719 -0.25383465708004666 0.92114237190237025 -2.5112916096688616
0.94172089096766765 0.084649178680622689 0.32557069902520147 -0.70238631732098289 -0.16072872572412347 0.96342673176969873 0.2144183043460991 -1.8228983133948813 -0.29551318116483705 -0.25425076019601772 0.92088463484715899 -2.542810253016397
0.94143748367869451 0.085397660530688993 0.32619427324926015 -0.70367109089540558 -0.16186722984522783 0.96309983737519289 0.21502954018020229 -1.8578017053580529 -0.29579463184270266 -0.25523703262607145 0.92052137017522728 -2.5751267680509464
0.94204015645473338 0.086242039193669351 0.32422623937994155 -0.69972608811364334 -0.16301892630607626 0.96230892698893911 0.21768408004126261 -1.9041625393105834 -0.29323228555661401 -0.25792215824375064 0.92059273677024522 -2.5915026285709772
0.94384311571199297 0.087394641877574619 0.31862572007634266 -0.71525661190138223 -0.16219426457817554 0.96273989217686706 0.21639066650209093 -1.9395370399624743 -0.28784230658647486 -0.25591810522580233 0.92285032911984866 -2.6351468812812722
0.94744337717782612 0.085533492396316524 0.30827758387590376 -0.71506043380982087 -0.15615060775822867 0.96465798665516833 0.21225446162362027 -1.9731619378518011 -0.27922756801328091 -0.24923681602220474 0.92731492751950362 -2.7038277873125089
0.95311967285087829 0.081975395967486098 0.2912780865094533 -0.67958783617112051 -0.14730617118256556 0.96654111497840334 0.20999801186639241 -2.0238770697139468 -0.26431757632849051 -0.24306029604252247 0.93330483301628409 -2.7639615549966452
0.95918421161224621 0.07361508655978781 0.27303198937961237 -0.66403197365311317 -0.13437505773826069 0.96820053130035821 0.21102387316970384 -2.1287717372530786 -0.24881517648976501 -0.23909945675492258 0.93857469480477052 -2.7793676708296275
0.96603743373194162 0.086801023591507487 0.24338705580221628 -0.63931845231413131 -0.13983325786615611 0.96766952795439487 0.20991032528929063 -2.1775421391452223 -0.21729780630080386 -0.23681483689157923 0.94694265740058048 -2.8490796247996886
0.97279970163384333 0.098119941482010475 0.20984093400638579 -0.6093608592357368 -0.14219753618694839 0.96804546016276294 0.20656197075121571 -2.2260702731980389 -0.18286771503867766 -0.23078228732255737 0.95566674874388169 -2.9205502354514596
0.97711589309656743 0.11018599793814657 0.18194388507578993 -0.78943472227968381 -0.14677123219718541 0.96837276744986234 0.20177311183806093 -2.33563022889913 -0.15395693182646039 -0.22385984257983724 0.96238455620542518 -3.0300558845256345
0.98191830140193792 0.12547842197329107 0.14174489405627883 -0.82140214969266934 -0.15212016997302455 0.96867634376250433 0.19627937976844301 -2.3658557135122185 -0.11267609888219916 -0.21429257255910494 0.97024882895404185 -3.1310435105177064
0.98561147619990708 0.14020738362549115 0.094402900166967341 -0.82148707134553312 -0.15641205466408034 0.96826029480801701 0.19495453483838909 -2.4604947823858079 -0.064072514690784399 -0.20691517845529431 0.97625858346342487 -3.2156763278374783
0.98782038935466576 0.1486299117704534 0.046043758559698264 -0.82567386315387725 -0.15480387411622981 0.96862892591365557 0.19440618416594777 -2.5980370178705749 -0.015704742398492885 -0.19916614473967501 0.97983988888783857 -3.3063478152520287
0.98642872745929955 0.16353946831677735 -0.014601641883453188 -0.737625492059513 -0.15763127615224129 0.96815673762806731 0.1944862775724642 -2.719116615920151 0.04594286039900735 -0.18954517585009523 0.98079655377163399 -3.4950544878821974
0.98272999420052654 0.17385301550176452 -0.063378919993767394 -0.8206939534057841 -0.15973706896521533 0.96991309874133658 0.18371894210554421 -2.6968221427603094 0.093412136775877147 -0.17042215199592306 0.98093346502810441 -3.6109840482658404
0.97496505933328725 0.18865695427883405 -0.11769318876414844 -0.87020875977157175 -0.16562959576015127 0.96930710102436946 0.18168814191372454 -2.8050493009515187 0.14835757509331446 -0.15764611478234009 0.97628773033694571 -3.761876831795135
0.9635862556174466 0.19964040795884011 -0.17789107761542375 -0.88965065504376395 -0.16607937504761131 0.96822086334031454 0.18699198104820114 -2.9970453047816585 0.20956900813083906 -0.15063886385180897 0.96612047050483951 -3.8529208177036849
0.94993314750902835 0.20558498248858975 -0.23529094805953918 -0.92524302703045469 -0.16497921285165254 0.96953488292146495 0.1810634422662688 -3.0426932417889447 0.26534670638702046 -0.13318005020883414 0.95491057153847281 -3.9653352980514645
0.93466810086370167 0.21078608233627028 -0.28629489817523518 -1.0140215518622415 -0.16649470084925949 0.97103574928953118 0.17137411762233612 -3.042037382340943 0.31412585983480695 -0.11251133762890655 0.94269090538097244 -4.1550979631407863
0.91662973597599162 0.21567809688384762 -0.33656037444884301 -1.0880524239972027 -0.16535781163885083 0.97112459578797194 0.17197038578097806 -3.1594623274800946 0.36393230312050356 -0.10198028231089445 0.92582573995606543 -4.2869276604270823
0.89710235248329206 0.22341504294122766 -0.38117330409737854 -1.2180025621425743 -0.16658874622079925 0.97009628808158965 0.17652586632814907 -3.3294026889250801 0.40921334142660276 -0.09486258713471192 0.90749409406374859 -4.4011104731939961
0.87316468410561709 0.22752105587955984 -0.43106566038387711 -1.2584773472528326 -0.16644054199020353 0.97039068236887338 0.17504133669987659 -3.4364857698585562 0.45812769007422499 -0.081093111317315211 0.88517960148442887 -4.5002572345253311
0.84363381038698715 0.22703851338233191 -0.48655473218649692 -1.2192080586790737 -0.16333704470537275 0.97177065641031779 0.17024335865688028 -3.5260695809651734 0.51147141053909173 -0.064150641314025855 0.8569023814998713 -4.5284878751792821
0.80940745709532369 0.22592013190370749 -0.54205134664447918 -1.1442599003898863 -0.15999008591901528 0.97295584179893124 0.1666136318461347 -3.6061339846574567 0.56503339795635799 -0.048135474547828197 0.82366269509062229 -4.5030997463781777
0.76929365278436102 0.21810310919187162 -0.60051503690293528 -0.97721314217813682 -0.15453196773722983 0.97553886313614224 0.15634512291179048 -3.6417593417272474 0.61992511381049475 -0.02747654039142548 0.78417975808813345 -4.4416652192947987
0.72926417833042612 0.20760838698507381 -0.65197585527188384 -0.72517142922784994 -0.15034151561265321 0.97819042598441042 0.1433210354265137 -3.7274957429715037 0.66751118858588354 -0.0064998589133515488 0.74457139680944473 -4.4019892248363721
0.69740962989111877 0.1913550233530959 -0.69065408358502367 -0.44304294334958888 -0.13938628897484398 0.9815092783281516 0.13119069708471065 -3.8311831109714056 0.70298739005828126 0.0047740541772322382 0.71118628911541792 -4.3944593399195728
0.67362013333222936 0.17286909729814176 -0.71857650335144896 -0.20345142085926254 -0.1208429651351971 0.98493847783810329 0.12366556776764399 -3.8476909066176339 0.72913160248805764 0.0035312990932247893 0.68436440306309854 -4.3417851610092946
0.63728654896405723 0.14386540153260347 -0.75707899241185206 0.15631185556734395 -0.097226803463865336 0.98957952177870556 0.10620413722839298 -3.8215076276724793 0.7644689681064113 0.0059259023018606218 0.64463329147991388 -4.1096495776642277
0.60668746106980909 0.1301915888861771 -0.78420690813328187 0.39200290148777034 -0.084399212394929535 0.99147107314815908 0.099307019175651989 -3.7729562535743146 0.79044740339113306 0.0059381220710246867 0.61250113565485342 -3.8709038494380694
0.58933032355983694 0.12613937620777141 -0.79798410228698946 0.56041879866239519 -0.076969459615259209 0.99200935965949122 0.099965657275391945 -3.8169432851907374 0.80421730397908819 0.0025076119876187774 0.59433007652543268 -3.7817311102731628
0.57801774038408826 0.13070938707072671 -0.80548777019447526 0.72235670842939703 -0.072291057756520657 0.9914092203785243 0.10900348947116327 -3.9030073915688006 0.81281578157028689 -0.0047763877608027134 0.58250123720919456 -3.7113953287803283
0.56683624959131973 0.13996027262718241 -0.81185453637666649 0.84540957353796253 -0.071487916819235373 0.9901022613416125 0.12077661129155505 -4.0250960688876978 0.82072293979033717 -0.010422771817039704 0.57123132085833395 -3.6279123928591521
0.55778862697978582 0.14652681551945754 -0.81694659552857685 0.9205452184013948 -0.075902446786464864 0.98917397367676374 0.12559326563295087 -4.0792423244767653 0.82650509144459183 -0.0080462497008197305 0.56287173643905652 -3.5288391139254673
0.55300111511719618 0.15630812900192981 -0.81838715501103376 0.9623791700597345 -0.083588320411093361 0.98769726013029324 0.13216321357308222 -4.1514048004150741 0.82897693536671457 -0.0046787967500012415 0.55926322022012331 -3.4389274616122814
0.54568819009010539 0.15855998854772693 -0.82285061173212337 0.99494048005590674 -0.089493882821509635 0.98734688333228382 0.1309082767114263 -4.1441139607517039 0.83319580179794162 0.0022049956394892445 0.55297368279197068 -3.2673887886087263
0.53359249069677972 0.16333913798849514 -0.8298188837771665 1.0735065370896013 -0.10268271755604111 0.98642633892408915 0.12813796233795929 -4.1278021442922403 0.83948514780626915 0.016834603588838214 0.54312179364733038 -3.0712861455746636
0.54024900154782829 0.17458754119519765 -0.82319512072532941 1.2431808806579814 -0.11674477793174821 0.9843314837623236 0.13214456818170456 -4.1905807441903304 0.83336766985061361 0.024712760543442461 0.55216628502117104 -3.0486091587121291
0.53577984633633013 0.22529700569599859 -0.81374517847065342 1.5114592231588007 -0.15209747652331554 0.97373173305745175 0.16944872284018878 -4.4561112599039392 0.83054579277428042 0.03298137749319769 0.55597294434495037 -3.076910828833995
0.53737181719646465 0.2552087630122209 -0.80380346936595237 1.7517805020948825 -0.17031632927933205 0.96631518284580642 0.19294381405603514 -4.6364634327475596 0.82596844858855456 0.033218288388292647 0.56273676550654539 -3.0141344973842052
0.54400241475751931 0.28426482845004875 -0.78946493275145069 1.9716680715289534 -0.19712840623109237 0.95782972639573161 0.20905168425407947 -4.777413338928902 0.81559902169802634 0.041901342925284232 0.57709835666572495 -2.9594502769256432
0.54858211027806858 0.31624073971975475 -0.77398285693183377 2.1531693202810525 -0.21459001675262726 0.94795531229075913 0.23522723186280212 -5.0354300583334313 0.80808959465703323 0.037047542985083927 0.58789343130009564 -2.9659704759612149
0.54797756949049148 0.34998661368543693 -0.75975650940040951 2.3627719648922048 -0.23249864593707717 0.93620082294586937 0.2635761725818605 -5.3199150920052718 0.80353280142923811 0.032208529250461124 0.59438846529084244 -2.8499360409592387
0.55259064404213798 0.36765963092370585 -0.74797725627597766 2.543137636858626 -0.25096333584830177 0.92919261692196875 0.27132726497275567 -5.4799420053419174 0.79477102625661167 0.03778195927619258 0.60573223405747889 -2.7273414862648888
0.56410794998459313 0.3746983734536784 -0.73578757103891601 2.7135272490485982 -0.25608468130210377 0.92655917144454325 0.27551540395121565 -5.6066664233987566 0.78498589590296464 0.033003495923452447 0.61863390829330633 -2.579714600892733
0.57819049304512804 0.3924942735436418 -0.71529294627284057 2.8286371550567826 -0.27266780592979523 0.91923750761429757 0.28399766232222007 -5.7819874445029313 0.76899156130718593 0.030832609855526098 0.63851494016023902 -2.5762253196613338
0.59239142406062473 0.41577954626027913 -0.69007229303241957 2.862187347863002 -0.29324364142857584 0.90906405937907553 0.29599105173458445 -5.9774485778217183 0.7503869451563866 0.027016751411541376 0.6604464608747882 -2.5436180798782178
0.59125531244968699 0.43961066080186201 -0.67613580175093035 2.9936138080280394 -0.31309678327259016 0.8977372501399099 0.30990036143184718 -6.203305604391109 0.74322779805681372 0.02846570955699226 0.66843260211859601 -2.4183609775637569
0.58064921438509709 0.46533898573238663 -0.66806146288460866 3.1977879235720468 -0.33168847282211611 0.88458206762906699 0.32786784323263118 -6.4898693224728863 0.74352487976590409 0.031212080780341139 0.66797946015013032 -2.1814612017682316
0.57299394765126443 0.49019517023941828 -0.65680029767728332 3.3265033917651179 -0.35135017164523585 0.87095164295681049 0.34350588425192347 -6.7380327965035729 0.74042622376566558 0.033940104666607546 0.67128017731446255 -2.0208879690781996
