0.99976761143272896 0.0042247396180158138 0.021139411185172055 0.11499893823033246 -0.0042854244179970557 0.99998682372811298 0.0028262179175719705 0.018949459347947152 -0.021127192611737237 -0.0029161524857143268 0.9997725430251756 -0.066320080800794157
0.99974406882068922 8.6832161447833873e-05 0.022622761061125672 0.27692613745839578 -9.8605495158994531e-05 0.99999986029970289 0.00051930485360447308 0.032395194804301773 -0.022622712808356343 -0.0005214026758571642 0.99974393771827408 -0.16460565804956792
0.99976851622514384 -0.0058039368849421838 0.02071782521428989 0.47963384416148186 0.0057341758635533445 0.99997769399013958 0.0034250181501239633 -0.0032416546274781971 -0.020737241671449476 -0.0033054256607045239 0.99977949617356199 -0.28461087722460321
0.99968826166585012 -0.0077938173342713586 0.023719947277992138 0.62530259715495884 0.0077540095212182214 0.99996837114934078 0.0017697562767637585 0.0029865994809378247 -0.023732990200469314 -0.0015852798788538439 0.99971707600893267 -0.39413243977764179
0.99960516277474676 -0.010112440572777206 0.026215588868727466 0.78986170197212469 0.0099913081765962645 0.99993881561156783 0.004747504002647231 -0.018615273516969271 -0.026261993736050936 -0.004483701483921544 0.99964503905436886 -0.47901970335069621
0.99947689241334214 -0.012332256504700163 0.029897441048871456 0.94400470352984134 0.012161465532403505 0.99990871274792603 0.0058876928324939426 -0.02595520167158024 -0.02996732033186526 -0.0055210162368824383 0.99953563122674094 -0.57378448196066345
0.99936799655054243 -0.016563657409701386 0.031452388204537954 1.1280307797158668 0.016354896831231067 0.99984255792748777 0.0068830739250820274 -0.04063611512192674 -0.031561445153774279 -0.0063643232344374571 0.99948155089004664 -0.68378141730530895
0.99919977626217937 -0.017930335768354105 0.03575346384400642 1.2862504404378403 0.017703064676759302 0.99982108618014554 0.0066631171837540871 -0.03320067160433101 -0.035866538983585661 -0.0060248393163671466 0.99933842750719382 -0.79608205419472367
0.99903297330380758 -0.022215356579436799 0.037942010803359558 1.4747369918702991 0.021904802644534049 0.99972323301307486 0.0085812000902718375 -0.049626352167117534 -0.038122144127236517 -0.0077417895821148058 0.99924309695949787 -0.90311756297665036
0.99885618215608762 -0.024657732343827569 0.040967348025285365 1.6508250703901259 0.024340069624448554 0.99966981924638099 0.0082348951775323177 -0.038952671082716467 -0.041156875236607673 -0.0072283278542210477 0.99912654999113615 -1.0292073742814585
0.99871088557909071 -0.027528546623320695 0.042646760095416444 1.8322753257077748 0.027172929790987357 0.99959116180347374 0.008896130111219383 -0.045953860085336223 -0.042874222003465169 -0.0077258245637168927 0.99905060568642279 -1.163253730102674
0.99841944873539934 -0.027805172171087727 0.048841343014268318 1.9718255000093965 0.027425002838156971 0.99958825956388508 0.0084368573159818022 -0.034449632417696933 -0.049055821328648962 -0.0070840484596960641 0.99877091600185897 -1.288572285167549
0.99815774005811542 -0.032044510926849158 0.051519659175258373 2.1578032162126455 0.031630670879140163 0.99946063589534395 0.0088282475843278595 -0.029762559379640518 -0.051774768196596051 -0.0071823822742681422 0.99863295898095361 -1.4264608077009744
0.99788885205581701 -0.032753331879866621 0.056080818409604251 2.3039088936608518 0.03225574989232944 0.99943204065808833 0.0097551373589950356 -0.016891747054089447 -0.056368480036339312 -0.0079256139684370317 0.99837857504135985 -1.5351816020632569
0.99755484401532979 -0.03737039356101441 0.059057487811842009 2.4716907811200146 0.036646179083945719 0.99923980681408253 0.013299099093637216 -0.037866851238936031 -0.059509585279166194 -0.011102349447296983 0.99816599175520493 -1.6563493351317486
0.99735889656683019 -0.039820856656235457 0.060741508164997647 2.6349430573031447 0.039063721331618145 0.99914413504284738 0.013602319111313682 -0.036067480276973103 -0.061231177636238615 -0.011193604631390044 0.99806084288515973 -1.7819901691410478
0.99703667750570446 -0.042485825881939526 0.064131258427660362 2.7756634821952546 0.041735558677578485 0.9990441900963456 0.012994205501197172 -0.025285173936934184 -0.064622030688119378 -0.010279145580565408 0.99785686965409892 -1.9021298640817823
0.99686463161406191 -0.045603918639293139 0.064662112876872666 2.9341480158521995 0.044619404799147916 0.99886630620008754 0.016589486235647589 -0.036377435175163099 -0.065345351420973072 -0.013652287095344008 0.99776931206804298 -2.0036380035187573
0.99659167451714037 -0.048978958422880074 0.066378429590733146 3.0738798249940191 0.047816549685748284 0.99867560480876694 0.01898983770319964 -0.044308063694083195 -0.067220620789103833 -0.015751126678853221 0.9976137980947708 -2.1040200587611961
0.99636429523476422 -0.053960103649914819 0.065927978851335611 3.2278122806230476 0.052677159062881215 0.99838977738024748 0.021046836714428026 -0.049857747544913053 -0.066957509619127997 -0.017497418001246167 0.99760239187207944 -2.201146041237068
0.99616789903005543 -0.058715405811193021 0.064822974804247604 3.3771323997345699 0.057500191176853573 0.99813587431159645 0.02045738074266357 -0.039767187285493652 -0.065903300043855848 -0.016651652550180484 0.99768706391868067 -2.3161570454081386
0.99590038649014678 -0.063292666952670384 0.064625525133608794 3.5114252676472808 0.06187580953576069 0.99780250087808908 0.023697118722015426 -0.045419071322134408 -0.065983364441885073 -0.019601213009642359 0.99762818127069763 -2.3891207699217412
0.99580084123140222 -0.068217632336409456 0.061049481908089447 3.6755595106448813 0.066783466155404883 0.99744834725462694 0.025234167457696549 -0.035282597731967 -0.062615119987919604 -0.021051109173334404 0.99781571322136975 -2.4617961577275822
0.995587742537967 -0.069948342166167896 0.062548192111038639 3.7614861815046812 0.068671505503655431 0.99738920704175038 0.02233817379487061 -0.0090062899384263304 -0.063947409955494833 -0.017944333502059113 0.99779192703446484 -2.562779440091187
0.9953621764364442 -0.072440149811170265 0.0632974123881858 3.850708724081513 0.071227532683503361 0.99723453353955949 0.02121140504440136 0.011614595868636552 -0.064658922876315444 -0.016604511780609617 0.99776926885979123 -2.6433274729954408
0.99529754959282912 -0.074490770692088787 0.061918598629237008 3.9531728239208994 0.073256750515457672 0.99707110205433147 0.02196965980794828 0.011401605116722726 -0.063373782263850237 -0.017330393240190214 0.99783937644879217 -2.7044931380141732
0.99511837170308004 -0.077402819577417778 0.06122278840820828 4.0425359763795701 0.0758283491612632 0.9967377557571957 0.027638880432940258 -0.020099106775256444 -0.063162391994667874 -0.022861534716079875 0.99774138055306572 -2.7559060534901101
0.99494098054483904 -0.079028095564316364 0.062024231909402955 4.1147699439432488 0.077245806408770004 0.99654148572279444 0.030629277263171682 -0.028954896108240123 -0.064230293668431457 -0.025683211342873383 0.99760455192946285 -2.8014790978603612
0.99479438390257013 -0.081452008308287263 0.061234827495900632 4.195136665672389 0.079620638006681413 0.99631854726859481 0.031779024088315705 -0.033484689746920357 -0.063597859707029469 -0.026738038655508271 0.99761735626919679 -2.8529666713344244
0.99482221723684972 -0.080444873533150135 0.062107796726285441 4.2441363671768739 0.07844549654732734 0.99633879968717809 0.033989708874254489 -0.043106811261434654 -0.064614705473300477 -0.028941640591866952 0.99749051187289484 -2.8878200456327598
0.99504973464652202 -0.078991631633872295 0.060302136875112086 4.3045980154993693 0.077210146979000666 0.99652259906765628 0.031325752200455907 -0.023128465476293849 -0.062566914446592625 -0.026514744563391136 0.99768850326009617 -2.9342238614344964
0.9953186624872844 -0.073657316389731692 0.062572836333237389 4.3175193294403567 0.071868076380720416 0.99695129431713192 0.030382500830748397 -0.024723681528238086 -0.064619963647916792 -0.025743280708923882 0.99757783846499093 -2.9711751187424995
0.99578779562473474 -0.069457037732066754 0.059853036634057291 4.365228160192081 0.067864614294960351 0.99729472625211169 0.028242222227047666 -0.01898115302399956 -0.061652738880181239 -0.024061356969463252 0.99780759211852077 -3.0098036908592474
0.99619253497912874 -0.066384701106950453 0.056511102544528923 4.4202023917743274 0.065011534989496175 0.99755087428193356 0.025802200248416729 -0.015137671145186332 -0.05808557110132366 -0.022030085753140718 0.99806850554034732 -3.0410783345416474
0.99672786890112175 -0.061359652107212621 0.05261699772041363 4.4682212290292487 0.060216394910497371 0.99791926531715647 0.023046164384766421 -0.014007562729848554 -0.053921620337404573 -0.019802348399835999 0.99834879969780121 -3.0596627834834691
0.99723688390306664 -0.054763409278860954 0.050195282521942407 4.4982738464169296 0.053780277380687122 0.99833753367326949 0.020732839265999951 -0.017589745498885048 -0.05124723551722575 -0.017976035806856916 0.99852420250513341 -3.0720332306661384
0.99766595364561783 -0.047146297537300666 0.049395056077550098 4.5044427110632812 0.046277840165474364 0.99875577915927227 0.01858104156321206 -0.022211929207977165 -0.050209625033441639 -0.016251776040769314 0.99860646569583245 -3.0736393771192216
0.99815182362570209 -0.036164292737861363 0.048837290295998911 4.4984051187147607 0.03544562772429713 0.99925135955004207 0.015502513106686214 -0.032248070995543686 -0.049361366147179724 -0.013742793317324786 0.99868643285263536 -3.07009260526686
0.99865257659070794 -0.02246353745060822 0.046780559572810007 4.4946338115574571 0.022038658084578451 0.99971123315744348 0.0095785097303643773 -0.022799102691405171 -0.046982218110378192 -0.0085346226646971397 0.99885926506059908 -3.070328810553097
0.99890406666675191 -0.0086255737369433077 0.046002881152529623 4.488117055327935 0.008353189155851001 0.99994644468843652 0.006109990661373594 -0.038185095647493145 -0.04605311962887839 -0.0057190237509607477 0.99892262109724206 -3.0643677724267264
0.99908584641486442 0.0060432067678866169 0.042319630733910693 4.5086334778163835 -0.0059137530800340843 0.99997744625265772 -0.0031834745988394966 -0.0027473297087452788 -0.042337914662892606 0.0029302965675232101 0.99909905131774801 -3.0697832394126858
0.99900345301164917 0.021409271384505244 0.039163043415780127 4.5330451288415139 -0.020885973009137419 0.99968768198445901 -0.013722777415692966 0.023286939973213665 -0.039444606757619703 0.012891143755449887 0.9991385996999681 -3.0891969272867246
0.99864983398581852 0.038295880459835119 0.035098926193021622 4.5681058334240801 -0.037513977324571866 0.99903888955363296 -0.022671538649495802 0.026063877628974878 -0.035933418782362864 0.021324227987200219 0.99912665198930672 -3.1108550454332113
0.99801840678077214 0.055446225079077691 0.029748543682835533 4.614995599113084 -0.054374014410816851 0.99788166693373503 -0.035716177768661109 0.064197351815185683 -0.03166585359060449 0.034027855090066672 0.99891910523042249 -3.1406923293939082
0.9965144781179488 0.079428850033035417 0.025494169602907311 4.6302154675983518 -0.078183888321051581 0.99584963722676523 -0.046591626311189432 0.066484010121504081 -0.029089078849519563 0.044435996869089771 0.99858863786543084 -3.1737653955788558
0.99447859172250064 0.10256317919832052 0.022206415252466871 4.6336955456364954 -0.10126095982981818 0.99342335051395814 -0.053444033043600653 0.037408556137052663 -0.027541761381141679 0.05090030379432646 0.99832390057218878 -3.192238391550581
0.99228306482345041 0.12284423738444611 0.016840801822181818 4.6603146792395114 -0.12149418330487874 0.99040540563141755 -0.065850557470289117 0.052593338612574189 -0.024768582673634604 0.063296333523365944 0.99768737161238952 -3.2189363798506312
0.98974792646523346 0.14260593053817455 0.0079114242151604331 4.720358174227842 -0.14160491233850192 0.98701035727773068 -0.075885462560964956 0.036786144349884746 -0.018630374644007401 0.073987182686109668 0.99708515480815185 -3.2505229471508552
0.98655919008958559 0.16340212829950981 -0.00084197207282155821 4.7662070819246027 -0.16277647943552653 0.98230442024264697 -0.092638241101247895 0.075019187004820409 -0.014310212869013548 0.091530161361967816 0.99569947643287215 -3.2934651425885986
0.98288045771264709 0.18391231723058185 -0.011057369373191546 4.8263034069656507 -0.18404347923897668 0.97723666139964249 -0.10552964212055678 0.06309525235635581 -0.008602534288785239 0.10575805968037737 0.99435467978807845 -3.3488381907682951
0.97929301368028687 0.20081770430004781 -0.025640651252259901 4.9398671498007598 -0.20244774967755735 0.97160544811242988 -0.12246534958402452 0.090374840449357924 0.00031938609007989944 0.1251203534118363 0.99214151972116493 -3.4197496224011243
0.9746326238233477 0.22044988225740925 -0.038640626184252409 5.0115657230506887 -0.22368119287499588 0.96531479532735187 -0.13466280063971534 0.066311875415132698 0.0076139696108941017 0.13988994007721653 0.99013778441788447 -3.4818245344174006
0.96944197203288629 0.23974415169300586 -0.052009658622119474 5.0727343489757128 -0.24498321180762242 0.95721863794199769 -0.15399904255834962 0.11162049443218118 0.012864244766406834 0.16203462872320767 0.98670121632697005 -3.5684040367442273
0.96335319400732089 0.25961988433783084 -0.067439893626136047 5.1345222066215275 -0.26745333669311605 0.94888132826585603 -0.16760947932662826 0.093741459924496437 0.02047770220537275 0.17950415183175025 0.98354406265685523 -3.6257294644656755
0.95777096859458155 0.27401986628826674 -0.087108464552863835 5.2491203812024336 -0.28561785558959185 0.94158482694782741 -0.17843893697854438 0.065381295416379714 0.033124194870218074 0.19578336635421889 0.98008757831798354 -3.6658853752025822
0.95356267588178323 0.28163735651329641 -0.10676433197175708 5.3783437814237933 -0.29757614037189117 0.93571407583736688 -0.18944025169216533 0.031510896828003856 0.046547436519551538 0.21241367116083848 0.97607057555149845 -3.7222994358546511
0.9491048344802987 0.28778719611667636 -0.12797868149588995 5.5245778083134498 -0.30888975476030717 0.92989889654101854 -0.19968766014932796 -0.01075243018666918 0.061539682890327692 0.22905582717559894 0.9714660547166124 -3.8036515610218604
0.94318684296310584 0.29523903449461492 -0.15242208426595269 5.6323252174061951 -0.32333510249589431 0.9211959302778675 -0.21645431280864752 -0.026202275725315447 0.076504841384445355 0.25344027018250648 0.96432102470834835 -3.8855710831308694
0.93705048031140104 0.30189318703249157 -0.1754904583489873 5.6844162823361941 -0.33785301421282254 0.91084896354237721 -0.23708544114113697 0.026328314225086337 0.08827082267364976 0.28145100681493795 0.95550698198776907 -3.9259956844266082
0.93434981077237533 0.29385859205528303 -0.20158759630719644 5.7844941099941289 -0.33929523301438275 0.9065351587561209 -0.25114288919404115 -0.015138442388269774 0.10894574779835227 0.30305302145713953 0.94672577350696252 -3.9939691390595717
0.93134894563728743 0.28795438524254091 -0.22287084484046682 5.8099247570398571 -0.34100954300578534 0.90437013500338637 -0.25656802313020638 -0.14463736843954084 0.12767784866333917 0.31495544277492177 0.94047936501932594 -4.0743820281636358
0.92819756461911895 0.27422561758465913 -0.25149471504476761 5.8811532185617956 -0.34030071021402641 0.89898590432051917 -0.27571683020963295 -0.11823102758568899 0.1504815857936305 0.34150352046989302 0.92775569944016167 -4.0906052159430759
0.92629497433741448 0.25534515135412039 -0.27708568024564184 5.956156453726237 -0.33632306100383091 0.8918613226649138 -0.30244037391096446 -0.0069486516878205897 0.16989531822349352 0.37333930253099779 0.91200512390633315 -4.1566134284267884
0.92200819149110247 0.24214430607476251 -0.30210433604779391 6.0517407560297718 -0.33479842948578825 0.89052865829290806 -0.30800766284766801 -0.13822902181157337 0.19445026725915374 0.38512964543722777 0.90214425108639862 -4.2583063321468062
0.91854352735275913 0.2209652344110169 -0.32779895292699684 6.0825985303595713 -0.33108681855762134 0.88308462299099477 -0.33248017567103982 -0.01294330611083935 0.21600765480821246 0.41392742578686076 0.88431034102611228 -4.2902781478746421
0.91526120571067571 0.19860489381680616 -0.35050395357692515 6.1057212576679927 -0.32765239389865303 0.87318578568434946 -0.3608191963453265 0.14657546833600762 0.23439461191230923 0.44508727215100247 0.86426644391394569 -4.3110024832492577
0.91350294521353714 0.17856704786321109 -0.36554914649553077 6.0604731232892544 -0.32122693413299153 0.86796377115244039 -0.37875077393234829 0.21512622467545919 0.24965100815681091 0.46341417909279792 0.85024800660868127 -4.3895405089201089
0.9086534520196623 0.15575187734918391 -0.3874148381708632 6.0884373811958499 -0.31755571501706675 0.86022157330068361 -0.39897019022490421 0.30077008420367968 0.27112224547747982 0.48555143654437016 0.83110320085832168 -4.4302335841683798
0.90225566858225037 0.13873497254291714 -0.40827357972897593 6.1543504018298778 -0.3161577407170717 0.85669616480555455 -0.40757326236166547 0.21616970852421724 0.29322174458227568 0.49681413888995768 0.81682110642609906 -4.5183444873366891
0.89865774023092893 0.1189538110667646 -0.42221352033743864 6.179613422112241 -0.30942258518138899 0.85415695407676795 -0.41793966260928644 0.19098675134958912 0.31092109883812374 0.50622711171468349 0.80440175389061852 -4.622575739039684
0.89516974602280996 0.099748964852521479 -0.43442061394034748 6.1691554522339827 -0.30535563919350173 0.84723724703749315 -0.43468032028728626 0.2713983053407007 0.32469841302073837 0.5217654561612719 0.78888006017304924 -4.7044521150476903
0.88888217548395831 0.08317523826476636 -0.45052231670196413 6.2573293124048481 -0.30363712868549814 0.84333752641609816 -0.44338054831262413 0.23150799027058785 0.34306409341481914 0.53090836900351868 0.77488278567244739 -4.7881274845143853
0.87973568194848228 0.066614471859737998 -0.470773450871528 6.3853716093910666 -0.30520399087540834 0.83833630766074485 -0.45171092438801236 0.20033438024731326 0.36457599188696238 0.54106815411424569 0.75784536598374774 -4.8441689365620331
0.87352303357063987 0.050190958241226345 -0.48418836988549641 6.4510726440392787 -0.30860577545271523 0.82633533594242681 -0.47109700479852873 0.25133185675800285 0.37645714919333795 0.56093741209135284 0.73731216898779106 -4.8034519634285475
0.86431902063876409 0.03471988415882641 -0.50174411825754905 6.5787960302861404 -0.31295453591862726 0.81808214396015 -0.482494626064914 0.26007658436985209 0.39371574645930069 0.57405238034308526 0.71794970270377123 -4.7851763785737997
0.8586274052531836 0.027753204231079645 -0.51184835508487592 6.7100415844289589 -0.3158384083460774 0.81511734470494779 -0.48562311948111764 0.17876572375958943 0.40373887447408591 0.57863068879559387 0.70864761851172198 -4.8545509425275597
0.85088809846205826 0.013025560486059583 -0.52518547073357491 6.8494889930739697 -0.31824114284815674 0.80817279489300897 -0.49555959136467281 0.22613599769783513 0.41798566828818629 0.58880138278442118 0.69180988193060089 -4.7276749556907189
0.84529509375964373 0.010149605883775753 -0.53420332268367554 6.9902735988989848 -0.3216055356974129 0.80807773161663454 -0.49353850819778439 0.090871327382132425 0.42666858786961948 0.58898842532406226 0.68632831134933259 -4.7182653086709951
0.84943574104943009 0.012546134151692536 -0.52754290474392063 7.0343829280289993 -0.31796372456739808 0.81002049075532057 -0.49271277070493863 0.060783189667767808 0.42113892207564169 0.58626734436974859 0.69204957137376322 -4.8519030397138652
0.85151637221288801 -0.001790196810104444 -0.52432495939901946 7.1636733368720176 -0.29984876285141654 0.81867514000739194 -0.48975681164262752 -0.031122664963263394 0.43012857062729193 0.57425413392439606 0.69657849694120233 -4.935232398817309
0.85787747572335427 -0.012951621131331239 -0.51369104737828175 7.2359166448242682 -0.28058930155340417 0.82568047377878617 -0.48940923476596965 -0.052918554767575891 0.43048331036208415 0.56398937111483727 0.70469859427218373 -5.0221140592969453
0.86473731359703077 -0.029539274805761944 -0.50135497376304161 7.3022102366801551 -0.25382582051555774 0.8356841042578429 -0.48703647782314075 -0.042922004876797454 0.43336108652322991 0.54841545304150252 0.71514939666666089 -5.1144784753053711
0.87745814837563985 -0.042267321780683639 -0.47778726579795089 7.307933974394782 -0.22509356703509809 0.84332605155206353 -0.48798981224306537 0.070458825507127038 0.42355647076701525 0.53573747701938357 0.73046921344317872 -5.2702228913928932
0.88848838908725081 -0.05570223823159183 -0.45550591995399253 7.3450669023660948 -0.19243811682041079 0.85588798660633714 -0.48002429686169479 0.068225755709365801 0.41660047245743248 0.51415271567788257 0.74972730463102555 -5.4233221588384355
0.89735777237787406 -0.067355224460065186 -0.43613335356396887 7.4661922021526443 -0.1647338851070787 0.86571940260464819 -0.47264433039165815 0.058977225329976034 0.40940417126666828 0.49597700520466204 0.76576434681804506 -5.5034905117416857
0.90885411142428862 -0.080004504851481278 -0.40936961703408831 7.4896321082498316 -0.13056833314951705 0.87754231605906319 -0.46137988025514504 0.059082279631320234 0.39615163072455417 0.47277770963653154 0.78711188705616175 -5.6412734530595854
0.92013130262978648 -0.093063087344536388 -0.38039144009127673 7.5157806767477346 -0.096562704130615962 0.88744262221164238 -0.45068973413325852 0.085986105273399713 0.37951815515439485 0.45142535823326019 0.80757731261605992 -5.766862390744695
0.92851966118417484 -0.10440014044663135 -0.35630303039568567 7.6465357192929808 -0.067184713604035828 0.8965661726607338 -0.43778455009105444 0.090392592352441375 0.36515401278415244 0.43042967917559649 0.82546522533200895 -5.8784714884838047
0.93700437935209779 -0.1132940351592981 -0.33043494771636017 7.8022942330483929 -0.038774939185994103 0.90636508524790715 -0.42071229639110425 0.061531482781903388 0.34715889325510935 0.40702185916837147 0.84487508484568885 -5.9951076011992983
0.94597129670712155 -0.12787483058262974 -0.29797035676340478 7.8467111553967284 -0.0068073721413126074 0.91091676447835535 -0.4125340081457699 0.15654380156790268 0.32417890969459545 0.39227372572700842 0.86083062132656218 -6.0738643455432761
0.95389880169000762 -0.14214910037603234 -0.26433068190554848 7.895508970547743 0.025012037980836857 0.91531290512646402 -0.40196602302308815 0.23642847493617478 0.29908439292349037 0.37682345862649969 0.87667132206908072 -6.1692896304174569
0.95967398820841487 -0.15777867505764204 -0.23266225747467129 7.9430734199290969 0.056274329379119394 0.91871075523602008 -0.39090119987868038 0.30344379047766662 0.27542519167477331 0.3620448009718088 0.89054170361651108 -6.2348471269278809
0.96262149710503508 -0.16419983371454389 -0.21540257175664612 8.2669504681784431 0.071081636289735531 0.92056076290322075 -0.38407718336997571 0.4483856472392071 0.26135656543051428 0.35440978599801154 0.89782317262098388 -6.1980425867737887
0.96693843792221235 -0.16847519040025077 -0.19143188733372268 8.5512766337233952 0.08960112320190651 0.92727736126520066 -0.36349461344840223 0.41908978546450754 0.23875027955901668 0.33432440159917404 0.91171568951392157 -6.3055302764178176
0.9709884277586599 -0.17000797913605614 -0.16816289777724452 8.8763243981961129 0.10545455665803079 0.93559583527731394 -0.3369566285025471 0.37548278840868005 0.21461782227677148 0.30944744310111799 0.9263808451815897 -6.5139231329937184
0.97539104479142114 -0.16820493114131002 -0.14254617104800468 9.2223176529206778 0.11565739810079292 0.94076953865696489 -0.31870996438724047 0.43120963779358246 0.18771168318795331 0.29438032589646435 0.93707232790208728 -6.6428926777679642
0.9781759170711235 -0.16455885404132062 -0.12685526720902751 9.7031496858099029 0.12023450114305552 0.94622506696032405 -0.30033612401909099 0.42553928560649312 0.16945660210492544 0.27852918377171459 0.9453602243539313 -6.7778391063323884
0.98114801446768474 -0.16056252402735724 -0.10755579753822769 10.174638757468221 0.12301365213895758 0.94810405310230395 -0.29320018055659369 0.54793572967694482 0.14905104861608803 0.27444194353077289 0.9499817916873442 -6.9044963767366276
0.98311431561774865 -0.16115419190233088 -0.086692380632628324 10.640462895816411 0.12953261486579387 0.94749044143880656 -0.29237504180098106 0.65777322695236651 0.12925766558883736 0.27620859837159706 0.95236614076316373 -7.0101462552126925
0.98487091379715397 -0.16184021504011592 -0.061943748289298578 11.019612946837503 0.13665698759029929 0.94515947894005548 -0.29664528837065257 0.81984787483933552 0.10655585811725102 0.28369227018995757 0.95297667596608282 -7.0256557062530627
0.98477082390826942 -0.17141252791595132 -0.029054597785745814 11.255222932356181 0.15547075035989491 0.94303856260663754 -0.2941209193840828 0.78860973361744768 0.077815616437573079 0.28512455999136604 0.95532649661158797 -7.1264212027721108
0.98468544059902519 -0.17428819062936676 0.0042672800992109173 11.493642639634956 0.16776405156646462 0.94059852368866947 -0.29517730305140349 0.79076363565964936 0.047432120702201541 0.29137268890861584 0.95543296472534101 -7.2667095821614156
0.98341365938766712 -0.17666436374670366 0.041076478813670499 11.726419611182115 0.1809042029531806 0.93902698065029244 -0.2924072484817532 0.71655380683743219 0.013086018631806483 0.29498818992083004 0.9554112852188843 -7.4038314267580292
0.98100153093394804 -0.17825035545975751 0.076568969457086564 11.978697625392616 0.19308551431708451 0.93538848054811685 -0.29625390228449677 0.70380849406585611 -0.01881436860904756 0.30540989053459827 0.95203509299683253 -7.5223872947402626
0.97770803733877765 -0.17337895558093258 0.11843450293229736 12.166353264386487 0.20183148126857486 0.93154967891111995 -0.30245536677255747 0.71666343489855344 -0.057888227577705786 0.31961685418991026 0.94577693967745768 -7.6415882339590722
0.97234743363950604 -0.16737500359200386 0.16286827949985572 12.327396521523443 0.21081495705649173 0.92913541675047651 -0.30375060694785094 0.66912669927757917 -0.10048642781956164 0.32968619248081193 0.93872759217547719 -7.7392929888898001
0.96777783904605108 -0.16233442532174594 0.19249308716630381 12.662003634790466 0.21693214097863486 0.92564875691445214 -0.31002391042168859 0.67732416184655941 -0.12785343351580916 0.34179220760308154 0.93103790812191456 -7.8555236497097534
0.96116836254080096 -0.15564846511371125 0.22787920957906901 12.893239729970178 0.22490841828755412 0.92032521657933952 -0.32002765366696423 0.68381506713271401 -0.15991116982258005 0.35885240842989702 0.91959413152218206 -8.0104889717157342
0.95383893990628277 -0.14653287587775179 0.26214384029660903 13.11379811620246 0.23025207948286019 0.9172251066674455 -0.32508780904966555 0.68462149239367331 -0.19280886030542613 0.37044057551230608 0.90862452278255956 -8.1780954231766465
0.94568482446163726 -0.13509226196118104 0.2956861402588461 13.351648353307869 0.23434812582731498 0.91367974849541334 -0.33206968110711843 0.7010744936607981 -0.22530239391579332 0.38332675088959034 0.89571169097441317 -8.3086206237543649
0.93603289620287622 -0.11851475798699629 0.33135580478594184 13.582311846852452 0.23709278321190988 0.90819321325585955 -0.34492332415310378 0.78456770370343731 -0.2600565887934505 0.40142164806507447 0.87819771753850151 -8.3757200226721089
0.92398567360444261 -0.11081706804509578 0.36601919676928574 13.779096998385759 0.24534715753967706 0.90594096352350384 -0.34507353259458529 0.72790138126022741 -0.29335174664716995 0.40864476998977245 0.86426512407886769 -8.5303533758562349
0.91231065790106869 -0.095051023019800632 0.39831465765523694 14.019165215868414 0.24670435616337644 0.90393093710492489 -0.34935057119550589 0.75554161137842712 -0.32684281257224118 0.41698221061275703 0.84811532936409373 -8.6307218380116826
0.89629615749465508 -0.088160119994344616 0.43460440782727838 14.221316965636897 0.25516534187920925 0.90407431838061858 -0.34284147232837259 0.66242128891608065 -0.36268973843215191 0.41818347658318922 0.83281374481261683 -8.7470486777472551
0.87789270296347222 -0.07427544819200653 0.47306189857075293 14.377076920640908 0.25984904449161905 0.9036886532138465 -0.34033115068905601 0.64052959329650672 -0.40222242125505803 0.42169891611008553 0.81264207864920324 -8.8365739443001949
0.85994870723945771 -0.062465808833318134 0.50654342720440559 14.590724631411017 0.26376099907666467 0.9040665111128805 -0.33629433365768091 0.62697544529121063 -0.43694205140185954 0.42280227791602926 0.79392687163601638 -8.9225887427638728
0.84038448905724972 -0.046597004184210394 0.53998391619847541 14.764411784380169 0.26462246782937093 0.90475312801401941 -0.33376148200285333 0.6653631697170308 -0.47299985208441558 0.42337984901256709 0.77267110944969142 -8.9996790846892267
0.82484328094593184 -0.037876629169074492 0.56409123627400837 15.030366282135352 0.26527273437966548 0.90703188443472316 -0.32699164670298608 0.68823402916492016 -0.49926339568717243 0.41935488739441612 0.75820679246847333 -9.1487522079566208
0.80444223532940751 -0.032413978030672488 0.59314587079946302 15.237747072990091 0.27000553713886161 0.90935558481624679 -0.31649554543130098 0.6977803164620604 -0.52912163056577177 0.41475505348546265 0.74027599290784107 -9.2484478543812365
0.78144783776913362 -0.029478181186927962 0.6232738673166528 15.425071631711186 0.27163738756993183 0.91533413490327697 -0.29728193883088877 0.65938899043597965 -0.56174051529165003 0.40161481336571775 0.72329325668437638 -9.3728450766584075
0.75397304885391248 -0.018741124745238216 0.65663796101445371 15.562627981503917 0.26759723885203296 0.92165822678147791 -0.28095877057815782 0.67473531719241142 -0.59993029541831255 0.38754984614795723 0.69992053648252872 -9.4296112095511262
0.72290547920840698 -0.015929887568510881 0.69076327841925567 15.726705452477161 0.26786401097087548 0.92801169084570989 -0.25892696514708807 0.66217327287518646 -0.63691172053673051 0.3722103442084076 0.6751317796602383 -9.4736241721239072
0.69523013639659204 -0.012531125965687989 0.71867797261917543 15.890772915954877 0.26292539619301153 0.93498938550205535 -0.23804429217109327 0.67970599729629566 -0.66897331298245688 0.35445425640062633 0.65332754927123271 -9.5528129458824544
0.66467276572453748 -0.012364371486821776 0.74703228633160834 16.029759078764052 0.25582401845049857 0.94318948275941006 -0.21200865830403157 0.67048065219601527 -0.70197164193999539 0.33202518267410458 0.63007546530736658 -9.6199646729400321
0.63145386511979695 -0.014927501114830913 0.77526975043254209 16.155877011939534 0.24759108676634983 0.95135886376401346 -0.18334384661477779 0.65050908426338616 -0.73482288340737401 0.30772306063750254 0.60443514786349151 -9.6712429143055978
0.59941418231103061 -0.021108848812293298 0.80016064296253564 16.314582223088838 0.23741735534248837 0.95935553767134607 -0.15254491706215961 0.63242897189053071 -0.76441849626142433 0.28140961042782864 0.58006292221816813 -9.7306169740035138
0.56724743693950597 -0.024025382319359061 0.82319689399922424 16.428109740350614 0.22323627275687388 0.96663658215664738 -0.12561562228534195 0.63308824590552937 -0.79271426870668849 0.25502254614234354 0.55368546048085499 -9.783339079541161
0.53517779747257155 -0.030372485359421036 0.84419324637519988 16.542012766740122 0.2090893065351849 0.9730193264572119 -0.097545129214067841 0.62178223656437714 -0.81845365597878705 0.22871576787323925 0.52708890193316726 -9.8307364331084965
0.50343301452898293 -0.035857995877889438 0.86328987253058997 16.649892308841011 0.19357972446630861 0.97842079009671823 -0.072247129922660136 0.62983558035299092 -0.84207012187691888 0.20348700606705816 0.49951070879817594 -9.8757566865831308
0.47221490880662276 -0.038768446432214318 0.88063050563899126 16.731042043162009 0.17593191183808216 0.9830772115103118 -0.05106034279268977 0.66020207891567573 -0.86374825169012659 0.17904246359548961 0.47104432268302265 -9.9117051645705097
0.44270088121491813 -0.04857968355261659 0.89535241336440408 16.829176288432709 0.15808639768704594 0.98711865231279394 -0.024606038334248431 0.64334728071126823 -0.8826237140695169 0.15243615254296133 0.44467808441616608 -9.948092104449934
0.41477796113493859 -0.058889322570384914 0.90801502776327692 16.917776788050091 0.13961980442288696 0.99020508729310741 0.00044194090580695309 0.62768610133924363 -0.89914712543034814 0.12659357324149825 0.41893736291275241 -9.9837102457193918
0.38852747468219773 -0.065163876213954031 0.9191300618812589 16.983168724848372 0.12077026457667756 0.99249257517798095 0.01931402108984916 0.63103538188180386 -0.91348833851952027 0.10349955291377984 0.39348049244593331 -10.013531700909512
0.36524208629671973 -0.073322341862407728 0.92802050224196653 17.056959630186455 0.10366859746706328 0.99389615053863745 0.037726169215679173 0.62741945489977691 -0.92512217587561463 0.082427399135786561 0.37061392792888692 -10.042700880327072
0.34302759771078262 -0.081037113123216556 0.93582319564404082 17.117119768009054 0.084670867412762668 0.99488349254345632 0.055115156500774976 0.61320380828606957 -0.93550142245767864 0.060330941988249759 0.34813397711006411 -10.053829084716044
0.32370786767528725 -0.084873594184025777 0.94234266029688185 17.167982024342095 0.067272253350312394 0.9955124715405731 0.066553459236549123 0.61429259185547958 -0.9437625020810535 0.041849635810421705 0.32796485733725333 -10.058046478755921
0.30948165673141981 -0.087448436024927703 0.94687584993153673 17.212139223447156 0.0528771526734029 0.99580430856766888 0.074684575135837886 0.61710554076897439 -0.94943410033131292 0.026954592834266659 0.31280719149854852 -10.085858196904887
0.29342774761054891 -0.089602366276995374 0.95177285782363197 17.239921453905676 0.040532588074937127 0.99586861995925402 0.081257621700356636 0.62085105170554789 -0.95512159761788862 0.014734576275345232 0.29584730187351471 -10.07902583778924
0.2845569214508179 -0.089008204801593202 0.95451814960870751 17.265701774577384 0.028987811022697964 0.99602402348432006 0.084236877044552252 0.61519967897092342 -0.95822078106590114 0.0036992053341636816 0.2860056828340134 -10.085539915606949
0.27941919763813694 -0.08409580700133007 0.95647938150074885 17.288515429747754 0.020704416564383741 0.99645319774789998 0.081561950888346113 0.61861670239231725 -0.95994595635691304 -0.0029866273251871862 0.28016930761814751 -10.08653640843246
0.27778518226173698 -0.077453455056946521 0.95751572040126587 17.301353382102455 0.014367763511933912 0.99696785902338059 0.076476502574332764 0.61922300161826238 -0.96053576710473343 -0.0074866797766667981 0.27805573135334383 -10.091691401169927
0.27645477064501878 -0.06406160855231928 0.95888939408948493 17.288623547901132 0.0078640691845672829 0.9978931717716002 0.064400109840557496 0.63376550010694821 -0.96099475347343621 -0.010262945060017835 0.27637611285207819 -10.070918623775448
0.28048078207787941 -0.052595623997773809 0.95841756621071295 17.294428220734272 0.0039341530821247932 0.99855222431665902 0.053646786966034345 0.62356623876739703 -0.95985157879982042 -0.011276331342128293 0.28028162805819978 -10.067594540561961
0.28677097266684326 -0.038975467002364067 0.95720599779131155 17.310863167370258 0.0025646551471606668 0.99919970697821459 0.039917015402284574 0.61459019988580976 -0.95799573682751271 -0.0089921380437419617 0.28664143049062796 -10.070360356736698
0.29440417982885614 -0.023157928956264992 0.95540038163366647 17.32684421062012 0.0029979012984383208 0.99972382534345905 0.023308488334635589 0.61362598091542575 -0.95567630057834108 -0.0039979203465808225 0.29439229804089484 -10.070875067675573
0.30588799299912306 -0.0056715766241097971 0.95205061260290424 17.351195149191526 0.0036426714945497055 0.99998190883948768 0.0047867460886605231 0.60919687062530015 -0.95206053729967788 0.0020037994738404145 0.30590311882084065 -10.084989619439705
0.31720551833391086 0.012920414219230559 0.9482688026266175 17.37787681556841 0.0050280544022050719 0.99987022278306992 -0.015305432390576022 0.60350771963446437 -0.94834349146680164 0.0096229147422977925 0.3170993877389533 -10.093446812660027
0.3334679533980176 0.032527874878787034 0.94220011749755572 17.419085684525573 0.0089010418053499483 0.99925142808256762 -0.037647774565418991 0.60171182271797052 -0.94271941504952428 0.020940888969171591 0.33292879667860487 -10.133377065402534
0.35058607513545226 0.04947783072971277 0.93522261958712327 17.478088501301539 0.011665814865942339 0.99829527709782451 -0.05718783513730339 0.57954908035072383 -0.93645785419560268 0.030959392604825508 0.34941122381072376 -10.167864019785949
0.3648231318364048 0.070844792838081996 0.92837766981159486 17.530868648157806 0.014393766443208342 0.99655273292094637 -0.081703549466172865 0.58716228928339087 -0.93096557506959177 0.043170196148757903 0.36254576566251906 -10.184118340585002
0.383594408622002 0.088210773105959123 0.919279168251944 17.61094520307336 0.016726608533805254 0.9946008106198535 -0.10241800662621357 0.56993017637410748 -0.92335017747379766 0.05466339746465905 0.38004784269447878 -10.229828733592878
0.39790685445589891 0.10523602738939722 0.91137012992324373 17.675299399261153 0.017527423002328051 0.99234593559367434 -0.12223883815552508 0.53549857561017633 -0.91725837397099275 0.064613641361660076 0.39301673339703647 -10.235966931887337
0.41105534397578536 0.12495143353632243 0.90300644706788613 17.736278150354334 0.019125264236289127 0.9891617643869528 -0.14557894127511209 0.5360677271212142 -0.91140974783948914 0.077111238688717804 0.40421050012468829 -10.25452066928489
0.42673183702421147 0.14294102258042718 0.89301052812024773 17.852814263993253 0.020881788692001038 0.98560981751464327 -0.16774158256012164 0.5419505776961191 -0.90413709699965561 0.090228330819168423 0.41760622378817858 -10.281773232900806
0.44072827410161741 0.16110840648986266 0.88306436331997173 17.945056398465422 0.022729128572946733 0.981443291120499 -0.19040076950705315 0.55358282098378842 -0.8973527595777061 0.1039862859845504 0.42888795413885805 -10.321949953172917
0.45402955280099477 0.17395332579911515 0.87384060653345441 18.040027775311287 0.02428330097930213 0.97797590466822426 -0.20730038876451018 0.52717599962738837 -0.89065564977542089 0.1153402372626107 0.43980580167993166 -10.380444077119394
0.46627168787094597 0.18840339898287406 0.86434650016164205 18.141951756856706 0.02489844955473779 0.97387646101934089 -0.2257093393774712 0.53062719588447405 -0.88429111739276767 0.12676276237185849 0.44940006873175531 -10.444259618140883
0.47474271842704407 0.19932670944331585 0.85725621269431473 18.239236262800603 0.023034916531351216 0.97086920946277377 -0.23850025311836121 0.507087766095489 -0.87982313218106167 0.13297308381634468 0.45632161362297685 -10.491513250304299
0.4838082891217399 0.21010461383071291 0.84957965525555168 18.378777895947909 0.019534100911115269 0.96792081943106456 -0.25049492253035971 0.50638176277023206 -0.87495597505171052 0.13778729462088857 0.46418391092579581 -10.572343916666856
0.48620002814051244 0.21815921325952695 0.84617733974985954 18.506630084663488 0.017414759791769423 0.96572389870150543 -0.25898663598371136 0.49490259211016624 -0.87367400028704068 0.14065528481627942 0.46573579642936136 -10.601550187245675
0.48725673074534559 0.22808983609448982 0.84294478171096532 18.631597381374 0.015171112814677479 0.96292964717210094 -0.26932569861225208 0.51643921579801555 -0.87312697569100595 0.14401916979139298 0.46573357518357617 -10.650963017589827
0.48584218067894602 0.23189532451170333 0.84272292833572415 18.766827691927716 0.011939472786471398 0.96231179138350897 -0.27168633597191255 0.49012027836099503 -0.87396500185230952 0.14205834939866663 0.46476295130250955 -10.700994652656915
0.48435786681089865 0.23412762320591646 0.8429600897494165 18.918692298185359 0.0075950636688769798 0.96236455338481708 -0.27165563015757149 0.47369180586607373 -0.8748369973122202 0.13798087708226081 0.46435062796700144 -10.778253353947868
0.47871886127942176 0.23634009872394166 0.84555993849666944 19.059352700497129 0.0053944270529682698 0.96227718508049731 -0.272017498022323 0.48385851493274723 -0.87795167977064892 0.13478121830845646 0.4593853188546454 -10.844779349923753
0.4713247461392055 0.23739659707153005 0.84940911189818968 19.224906131132112 -8.1309931196148243e-05 0.9631045328569916 -0.26912757602856491 0.48249423145726894 -0.88195973664646898 0.12677742105427731 0.45395430215531374 -10.894213143686224
0.4622734413007642 0.23133985921149547 0.85602869987399033 19.386733850153931 -0.0064910745055215911 0.96622582299260962 -0.25761507124781741 0.41923456112265334 -0.88671366935426932 0.11353205944692323 0.44816218053069545 -10.949221148514614
0.44971027654607953 0.22820429791935606 0.8635296552985211 19.554024638561479 -0.011259996945274318 0.96818126582278818 -0.24999649793262316 0.41016883722884984 -0.89310351003545008 0.10270265294001624 0.43797064449736978 -10.991384073238899
0.43940817196760273 0.22277098225023648 0.87022614754749494 19.781678374382999 -0.016751338995180186 0.97062490744171814 -0.24001391979554973 0.40103163523455038 -0.89813131058323437 0.090886624544103553 0.43023222848715192 -11.070264305910593
0.42551198984415006 0.21418488691323756 0.87924079791422083 19.961179031085646 -0.022889649411610966 0.97382397828442147 -0.22614801185974676 0.36829246317500208 -0.90466325804062897 0.076103176913097717 0.4192763957284602 -11.134246907740788
0.41015033406330248 0.20295260417973343 0.8891495621797415 20.144219656362576 -0.029362537302219018 0.97735862196317258 -0.2095422761101543 0.33578246488384172 -0.911545141433455 0.059836147360210187 0.40682316870865409 -11.206316444381859
0.39252759520432134 0.19061185255531327 0.89977175365119355 20.343992743905524 -0.035833258397428534 0.98071564596498007 -0.1921270396173195 0.3099967740624221 -0.91904192755049852 0.043173411087421176 0.3917881978561133 -11.268231862673462
0.37668234248892141 0.17729816716669206 0.90921712081130035 20.553952289694585 -0.042137020527868788 0.98377640264324318 -0.17438021993148631 0.29339736073480499 -0.9253836417173652 0.027374249243610056 0.37804201634243761 -11.370454384497455
0.35755436871973123 0.16328327542279866 0.91950717527197001 20.768332460281226 -0.048202046254470221 0.986510877261077 -0.15643801258793263 0.29420053181338784 -0.9326475412213967 0.01161296744087093 0.36060186194874388 -11.44276579203432
0.33911059797898147 0.14811333548403594 0.92901369321992844 20.984393611143947 -0.05342943893745309 0.9889664803228021 -0.13816872241125192 0.29725467712117282 -0.9392280326912984 -0.0027822023150803777 0.34328262693750078 -11.539149661592282
0.32126215208135767 0.1289587860588598 0.93816856754971278 21.216660204461782 -0.060278251530973041 0.99146018067845743 -0.11564273657004712 0.27737287737660327 -0.94506992441428561 -0.0193995264701434 0.32629204149091773 -11.655834704073808
0.30105179445171504 0.10819143993203365 0.94745048914591623 21.448757999222181 -0.06643490669412766 0.993508677383242 -0.092341275368838571 0.2613616768675513 -0.95129081790477998 -0.035144278191965722 0.30628525834656295 -11.760981120418347
0.27944431729911823 0.084417580922025698 0.95644369701540888 21.674544175043192 -0.074659274741284309 0.99502198804769038 -0.066009362947444014 0.22169767905045282 -0.95725485959818224 -0.05296145138584487 0.28435579551465029 -11.867984969668214
0.26162778017314814 0.056150760754648539 0.96353411808214917 21.921167354789574 -0.079822832240649344 0.99614508624151887 -0.036376951630915935 0.16872368817115102 -0.96186237066159941 -0.067394801161150902 0.26510134039966093 -12.024976213063379
0.23958512630593021 0.027745547258263618 0.97047882607520664 22.135345961276172 -0.086634048895898777 0.99621494708318925 -0.0070937141147206038 0.097460303151192584 -0.96700233134407421 -0.082376961678480382 0.24108199302259736 -12.171037882087953
0.21899753956529799 -0.0032874511728937681 0.97571987287803652 22.341904858390507 -0.093172855565753179 0.99535419872791242 0.024265985667984036 0.0067572609521854166 -0.97126664549446418 -0.096224797944715626 0.21767381930409002 -12.354235574421386
0.19841203403395269 -0.03303297605968894 0.97956188535648403 22.541722441791723 -0.10111475151683275 0.99340921472542976 0.053980914444776151 -0.061986016254241071 -0.97488895356148064 -0.10975861966718191 0.19376422175560726 -12.552050852861917
0.17763872474136977 -0.06519783943847636 0.98193366639748869 22.740020082791172 -0.10891716807249681 0.99037029201736515 0.085461893195191416 -0.13049761441105626 -0.97804986272241123 -0.12213077590023524 0.16882695165961858 -12.761898586786074
0.15787504170147926 -0.097018699789942611 0.98268145555862874 22.929195345790465 -0.11614516192066639 0.98642946534603271 0.11604831433313526 -0.18737228228945471 -0.98060479938157474 -0.13245482923702318 0.14446434038063738 -12.974177217832139
0.13732382892636952 -0.12918564634842908 0.98206579962166496 23.103520452670065 -0.12401906777356887 0.98141433123892952 0.14644173335296054 -0.25756632256037265 -0.98273161994390745 -0.14190482450002634 0.11875009029908401 -13.17411840668583
0.11908915009547216 -0.16123755527591077 0.97970415182247028 23.263086433810493 -0.13128400015555319 0.97550526961387685 0.17650490151470061 -0.35281723247752494 -0.98416578157985912 -0.14963929872932799 0.095004182240047252 -13.387991605116602
0.10011858865040946 -0.19414758115963004 0.9758498782786803 23.43086892063743 -0.13923469518157305 0.9683934039861678 0.20694906323483847 -0.45198993837878804 -0.985185245456074 -0.1565916084787036 0.06992210158246015 -13.572208510390741
0.081134896016121894 -0.22759223370432469 0.97037049821494947 23.613687468410145 -0.14600746091420408 0.96036337688768336 0.2374531652563778 -0.53039874144609056 -0.98595078477875375 -0.16094707046219123 0.044688818554513232 -13.747361396064276
0.064811727377861339 -0.260376623416469 0.96332935903175732 23.803841845102504 -0.15362327978161294 0.95124768335308352 0.26744669155652701 -0.60634790200190036 -0.98600168757636431 -0.16532349770565016 0.021652094654602383 -13.918728600260218
0.047543525814995102 -0.29103062668949514 0.95553167790597016 23.987225290311954 -0.16308875905840098 0.94151481080098254 0.29487610569725886 -0.65922689568095316 -0.98546520477481592 -0.16985592533411925 -0.0027008900422618165 -14.063709832986536
0.031475576185619025 -0.32061630570583921 0.94668604754655772 24.169736039450964 -0.17098106189293261 0.93146671609886356 0.3211467472573315 -0.70290273515685309 -0.98477142757989722 -0.17197366459879559 -0.025500864822835423 -14.212057434685368
0.016472662299099827 -0.34860352055823868 0.93712551819443146 24.355380941799563 -0.17891988413655396 0.92109699525651767 0.34578606159007746 -0.73718650496558413 -0.98372573741736691 -0.17336640615706492 -0.047199181760298803 -14.352844923812997
0.0029788602287309507 -0.37671962235153833 0.92632254238307943 24.533028794560725 -0.1870271224562251 0.90977135812338772 0.37058997747385297 -0.78988513518858017 -0.98235023380537856 -0.17435137531330516 -0.067746705225251835 -14.494220493363482
-0.0094486020814850136 -0.401371913443962 0.91586642640564075 24.705040565832199 -0.19444770625585736 0.89916119812159001 0.39204493278753472 -0.82144318478824219 -0.98086737811517721 -0.1743838492833539 -0.086541664292865139 -14.62767224430484
-0.019440697763122516 -0.42699227254962191 0.9040462700843318 24.877783332904514 -0.20117145693866359 0.88739488052606585 0.41480160429933816 -0.87570730680460818 -0.97936311150852451 -0.17380427267198786 -0.1031502332392078 -14.765373314070951
-0.028941003847900992 -0.45042365724524963 0.89234575546146322 25.046771105695303 -0.20734209555961494 0.8760082314646962 0.43545244724888466 -0.92197983880554346 -0.97784031094306145 -0.17241840794969968 -0.1187443425804684 -14.896172428408683
-0.03764281974694228 -0.46844304961796746 0.88269141118859762 25.209488119773482 -0.21268001900703126 0.86683543765871496 0.4509584609852586 -0.93554460138287676 -0.9763965524502165 -0.17075547804870767 -0.13225860682650992 -15.02025826916698
-0.043911530655266651 -0.48793431743842891 0.87177513117856631 25.375902293038582 -0.21749496984127117 0.85635583289769901 0.46834882892544183 -0.97943770780348649 -0.97507318472474491 -0.16904079190533483 -0.14372715506389588 -15.143165326179307
-0.050003071007364452 -0.50294563517302893 0.86287043114840345 25.534090491325141 -0.22210618593807654 0.84791674944587148 0.4813585235322918 -1.007199361664618 -0.97373945953621166 -0.1675794559889304 -0.15410577819336035 -15.256507013453056
-0.05494729704908452 -0.51612398166031814 0.85474957157175568 25.687416666700457 -0.22674886354397608 0.84012726379770386 0.49271810754761058 -1.035572715531254 -0.97240205030044835 -0.16673996575171479 -0.16319324861219608 -15.35996988827014
-0.060961571727223829 -0.52342585792158436 0.84988767377318764 25.829130179963066 -0.22159104933629631 0.83732059246675383 0.499791588849956 -1.0451029580227957 -0.97323229170973657 -0.15785942065704486 -0.16703086446293858 -15.482015245025071
-0.065553594431499329 -0.53099777527219472 0.84483376407024025 25.972487792938026 -0.21979835146912005 0.83354366531027557 0.50684676452806565 -1.0723430477585452 -0.97334033664929742 -0.15246744136729984 -0.17135421901529391 -15.582309971840402
-0.069066458855712387 -0.53511735148277895 0.84194966856884534 26.104216231321526 -0.21828997450829088 0.83161951400384004 0.51064515170241909 -1.0875137083507151 -0.97343685531743773 -0.14852071932923308 -0.17424776796167385 -15.67203672691409
-0.068220693990241221 -0.53902318576578645 0.83952363999972779 26.235878713882933 -0.21842713514621201 0.82913847378023986 0.51460565283447202 -1.1204300569077228 -0.97346572797572517 -0.14826798880499148 -0.17430169233950266 -15.767764139909643
-0.064461975779489089 -0.54074424152130807 0.83871349037686915 26.363900625595146 -0.21916674775770942 0.82761286186573657 0.51674257377509925 -1.1495196939782055 -0.97355564317398624 -0.15050786071149416 -0.17186271703931721 -15.862664872021893
-0.054058219495584536 -0.54782679880648488 0.83484340292919978 26.504717039389359 -0.21908981337635755 0.82220041926472565 0.52534381526351126 -1.2115295285959828 -0.97420601649737304 -0.15450653407007897 -0.1644699618470542 -15.961907948627873
-0.045847406723508177 -0.54472139209681103 0.8373628964128047 26.621550338597508 -0.22004747257789389 0.8231615106651361 0.52343503624764365 -1.2241030770735934 -0.97441116840315944 -0.16026144998596253 -0.15760438616861716 -16.046148822669352
-0.03489038284666135 -0.53850685249814711 0.84189846834244342 26.727138126526548 -0.22122856752841993 0.82567399441127876 0.51896086159001131 -1.2306812326191057 -0.97459765138960641 -0.16814524901246078 -0.14794118135394485 -16.131910616547533
-0.022287704783852558 -0.53289016015638502 0.84589085313884937 26.838581376357169 -0.22390779287840853 0.82726863866013511 0.5152590608400075 -1.248730008142882 -0.97435545798429635 -0.17791761210714657 -0.13775617880263447 -16.203564898908493
-0.0099988358414369038 -0.52417617505670044 0.85155114983466718 26.941093898057961 -0.22116636867058992 0.83166208007194053 0.50933645259246652 -1.2623730081266147 -0.97518483409601953 -0.1832417039686669 -0.12424579379511713 -16.279839590248283
0.0038221714122601558 -0.51524989326919191 0.85703146878733794 27.043042986487706 -0.21698535723875448 0.83619105065718591 0.50368827814909656 -1.2804713022207614 -0.9761673758888203 -0.18788846235710699 -0.10860561662923596 -16.351937410271425
0.020250611060670387 -0.50436619738332877 0.86325236848140252 27.140361756107804 -0.21240135513838507 0.8415496621434253 0.49666873314279048 -1.2976386441857157 -0.97697265933446042 -0.19341381823274098 -0.090086168913908304 -16.424103777423124
0.038173153133715276 -0.49015143277289625 0.87080100099305546 27.231290627493735 -0.20748906535321618 0.84855548547039639 0.48672566794545447 -1.2995582329863333 -0.97749224965657877 -0.19926153926128598 -0.06930902417827256 -16.490654503340561
0.059516764868986494 -0.47749403935108448 0.87661690440221096 27.32779077966066 -0.20307052168692533 0.85401881676503544 0.47897204911461055 -1.3197820725850189 -0.97735362992180574 -0.20652191892250549 -0.046136526562327251 -16.554839683078111
0.080950588501965459 -0.46124478349850573 0.88357243727755708 27.409100481021095 -0.19900439219793006 0.86115328508737499 0.46777373961046037 -1.324001156278056 -0.97664950422714003 -0.21370135535049589 -0.022078872576362096 -16.607493711167148
0.10669507762157437 -0.44450263290356762 0.88940068009481699 27.490389661865784 -0.19467778706264852 0.8678541723402462 0.4570882789746597 -1.3371997501256865 -0.97504703457613617 -0.22191562561798675 0.0060609793648623844 -16.666194297629744
0.13625853143846267 -0.42608767515196005 0.89436173089742133 27.567617974041486 -0.18920330524461296 0.87497164121248705 0.44567559542613588 -1.3497874167430439 -0.97243802984804517 -0.22994329770081295 0.038605154419171117 -16.737662166446643
0.16713724154992493 -0.406008953146416 0.89845527014539428 27.639919336125683 -0.18412440904480185 0.88238813440742669 0.43300044139802391 -1.3558829819482079 -0.96858832559606278 -0.23779804503387419 0.072723760196259257 -16.79796684060442
0.19946725242748897 -0.38553333858852046 0.90087560742081252 27.705794587271708 -0.18101586616362941 0.88903094641952896 0.42054397214254263 -1.36754729457914 -0.96304001547498519 -0.24695752903117962 0.10754490898575675 -16.847525507994185
0.23526130679160806 -0.3638345890867557 0.90126384001066895 27.774602352285019 -0.17800403027906417 0.89547751611025228 0.40796394858543916 -1.3754543630648586 -0.9554929004085353 -0.25640672753475963 0.14590718743023146 -16.898353560859352
0.27241401612004779 -0.33985476648567298 0.90016073093548987 27.831374919257122 -0.17546906349466587 0.90230712167104954 0.39376701987090118 -1.3765488238131676 -0.94604503675969442 -0.26521801575057918 0.18616710918869184 -16.948712267850286
0.31179573797010596 -0.31654390600802867 0.89587017661760404 27.890349196176722 -0.17249857244139102 0.90834599786664416 0.38098791406727395 -1.3846993526808578 -0.93435949199939039 -0.27332673438365052 0.22861503883561585 -16.995194486909394
0.35132428750072053 -0.29198455934048778 0.88955958885217612 27.937000974648917 -0.17119265027593075 0.91407449462001467 0.36764234627782971 -1.391265317892364 -0.92046962008727606 -0.28144774895512303 0.27115095999180994 -17.032138605294691
0.39197054927765962 -0.26655223874333722 0.88051632155223836 27.986873190325767 -0.17044527817471766 0.91949515733125264 0.35422741677108799 -1.3936848458936055 -0.90405060458301389 -0.28892656448532023 0.31498245139657721 -17.069171926688664
0.43294457494365479 -0.24239586386109846 0.86821842885871192 28.031759273331357 -0.16953121274282607 0.92408420491975984 0.34253109365977574 -1.4029006832494877 -0.88533505687553404 -0.29548710191960531 0.35898357854691354 -17.106177924718587
0.47366273906885059 -0.21755664870989458 0.85341239399244362 28.070868939506514 -0.16930247571150656 0.92844325882460577 0.33065055097655732 -1.4107839247875604 -0.86428020996419264 -0.30110167675598509 0.40293609781078887 -17.136312850503746
0.5144180988162359 -0.19326608635923728 0.83547725251719052 28.114491199870635 -0.167810117033972 0.93274898618233704 0.31909104248923548 -1.4141302188152303 -0.8409600372379975 -0.30434774295073436 0.44739095557404795 -17.171181217916082
0.5534887908885151 -0.16954961812168834 0.81541589716877583 28.148752145404398 -0.16750298066835639 0.93639247671563464 0.30840214172015085 -1.4215766043455804 -0.81583877685973349 -0.30728172178824664 0.48988267332787416 -17.200561685723702
0.59094523551414646 -0.14734440496243895 0.79314144700008882 28.179139763870463 -0.16683357489209277 0.93960204533579283 0.29885540766316948 -1.4317844282968013 -0.78927199805381065 -0.30892980226430011 0.53067135815030186 -17.227880798255029
0.62504741057309166 -0.12512720895619886 0.77049264507502258 28.193739110388904 -0.16808177363710039 0.94233915734406382 0.28938802654409579 -1.4387340884547994 -0.76227570596660077 -0.31038700700079491 0.56797504696791834 -17.240800357976415
0.65870756077910209 -0.10341667582706723 0.74525790202675801 28.214593656620632 -0.16771363580543056 0.94540616698424895 0.27942676284327844 -1.4367973151634001 -0.73346880352021038 -0.30905043373053148 0.60540180349384609 -17.264410993397824
0.68977861743231772 -0.084798761691825472 0.71903729315571197 28.232637973469945 -0.16633119653059683 0.94799563392549391 0.27136361421329314 -1.4389143631389796 -0.70465551299472584 -0.30677915195419325 0.63980243820448657 -17.28408876466915
0.71872449872587529 -0.068159858949971106 0.69194604454332942 28.251707974082226 -0.16415639151276784 0.95041479858733025 0.26412949428587368 -1.4397704994647484 -0.67563878963300061 -0.30342370417309938 0.67189752320508611 -17.302213380924854
0.74450569344166051 -0.055653830872992881 0.6652923594496728 28.259596681672427 -0.1607456078352282 0.95225919003539439 0.2595443787771517 -1.4521493844797504 -0.64797540230678152 -0.30017509240823909 0.70001627974145708 -17.312269845813887
0.76714766303734394 -0.042800758887997219 0.64004105972582215 28.262798789739598 -0.1586479494129879 0.95411549708480203 0.25395756804961578 -1.4496890864486367 -0.62154267049286005 -0.29636415650552739 0.72515722122541915 -17.315361998440089
0.78850063381330715 -0.033215803121831769 0.6141363536699197 28.267261190216715 -0.15408927605086939 0.95602500452998251 0.24954495731143492 -1.4515881279905858 -0.59541854647141457 -0.29139818313849974 0.74870812295676981 -17.328111114708243
0.8061208798090842 -0.027712142308713973 0.59110165310586771 28.268800038226441 -0.14827755960930891 0.95757572252037693 0.24710827779717534 -1.4538861178498819 -0.57287249231581705 -0.28684625290953292 0.76781269508886374 -17.324264072140934
0.82088180761075902 -0.023847276379067341 0.57060000468190775 28.255077165435999 -0.141882045777903 0.95928733925841292 0.2442074647188156 -1.4499971885177207 -0.55319304317712625 -0.28142336105557214 0.78407802470966836 -17.322335039878695
0.83348212205080174 -0.025795499066283797 0.55194396857798322 28.253473888725349 -0.13155506813042633 0.96092018759378228 0.24356858813059024 -1.4541166621721671 -0.53665707511491101 -0.27562109009045654 0.7975162684399969 -17.321336966519432
0.84211127559217658 -0.029200302496581062 0.53851271280688018 28.2481463903612 -0.12273710688952696 0.96195312300849956 0.24409381746898759 -1.4535366476508442 -0.52515159917199727 -0.27164964838612021 0.80648761082783604 -17.308191628006231
0.84932223973545273 -0.037938739245493243 0.52650962494071907 28.249324573653254 -0.1097904852980309 0.96290658876994328 0.24648925055964227 -1.462720143972245 -0.51633107831000935 -0.26715454959235435 0.81365266803675462 -17.308307418615808
0.85393757161012607 -0.04960128237726822 0.51800611635301319 28.259567672580484 -0.094543179440372507 0.96409163761485828 0.2481711133520709 -1.4611572121015224 -0.51171497048054637 -0.26089658308922214 0.81858460889419504 -17.311668628053592
0.85593379018027704 -0.065351731295739693 0.51293907829709662 28.266051108934082 -0.077728892269500874 0.96444832787473556 0.25258195138644179 -1.4686125936392325 -0.51120990418240331 -0.25606361333909972 0.82042419502934105 -17.314628177403211
0.85651461791475558 -0.083076102986881201 0.50939284487598901 28.284271643470703 -0.05933013208777143 0.96456972185764389 0.25707039328151948 -1.4721084111073435 -0.5127013211654402 -0.25040689444977471 0.82123915060549302 -17.326817035239731
0.85456929300629736 -0.10217792896519083 0.50918660065157006 28.300927179497467 -0.040636742776382975 0.9642922485845784 0.26170424997738145 -1.4695902697644354 -0.51774509035551775 -0.24433610079577286 0.81990236690759399 -17.336175434771544
0.85068311612940106 -0.1244204635368064 0.51074238534280503 28.321757521622725 -0.02027732001533207 0.96309670161649019 0.268390710771504 -1.4730742637629837 -0.52528760334255742 -0.23867193297227796 0.81676718970947204 -17.351868682033164
0.84454855992699662 -0.14869153291203485 0.5144206041416941 28.345287389458871 0.0012225976749494414 0.96120670626291616 0.27582634589560379 -1.4750548754113422 -0.53547757672955976 -0.23231981378148811 0.81196752948894035 -17.370808423907526
0.83584762542669611 -0.17614518307717084 0.51993424733062499 28.373150315603823 0.023671852703816058 0.95780735930880079 0.28643447041770403 -1.4888402676739458 -0.54845090068129376 -0.22710776502051111 0.80475068972276498 -17.386159793851277
0.82575789026606916 -0.20481264582941985 0.52552420188958293 28.413822190225844 0.047988500729907325 0.95387342155060717 0.29634878008359244 -1.4950544433698831 -0.56197954630130997 -0.21949322487878839 0.79749715596438553 -17.412150440465862
0.8131984357316524 -0.23298222498160698 0.5333175292133322 28.45111359419694 0.070341858744083788 0.94900299051022252 0.30731961686667814 -1.4979675875954956 -0.57771993823306889 -0.21239728539996541 0.78811615014711167 -17.432513071639406
0.79854803127261187 -0.26290689973632236 0.54148038175142688 28.494431507475053 0.093064068458846225 0.94268049234221796 0.32045681225294737 -1.5044924431425399 -0.59469329987189434 -0.20550778921605115 0.77724283699433871 -17.452690976553104
0.7825638488148029 -0.29255697518395146 0.54954912319043792 28.545937223294274 0.11625743190206063 0.93585415684096818 0.33265779210927587 -1.502968974891054 -0.61161918875694221 -0.19643679236512004 0.76637755352672143 -17.482633302311736
0.76397751597938413 -0.32100366323387919 0.5597276152454872 28.586943651783262 0.13582051015760954 0.92803600153377175 0.34684574219346537 -1.5073446504830057 -0.63078613182163135 -0.18895985829704529 0.75259752049409789 -17.505140480488318
0.74338582403980635 -0.35011423962602528 0.5699101120595671 28.626666050892535 0.15509467469057156 0.9190643998956658 0.36230687369555309 -1.5204398467749602 -0.65063289072969865 -0.18094377042470908 0.7375203003614248 -17.531586585353065
0.7223213434372594 -0.37966511610620796 0.57801926994439601 28.685577685719512 0.17491578228790067 0.90894577143790267 0.37844689679236071 -1.5326533984824047 -0.66907125623628805 -0.17225557813091463 0.72296035152778604 -17.56442347981142
0.69957150022956682 -0.40808431269223999 0.58657216930319445 28.737614970676177 0.19242055500369756 0.8981452819543625 0.39535981398618097 -1.5451779636409579 -0.68816716434208214 -0.16371391583375158 0.70684065225746395 -17.597434006509442
0.67647284927888485 -0.43459554818372065 0.59456807321567351 28.792755229144422 0.20784345758388464 0.88716569652661703 0.4119928689261726 -1.5505160769337893 -0.70653066552562538 -0.15512490581893632 0.69047134789691533 -17.631066938767642
0.65391970808751154 -0.45988359237535142 0.60074628324999679 28.859583043332304 0.22305630947696606 0.8759418769284546 0.42775192699223702 -1.5534509702002339 -0.72293491973846413 -0.14571516635888582 0.6753755933669372 -17.674142017793972
0.63023898762308561 -0.48538602322507585 0.60596965842983785 28.927002962279619 0.23654749327746954 0.86342239521873909 0.44558618791304677 -1.5688673870759351 -0.73948908166650695 -0.13748518426536604 0.65897930331956922 -17.715008651181524
0.60726637394663285 -0.50838169617290108 0.6105535210528823 28.99547960583913 0.24765827632521856 0.85131318488286234 0.46252701479180547 -1.5795071908117226 -0.75491253085462151 -0.12966847049673055 0.64287880546624698 -17.760398884381903
0.59138207127230036 -0.52217931216455327 0.61448841463858217 29.065381220393608 0.24625687886786199 0.84256645701195865 0.47899824125833118 -1.5873570805777102 -0.7678702985452317 -0.1319489729617831 0.62686894415530547 -17.803430771950147
0.57616258942365917 -0.53534305362563905 0.6176119214226683 29.13457402421481 0.24447419120303301 0.83392458348360365 0.49477485677560556 -1.5958237791639953 -0.77991604701034767 -0.13408058769439504 0.61135370745524953 -17.851688522352724
0.56019800089728422 -0.54821681792404742 0.62099639317464506 29.207309715756342 0.2423834723891482 0.82534244238646126 0.50996088586099431 -1.6044653653481631 -0.79210381396838725 -0.13515980667632996 0.5952338822311376 -17.894414865546999
0.54536612536259521 -0.56120694367310031 0.62259341120838074 29.284571650384468 0.24133946011322255 0.81645616146354349 0.52455181002497209 -1.6176317863176772 -0.80270234476999536 -0.13581643045417519 0.58070891410364789 -17.945538244462359
0.53122944698430896 -0.57355327532754252 0.62356388206645963 29.368307287879446 0.24062356605246124 0.80783594146862769 0.53805333483930085 -1.6288309560201226 -0.81233956823297859 -0.13578561055039715 0.56715667487081012 -18.00078368321563
0.51757744044565657 -0.58499004615920336 0.62441992203674623 29.452877415857412 0.23990920132761853 0.79971763508750393 0.55035922745820687 -1.6398668711373579 -0.82131429322767013 -0.13504943548457807 0.55426030140650495 -18.058758115584926
0.50445609113288292 -0.59501406201920293 0.62568547858995471 29.53710290675377 0.23883886366173795 0.79252995451627861 0.56111698281124511 -1.6491589033048759 -0.82974697909887107 -0.13362087110116241 0.5419090453964247 -18.117492783430066
0.49174560379483934 -0.6046546825594068 0.62656123085252569 29.626906285882072 0.23831884795826744 0.78555886330844882 0.57105288632961315 -1.6598875738053926 -0.83749053000991791 -0.13149139567485341 0.53039572491413045 -18.178112380084684
0.47988467500335052 -0.61381075371718774 0.62685489335097855 29.723931279957824 0.23889029878211665 0.77892426178925045 0.57983482091356187 -1.6718668417092375 -0.84418133350881419 -0.12850429182408354 0.52042725057213435 -18.243215631884414
0.46876474861514816 -0.62057448159753759 0.62860712949005315 29.815307217523131 0.23788692407570849 0.77403779166067221 0.58674978349793017 -1.6824786244950976 -0.85068761705433038 -0.1255101982749505 0.51046818541355499 -18.305763675301858
0.45904459762559324 -0.62600400488724617 0.6303943553490039 29.91481729133729 0.23752981657195321 0.77022262654587892 0.59189246641266013 -1.6918898132017113 -0.85607105057352084 -0.12196758348797605 0.50226115213905609 -18.372578901243454
0.44956143371504154 -0.63131586955087948 0.63192941866105057 30.017096073133793 0.23858825546717966 0.76661443574990729 0.59613584966262445 -1.7063804133764495 -0.86079623702082031 -0.11722874968653493 0.49526483680726574 -18.441863237142165
0.44076007159216957 -0.63527372118562253 0.63415917438844771 30.121778512539876 0.2396842121794896 0.76412760395956192 0.59888269577515452 -1.7239798499547037 -0.86503296915317796 -0.11196563775547802 0.48906201880747813 -18.511838128013483
0.43247243080879727 -0.63774430713850638 0.63737727862134863 30.227913192974757 0.2409027373682435 0.76293326937472628 0.59991557540180462 -1.7444813255751541 -0.86886907397997371 -0.10590101601787211 0.4835819548820709 -18.580444670281082
0.42646916895547715 -0.63819434139604658 0.64096180115549095 30.340607682210226 0.24317760077993508 0.76344333134569786 0.59834683445531611 -1.7576750306378346 -0.87119957668110659 -0.099308924240721103 0.48077961183562212 -18.657575375893103
0.42164918249727901 -0.63657207416326278 0.64574605015815467 30.452435512910284 0.24547330404323969 0.76568989311949454 0.59452657180041357 -1.7746033928510028 -0.87290023708409648 -0.092168226467360503 0.47911396778677806 -18.735939960334612
0.41782619625646633 -0.63294505135928925 0.65176823463685285 30.565652104239945 0.24733457600829814 0.7695392472092194 0.58875712693390236 -1.7937033393394306 -0.87421214658265201 -0.084793330896095018 0.47808285244599291 -18.812672784476224
0.41573624028677247 -0.62692427685707797 0.65888491377436254 30.682401999533482 0.24981678049678521 0.77530954357939974 0.58007472606287902 -1.8084286656810862 -0.87450268992979108 -0.076557577821747727 0.47894047916586358 -18.889825246431492
0.41490419379342947 -0.61931296969283434 0.66656279189800782 30.802150463654442 0.25286864631557066 0.7822214961012034 0.56937419922905363 -1.8251813309741454 -0.87402057051487947 -0.067682912226333325 0.48115181149966302 -18.969236889092528
0.41413642692998243 -0.61211166477725854 0.67365445870511398 30.938461095305804 0.26040215323563537 0.78884746504395842 0.5566959632366355 -1.829380316783296 -0.87217070489664561 -0.055127005517566864 0.48608566609472681 -19.063419893173144
0.41992706552464631 -0.59792185607878234 0.68275230769523088 31.063766368895173 0.2605811081537403 0.80005482039244846 0.54037928387399892 -1.8476306671908533 -0.86934385930610225 -0.049007534013771448 0.49177181283259919 -19.149873418656256
0.4264271707234164 -0.58117489873625261 0.69310576764858123 31.188749007603185 0.26061799154227677 0.81271539688995287 0.52112565293072666 -1.8643987887127835 -0.86616287761211075 -0.041586304679701688 0.49802856214256919 -19.234644667239735
0.43460402908864504 -0.56283515162911202 0.70309027158007986 31.318932877031251 0.26169021223451266 0.82590829985828063 0.49939334501558996 -1.8825113778094618 -0.86176421991201957 -0.033046517454018931 0.50623152505902813 -19.325720866775644
0.44445070348219762 -0.54220501538658294 0.71307593807659442 31.4518792726873 0.2631877309689149 0.83992393042848645 0.47461564382244836 -1.8974210544534265 -0.85626852706473677 -0.023270418629633954 0.51600648947003358 -19.420284043179702
0.45420310461261693 -0.52007086632162414 0.72334351021056065 31.585564324152919 0.26344360368205427 0.85402115500393194 0.44860376111303707 -1.9153777168946862 -0.85105640673181748 -0.013197000008541215 0.52490840320145549 -19.510185617678161
0.46515907332540973 -0.4968017855042956 0.73267661517397309 31.725779265390983 0.26479088580836507 0.86786269342783651 0.42035714832628035 -1.9330146053107116 -0.84469688249446484 -0.0015268516381735182 0.5352427911034463 -19.609040348513041
0.47710169772885647 -0.47231435014518269 0.74114312023466622 31.871109266286226 0.26587150494968254 0.88136486799899427 0.39052312647640519 -1.9478825295853839 -0.8376671850323576 0.010729590115620252 0.54607560192332061 -19.711548384190024
0.48922931614544374 -0.44597576077523138 0.74950670245489814 32.016726885696208 0.26614313714447774 0.89472299471343875 0.35866222728621922 -1.962039682875292 -0.83055554105355134 0.024007988919720464 0.55641810690637428 -19.818715518072459
0.50131268493718684 -0.42070805219630181 0.75610206105939359 32.172870887710843 0.26670732799067459 0.90642193109322255 0.32751562409953522 -1.9806505541324808 -0.82313595056779276 0.037470223517176257 0.56660673242772996 -19.928827497691422
0.51397966428458441 -0.39629509027515419 0.76077270332584446 32.336264481967056 0.26716354114400787 0.9167289415714992 0.29703819614418747 -2.0029609459559286 -0.81513713385251929 0.050579137092344226 0.57705563328477605 -20.042742310065702
0.52604036452991298 -0.3715849216937106 0.76498769980641868 32.50396294514011 0.26692277082784005 0.9261842380760853 0.26633623777663029 -2.0223900234617904 -0.80748607994121169 0.064089024874000977 0.58639477111573479 -20.156081155446543
0.53828557326341997 -0.34726104203301544 0.76789218663990555 32.676075701549358 0.26610408488152137 0.93458155461146508 0.23610576822556698 -2.0440689707275674 -0.79964820866793629 0.077246918813383053 0.59547934969064986 -20.276029828959064
0.55061960088279394 -0.32316702474371961 0.76966299718900666 32.854470153856418 0.26471745099025845 0.94203089157452136 0.20616127294070638 -2.0638335728069208 -0.79167084464750437 0.090226788913295761 0.60424862457228878 -20.397322895256984
0.5621405435905793 -0.30137398046680158 0.77017642988427282 33.040635508690613 0.26397324987845383 0.94791542763555559 0.17825393515742979 -2.0847092002069454 -0.78378321786084171 0.10310221116977911 0.61241636282157486 -20.523186256621972
0.57341554777865311 -0.27944766167490109 0.77013220550119665 33.228584699238482 0.26261231296064369 0.95312145266164905 0.15031390340753159 -2.1014078182756872 -0.77603439527328177 0.11605387051097366 0.61992105666145436 -20.653797128865538
0.58416578251079376 -0.2587086263975355 0.76929850199454608 33.420661812380608 0.26031981401750559 0.9574852208958855 0.12432073920247019 -2.1193099915678042 -0.76875479378891909 0.12763972106463448 0.62667708481569595 -20.78838588964987
0.59330325944247064 -0.24305411676427296 0.7674085865162571 33.621989797692116 0.25941868591561668 0.96019743759155063 0.1035510803441226 -2.1488172867290971 -0.76203227473169088 0.13764293358745114 0.63274104900874373 -20.925123406616017
0.60237580926271139 -0.23105619631178859 0.76403953991990592 33.843817754334964 0.26069256210541153 0.96164762824546779 0.085283217298497971 -2.1704776214130153 -0.75444202724795861 0.14780687817484978 0.63950790009678182 -21.076582951331311
0.60926986854223708 -0.21882910431475594 0.76217061763841754 34.051774725213683 0.25900673992892681 0.96336829872364838 0.069548757614299933 -2.1969559942454819 -0.74947030358641586 0.15503336453520269 0.64362948963124778 -21.218872717674468
0.61475918781727856 -0.21073226098981773 0.76004148253392023 34.267889899710674 0.2575367626172409 0.96445934397949717 0.059101520380349472 -2.2278638437943465 -0.74548370665955599 0.1594054201988041 0.6471815472619501 -21.361488126910547
0.61929973574462838 -0.20684439442657279 0.75741879683629321 34.492165127616168 0.2579572567492967 0.96472665100763788 0.052540865295165197 -2.2596568766060434 -0.74156988274673818 0.16284313104915316 0.65081197259507872 -21.511422668339687
0.6218803057728568 -0.20588757745396896 0.75556283043966255 34.722007443105845 0.25852358612328225 0.96470514938906671 0.050095210950513454 -2.2918821212523235 -0.73920933483676743 0.16417758736305788 0.65315792814435736 -21.6564940286842
0.62296398467887903 -0.20882502547291637 0.75386204475968221 34.958348686216972 0.25950413447020515 0.96430442331760491 0.052674314072146518 -2.3327095156179656 -0.73795221931090027 0.16281611685068925 0.65491788348447155 -21.806502511130251
0.622520019746298 -0.21506403241406358 0.75247344602774624 35.197036000127724 0.26203809651441778 0.96328092634839468 0.058531127688429593 -2.3774580899904909 -0.73743125848459223 0.1607399107103808 0.6560166309741311 -21.962640371174729
0.62168700857256409 -0.22263091876966831 0.75095987734357017 35.439599563023428 0.2641360573186724 0.96218433464601349 0.066584152663792584 -2.4210375017529131 -0.73738552101071508 0.1569610785181523 0.6569823538225168 -22.120970546477441
0.61906432729606675 -0.232012663256291 0.7502862672061853 35.689205436030981 0.26748693934161499 0.96053395150337895 0.076323425571443268 -2.4546344716166724 -0.73838343423395103 0.15344266713671068 0.65669266171539409 -22.28034609851732
0.61559181420459042 -0.24378321795126123 0.74941074247012829 35.934172507382343 0.26947461606497963 0.95874342243130284 0.090523374005525709 -2.4966310203787323 -0.74056069945746716 0.14622172407012685 0.6558879918317051 -22.430873600768198
0.61165386685002665 -0.25742041625809481 0.74807371057999295 36.182726371516999 0.2725304289262574 0.95626480345952358 0.10622989679835358 -2.5342387827271455 -0.74270230407390014 0.13889692206103016 0.65505796122579263 -22.57305528688622
0.6067144833524325 -0.27140789109633928 0.74715145207717337 36.416012821315242 0.27494469610025479 0.95354483093374498 0.12311648746562853 -2.5752754080728808 -0.74585719127506545 0.13072877284734741 0.65315161959004375 -22.720409210925013
0.59880641491125608 -0.27892216456078528 0.75075515554530481 36.611935995276646 0.2754670618443183 0.9519324097193832 0.13394993529190974 -2.5746906964118548 -0.75202977022188888 0.1265982363327961 0.64685710265671381 -22.84176374416122
0.59200026304984188 -0.29684872745226837 0.74927733287407472 36.842323825317735 0.2777200565332571 0.94789288380880787 0.15611102146801314 -2.6204894399837562 -0.75657600989463225 0.11567157747083279 0.64359368192775679 -22.968121237775851
0.58445148768115107 -0.31582347661778093 0.74744363678095993 37.068816674347957 0.27986953780640511 0.94307990586687851 0.17964780254194276 -2.6708700191185302 -0.76163606818172591 0.10419127970793754 0.63957382441552735 -23.089558994299736
0.5769464182966948 -0.33522088273342554 0.74482198557376011 37.296164846198117 0.28241362381845458 0.93752656273135471 0.20319077059467941 -2.7092330076970628 -0.76640418546374345 0.093117688719996566 0.63557353669823446 -23.203271167362548
0.56858224367197507 -0.355051111718516 0.74205993036168505 37.520086799312899 0.28399711845238029 0.93132201428587569 0.22800206669511558 -2.7450814783034603 -0.77204913631950112 0.081104955298336334 0.63036665309513906 -23.302799476194544
0.55926287491075799 -0.37635834890924935 0.73863348824221187 37.752415151923415 0.28501631256423154 0.9239817690533092 0.25499684709698972 -2.7659433111409388 -0.7784540694985429 0.067912323354609436 0.62401696933475836 -23.374543275929845
0.54839520577204348 -0.39780474651788755 0.73553659455806641 37.972652906996082 0.28725911605843568 0.91568810094377251 0.2810649427291026 -2.7526973990449752 -0.7853310757429407 0.057154924878148286 0.6164320043886502 -23.44572772727561
0.53803354759614341 -0.41774631119857103 0.73212561841605794 38.180782822824575 0.28820861926002339 0.90737823456985445 0.30594203897654382 -2.6960836535666695 -0.79212100934474627 0.046397833019235279 0.60859801810865255 -23.510671053803222
0.5276336907815663 -0.43901477207283024 0.72723360638385215 38.384608134507758 0.28886024810174665 0.89781036375503231 0.33240984913304539 -2.6118942498107822 -0.79885070283427806 0.034678244417755064 0.60052891183129775 -23.568037224065336
0.51701911506241593 -0.46047829637020143 0.72156148264168973 38.572268313491975 0.28875581521944993 0.88738478556963629 0.35939994646143392 -2.5073934352170406 -0.80579855661140742 0.02253843187818581 0.59176068241430602 -23.622971580038978
0.50688212604430982 -0.48115139398889456 0.71523691624478114 38.746685167880173 0.28900769456322178 0.87656035766884943 0.38485905452088592 -2.3901851672165222 -0.81212379769346255 0.011630796447462706 0.58336923281395792 -23.691914627046792
0.49568100208071686 -0.50048628902710768 0.70979843524209807 38.924676449119268 0.28604214566821468 0.86574429465860181 0.41069052480864954 -2.2609496112975318 -0.82004892236852578 -0.00053922347361587528 0.57229317151287529 -23.743609128303987
0.48569567678417613 -0.51845967511862967 0.70377501719586932 39.074709228876522 0.28367860194907318 0.85502872902882121 0.4341109573963528 -2.1442982026536632 -0.82681688441237122 -0.011199902287239117 0.56235967302019074 -23.820769955255791
0.47567427176006649 -0.53577517731719548 0.69762378583034168 39.219127934903405 0.28157078746387332 0.84410902268260402 0.45628702531717186 -2.0301677858255482 -0.83333779395423135 -0.02061351975153505 0.5523795832314482 -23.897587054541781
0.46557504638505509 -0.55320444480735342 0.69080005676674749 39.35664460857808 0.27987454873730139 0.8325320301340623 0.47808017713553935 -1.9261729169509907 -0.83958925264241302 -0.029244846490358405 0.54243398289663758 -23.980341674280911
0.45489708984377342 -0.56933429354723575 0.68478252010600837 39.485407423206077 0.27576776710395179 0.82120826727764673 0.49956893456393558 -1.8304353020057809 -0.84677079323637894 -0.038411507988037809 0.5305692978074763 -24.043532651440366
0.4453004376239611 -0.58287691461830815 0.67967788154165376 39.60642193839945 0.27238048829249023 0.81130104272959014 0.51730019105295555 -1.7251894863962363 -0.85294571330739066 -0.045223008202918816 0.5200370079904173 -24.107534086040872
0.43734696573824661 -0.59590556002220141 0.67351629163233717 39.730030053464112 0.26857753091621678 0.80131010737623543 0.5345729339422588 -1.6372305641985203 -0.85825039554112503 -0.052902507986979319 0.51049738804639344 -24.176423692416261
0.43098607068044592 -0.60861990145444467 0.66620779223378335 39.859117051753273 0.26447643249354541 0.79107234652985059 0.55159474182704393 -1.5656600653322021 -0.86273009889241548 -0.06153339019864066 0.50190678253610499 -24.243768715794953
0.42568599863884493 -0.61890279530151004 0.66011420264286591 39.977658385542092 0.25891329881648267 0.78232024383057319 0.56651473042529021 -1.4967247367553582 -0.86703825420728475 -0.070245042962829227 0.4932649386286585 -24.297820150556543
0.42208966218341448 -0.62858467475953494 0.65323933113013088 40.102411045010712 0.25460173951543225 0.77376749198259276 0.58005329288495933 -1.4389023791007622 -0.87006796936423725 -0.078518628416560932 0.48663801092596026 -24.355247376360168
0.42055571495912225 -0.63623839378723523 0.64678713413785582 40.22474506174931 0.25032656761035865 0.76659662159878317 0.59132582330027561 -1.389338161195578 -0.87204902394512096 -0.086777451128569008 0.48166396358041019 -24.406400653124944
0.42069376790947732 -0.64189166600708714 0.64108645497528072 40.340810802524459 0.24639581749752004 0.76094452303063975 0.60021040809819426 -1.3441186027622773 -0.87310128551151234 -0.094543756961093003 0.47828404035450123 -24.455372593155428
0.42479432633430814 -0.64121119215296973 0.63906023767086995 40.447968172888487 0.24429343332201384 0.76092227023023451 0.60109734411608318 -1.2946642670050614 -0.87170551148304909 -0.099224521794934448 0.47987914679077526 -24.504399222866983
0.42916280927871431 -0.64045677578632498 0.63689434090858976 40.558477372264974 0.24403064765891333 0.7611258382028987 0.60094633822256216 -1.266077680130687 -0.86963689326935367 -0.10248208023513129 0.48293798473044847 -24.545475157994396
0.43559943306083371 -0.64022826631275687 0.63274078494375707 40.667599635150445 0.24434536931251818 0.76064341243005074 0.6014290811245302 -1.2488033088539519 -0.86634200776172066 -0.10737488598796854 0.48777265139249193 -24.5890750877466
0.44451182377458187 -0.63840821120621627 0.62836628998465094 40.766810989932154 0.24470648139603002 0.76134022860220585 0.60039969543189764 -1.2317134813548334 -0.86170063043226885 -0.11311945976011499 0.49464736058753034 -24.635205918139519
0.45472092383991125 -0.63646777761890416 0.62300694175509064 40.857189610057297 0.24331184995969868 0.76167440329504432 0.60054262715841189 -1.2211089561482413 -0.85675447188291165 -0.12149432669055517 0.50120944074372931 -24.6678310708491
0.46699063357043347 -0.63436057406947111 0.61604091603053146 40.94456728433952 0.24244801447049596 0.76182893473092195 0.60069595843992729 -1.2155226177531735 -0.85037562784736465 -0.13116148929087265 0.5095664385437888 -24.695892912237841
0.48231682790365515 -0.63216979982315746 0.60640895583138044 41.030803447666415 0.24169532265411389 0.76141458193875222 0.60152406886022358 -1.2147041343989282 -0.8419939717884446 -0.1435589725603531 0.52003554962073129 -24.729242491226174
0.50012779006746699 -0.62881076423704707 0.59537317405292323 41.109447503627599 0.24095070846749367 0.76143597360162318 0.60179565817174285 -1.2141767298285586 -0.83175414017078664 -0.15751914450303831 0.53232768989015256 -24.763909148784485
0.52360986242961927 -0.61544498467880093 0.58911813993472117 41.170311078759148 0.23915917520289801 0.76986405158300186 0.59170282321151269 -1.2150844008358088 -0.81770141303699895 -0.16892842541714415 0.55029772505742713 -24.788746221279489
0.54985788087504683 -0.59938918688532805 0.58171205375559143 41.229556530605123 0.23727926687721967 0.77984559582967894 0.57925762504714795 -1.2158313937694178 -0.8008463400364717 -0.18048116054036872 0.57102687357092896 -24.810057233742441
0.57828953848684117 -0.58136127502034218 0.57236376333883898 41.283984975557502 0.23610538433176581 0.79080895017468134 0.5646905805953979 -1.2140582087580174 -0.78091962273093485 -0.19141648891968657 0.59457907010206301 -24.838754201388173
0.60675229987871349 -0.56158656749540448 0.56255859588190571 41.332195597405857 0.23488919039204767 0.80278416052589607 0.54805534377989673 -1.2171047835588549 -0.75939364945254861 -0.20039490716448341 0.61900174987933432 -24.866367886965659
0.63548190470519383 -0.54177845976276162 0.55012621218166713 41.385363555648681 0.23415846041132102 0.81416619260174306 0.53132214921098597 -1.2341697061097521 -0.73575305925973478 -0.20882890451628366 0.64424989284319645 -24.891843526755281
0.66496940924732151 -0.51860258942254556 0.53746352342228687 41.430598675613105 0.23181567787030333 0.82739377543272385 0.51154768288861896 -1.2358820370648353 -0.70998392676088107 -0.21557108947958212 0.6704117608766913 -24.917126129173859
0.69393926972320696 -0.49569585764938134 0.5222393193213879 41.474726050310707 0.23050767349064089 0.8400660875187328 0.49107553498713497 -1.2497148168014713 -0.6821396502168412 -0.22039642762579661 0.69721654619768791 -24.955307899658589
0.72162681920422544 -0.47490839191498008 0.50370304058435045 41.494054605266328 0.23110008433222362 0.85111517883969345 0.47137639246181584 -1.2829137485185822 -0.65256990799977233 -0.22375203158274198 0.72393890870415611 -24.999472490942971
0.74925472354608669 -0.45229843891775251 0.48378040617251267 41.439904515123501 0.23279090714981232 0.86372242926012111 0.44698093778299169 -1.290394544769017 -0.62002076803301087 -0.22228289935476217 0.75243907385395403 -25.013609769147582
0.77440764043114063 -0.43063265864100569 0.46351733490092084 41.372098943973455 0.23257308161739942 0.87508083176169194 0.42443291530022959 -1.3072875565456565 -0.58838980969155119 -0.22088243749796968 0.77782284657632406 -24.992169170010186
0.79851795853526508 -0.41061813716464901 0.44018384264771271 41.323764303559415 0.23506179569271934 0.88587683524374428 0.39996022925316249 -1.3126951355578476 -0.55417959372606551 -0.21590502127083916 0.80390919865843768 -24.984512453514661
0.81967255222754087 -0.39133486029500314 0.41832276323752665 41.261376954559239 0.23498421638741931 0.895705083093428 0.37748486349704913 -1.3336355516646023 -0.52241681172563725 -0.21111473477350104 0.82614238699387321 -24.957467437334511
0.84025717009355727 -0.37049992521533365 0.39585059494940639 41.196788685572677 0.2323370272045599 0.90571577544370663 0.35453975785820241 -1.3466774748154637 -0.48988508233678069 -0.20593382317588674 0.8471150255874631 -24.937130020849676
0.86004995491669167 -0.34883232189143876 0.37233061417458585 41.136820561128509 0.22721640024008166 0.91526714694984279 0.33265411041535914 -1.355822745455024 -0.45682248468057662 -0.20149953081365371 0.86643589293850343 -24.911897801794108
0.87761979734127027 -0.32888179492678038 0.34874095870775906 41.077123091916825 0.22219501210814607 0.92374216273626031 0.31197723214618911 -1.3692207302641906 -0.42475035951594975 -0.1963088937085519 0.88377030406208823 -24.884542412911454
0.8929940266018046 -0.31024159849167354 0.32605493251724738 41.019009248822599 0.21733510959193336 0.93164075446260752 0.29122320436909871 -1.375433865214639 -0.39411561576795939 -0.1891973974178153 0.89937602048207144 -24.862413773968395
0.90659724113364681 -0.29180288445738756 0.30484835408971578 40.953899330238848 0.21053456208254226 0.93882816413812231 0.27253784395888042 -1.386650781239767 -0.36572754960157483 -0.18290094270777124 0.91257361599984699 -24.826456061191195
0.91836184045000924 -0.27485202096082434 0.28472424655975886 40.893994767079107 0.20390791740409681 0.945254245360305 0.2547861315853836 -1.4025159485332614 -0.33916528599665952 -0.17592833257344012 0.92412993165070312 -24.808365965834298
0.92714604043055104 -0.26122698631809138 0.26862740242409866 40.817252106244851 0.19801948367148972 0.95021357736118295 0.2405877001946273 -1.4167779435545482 -0.31810140490168787 -0.16986647408370775 0.93271478876553759 -24.772149099597179
0.93477297980518825 -0.25089391981946135 0.25149894080046292 40.764595291591277 0.19491609516482475 0.95410751738693622 0.22734678601518471 -1.4286901354624815 -0.29699695633427969 -0.16349644113363107 0.94077719023412287 -24.750786217124425
0.94038190042746461 -0.24247700592210628 0.23850950284523439 40.701350487211592 0.19166132927803536 0.95709353310551959 0.21734282538646238 -1.4467964661385027 -0.28097654031574687 -0.15867221082043512 0.94650690082299394 -24.726549623877133
0.9449052314265417 -0.23651476612251257 0.22630702381668755 40.652888585353445 0.1902271539981096 0.95936972613477134 0.20838272111159645 -1.4623221752085411 -0.2663976980090727 -0.15385218224681468 0.95150500393500814 -24.706707107237239
0.94756391963528808 -0.23284207163980597 0.21887710679715414 40.587706161519641 0.18984601528181849 0.96111260231041273 0.2005518789782883 -1.470159743971271 -0.25706246067254723 -0.14848277797303605 0.95491976414690738 -24.680809570112903
0.94925337057834414 -0.23128489073433298 0.21313220724156298 40.526596601122677 0.19025241153171799 0.9618786844828211 0.19645207111141191 -1.4906611819022304 -0.25044372292397094 -0.14593387425681908 0.9570690915458383 -24.658575368500525
0.95020946701426057 -0.23115941807793222 0.20896720371949903 40.466560340683721 0.19153561037488354 0.96222813616366343 0.19347124833763613 -1.5060178507220896 -0.24579682413488518 -0.143813550852742 0.9585935446456596 -24.632575216769794
0.95017973978282033 -0.2326780398782049 0.20741116620058889 40.405501621483495 0.19382185256328247 0.96217270153850309 0.191459609012021 -1.5219782795088628 -0.24411380865323659 -0.14172022499465364 0.95933509591397503 -24.611112666744699
0.94975209337010813 -0.2346458074215477 0.20715285708526301 40.34778915724754 0.19612607613794242 0.961918735610652 0.19038620837639125 -1.5352333803291744 -0.24393753995199566 -0.14019162293337861 0.95960449428995165 -24.590896577566692
0.94866548034648601 -0.23705922499594539 0.20937222892086871 40.278939908425933 0.19855507538786188 0.96165943830786937 0.18917454044113255 -1.5422107249717918 -0.24619035000724826 -0.137891437579405 0.95936242526252491 -24.564944603852979
0.94742936622220986 -0.23948278650161142 0.21219234432279938 40.210798006501065 0.2004263600826918 0.96113687916835544 0.18985566540537385 -1.5527714514760707 -0.24941305139022901 -0.1373458935386774 0.95860796748424604 -24.536861208816951
0.94596382400391654 -0.24301198040638106 0.21470356553829273 40.147529480272823 0.20338090177452517 0.96031754560368365 0.1908570679830798 -1.5606676810745499 -0.25256415515521641 -0.1368772770940658 0.95784965341437911 -24.509633181422814
0.94481425997578983 -0.24501244813330395 0.21747393960225581 40.084429923480997 0.20481952728881206 0.95986812584458103 0.19157803169674525 -1.5672859455325356 -0.25568530538063411 -0.1364627467382091 0.95708042680073402 -24.485410986541677
0.94356429452728963 -0.24671420271103706 0.22094914408948385 40.018329215204155 0.20522041808285613 0.95916942345481537 0.19462424594909752 -1.5820144557449254 -0.25994422881671353 -0.13829721360177283 0.95566881220162758 -24.46052554968605
0.94302439387522452 -0.24694554150565398 0.22298630470668976 39.959025324996858 0.20415197978109045 0.95864856387856656 0.19827985304872309 -1.6014019395517651 -0.26272982645243498 -0.14145964266900049 0.95444340208743239 -24.435933211898025
0.9426506206891816 -0.24582314008268322 0.22578926261935073 39.893363378808019 0.20155475339127016 0.95842371032994567 0.20198928898029384 -1.6194697192567786 -0.26605542411250499 -0.14489642948420048 0.95300552780298453 -24.409208286706011
0.94274599342848764 -0.24358895385316912 0.22780345351915232 39.831409803565343 0.1985655997059107 0.95874274372297252 0.20343071049371741 -1.629838393835046 -0.26795838200729227 -0.14654955789515467 0.95221926707705762 -24.390389139107803
0.94339022810574957 -0.23991459758956796 0.22903245049122961 39.764570025730329 0.19405701294012687 0.95922884642013873 0.2054796727762756 -1.6369510527846178 -0.26899210628443598 -0.1494021621628199 0.95148423039887375 -24.362689404421122
0.94496933265905625 -0.23473478097717781 0.22788712761692845 39.703037671900162 0.1890618519584509 0.96029154793519877 0.20517251058136574 -1.6368050921412105 -0.26699920686762096 -0.15079696801930803 0.95182545562106347 -24.340280303603766
0.94740965032859648 -0.22659264978372906 0.22598833051340256 39.639715582252023 0.1814164628367218 0.96200831362207551 0.2040295849474352 -1.6360631850353746 -0.26363425702298038 -0.15230159416762076 0.95252359705045753 -24.32077878345077
0.95098125290580549 -0.21495117967696084 0.22233004065395084 39.574594193582456 0.17060617152094479 0.96429584159877246 0.20255138635487341 -1.6355371998119357 -0.25793059310727473 -0.15469169412349884 0.9536992654440557 -24.301924063179378
0.95489542747148859 -0.20161444263115988 0.21800536488024758 39.506364159620887 0.15813035347874899 0.9666698593233819 0.20135584020434821 -1.6372556527576978 -0.25133546089386 -0.15780050569703463 0.95494999162209071 -24.282831094297183
0.96015249794121371 -0.18476679664476212 0.20968646011338143 39.443033205196983 0.14312090575634565 0.96950519668372515 0.19893737692735058 -1.6322256478172716 -0.24004913462191613 -0.16099970329439944 0.95731682765236326 -24.260240251735294
0.96526301522946578 -0.16639952501232974 0.20144108197135768 39.372210172962205 0.12746210102974431 0.97290577259835953 0.19289315811057772 -1.6141659338161285 -0.22808052137612159 -0.16051652787317613 0.96031959266086853 -24.245579742968864
0.97133988948486549 -0.14341709021956595 0.18955304621261604 39.305868932269043 0.10723730680397538 0.97610353211051182 0.18900279000801282 -1.6063448720421036 -0.21212962811677044 -0.16325879098638399 0.96350795951082047 -24.223510544290324
0.97697903333084257 -0.11846207349051065 0.17742239310825794 39.234083054068748 0.085493353863928742 0.97936334648347112 0.18313471000821666 -1.5880313725482007 -0.19545550613126617 -0.16375033651576232 0.96694517549545966 -24.204843083511765
0.98231928188493811 -0.093319086351616551 0.1622971859261863 39.174116144007726 0.063991058796605757 0.98206284042799219 0.17736324829172848 -1.5690344039270201 -0.17593741168707949 -0.16384176992758445 0.97067085131667963 -24.192426731119124
0.98697635656981719 -0.065580374242422981 0.14689072838812164 39.107353383802888 0.039935559236787647 0.98443107348215708 0.1711742173086028 -1.5453638678602046 -0.15582946666344655 -0.16307874195305622 0.9742291831198624 -24.17643020724114
0.99074638385855851 -0.037070091124878038 0.13056573522629525 39.039532307797693 0.014796892740871252 0.98574547581291949 0.1675914940549669 -1.5301797929805241 -0.13491721475188015 -0.16410869952063509 0.97717228772885334 -24.157641079368087
0.99336778851354468 -0.0089664347923783822 0.11463001260936673 38.971826397988046 -0.0097691237400024927 0.98676807812401901 0.16184351768539415 -1.5049158046881157 -0.1145643965857721 -0.1618899720258917 0.980136029330824 -24.147838319624238
0.99501910561147322 0.019279564438857689 0.09780223853875615 38.904666823209624 -0.034556438275677219 0.98699291705280801 0.15700584148778718 -1.4792859578541151 -0.093503112471420624 -0.15960350899224232 0.98274304264925738 -24.134665431876979
0.9956296056124907 0.045782572174618424 0.081398062096047566 38.838152788406965 -0.057742451774853362 0.98680750634439396 0.15125063532226146 -1.4478061387286272 -0.073399575550168503 -0.15528973406968938 0.98513836632303597 -24.123727453345122
0.9953026676479636 0.072237831412225811 0.06445382444592547 38.774570859733871 -0.081100075128776358 0.98571729726981117 0.14759467360716494 -1.4237488008513399 -0.052871330482163664 -0.15212858237674326 0.98694554907405518 -24.113742797300628
0.99404858013947317 0.097208760337271979 0.049171915118167021 38.707494885998223 -0.10339922038888322 0.98401767368624193 0.14497523614772231 -1.4012729967196411 -0.034293170539752713 -0.14919676533627499 0.98821268139379992 -24.100161893931688
0.99198542229426578 0.12140277205343834 0.035018407922233978 38.634983635594196 -0.12520478642795077 0.98173807016332859 0.14322752196248659 -1.3853843045801011 -0.016990686013175615 -0.14646408614306863 0.98907006226003902 -24.091129460847618
0.98954185243367598 0.14248539383060835 0.022468529704131403 38.554975722472541 -0.14423591018606449 0.97924158326732924 0.14241461937909286 -1.3675193928245604 -0.0017101154716964177 -0.14416599510644246 0.98955204075381642 -24.077435820447132
0.98678590004186306 0.16151603640917661 0.012890207959525092 38.468987859749625 -0.161665557114688 0.97611853473667642 0.14510979907063931 -1.3631709773885359 0.010855188684119003 -0.14527620633191554 0.98933158685672162 -24.06505218701971
0.98424816976751162 0.17669718692242167 0.0058003830051436217 38.37636574360581 -0.17565759432163655 0.9736927784998799 0.14514400660833088 -1.34626560856448 0.019998746621699672 -0.14387660418180093 0.98939353793254303 -24.05134220648727
0.98183967282487472 0.18971127203166419 0.00070009375865734338 38.278656435439629 -0.18773429539540448 0.97106317520314267 0.14762162475999821 -1.3369800169516672 0.027325650944378572 -0.14507219936472535 0.98904366221716788 -24.037970171490763
0.98228768330784233 0.18737848034961754 -0.00046078582878301646 38.172257479893794 -0.18513155936302012 0.97088258887564405 0.15203060332033036 -1.3407063568752149 0.028934632355165083 -0.14925248312840589 0.98837567924877445 -24.026001569849559
0.98145764726196361 0.19167247948088423 0.0015960077258858523 38.062291067394817 -0.1895611990611403 0.96934520023753168 0.15632157428506938 -1.3294661872707314 0.028415461310945005 -0.1537255456523402 0.98770492464722304 -24.010016811061085
0.98133829900456659 0.19217540576712278 0.0066148563903983834 37.947023063295859 -0.19072259273004077 0.96838474619828196 0.16079762421385504 -1.3134771470350279 0.024495622652932897 -0.15905846959131367 0.98696523126304414 -23.995197247300499
0.98220275361000486 0.18722306876685629 0.015009107982991082 37.830005292473359 -0.18706813507261585 0.96796247919338596 0.16749373634332509 -1.2999426351304386 0.016830437943726764 -0.16732053488832371 0.98575888277169865 -23.982782261907342
0.98379681218969539 0.17714229270851553 0.027648516404388594 37.706580720358389 -0.17923728734704925 0.96812683003127398 0.17494123527078484 -1.275198686216469 0.0042222209634782369 -0.17706227465941862 0.98419059319959368 -23.968474374638003
0.98552922788262676 0.16379529724745415 0.043626157161634968 37.576251888514889 -0.16907070034304522 0.96830988324226364 0.18382347048422859 -1.2480138477144864 -0.012134219158468573 -0.18853930787761999 0.98199067720138888 -23.957590756125349
0.9872699701509775 0.14609713197341528 0.062877929889830847 37.440474737175187 -0.1556982496003545 0.96848924857671315 0.19438783517159539 -1.2152678390586615 -0.032497093861970458 -0.20170325584991458 0.9789074192537669 -23.943463941665339
0.98864500645089504 0.12492684704249783 0.083512478754555655 37.303847744770493 -0.13979172490877723 0.96848847123727633 0.20612703541144733 -1.181741347612731 -0.055130072254065715 -0.21546081771056116 0.97495503032948028 -23.930056825941897
0.98925042930415941 0.1009655862101754 0.10578061506141818 37.161170298748281 -0.12217792013622301 0.96815593205165151 0.2185100617005647 -1.144007890509537 -0.080350133495365184 -0.2290852278834965 0.97008443674395861 -23.913480788372826
0.98880884057370477 0.073990405854088989 0.12954727571366706 37.012149541805442 -0.10271446851280186 0.96740441422730072 0.23147016501412399 -1.1057197113432711 -0.10819803492401472 -0.24218612506723078 0.96417792241033051 -23.895084064477349
0.98703656587237742 0.044717697706536969 0.15414001797940305 36.859374448299448 -0.082314459535244758 0.96551428024019736 0.24699494813391257 -1.0719631532437111 -0.13777934308990036 -0.2564809976666505 0.95667881258739873 -23.873100194056722
0.98374963390030423 0.013551322214795117 0.17903357078282345 36.701745176388378 -0.060991751131089213 0.96307340859273416 0.26223961553422076 -1.0373742006642894 -0.16886877773875408 -0.26889769676924241 0.94824963199424228 -23.850821191098127
0.97875992964061231 -0.01892052688345193 0.20413479319399758 36.539031940644868 -0.039702285406277349 0.95938803557106089 0.27928180344701914 -1.0052081881732431 -0.20112863710427237 -0.28145445611244724 0.93825937803521287 -23.824698889955357
0.9720718708849565 -0.050920675124054245 0.22909247626041976 36.36985984796511 -0.019599330761628612 0.95515229900384713 0.29546565272694836 -0.97324151469457354 -0.23386351589744978 -0.29170390904575805 0.92747867111837534 -23.797527518947494
0.96385195880360885 -0.084355989026191527 0.25273200949990343 36.19867655511139 0.00099728678098442969 0.94969271379856557 0.31318166417750615 -0.94441619087415962 -0.26643649699229027 -0.30160871418665747 0.91544730956901521 -23.767287467522351
0.95388840332135005 -0.11681161025602588 0.27649947869469793 36.020525192019178 0.019857206528815549 0.9437090720101855 0.33018007019586526 -0.91455249191864874 -0.2995039321243001 -0.30946443271411478 0.90251269216948626 -23.735666108212026
0.94249640450450956 -0.14745304776662541 0.29993020221445738 35.835149593714618 0.03586522732143075 0.93685361183329452 0.34787784560689222 -0.88928925954693971 -0.33228634182772859 -0.31711655380828657 0.88826959777733139 -23.700739264951107
0.93015625722985251 -0.17650749255009449 0.32195409953878651 35.645662755349626 0.050183979870053526 0.92975561559528597 0.3647410909582755 -0.86376879960273512 -0.36371816740514157 -0.3231092699733471 0.87367585199359621 -23.666049972756198
0.91765872329897735 -0.20396970101787759 0.34102614066955123 35.454574878683616 0.063369034971557645 0.92234285441777752 0.38114042597347236 -0.84223031863376197 -0.39228412274786806 -0.32814633926214087 0.85932132934589234 -23.630676649450493
0.90500069325649102 -0.22826240962499497 0.35898470379315839 35.253615322197838 0.074639778074399366 0.91596518368916358 0.39425459515176392 -0.81582471071405738 -0.4188109940465688 -0.33000614330867822 0.84598658183463948 -23.599022885829573
0.89253026110462352 -0.24922150084780581 0.37587015913434751 35.050641192913943 0.08205180118586225 0.90926415452207565 0.40805171145751939 -0.79813349644646092 -0.44346052240832928 -0.33335767700237839 0.83199484628746934 -23.562152518584423
0.8811103081978755 -0.26563351207774744 0.39125881721526229 34.842020467178891 0.086320823673727162 0.90378039860892545 0.41920127205267549 -0.78177721913043785 -0.46496595594487788 -0.33558877864364467 0.81925992911940515 -23.526269359932201
0.87101307143269036 -0.2788986192512653 0.40441536762730568 34.627466551542533 0.088112410951921905 0.89856336721069918 0.42990705756385283 -0.77363886015795647 -0.48329331924787733 -0.33882065357163216 0.80723486810448253 -23.491246436234235
0.86321829278618967 -0.28581514851242379 0.41612964311632167 34.408236152384106 0.085867595048725501 0.89541100779654736 0.43688200150305967 -0.76755086173064835 -0.49747455725880518 -0.34139248380360171 0.79747742092335328 -23.457662493890858
0.85714050314852919 -0.29010862636960011 0.42561384231275895 34.185828904186323 0.082044001933633148 0.89264888317688385 0.44322314144206859 -0.77024434915300899 -0.50850657774408414 -0.34498544356103739 0.78892718556403807 -23.424820341231516
0.85217379554327866 -0.28983418180128434 0.43565579216732825 33.953475207514053 0.074676207193164063 0.89142334490571229 0.44697637995352191 -0.77803902572959927 -0.51790277684967656 -0.34836843602239798 0.7812913326760399 -23.39103822291759
0.84990827188352847 -0.28586707274418488 0.44264652501135171 33.721200466997225 0.066343046656933052 0.89141518612121196 0.44830521535306839 -0.79881472772367623 -0.52273753408783485 -0.35165179179574207 0.77658643291176155 -23.365222282131295
0.84886720410598682 -0.2784193746304553 0.44934076336748158 33.483061799051804 0.055125854535246044 0.89203955056124573 0.44858285789388957 -0.8353385333617056 -0.52572389136793451 -0.35601698283210703 0.77257122518255839 -23.342481337442763
0.84938985660311539 -0.26627006417337862 0.45567216770924673 33.24206268613591 0.041250736969196927 0.89425176016872998 0.44565924890506464 -0.88193293349997548 -0.52615135483930586 -0.35974163278696708 0.77055221071678837 -23.323857598738126
0.85075237783469826 -0.25308367548727168 0.46061811168305161 33.000618846501098 0.026962178083823379 0.89628449164712753 0.44265918152211242 -0.95198789922612881 -0.52487468272110727 -0.36417408369446558 0.76933984961375379 -23.30719217814697
0.8531859861994876 -0.23630504687282486 0.46500924482771294 32.756686726707976 0.0097835576763458769 0.89858678508727075 0.43868675802412455 -1.0327718242956734 -0.52151505726297243 -0.36973194951066268 0.76897355647580201 -23.287681579601905
0.85598077077262769 -0.21762328902617156 0.46897443868608607 32.510693662551837 -0.0082980064805410689 0.90119400247248227 0.43333648934295449 -1.1127916097471864 -0.516941063522668 -0.37481925508311204 0.76959889738940901 -23.259997674238619
0.85923220441725212 -0.19776689845199666 0.47181381154958479 32.258756423052318 -0.025967664147120442 0.9042085047450259 0.42630113812363546 -1.1874617044928371 -0.51092631495256913 -0.37854356925384719 0.7717895223864768 -23.220066436768668
0.86251026152906785 -0.17674304919241765 0.47417079551489211 32.005250729404217 -0.044793261814783179 0.9066794608570079 0.41943523809527239 -1.2449139102911018 -0.50405318415128708 -0.38300685349248281 0.77410344123039299 -23.155519922434692
0.86767316470183853 -0.15186252516996174 0.473372002451876 31.780175445557585 -0.064768291550006768 0.90955232303878386 0.4105114371907867 -1.2578770306002771 -0.49289790795456767 -0.38684925372004353 0.77935826628724225 -23.084668965177361
0.87049882057224137 -0.12694863388103084 0.47551640112416382 31.511807283832706 -0.085789935865143427 0.91223264290852502 0.40058918122732923 -1.2550608943567907 -0.48463583264817645 -0.38950693134765579 0.78320652458054851 -22.980184319189412
0.87299233339427174 -0.10303472662742269 0.47672657880973751 31.246645027355871 -0.10582314312184479 0.91413404980218671 0.39135712766227571 -1.2336867588787472 -0.47611537279806265 -0.39210047704774026 0.78712855854955255 -22.86113004043828
0.87596338869259271 -0.07951695626883909 0.47577851500034052 30.995535687117876 -0.1249032515167085 0.91529254096964319 0.38293438368196708 -1.1935542919716335 -0.46592630257449902 -0.39486278390229895 0.79183082944413241 -22.726175211086506
0.87910384819358045 -0.057645757788088892 0.47313147295469071 30.758144329467235 -0.14181408506538995 0.91606802391850028 0.37511083806139267 -1.143943814215534 -0.45504416199782699 -0.39685808819159907 0.79714394463522364 -22.58332520484705
0.88082190696833018 -0.035195509617488775 0.47213773870284875 30.506369195905556 -0.1594721931078264 0.91690415245455981 0.36586253543778624 -1.0785608670921543 -0.44578177153182741 -0.39755257679249234 0.80201655896595747 -22.438240877593127
0.88162903946883553 -0.017108916059671974 0.4716328251474039 30.267023048123825 -0.17508264825216868 0.91617247780315247 0.36051914955663522 -1.0195478912364664 -0.43826510589626677 -0.40041887556319722 0.80472878726092489 -22.278674300061837
0.88254612368010721 0.0025201674662346106 0.47021908546246727 30.039719196141977 -0.19013344144239888 0.91650597505004627 0.35194612107939743 -0.94061818450771328 -0.43007163824470784 -0.40001305785374819 0.80933796372344169 -22.133887034338485
0.88323529030018399 0.02041088314726236 0.46848566447384332 29.8282430725361 -0.20356357975355974 0.91669854223050229 0.34383957257766029 -0.85707542105304346 -0.42244205634177312 -0.39905786362584156 0.81381541550410152 -21.995845152592327
0.88328159943143303 0.035803995491076823 0.46747373189594776 29.625842030630029 -0.21591784288595969 0.91611474090230927 0.33780655207525029 -0.77511768710194673 -0.41616475250713336 -0.39931423141226724 0.81691801508003659 -21.849395176219115
0.88275725249520032 0.048472324430232819 0.46732223029881159 29.428116102865303 -0.22667528340914009 0.91518212084232353 0.33325666022141676 -0.69578691658215575 -0.41153122488884275 -0.40011513274915889 0.81887113240522269 -21.704147589078456
0.88289539723576271 0.059188819807768252 0.46582443167964943 29.254090231567702 -0.23445275907372765 0.91508803871861244 0.32809417117169259 -0.60601035801610881 -0.40685085879548227 -0.39888665683861479 0.82180399956041328 -21.562657004820288
0.88149159799447174 0.068890236397215476 0.46714740499577678 29.074868655167407 -0.24224764250869832 0.91516846258146134 0.32215332497936794 -0.50984745722058711 -0.40532535371492667 -0.39714080679957847 0.82340180787416872 -21.42131209518239
0.88043762339562059 0.075402820225277015 0.46812819399342515 28.914095100241983 -0.24782458173657018 0.91487107749981067 0.31873796172001451 -0.42461701333809604 -0.40424320402025976 -0.39664256737825043 0.82417358957141107 -21.275854623274594
0.87871538226503676 0.079637602335617994 0.47065606260309062 28.75075096201498 -0.25271497165278206 0.91408445415992234 0.31715099521472484 -0.35091034654655717 -0.4049622452443486 -0.39762729151479387 0.82334568497640481 -21.121968427736185
0.87832866174092294 0.081965804607404408 0.47097809804645924 28.617094213607185 -0.25503201851069968 0.91362892822231778 0.31660835593789527 -0.28466826946262164 -0.40434815629449522 -0.39820068858604407 0.82337037845118211 -20.967757899644763
0.87737237316062888 0.08484327878476472 0.47224923171937189 28.48712810044178 -0.25769382860598566 0.91356563250289424 0.31462950562205022 -0.21886526628377248 -0.40473646921530954 -0.39774294859197384 0.82340083636858619 -20.812261178365205
0.87597412274943909 0.087170721619577868 0.47441606377279494 28.359733436207225 -0.25971741074592825 0.91403006504723083 0.31160216100852983 -0.15622455819291578 -0.40646796039636557 -0.39616954133562188 0.82330643850825169 -20.653194008324199
0.87597891706275277 0.086599821355709344 0.47451175728608241 28.258466520941187 -0.25931450168719283 0.9140445098513923 0.3118952119306273 -0.12168598164030435 -0.40671479697238661 -0.39626140986940334 0.823140309407833 -20.489249342201163
0.8729942511558284 0.09110281025327055 0.47914644464175143 28.143004032231495 -0.26536990758059265 0.91298193593026622 0.30990772306557807 -0.067468676080927256 -0.40921858413266388 -0.39769870835719329 0.82120392581348389 -20.320196202968287
0.87208457691150376 0.090510039841586301 0.48091207450110673 28.046894110463551 -0.2655038479194361 0.91303875175573057 0.30962549076636164 -0.047754962052821787 -0.41106714470151529 -0.39770362140696153 0.82027777738198648 -20.153066824313523
0.8709765226719699 0.090830622951151074 0.48285577027571008 27.949895945188729 -0.26625323983139226 0.91320697744399437 0.30848375747661499 -0.033496880447227984 -0.41292748665296014 -0.39724402359495575 0.81956578533059787 -19.993187644411126
0.87042870394807814 0.091576486764280096 0.4837019933959138 27.864478689998222 -0.26616037847871499 0.91410358401604686 0.30589751652650782 -0.015107072063913421 -0.41414070588549518 -0.39500428448426933 0.82003603028631267 -19.83931705086513
0.8699941449309252 0.090833065675107724 0.48462309268747183 27.781426226551151 -0.26556345817429655 0.91446329221135803 0.30534068985392887 -0.015664854970748775 -0.41543499788585098 -0.39434279678729534 0.81969965301539371 -19.688323803480024
0.86997466198978879 0.0915729675508207 0.48451881192549084 27.713003645246243 -0.26561788330829217 0.91488853798643999 0.30401661653247963 -0.006660306667711763 -0.41544100370880016 -0.39318361445382055 0.82025326440219315 -19.540324517247768
0.87042108268231644 0.092489736034092981 0.48354191912437944 27.652252047109538 -0.2654436343683847 0.91536331181228736 0.30273698875648575 -0.0072162754379274802 -0.41461646831191762 -0.39186178190324339 0.82130233658998408 -19.402633388854802
0.87051806085187589 0.094398305463110788 0.48299820460989618 27.585874378149914 -0.26592370708448188 0.91604410226319632 0.30024620683575903 -0.0034960714521882126 -0.41410492358958562 -0.38981041883780881 0.82253568288819889 -19.270783108103206
0.87035388407005732 0.097064422588362578 0.48276558944455955 27.519227279221614 -0.26776374227589711 0.91606070010261198 0.2985554756656113 -0.0067149658069161787 -0.4132634689959569 -0.38911603872765288 0.82328732141235339 -19.135692811485185
0.87071032367493251 0.09976845137482182 0.48157012818089551 27.462721712284271 -0.26943469837545242 0.91594801969190498 0.29739564309822464 -0.014258485377689201 -0.41142250249253903 -0.38869715889461742 0.8244064792989132 -19.005162421617975
0.87142546081379946 0.10442826263124828 0.47928321920267186 27.411225764606435 -0.27196461399274463 0.91600778654542836 0.29489825995404317 -0.020083648642797488 -0.40823144781022785 -0.38732992777729436 0.82663329963581866 -18.885865034735762
0.87218142729090364 0.1106423653630971 0.47650584978115545 27.359805688462753 -0.2761953656950919 0.91535105408729034 0.29299926237081364 -0.031936806438337059 -0.40375200043759119 -0.38715722228591493 0.82891109738891666 -18.770793004056561
0.87295175496944133 0.11719116959813014 0.47352028812290059 27.315048959597167 -0.28000145582881208 0.91525184591697628 0.2896778266959924 -0.037626250949553533 -0.39944263446647543 -0.38546113722889097 0.8317844032300028 -18.661835282708527
0.8735373189689849 0.12506776606820064 0.4704153550418903 27.270547463367645 -0.28508041870210354 0.91478791559983785 0.28616817493414121 -0.040868473794002408 -0.39453986774610145 -0.38408478668545798 0.8347557543351678 -18.559267204985687
0.87410467756005727 0.13320406023709877 0.46711635702893095 27.233299280081006 -0.29044038682350615 0.91414441321938245 0.28281508708271391 -0.043740956593372238 -0.3893396902056615 -0.3828794459306249 0.83774574634218069 -18.460591219475113
0.87500424356697737 0.14080537486975633 0.46318616143789232 27.201404687219874 -0.29511265835538708 0.91358369173764353 0.27977376050915664 -0.055882560739316224 -0.38376567410100454 -0.38149532709956713 0.84094305561256399 -18.373723485732675
0.8754385143438923 0.14792866949350369 0.46013532394855378 27.167655673490739 -0.30015899959592529 0.91257499506626893 0.27768949087311989 -0.065453689443277271 -0.37882975406497849 -0.3812138338540208 0.84330541935492564 -18.281722573252676
0.87601720577689979 0.15447366183895225 0.45687169203278261 27.144121804896763 -0.30455385623914621 0.91172324620411871 0.27569488747687992 -0.078127165305901775 -0.3739529433400654 -0.38065550058956071 0.84573079998201128 -18.198548848908029
0.87671914947339302 0.15932790446764858 0.45384815941523676 27.117758021327155 -0.30799104700954144 0.91070272570184252 0.27524908784808161 -0.099675152581369705 -0.36946589546075392 -0.38109731599314939 0.84750208721524745 -18.123725530805945
0.87728165004072178 0.16310912262522523 0.45141147594878217 27.095934515899462 -0.31080073184233414 0.90973185052378303 0.27530140796741809 -0.1155888611992022 -0.36575922625150309 -0.38181589052710013 0.84878549360418465 -18.053132265610405
0.87771993390982284 0.16607029832929024 0.44947566522577925 27.080103138261432 -0.31274076189791217 0.90922698767710486 0.27477172475917389 -0.13207664720836196 -0.36304398282418848 -0.38174198209319127 0.84998360316109156 -17.99010645705237
0.87827366038288424 0.16765681866270718 0.44780193013602593 27.069618990940402 -0.31322914325713863 0.90932647886873197 0.27388475430843612 -0.14224594148411251 -0.36127950577364482 -0.38081038061493755 0.85115249675005789 -17.935796655057938
0.877770122926259 0.16793107651585334 0.44868559686961967 27.049919464618366 -0.31400456634538038 0.90900113938128146 0.27407674275243021 -0.15264368706487944 -0.36182971632008037 -0.38146570244749239 0.85062516671209032 -17.880904378221125
0.87760150567410211 0.16654352232709482 0.44953181467993286 27.035948555352956 -0.31317583208120497 0.90913472236956983 0.27458141740156067 -0.1595184242114269 -0.36295522511570749 -0.38175556545110073 0.85001540739466397 -17.836826566257194
0.87778238801956743 0.16220396026186584 0.45076374583370477 27.028744839518062 -0.31013436763169877 0.90955463650289914 0.27663520605621655 -0.17293923540508963 -0.36512292902028493 -0.38262284104774269 0.84869606350695526 -17.799083034407115
0.87721647062293484 0.15670124731439186 0.45380169981827462 27.017561859900638 -0.30635623858748495 0.91047854169313047 0.27780331206607017 -0.17447070334296252 -0.36964458435958403 -0.38271862275889346 0.84669317763116891 -17.76339295670056
0.87634589335621715 0.14703375853471196 0.45869265205456455 27.005782430265743 -0.30057797474346032 0.91104332626631379 0.28222852223815131 -0.18959183675810526 -0.37639175907133454 -0.38520271483566537 0.84258418700235505 -17.721346904740816
0.87496855940558904 0.13551703482650013 0.46482809007582726 26.995826716534808 -0.29340421983918963 0.91208663701572534 0.2863772518163778 -0.19773586229619136 -0.38515449345978647 -0.38695361459634636 0.8378084007209271 -17.68573788530421
0.87312157775200672 0.11981434743956619 0.47254971443381205 26.988900635312127 -0.283549151416776 0.91331117742475609 0.29233982267531033 -0.208503032082029 -0.39655843099683635 -0.38923927774395606 0.83140495275568982 -17.648093575704806
0.87092442094811573 0.099772684420347077 0.48118194525537544 26.986296131596326 -0.27042816672102354 0.9148817279445679 0.29976662675666205 -0.22316549493951129 -0.41031604847982195 -0.39119922714228295 0.82377418328276408 -17.614980714833479
0.86750372274654375 0.076220688665035521 0.49155640331534234 26.979327303928734 -0.25550858426077555 0.91614212776883608 0.30886722891275448 -0.23850181458231812 -0.42679345635792254 -0.39354035161164536 0.81423174665658959 -17.578902078985358
0.86243398171839525 0.048952291846659536 0.50379688397241429 26.974776680502931 -0.23810615825584711 0.91754794626318825 0.318451289381668 -0.24871330773139119 -0.44666887576592612 -0.39460035406872718 0.80298037086272478 -17.542828009796004
0.85565950444382388 0.018349645977479637 0.51721378843516042 26.963696075350803 -0.21984799290107002 0.91760781626431831 0.33115367361392828 -0.26724666972546068 -0.4685228622728253 -0.39706320154747438 0.78919398217710013 -17.502587238913524
0.8474300090044824 -0.01422122679426688 0.53071662546704612 26.961685991864851 -0.19971834152759296 0.91767354591827166 0.34349359117639083 -0.27661971480368913 -0.49190950783262016 -0.39708062132299005 0.77482386145085758 -17.467379968056765
0.83669741667942288 -0.049416853718200066 0.54543139576905031 26.9554741523987 -0.17929064425366414 0.91632534799290455 0.35805407623540408 -0.29172301230727754 -0.51748651944286084 -0.39737366696130805 0.75782707196341115 -17.427594118426608
0.82415882352485736 -0.08583027589684912 0.55981728925212171 26.954990914549427 -0.15680681700378746 0.91522869534954387 0.37117119682151045 -0.29398611242410871 -0.54421857350449154 -0.39368718413004317 0.74083503244952842 -17.397752362451463
0.80923847659037873 -0.12319025726437505 0.57441905306215268 26.952811712428957 -0.1350693550157962 0.91255990111753982 0.38599312974192002 -0.29972700068540509 -0.57174238721761728 -0.38994690329259318 0.72183935558489543 -17.365628823732916
0.79172732588792982 -0.16325686080669397 0.58865528014440816 26.95132926357892 -0.11257656306726879 0.90812893999612332 0.40327204935313676 -0.31506774661010889 -0.60041182440913765 -0.385550289509762 0.70061160093780184 -17.32873754980589
0.77047681152977998 -0.20353376150852079 0.60410221885132687 26.941647569286562 -0.091276296925716011 0.90267014523202027 0.42054161093324866 -0.32581398563468378 -0.63089945356960997 -0.37915777300880427 0.67690860731163083 -17.288510139298406
0.74634887190173793 -0.24471647596103488 0.61893231278082073 26.934388352416843 -0.070670712588067314 0.89555273448030293 0.43930735271236565 -0.34069513839068832 -0.66179227238862359 -0.37161693470301416 0.65110048536968379 -17.248790494633148
0.72031688809138616 -0.28576997193153841 0.63204359333244509 26.934712676691905 -0.050000517978873928 0.88742972813728216 0.45822311794586901 -0.35387368454592638 -0.69184068175569569 -0.36166835742215164 0.62494197355224679 -17.211562840444429
0.69220284735259197 -0.32766172181312991 0.64303422473101646 26.941986360623972 -0.029044133546651873 0.87762645413618134 0.47846446608591259 -0.37470501986270516 -0.72111833732300046 -0.34987083767986177 0.59797887965855723 -17.181742481928165
0.66071269319041681 -0.36774575272982574 0.65438658177429043 26.941416552969095 -0.010870433585070307 0.86699386651305899 0.4982002299301041 -0.38959923355628484 -0.75056017129257446 -0.33628068154134261 0.56883629674217473 -17.14815462159169
0.62797819210643868 -0.4065048624397708 0.66362428154156006 26.947244978101967 0.0058704678259283325 0.85518450484697195 0.5182904593730665 -0.40685357668410183 -0.77820879450584057 -0.32157932066981942 0.53942359298727749 -17.118905101042916
0.5925977501007631 -0.44436588013509537 0.6718384263699686 26.955735754618441 0.020204275634501338 0.84200294275681875 0.53909445520700983 -0.4260851297769277 -0.80524511412463651 -0.30589215249924218 0.50794714018072962 -17.082082499249715
0.55530169423427211 -0.47872763597423229 0.68004402720343782 26.961848606847109 0.032122805735133569 0.82944209089520127 0.55766830930500222 -0.43656715952653313 -0.83102837119574324 -0.28782923480063594 0.47596867319376246 -17.048165073605254
0.51661200723778555 -0.51070660227163633 0.68723416705945783 26.968034976760368 0.041570734735769582 0.81665190872459559 0.57563142199675221 -0.44811301571914247 -0.8552098619586157 -0.26880927508669672 0.44312263047162259 -17.015157677490258
0.47631160591860056 -0.54149013300362181 0.69275947480129341 26.978681215237021 0.04825388971572931 0.80278473851736676 0.59431323873097874 -0.46714341606676557 -0.87795148852003546 -0.24964995386204897 0.40850469317026317 -16.978421832417776
0.43494474920476178 -0.56822089765570616 0.69853280281354757 26.983110763315985 0.051518427455237707 0.79018599584278393 0.61069791518105521 -0.47972915658749637 -0.89898215598072162 -0.22963254003144135 0.37296109688138013 -16.941095269237543
0.39257581784399354 -0.59159031831623821 0.70420531275943377 26.982961944146769 0.051315536918170326 0.77857023893625432 0.62545591268573353 -0.4937293749314281 -0.91828696109381835 -0.20940219272308497 0.33600562311938253 -16.8997754343584
0.35118771905901836 -0.60009692562953776 0.71871473188748625 26.983305604354893 0.049539886398667583 0.77844138999914825 0.62575938026672939 -0.50649947849909327 -0.93499357518526904 -0.1841539632649028 0.30310778969880958 -16.866038962121685
0.30901811567217818 -0.60567973074632853 0.73325293586147444 26.979860622210566 0.043857374655100964 0.77924307735483145 0.62518537817429343 -0.51389815879131251 -0.95004438573930783 -0.16103505878418894 0.26736375028712178 -16.825629096285532
0.2664671283429092 -0.61102378473317764 0.74541612808083735 26.980758819423684 0.036357189147415377 0.77920002614173689 0.62571996456723011 -0.52625989696195519 -0.96315804742003941 -0.13963256694288778 0.22984630068582224 -16.784072087093683
0.22518076934166875 -0.61589863850878468 0.75495860032303741 26.984463835587487 0.026931729764843614 0.77849786673855914 0.62706917753576918 -0.53999887631772303 -0.97394471252251669 -0.12087157882040747 0.1918899642578904 -16.751060990797992
0.18278899664305026 -0.6193125367934289 0.76357066763772086 26.979689358045395 0.015532494280778186 0.77837781332843947 0.62760395261618196 -0.55310761627312743 -0.98302946259389634 -0.10285893975987158 0.15189836794327505 -16.713802290420677
0.14157003649403344 -0.62432331586434897 0.7682306437751768 26.982515809298928 0.0016733517198776783 0.77619661525762029 0.63048871072893564 -0.57389402353713159 -0.98992682793280229 -0.087972789717947628 0.11093089564292791 -16.675285787996895
0.10069740731710342 -0.62753368763023598 0.7720501946433348 26.978986728849382 -0.011969691496683414 0.77517421215003701 0.63163412455554024 -0.5828173487116376 -0.99484509278836364 -0.072845121365586546 0.070546648737876971 -16.642428467605761
0.060792450370324103 -0.63081478390527634 0.77354830901793836 26.977253281109196 -0.026684022776581398 0.77367761675676716 0.63301730486458885 -0.59081412317327886 -0.99779368654368183 -0.059124053786157725 0.030201082057783712 -16.607347032298865
0.021293711304547935 -0.63515590975734804 0.77209037564212268 26.974442945499447 -0.042148147969779622 0.7710086034613951 0.63542841218443069 -0.60636844750107111 -0.99888443349648615 -0.046072808562369394 -0.010353010652903061 -16.566576487593466
-0.015957089589701212 -0.63950826459047849 0.76861859905436924 26.972512739069959 -0.057002754102206739 0.76804808218863585 0.6378501622411975 -0.61938461986846971 -0.99824649126184761 -0.033635144816590773 -0.048709544409462291 -16.531617250844807
-0.052449879367131302 -0.64424619585926524 0.76301759434185989 26.968836303495316 -0.071613435624243243 0.7645286346396466 0.64059931521515878 -0.63318500941976541 -0.99605247150562615 -0.021042954566863958 -0.08623611813289811 -16.490838688715211
-0.086399405197775891 -0.64912480882109003 0.75575930384908518 26.965989101877561 -0.085916117223951052 0.76062463242958778 0.64348161538812798 -0.65027933109534564 -0.99254902326415639 -0.0093354761173514208 -0.12148779898834094 -16.454425009415996
-0.11804782232313515 -0.65390434189196489 0.74731106194114527 26.962627077341843 -0.098889206508896599 0.75657341601994499 0.64638811174707744 -0.66560407596853799 -0.98807167578106736 0.0024037110366250084 -0.1539759256911486 -16.418149320449434
-0.14789428937065252 -0.65804393210321988 0.73831257783792548 26.953582928890842 -0.11103066790872493 0.75284988671444586 0.64875976975902916 -0.67994840590531092 -0.98275097046774385 0.013972526478022359 -0.18440525629311333 -16.380682873668061
-0.17520756537034443 -0.66043790359275734 0.73015346642675127 26.94153679110207 -0.12084036064310801 0.75044357251329619 0.64979385324356898 -0.6847379026199476 -0.97708746603190066 0.025616790811596381 -0.21129094574040508 -16.346639642201445
-0.20140942335255563 -0.6629323759539153 0.72107898949899218 26.931584265873301 -0.12955014690774644 0.74772689776285162 0.65124591806638088 -0.69188624102028595 -0.9709021596540881 0.03775117579677173 -0.23648222999834245 -16.305734010795693
-0.22537754462084258 -0.66689685722263681 0.71024893115530274 26.92947693264329 -0.13802965399790129 0.74350841017309133 0.65432641595697616 -0.70939625784122429 -0.96444428402987581 0.049435066789193863 -0.25962164234448593 -16.262751570591039
-0.2476228983973976 -0.6703690312893722 0.69949143102501377 26.926261952408261 -0.14666256547225617 0.73959245443091226 0.65688133878041877 -0.72862352646739026 -0.95769149107547635 0.060069653211981579 -0.28145806914107818 -16.213462444165334
-0.26869800674621613 -0.67291279053258024 0.68919500687995872 26.920782580998416 -0.15422233194008358 0.73633241349920575 0.65880956972511984 -0.74622748272366035 -0.95079800878082055 0.07073155708798283 -0.30162923155811083 -16.15951930274942
-0.28775859435596729 -0.67422556260671695 0.68015798319356247 26.909997963946822 -0.15865637179069572 0.73394452606080018 0.66041925195711859 -0.76204339600150606 -0.94446977032856427 0.082129917770832103 -0.31816902668623492 -16.110674781523162
-0.31103789072402188 -0.66918971702559793 0.67486335888174587 26.898333507064727 -0.1566776862756028 0.736474167324495 0.65807135136474049 -0.77560567480635645 -0.937394011692669 0.098949095452621774 -0.33391846812033732 -16.064929922372116
-0.33458983544265908 -0.66420718080060281 0.66848968802171538 26.903605187923482 -0.15752741779310001 0.73881572878699897 0.65523769087284178 -0.77764893371235899 -0.92910427545130425 0.11393041678959599 -0.35183107518844392 -16.024262028590091
-0.35256878402668179 -0.6604873088220572 0.66291158340682532 26.891331843450015 -0.15617186971283095 0.73999577861632404 0.6542297721293483 -0.79579073805839096 -0.92266223486189491 0.12713285379875996 -0.36404894979197167 -15.975032915094342
-0.3674970976368872 -0.65848007091228711 0.65677231933129887 26.883845693572965 -0.15512825117809348 0.73969575855248593 0.65481708168456387 -0.82094186969737226 -0.91699569732626918 0.13875943568208887 -0.37398490623860425 -15.925124519192527
-0.38098042983329972 -0.65766832064314495 0.64986636480622706 26.878596169756317 -0.1544563274389682 0.73826925409749289 0.65658339254690101 -0.84815022764928949 -0.9115904535470416 0.14976945107984185 -0.38284717123826639 -15.871589414205841
-0.39367986768713448 -0.65656019006003008 0.64338548212263713 26.872640579602432 -0.1543543762485331 0.7371810693697195 0.65782885121879786 -0.86960314277114137 -0.90619583331130327 0.15966461032819435 -0.39155628445726576 -15.809301993712278
-0.404335507929793 -0.6545364363441093 0.63882301972072852 26.856575050246679 -0.15196331043041963 0.73683347135800581 0.65877430715650931 -0.88727921083856132 -0.90189797056550947 0.16928818323930533 -0.39739345956539252 -15.755177701557328
-0.41589386424141805 -0.65241529224147554 0.6335507715533234 26.848658969022054 -0.14974831936080077 0.73627914832799923 0.65990033837391826 -0.90027354684106697 -0.89699929461229622 0.17957533847069929 -0.40391207369695858 -15.691109868956294
-0.42540104264743039 -0.65170647151017502 0.62794317251343479 26.84025029558704 -0.14846143707444528 0.73470935160455508 0.66193758796929247 -0.92044886001831261 -0.89274473093727658 0.1883635942972311 -0.40929940352651184 -15.629466821886522
-0.43430236203828843 -0.65066997423068929 0.62290452154611831 26.829624931677092 -0.14633926663886479 0.73330672591371016 0.663962397104922 -0.9365110295923792 -0.88880047106623628 0.19720504649817946 -0.4136954100157364 -15.576497214399918
-0.44364272397390914 -0.64912427044584053 0.61791489299349778 26.815074727517171 -0.14387148077243886 0.73212287704061974 0.66580559470021838 -0.95144138823410918 -0.8845802001431845 0.20647947702355554 -0.41819145744828812 -15.525336860424325
-0.45353514833588715 -0.64817068232382258 0.61170306178718359 26.809023104992512 -0.14200292271087156 0.73013815828192641 0.6683812084149634 -0.96748037466110526 -0.87985285085945752 0.21627074789843098 -0.42318544922756773 -15.477052052037443
-0.46407347244018693 -0.64634862683866023 0.60569733758791244 26.802736925420646 -0.14117876467713891 0.72901778495387082 0.6697772955432193 -0.98003453792109407 -0.87447376666286813 0.22531427341544563 -0.42956851562204323 -15.430758860361443
-0.4740604714664669 -0.64433771869366863 0.60007963943265907 26.796915659713431 -0.13857251786500371 0.72763179675622602 0.6718255916842254 -0.99700747123972921 -0.86951959534305179 0.23533141018135476 -0.43422897265902316 -15.404863138878911
-0.48589164695990261 -0.64123447346578222 0.59390879556852383 26.787100246824139 -0.13720248019190578 0.72704989497620653 0.67273615158119526 -1.0085463138144302 -0.86318293938410484 0.24539111690146459 -0.44124643103606931 -15.373685163263703
-0.49881652172260038 -0.63940657921992716 0.58509939677531564 26.793982818929138 -0.13755294515471594 0.72493056720514137 0.67494804245282169 -1.0239730333687678 -0.85572265655166035 0.25619308964510201 -0.44955960214666368 -15.341142737494627
-0.51339088724326931 -0.63656819078389504 0.57550910972606484 26.797524020026479 -0.13733621154518907 0.72293793474886892 0.67712591701946778 -1.041732240976655 -0.84709418714448992 0.26859203447451457 -0.45857361145497388 -15.312601666301196
-0.52932674967897597 -0.63168457135820777 0.56638131535414249 26.795477527012789 -0.13569236410045848 0.72201180519142527 0.6784442021928172 -1.0463194446980157 -0.83749673097816923 0.28226504472253883 -0.46789493492520728 -15.294465001737153
-0.54613802580932447 -0.62678853681389568 0.55576018828608975 26.792904216203759 -0.13424574959120919 0.72035150130443548 0.68049378636776714 -1.0540583306397295 -0.82686839066552087 0.29703508999298672 -0.47755504377094615 -15.283810067829771
-0.56533577628447018 -0.62040254059846511 0.54359557363154187 26.796997753858186 -0.13333133302629052 0.71907928380515085 0.68201740390968302 -1.0538318255780603 -0.81401364588455616 0.31309051601931526 -0.48924034287095641 -15.273141351044847
-0.58638255582415333 -0.6115442099255719 0.53119598787231315 26.8017696319856 -0.13442668199294858 0.72014298905854168 0.68067873661382716 -1.0552360767735294 -0.7988022066779118 0.32773122313312975 -0.50448714551528684 -15.264651341797672
-0.60943503040990432 -0.60052509941451226 0.51764712757096387 26.807018867974588 -0.13510616109151258 0.72201828755818775 0.67855428498142767 -1.0555103351422146 -0.78123957205481709 0.34359743509626567 -0.52115787785552481 -15.25271057573333
-0.63319315986387181 -0.58832805046796199 0.50292795441710447 26.812496933765953 -0.13562272952320734 0.72406584474736391 0.6762655748350358 -1.0592731208728714 -0.76201896140337666 0.35999827430538284 -0.5382641962446193 -15.239846789413189
-0.6575946928607419 -0.57446372226004971 0.48740194062859044 26.812082903951374 -0.13598477477226473 0.7268432101000486 0.67320657228045044 -1.0640905727064913 -0.74099754449763455 0.37641782601065177 -0.55608655739002688 -15.220936925498249
-0.68170791075824888 -0.5595084780106907 0.47140702948066471 26.807826906467227 -0.13651313593151346 0.73028897329498899 0.66935952910367613 -1.0728227228046223 -0.71877568693422567 0.39195443423682719 -0.57422402714822129 -15.201211144109385
-0.7064165815986212 -0.54350928933581966 0.45340188094911033 26.808904693731922 -0.137765902683463 0.73391381575638248 0.66512485076090588 -1.0846363564818611 -0.69425943947513558 0.40739190400347786 -0.59332593677682088 -15.172949414982858
-0.7308086252875341 -0.52708602386945591 0.43370390434815376 26.813317701532586 -0.13941549791705662 0.73725447489732776 0.66107424559152561 -1.1007574786803249 -0.66819313985245632 0.42265371486046704 -0.61227588974968072 -15.140796268324102
-0.75499051918521198 -0.50868780201702546 0.41379467857807389 26.810608350595974 -0.14097613443738535 0.74219881012303213 0.65518444408505894 -1.1083606881131214 -0.64040225285326424 0.43632286936515596 -0.6320659049572448 -15.101710099287079
-0.77742863571306287 -0.49141407855924812 0.39257727871986109 26.809092518637968 -0.14274767455601053 0.74572354154629994 0.65078375901100616 -1.1327310352940887 -0.61255841989330106 0.44989843629135806 -0.64989505248187074 -15.065161322807191
-0.79978705638611181 -0.47233985978316217 0.37045339962978063 26.806929060436616 -0.14497373411966541 0.75084902807626863 0.6443666296855568 -1.1481738226580009 -0.58251461857419495 0.46165007732799701 -0.6689962072018163 -15.014480184497915
-0.82054630419587515 -0.45311250297333788 0.34841472747248692 26.796476040555241 -0.14731126433858094 0.75661698056235582 0.63704798573080224 -1.1623496141295382 -0.55227090641229615 0.4714019562686822 -0.68758784279290475 -14.95887275542392
-0.84015816385261743 -0.43475590814579063 0.32422455188361082 26.79872468994094 -0.15085742077055281 0.76156922952053407 0.63028116523180078 -1.1841244298972129 -0.52093790254718053 0.48062418684438785 -0.70542476048825797 -14.900341378207228
-0.85807489950989724 -0.41589788840100406 0.30122485497492812 26.786238700743983 -0.15281515575386506 0.76681149288109307 0.62341612311311889 -1.2082782280191509 -0.4902601299341019 0.48890600406320994 -0.72153719529068128 -14.8385199431366
-0.8749390467670688 -0.39774194913144351 0.2761937840420251 26.78891565283671 -0.15652734450760691 0.77205880029390628 0.61597434955534558 -1.2290187177252123 -0.45823667996323642 0.49570813064731373 -0.73776188187410163 -14.766213010427135
-0.88978436189164878 -0.37988802760003409 0.25292069076931589 26.783733696525118 -0.15888404647456361 0.77736789800646444 0.60865015478916928 -1.2526067401784753 -0.42783133254699907 0.5013823268077634 -0.75204794611506842 -14.694356243807032
-0.90304568191248658 -0.3627488411169793 0.23004733132010358 26.774913401246334 -0.16127195651340284 0.78270544799444319 0.60113520752169991 -1.2817129750294873 -0.39812039940393923 0.50575237018535735 -0.76531999035066511 -14.615921368372025
-0.91490785946078335 -0.34705164884758388 0.20615227801084499 26.774084521170799 -0.16474870278284248 0.78727082255790615 0.59419064018239842 -1.3110930892193793 -0.36851251488688685 0.50966636634289597 -0.77745657202867013 -14.530575641175908
-0.92506333021893994 -0.33233184002582156 0.18388415698285862 26.765987239085629 -0.16769729041078055 0.79177733879088885 0.58733828801304999 -1.34097737666831 -0.34078652243468666 0.51248823779894681 -0.78817533090334879 -14.442996719562469
-0.93378969520363353 -0.31870354710850501 0.16268022065377907 26.752352287529245 -0.17034302553902816 0.79575370296785586 0.58117062715105927 -1.366803556719361 -0.31467452833318954 0.51497970180717068 -0.7973555342159997 -14.352636971382498
-0.94121868637406103 -0.3062652780316959 0.1425095221115249 26.733606196225256 -0.17307154253222151 0.79951870956285376 0.57516612750097384 -1.3908237756453696 -0.29009244317252497 0.51669276415595089 -0.8055277536392389 -14.253930282720455
-0.94797791279695498 -0.29356674134972605 0.12311151539328964 26.712200789530577 -0.17511514901916056 0.80386509214325041 0.56845017215013727 -1.4022962973242157 -0.26584311432332858 0.51731951635988616 -0.8134543358788171 -14.143296999256652
-0.95367859310402459 -0.28175480774060757 0.10541048036216397 26.680732973313152 -0.17617709527562864 0.80712911484058458 0.56347513084154532 -1.4213774901186507 -0.2438416948665075 0.5188032577882562 -0.81938050230214876 -14.034150290792242
-0.95823351829559833 -0.27182814210924366 0.088870611409375799 26.650835382063711 -0.17771738357071365 0.80944957746133506 0.55964981294059779 -1.444960744491683 -0.22406484773747817 0.5204813567315385 -0.82395030269020353 -13.923919519846031
-0.96204536017336095 -0.26280422815220017 0.073502806982012878 26.616862035283784 -0.17949355576259879 0.81228436893307088 0.55495600494697028 -1.4629526678644336 -0.20554996572271075 0.52069956947584395 -0.82862607365389107 -13.806283283544756
-0.96548132582562052 -0.25338959570294928 0.060328453249669671 26.565527204853399 -0.18041333574066812 0.81760429703128601 0.54678537083841372 -1.4556480442461934 -0.18787452666321383 0.51702700728827755 -0.83509654290123891 -13.673895338350595
-0.96814682076104042 -0.24549082826469315 0.049254306290983804 26.510477011625504 -0.18015109310027122 0.81958959939906761 0.54389196740865142 -1.4803593457847002 -0.17388880672736967 0.51769406196593659 -0.83770850604499736 -13.555048682680827
-0.97041461629646641 -0.2383899507193854 0.038284512197372195 26.458497336739018 -0.18114642215603 0.82368675322045082 0.53733239834316837 -1.4862589560081132 -0.15962908951143934 0.51450011075330293 -0.84250115122567504 -13.408856163178585
-0.97195806424405662 -0.23375203412547702 0.025641916721437265 26.428258209297965 -0.18482187357240454 0.82678386589962161 0.53129023531141872 -1.4942883595286833 -0.1453904962510735 0.51165264157461199 -0.84680173474644516 -13.261402083735293
-0.97314509655344716 -0.22970634509211368 0.014953798126388742 26.390439927725904 -0.18790224493967617 0.8302092533792903 0.52482886920407801 -1.5023935703405897 -0.13297130292138959 0.5079247883573158 -0.85107640195905088 -13.108164679018566
-0.97424397550720632 -0.22543624273582741 0.0052131227750424787 26.347369901580148 -0.19014509518800965 0.83371819825874172 0.51841952959754534 -1.5145281613318118 -0.12121682624065572 0.50407585376940101 -0.85511052775813301 -12.948336785098554
-0.97508957038317634 -0.2217890845423845 -0.0031514612173672053 26.298198050889468 -0.1920847965335048 0.8372200378690805 0.51202152213669461 -1.5305678276851966 -0.1109223181809486 0.49987219383393056 -0.85896683821962472 -12.788998169778633
-0.97572735554833168 -0.21875847359360456 -0.010042801683582115 26.243157165156461 -0.19362261591795965 0.84037327246459403 0.50624405728090827 -1.5537659107574087 -0.10230547512105997 0.49590068880587918 -0.86233177872678946 -12.624994183366873
-0.97607255246557578 -0.21677399893929214 -0.01707060945611772 26.194651931944023 -0.19609509361272839 0.84359541823203077 0.49989347325099209 -1.5765441428749167 -0.093963219316660337 0.49127976115630168 -0.86591865073680907 -12.458302518653531
-0.9764352839587469 -0.21453680464888353 -0.023411443600270154 26.144256665941239 -0.19782735987792466 0.84643495272386815 0.49438062916246361 -1.6202543351439287 -0.086246576303827371 0.4873621140983263 -0.86893020307587343 -12.282823735769734
-0.97633156537398369 -0.21425485423379817 -0.029521718981798239 26.093824039346497 -0.20141903093290767 0.85101668163918842 0.48497523807909254 -1.6402763274416339 -0.078784823617462946 0.47944286939016828 -0.87402945405660515 -12.08948339404269
-0.9763030715294343 -0.21348209249676758 -0.035464189055929338 26.049779377291561 -0.20414064637785984 0.85412004018503962 0.47833623472483877 -1.6865888724119933 -0.071825545724503337 0.47424081766282833 -0.87746039103988638 -11.907887306118857
-0.97590801045940845 -0.2140958406256071 -0.042030062431244956 26.01294552940227 -0.20838215932582344 0.85752866812162032 0.47034185336228274 -1.7416374463484328 -0.064656251019269875 0.467768697516598 -0.88148284999071835 -11.717673139211016
-0.97562952677998682 -0.21431852276801985 -0.047059507791654839 25.971109051447943 -0.21158928726335099 0.86210190174742762 0.46044574546721118 -1.7945514118884471 -0.058111960820868849 0.45918175247063386 -0.88643957391778905 -11.512923336778202
-0.97536468359546458 -0.21412082921802467 -0.053066038948701308 25.943121609212824 -0.21474654584927289 0.86656858934815473 0.45049173244462021 -1.8532483340287269 -0.050474300792836255 0.4507894746443562 -0.8912021064322837 -11.317249466776111
-0.97511554801028866 -0.21389073598920358 -0.058313129624387443 25.916974266030881 -0.21756018824623766 0.87264682971695473 0.43721284870782307 -1.9023480407926783 -0.042629010296457069 0.43901966202317744 -0.89746560036482692 -11.109333483501937
-0.97550130451840977 -0.21148741635933369 -0.060582816082910856 25.869839964695551 -0.21677195783587264 0.8770929876138146 0.42862315543455598 -1.9784081229976094 -0.037511640578420796 0.43125510292670943 -0.90144989490308869 -10.939857064505279
-0.97521371070014751 -0.21112313085286982 -0.066221160374401511 25.865891296122541 -0.21925288631577222 0.88178163007330901 0.41759948360535737 -2.0418757399031175 -0.029772307681018906 0.42176792254051287 -0.90621489129853083 -10.773038389388111
-0.97503147532143086 -0.21037366511714103 -0.0711093746119041 25.861609419493327 -0.22098471862186728 0.88761840324769781 0.40410311103927626 -2.0970157333644694 -0.021894663005610836 0.40972733767859387 -0.91194524643241803 -10.600798461476783
-0.97463138404338157 -0.20980588665604746 -0.077943281699921083 25.876996193001609 -0.22350094073231744 0.8938600227730793 0.38866642404493784 -2.1346478716032928 -0.0118741201548835 0.39622689158180574 -0.91807584417517929 -10.42469898326487
-0.97438238847935277 -0.20934218618950051 -0.082187651765164391 25.875544505356764 -0.22484141431066679 0.89858728501348728 0.37681192871626129 -2.2128194582159506 -0.0050298540784513689 0.3856380949718145 -0.9226364182463529 -10.272277594677556
-0.97384128030105899 -0.21031327762495691 -0.086031889647049942 25.879245984598239 -0.22722683592922252 0.9031019835451376 0.36438272784317349 -2.2799074798997054 0.0010610443857667399 0.37439969627589953 -0.92726681252664589 -10.159065159871187
-0.97280641829458281 -0.21162086269484962 -0.094150321280139809 25.932208164473835 -0.23133992575307263 0.90770974483317068 0.35006407683088964 -2.3304818162646526 0.01138030216772779 0.36232530909003274 -0.93198222038587408 -10.030714660462149
-0.97265582201704959 -0.21022779034688907 -0.09871640219437787 25.948735330871845 -0.23145460832247391 0.91257743737754105 0.33709225009740346 -2.3812787054213298 0.019220202460637992 0.35072310581897032 -0.93628194837990319 -9.9067105734280911
-0.97166545652855096 -0.21057109738539018 -0.10735945945782284 26.010246857621663 -0.23430992030575507 0.91783767475172806 0.32042606643756666 -2.4018001054735381 0.031066088190728185 0.33650232651833734 -0.94117006030380779 -9.7856039999036337
-0.97045878193832347 -0.21119831298805133 -0.11664058105902288 26.077770370350592 -0.23735198678809724 0.92246635414574196 0.30449935933726607 -2.4305270022909862 0.043287260556984689 0.32318895101792028 -0.94534391361737136 -9.6791689797787974
-0.96952495038648268 -0.21190044802489014 -0.12296166355795302 26.105654576167968 -0.23928822861205049 0.92671752216113967 0.28971671986135794 -2.4661382929764737 0.052559625434314611 0.31031086710969102 -0.94918104254553892 -9.5763714354537122
-0.96792408980231315 -0.2138997182651349 -0.13179479089273535 26.154515114183056 -0.2427086427311608 0.93162738826285496 0.27048645840804952 -2.4849345999848351 0.064926659578032231 0.29379809387507549 -0.95365990211993878 -9.4517800670487908
-0.96694725792336222 -0.2141845648361142 -0.13834006137216914 26.165233287932946 -0.24350731318535818 0.93660970526945886 0.25192548187967267 -2.4893741069688975 0.075612094401220117 0.27728547055520558 -0.95780769416372902 -9.3525132461899734
-0.96495249088990831 -0.21574841051366192 -0.14939649823938392 26.205638438628611 -0.24634268920570204 0.94093216495343157 0.23229709518405767 -2.4817200123530352 0.09045424147194378 0.26095839575855129 -0.96110287996803923 -9.2533109302279275
-0.96185796658947753 -0.21950882097393201 -0.16323335940606604 26.272481545357088 -0.25103966859151655 0.94537271355004193 0.20796518282753931 -2.4344013144879901 0.10866617183750056 0.24101101632428459 -0.96441969759463042 -9.1542481015854893
-0.95941034689874871 -0.22100069556752369 -0.17518698245672704 26.284137446844422 -0.25409280034757076 0.9469028913896792 0.19700701279242563 -2.4943138155762301 0.12234637336330173 0.23352431744153782 -0.96462311712311344 -9.1141698974333636
-0.95754330346329564 -0.22137866971895817 -0.18466809845250745 26.247853016089 -0.253833882980118 0.95109807665298729 0.17601365980577785 -2.4558464141858551 0.13667180339717599 0.21541572175784376 -0.96691100157962429 -9.0560953822645782
-0.95446749297395606 -0.22301021461351264 -0.19813694515169594 26.241916472695227 -0.2555696173658934 0.95387274815093892 0.15751492314833632 -2.4493058575093154 0.15386999556593864 0.20098065706184387 -0.96743516576126565 -9.0112450511487054
-0.95105249154253091 -0.22505200304899969 -0.21177996660302389 26.205095381465835 -0.25736236204818314 0.9561691914153263 0.13966063149342042 -2.4477603318531012 0.17106657456009569 0.18732878399166028 -0.96728700692011871 -8.9840657499717
-0.94722013917089098 -0.22867912406538074 -0.22467724888330007 26.164733953107735 -0.26033655724683813 0.95767364634698682 0.12282533962228714 -2.4774357609427859 0.18707988911142193 0.17483433675670412 -0.96666130044649146 -8.9456508876225733
-0.9419507091629733 -0.23459059215248301 -0.2402001573290892 26.154966940882375 -0.26345862381002 0.95991589011886547 0.095661054967194806 -2.3955503799167563 0.20813076429855873 0.15339080145449943 -0.96599836800154293 -8.8970549434845214
-0.93656957786508332 -0.23928953348100124 -0.25608191069277997 26.142600671831794 -0.26635036584978034 0.96085331580612376 0.076278359421696765 -2.4097001121833004 0.22780453996641134 0.13964750148435234 -0.96364083916149479 -8.8707193176544763
-0.93001877585533355 -0.24334064791865956 -0.27540952348652314 26.152782942634378 -0.26731398363626385 0.9621759704495142 0.052541755224267218 -2.3728919920999054 0.25220688077262693 0.12248563572951127 -0.95989007617064126 -8.8636078883514084
-0.920261359602212 -0.24890901814591601 -0.30193265922838519 26.236032100809375 -0.27148005772221939 0.96182443045239963 0.034530323544061353 -2.3972352542069997 0.28181129906770691 0.1137456182477074 -0.95270369268058275 -8.8948339835043608
-0.91549976744340111 -0.25012247839787305 -0.31511731404539517 26.16397322081146 -0.26946398101795899 0.96283036695689839 0.018623839550358925 -2.468927992196964 0.29874627821117994 0.10196288670761539 -0.94886997580765442 -8.8745640332099125
-0.90669383030904949 -0.25503446357438925 -0.3359519615493089 26.177674025561547 -0.26917836324775485 0.96307920554408855 -0.0046316959989819778 -2.4341024882510767 0.32472959033442661 0.086231468953571574 -0.94186773324248918 -8.8812019045230013
-0.90254150461561955 -0.25764799815800465 -0.34501643655244474 26.026278311519974 -0.26503816305638916 0.96387454521747995 -0.026469476864704109 -2.4433543906363648 0.33937236860102382 0.067552721092262819 -0.9382233344482338 -8.802561134105412
-0.89312753535949851 -0.26195679846887354 -0.36565262383662051 25.986792056950382 -0.26442287619550198 0.96338829063209008 -0.044311894762894176 -2.4785328149590042 0.36387325832927786 0.057110745126618012 -0.92969597969654383 -8.7883569997624473
-0.8830556181451461 -0.27160353316205871 -0.38268040978887441 25.922416938596974 -0.26641214176314693 0.96148275734546818 -0.067642280036442529 -2.467348066811041 0.38631249783493588 0.042218812172324933 -0.92140122960374393 -8.7500162352936997
-0.87279438789331643 -0.28040948552314343 -0.39950028396808129 25.838321000378773 -0.26591142644051929 0.9595432094705334 -0.09256318084074508 -2.3881789012561514 0.40929337858106118 0.025443065609988574 -0.91204801444993366 -8.7082706379626273
-0.85906658708071371 -0.29006545790640914 -0.42174237289018113 25.839963047123859 -0.26084837921810278 0.95700626717737936 -0.1268744562254642 -2.1835513038859906 0.44041199123182856 0.0010172083186695715 -0.89779521232096848 -8.6833841480062599
-0.84781409067870706 -0.29430407540701009 -0.44113079562127938 25.744209681071197 -0.25594620514818189 0.95565313784302386 -0.14566612578436797 -2.1781936610705053 0.46443816350175493 -0.010592040861299385 -0.88554220732470501 -8.6475797770311491
-0.83732358810124818 -0.30857432848491589 -0.45129933814413514 25.579524364264721 -0.257226140620675 0.95076912383288148 -0.17283745470078984 -2.0970606287714331 0.48241467783499697 -0.028634890712871442 -0.8754747978344195 -8.5700677980286564
-0.82280031873185977 -0.31142204016317987 -0.47541134651515604 25.586699981993856 -0.24842049131352209 0.94943501728872504 -0.191990644150976 -2.0730800110415601 0.51116229809161318 -0.039868042923639886 -0.85855905106354835 -8.5644546176534213
-0.80657761448243659 -0.313983190026142 -0.50084639181772028 25.588701221722346 -0.23712504910967097 0.94797221787674746 -0.21241559551637557 -2.0328850769154121 0.54148339115854505 -0.052566439054285923 -0.83906644944521158 -8.5870399969126261
-0.79130263374097698 -0.32437721026671745 -0.5182852180934503 25.478801308173033 -0.22250717721229391 0.94231961387909013 -0.25004859805201718 -1.8918110340750713 0.56950039326027724 -0.082541933332968359 -0.81783624969675062 -8.6877080962358715
-0.77958116236876163 -0.34204853052955941 -0.52464846711139868 25.244683413827751 -0.22888350010322819 0.93534567044286709 -0.26970506143615286 -1.7944451458391393 0.58297989215775425 -0.090173607814883899 -0.80746712985321034 -8.567174647164336
-0.76614090130444157 -0.35750324976542497 -0.53405949645669493 25.006961358252518 -0.2302595425004626 0.92852552040286374 -0.29124028060704216 -1.7601578631051995 0.60000721865315598 -0.10015879575829166 -0.79369991381904104 -8.5428989312224779
-0.76019272935738003 -0.38016606571556127 -0.52685935192471345 24.62562420971722 -0.24838146808929643 0.91938602833524397 -0.30501799489825482 -1.7677484618828294 0.60034461815026152 -0.10101036273718411 -0.79333677973337391 -8.3076664454042497
-0.74815566585329396 -0.39425596284775699 -0.53369029915354727 24.398874314656236 -0.24964590159103464 0.91248306468574714 -0.32411661555758908 -1.7769167112095636 0.61476826810629559 -0.10925608642402783 -0.7811037601425892 -8.2734246019274416
-0.73114506207024998 -0.41284433412597754 -0.54312655430421486 24.170526124196872 -0.25416489798214881 0.90363878332823744 -0.34472765177569764 -1.7198870578247194 0.63310907657686832 -0.11400221508874714 -0.76562157239124651 -8.2710206744230614
-0.71752142944885033 -0.42720112687509637 -0.55014743067502125 23.961612064345466 -0.25433281998796387 0.89598474844355136 -0.36404140867972151 -1.6935746559781315 0.64844260729739955 -0.12128696448173576 -0.75153952476776475 -8.2639006609830012
-0.69996282697623058 -0.45016781653318055 -0.55443753282871511 23.745615905250183 -0.252228233494806 0.88212230471023578 -0.39779537171866591 -1.434153344489014 0.66815638819031986 -0.13859717345765252 -0.73099785528414252 -8.2838360838309484
-0.68575292785972874 -0.466585697662523 -0.55860604066603714 23.493055701559662 -0.2503959184541521 0.87188036680829362 -0.42086400415780034 -1.3063357881274862 0.68340676463824324 -0.14873605047537086 -0.71472566858598041 -8.297709753927812
-0.67685324119164214 -0.47641930836702268 -0.56115446403237035 23.239613555441085 -0.25658511203512585 0.86720039784963865 -0.42676404517174399 -1.1644966226864732 0.68995200570060744 -0.14487274617579446 -0.70920950166025931 -8.2143971712550421
-0.66744560967047084 -0.47816492466702071 -0.57085432725853691 23.002794669117158 -0.25670495999135939 0.86735339259599309 -0.426380881217786 -1.0783216697122169 0.69901281937275583 -0.13804490997644053 -0.70165852177690269 -8.2308107554193217
-0.66243523080014866 -0.4766602047242402 -0.57790536788214697 22.800230841390373 -0.2513943293023817 0.86816079668098756 -0.42789919642462376 -0.95348005792687374 0.70567730315588284 -0.13817337058376525 -0.69492997019279734 -8.2533075701307705
-0.64903160695509698 -0.47233332592897748 -0.59637169818004898 22.703709706459438 -0.24416423534705947 0.87177292917965254 -0.42473025101458722 -0.85505407567257186 0.72051495428663437 -0.1300507176696801 -0.68113509047980392 -8.3467820855558443
-0.64309089360350535 -0.47015946536584302 -0.60447016443423407 22.439197824208069 -0.23944425486941476 0.87321761501161121 -0.42444957962455837 -0.81707057049199827 0.72739298276397746 -0.1282227513366416 -0.67413527920246552 -8.3964994702241107
-0.64347799327260113 -0.47279286210049776 -0.60199915425246775 22.080382597671967 -0.24560404277137693 0.87239155652193068 -0.42262468726234953 -0.75517847675207039 0.72499291468829019 -0.12409625963768138 -0.6774846064640252 -8.3607375713640639
-0.63774245831683918 -0.47310217387974152 -0.60783130055160717 21.85886279187682 -0.24036999714066778 0.87196707815144026 -0.42649229664161048 -0.596176593719697 0.73178331583508427 -0.12588783773781698 -0.66980999617436821 -8.4598712336154893
-0.62885113036891416 -0.46780003369084205 -0.62105505739232647 21.658519080391315 -0.23561515272710148 0.87585294783043477 -0.42114975196730486 -0.57638070049028034 0.74096677094126395 -0.11851051537979571 -0.66100189266392539 -8.5561165670122108
-0.62488115830487478 -0.47144014595690742 -0.62230838559004509 21.378809626591725 -0.23656352823208646 0.87395837997492154 -0.42454027745550538 -0.45113565828981356 0.744016958883294 -0.11807175297987429 -0.65764566906679689 -8.5912003171526337
-0.61868523564510403 -0.48100503124725574 -0.62117850824830467 21.089764146705953 -0.23455580015674435 0.86769522604234917 -0.43827910207554516 -0.16287240048331922 0.74980807931602866 -0.1254557875035793 -0.64965274537576256 -8.6969538627389547
-0.61944639764098453 -0.47862483801052164 -0.62225752296698633 20.766901385284093 -0.23211073273071231 0.86887052284962218 -0.43725121186136928 -0.054910714102082155 0.74994050977448834 -0.12642103844861483 -0.6493126772493778 -8.7162295795488731
-0.6199980766468649 -0.47899540264436419 -0.62142239193623572 20.476129942480743 -0.23163911612646043 0.86846384481786998 -0.43830796265219152 0.049765683523707194 0.74963037880967798 -0.12780436021406394 -0.64939998512159924 -8.7479861225061715
-0.61684130862135711 -0.47481121858459291 -0.62774286669344614 20.259961285005154 -0.22321546302970333 0.8703361451695002 -0.43896452188750951 0.15367604859715472 0.75477258630843691 -0.13064953546686878 -0.64284449273487954 -8.8502895903322862
-0.61399305921344349 -0.47438492439014041 -0.63084979729653445 20.027297626125311 -0.21887833685414221 0.87022587715949662 -0.44136061942356086 0.27186596110043337 0.75835664228229871 -0.13291300249917415 -0.6381452318030536 -8.9680066368606255
-0.61435413397881566 -0.4772117034476907 -0.62836135157701434 19.752706389730303 -0.22157813933191672 0.86866955229478271 -0.44307599470766579 0.38339546627874532 0.75727942414497473 -0.13297442990490724 -0.6394104118311803 -8.9931086484912015
-0.61573609538704521 -0.47813865593433647 -0.62630063590804563 19.499002462577852 -0.22580646911766641 0.86858265754203012 -0.44110724945509217 0.46168065023918192 0.75490429813462345 -0.13018292022585273 -0.64278449572103202 -9.0360255152406541
-0.61946181009651924 -0.47585126523860355 -0.62436578958393041 19.23471028308969 -0.24654878837566863 0.87302905958824262 -0.42075403273760603 0.46501340974918143 0.74530581695196396 -0.1067044257999117 -0.65812871441100129 -8.910673449947863
-0.61993914504460923 -0.44897399230945501 -0.64350432063123664 19.222263840622254 -0.23225552469141086 0.88836448727984185 -0.39606301138877043 0.5589015443056301 0.74948837728925277 -0.096077531034749766 -0.65500861088888773 -9.1515900679640971
-0.63441077594329442 -0.41884253397173454 -0.64968753959358294 18.956287624876406 -0.22072750795844479 0.90364327023553481 -0.36702616717133796 0.62188836507675149 0.74081194280160045 -0.089441443940516813 -0.66573109699664301 -9.3774003661896597
-0.65632866948297353 -0.37032465171267404 -0.65733730302531668 18.874464010751485 -0.19874990745210694 0.9253412659301179 -0.32286532154232023 0.74446344731021719 0.72782631987479629 -0.081260038768964121 -0.68092999214073235 -9.5070751210815221
-0.67084869912282241 -0.31562388335599229 -0.67107643911889825 18.825504688702448 -0.16479268757048932 0.94573119456791499 -0.28006406007276213 0.84870489098825153 0.72305282864290932 -0.077292120403231315 -0.68645504959542714 -9.7919895864556654
-0.68376894472677829 -0.268128524226033 -0.67865095942140841 18.771367144400955 -0.14266050912445929 0.96121656484752749 -0.23603113057194192 0.90300138058257862 0.71561722265718175 -0.064574065684984236 -0.69550138797656857 -10.05711964655287
-0.6901534279580086 -0.21873382573398131 -0.6898142933845216 18.691655509506752 -0.12180320874228888 0.9747377281942885 -0.18721735917034957 0.94174967486068506 0.71333878642472048 -0.045187107834133031 -0.69936106630816552 -10.413244547019961
-0.69392141250481765 -0.18227672092061339 -0.69659763872536073 18.656165519457289 -0.11454257325592658 0.98305327179465118 -0.14313023344402931 1.0058516724554736 0.71088189749017383 -0.019531047700019965 -0.70304015959012633 -10.675393725157811
-0.69450870177543034 -0.14510549932182545 -0.70469997674526041 18.670064367489207 -0.11579410712433549 0.98922615708374761 -0.089573070152800985 1.0101024416104321 0.71010519496303137 0.019390827931896067 -0.7038285358513332 -10.990417859290979
-0.6999950033747222 -0.097715761457635233 -0.70743100385350444 18.653376263658796 -0.10249180097949125 0.99408595715876347 -0.035896246485189437 1.0379320613375573 0.70675485564826712 0.047378684474135034 -0.7058702673119881 -11.195806921810034
-0.69999500337472298 -0.09771576145763522 -0.70743100385350477 18.65337626365881 -0.10249180097949127 0.99408595715876336 -0.035896246485189472 1.037932061337558 0.70675485564826745 0.04737868447413509 -0.70587026731198899 -11.195806921810034
1 0 0 0 0 1 0 0 0 0 1 0
1 0 0 0 0 1 0 0 0 0 1 0
1 0 0 0 0 1 0 0 0 0 1 0
1 0 0 0 0 1 0 0 0 0 1 0
1 0 0 0 0 1 0 0 0 0 1 0
1 0 0 0 0 1 0 0 0 0 1 0
1 0 0 0 0 1 0 0 0 0 1 0
1 0 0 0 0 1 0 0 0 0 1 0
0.99982404343686804 0.017711009689074193 0.0061808010277982113 0.65924196136667934 -0.017659705382304089 0.99980994598857542 -0.0082587352622626037 -0.0019575343742342438 -0.0063258968820184922 0.0081481309584124795 0.99994679407982634 0.047436740741196012
0.99944560449733899 0.029355077302245489 0.015708694647482625 0.82931941445345758 -0.029124164503882766 0.99946723440274499 -0.014731951577410205 0.043717673361600477 -0.016132783172764478 0.014266281642655722 0.99976807636330989 0.092199174553300595
0.99882283817663109 0.039496607995857864 0.028159472537689235 0.97795787852041194 -0.038828384192854434 0.99896016032623369 -0.023894657602854429 0.083832003184323753 -0.029073949125487396 0.022773142905780346 0.99931781203200887 0.12739770686996738
0.99777002553728844 0.054081752873286114 0.03911700583469583 1.0785860745785041 -0.05305663328611817 0.99823216282751792 -0.026786988651919291 0.078844313925427081 -0.04049654063819768 0.024651837717470163 0.99887552632622367 0.10919524322953789
0.99637515696227319 0.06792349353920013 0.051214701149529855 1.1914141496923483 -0.066343913417602207 0.99728554308998185 -0.031937919408717125 0.08633671654757695 -0.05324501611271349 0.02842436576513618 0.99817684990687228 0.11787547454775778
0.99462608744174186 0.083585016897104444 0.061094116988817705 1.2901771956041201 -0.081965314211030746 0.99622594371245732 -0.028557947064009419 0.00045396946301248917 -0.063250560840356032 0.023396880658210151 0.99772338477598388 0.099182942693602366
0.99208863080455922 0.10134149131921613 0.074094876783298722 1.3997252243935745 -0.099236697439539542 0.99456304238730664 -0.031566320637630568 0.017139593858404547 -0.076891004087788234 0.023963656951760434 0.9967514818829567 0.12179844150924267
0.98881711880906653 0.12177267198132614 0.086093681003106701 1.5124108994526555 -0.11913222800972502 0.99225464343256631 -0.035188561152022665 0.034996168414993735 -0.089711859860194837 0.024538519617921063 0.99566542736774066 0.15962431231741181
0.98532944289147362 0.14199304281984224 0.094677688828682244 1.670272599589921 -0.1387216209745846 0.98951041962878783 -0.0403167622738227 0.063733083434780791 -0.09940925935425747 0.026591450446011577 0.99469125557522386 0.18201141281856853
0.98158862797253055 0.16092522475057955 0.10289235867633907 1.8577237223377803 -0.15690930958945504 0.98653866400615964 -0.046053588189218841 0.093189320137934115 -0.10891847409491881 0.029060909481932327 0.9936257995548009 0.22320278368470983
0.97751721880438747 0.17936642542026099 0.11085022495643984 2.039971549020088 -0.17477864521235001 0.98334329044693791 -0.049883848194827912 0.10179982019168508 -0.11795131249236204 0.029388068411297652 0.99258441923918095 0.23987101472450106
0.97256600832170204 0.19731335613056269 0.12321850084173587 2.210135214563187 -0.19213123533245641 0.97995163128707563 -0.05272939168455798 0.096085823723534206 -0.13115238414461008 0.027608691209346069 0.99097770525016937 0.29910850296034225
0.96681921644060997 0.21611853804610748 0.13621079338282291 2.3527760302447773 -0.21037054877040803 0.97604834573068544 -0.055442393584961717 0.067157483176948307 -0.14493044859932733 0.024948032171007471 0.98912727227571284 0.34103520240669816
0.96033207525130204 0.23605485034077403 0.14846013900748684 2.5081536934628192 -0.23028111446597868 0.97155747612520149 -0.055196729119897946 0.030613340731261752 -0.15726701359100823 0.018819623158377399 0.98737678128480533 0.3559306479469237
0.95195122094343188 0.25839506170560123 0.16438024525613759 2.6527841092864284 -0.25137299557345621 0.96586757952683799 -0.062541473562703759 0.081165482391796759 -0.17492995752796769 0.018215677454482493 0.98441236230257578 0.43025505216397669
0.94410394495021477 0.27908544543712854 0.17543960577532497 2.8283597329756707 -0.27104307139108641 0.96010958678757996 -0.068740343390682482 0.079686926021991386 -0.18762567676181299 0.017346339779390301 0.98208742478250355 0.41616511766970621
0.93551089418889044 0.29830943139665961 0.18929038537047854 2.9895606272717896 -0.28979431547260442 0.95438935421725768 -0.071834638417204916 0.032766061401032089 -0.2020856787940879 0.012346809165431682 0.97929001563876117 0.44728434234378639
0.92638784586807077 0.3159637613097474 0.20487181496465653 3.16725172446144 -0.3068798753203224 0.9487445257100805 -0.075555059781181377 -0.0026016040164624924 -0.21824367379445131 0.0071222520421199767 0.97586831712816136 0.49962882888409205
0.91673187116828458 0.33637501219975569 0.21553312402484662 3.3986845676429938 -0.32534973688313357 0.94168910377446302 -0.085843931308650978 0.017403020391432857 -0.23184094783789047 0.0085722225859376534 0.97271593587519978 0.52773865767003103
0.90552133926124989 0.35563377415455882 0.23142109416191223 3.6334932609525303 -0.34345553486175462 0.93461615876218118 -0.092363041057835452 0.06387774289521049 -0.24913731096593794 0.0041538489632609518 0.96845926389469372 0.59159352091214057
0.89562404940297569 0.36865487553012616 0.24889986918213414 3.8678086734327795 -0.35720362151085633 0.92953988954007827 -0.091439414550553724 -0.0005235307964693471 -0.2650719428957829 -0.0070125959306323992 0.96420313657847456 0.66679772961045447
0.8851590231681713 0.38131977276327195 0.26662470741425198 4.114132237816702 -0.3705960186919961 0.92427215226845161 -0.091540042990408257 -0.071930477631382064 -0.28133982056155948 -0.017782560018477944 0.95944342507809122 0.76901694679443611
0.87249276477133852 0.3976139583547299 0.28400618926908744 4.3333401788981929 -0.38659506319374359 0.91719399183658257 -0.096433596080931439 -0.14628742270337752 -0.29883211429813061 -0.025657775826402773 0.95396071512602187 0.83085539300980094
0.86124091731146568 0.41051560040685198 0.29956806266874836 4.5908638829106518 -0.3986569679733114 0.91132819823661582 -0.10273040925222483 -0.22665210946231651 -0.31517725843536276 -0.030949263664993749 0.94852803798504726 0.88960746167267091
0.8478600746999635 0.42410341943225099 0.31822882232073918 4.8329667390527735 -0.41326077062126765 0.90459664085660163 -0.10450097040921914 -0.3468223565134354 -0.3321879425796313 -0.042909287768787864 0.94223668142770101 0.97439589851554398
0.83277400806348267 0.43783028683770214 0.3388098160052303 5.0231174479802201 -0.42658656848140614 0.89756462305079132 -0.11136268243424079 -0.45987803563937329 -0.35286165998184205 -0.051791769378024224 0.93424100827332157 0.98295084571882829
0.81836076372121058 0.45048360035154217 0.35686157850901934 5.2690080795861087 -0.43673925034403166 0.89109360468214849 -0.12333294330189422 -0.51829070373272024 -0.37355653870675348 -0.054924616602093981 0.92597991278458236 1.0393850017290731
0.80090345527076756 0.46690857024830829 0.37490004316354258 5.4854243335808066 -0.44956024587366061 0.88243186430382747 -0.13859866590730668 -0.54046145384698774 -0.39553664895349377 -0.057536005161567545 0.91664626080330935 1.0895641423535709
0.7857016592394489 0.47981859128769933 0.39044464668255435 5.74656359587655 -0.45888853832006304 0.87534637587557962 -0.15228273585657875 -0.58530293024339297 -0.41484239424973551 -0.059521774975014152 0.90794435194948531 1.1298673353782962
0.77393572744190009 0.48719223076497625 0.40455805525440125 6.0414515180148749 -0.46352668846500172 0.8710961145326781 -0.16227929112101983 -0.6855218786729943 -0.43147015988321408 -0.061929714421411396 0.89999900644502717 1.1142156059255448
0.76133827686613076 0.49576692800102323 0.41782673595515529 6.3340217174693114 -0.47203649599070635 0.86562148249977622 -0.16697603267446945 -0.83726698460485482 -0.44446099337436423 -0.070104223377182209 0.89305085142636498 1.1249460761342998
0.75026640363600117 0.50449425039028417 0.4273006844111607 6.6521978345474464 -0.47539145316990405 0.86082197068358635 -0.18162736864645104 -0.89261410983000911 -0.4594597804249117 -0.066866180626473204 0.88567805892452811 1.1024647414173976
0.73972904413904317 0.5119658494149113 0.43668284863274154 6.9685563774609625 -0.47873987661128381 0.85645156570869063 -0.19312909189799754 -0.97728605164394722 -0.47287320900993141 -0.066194294527555431 0.87864056563116244 1.0700403878101201
0.72823015194526153 0.51736981707839136 0.44945446729791577 7.2425815269483556 -0.48355208039507852 0.85262960014842004 -0.1979902787925128 -1.1262259266439585 -0.48565237705932507 -0.073152151896012582 0.87108583465098888 1.0504031736620481
0.72115252435213628 0.5226464677339675 0.45473036668530104 7.5780516343483555 -0.48750543453667994 0.84921324560812717 -0.20291701451803801 -1.2762544120632462 -0.49221691145037305 -0.075349407754259246 0.86720526914528029 0.99324995839359287
0.71736826146221599 0.52644109027109309 0.45633601207976204 7.9538941318663019 -0.48902519710140935 0.84701351311553352 -0.20838057778883748 -1.4021613848653864 -0.4962228673152877 -0.073674195440906282 0.8650635692707962 0.93133157243817666
0.71120639167428945 0.52744272277231763 0.46474685866196175 8.2596618276512377 -0.49108470087360967 0.8458147336603612 -0.20840646077060462 -1.5895634502778531 -0.50301221159084664 -0.080010065101688163 0.86056789649214149 0.88829205484602347
0.70240649557331492 0.53427396230375734 0.47029400185485914 8.5416063965408657 -0.49312460086932586 0.84174596476471852 -0.21975408715148267 -1.6538759022091167 -0.51327696518924659 -0.077556843711929585 0.85471146768927841 0.82175112239918324
0.69704986050174056 0.53808374952786786 0.47390649971121396 8.8510679310718547 -0.49371438123896033 0.83947990817328055 -0.22697927996011244 -1.7393848425151632 -0.51996884688636369 -0.075758578837061594 0.85081903833909012 0.78151461355744456
0.69337315120273413 0.54251215095441885 0.47425124064993257 9.1768697432492097 -0.49677604888641663 0.83663948231189489 -0.23075513838197662 -1.8589424261243817 -0.52196477893052418 -0.075597240053420459 0.84961039709523012 0.69015943836779892
0.68483352602824588 0.5437738330520816 0.48509077512932253 9.3675051488437706 -0.49927456153922684 0.83503072957515356 -0.23118951720395897 -2.0059098808849707 -0.53078051379787183 -0.083867151811861093 0.8433494809504738 0.62405125595351307
0.68375080149214063 0.54369278891625183 0.4867062694678625 9.6453059349940222 -0.4995481298908091 0.8349438012992082 -0.2309123526245917 -2.1559634457846961 -0.53191776373933108 -0.085246700537302489 0.8424942092774601 0.511770410153502
0.68438187572835951 0.54827642199541327 0.48063958769377269 9.9889682155104662 -0.5021513442374802 0.8323783056934464 -0.23450028505611484 -2.2771899270866776 -0.52864494290121022 -0.080866070108637375 0.84498236848478747 0.37467045427291762
0.68682171369027156 0.54678968975411646 0.47884963065889041 10.27786227976385 -0.50152755691603068 0.83337881465085606 -0.23227109364914897 -2.4515700243842531 -0.52606657682977387 -0.080627454813674879 0.84661276288092457 0.22103234385394852
0.68447951556730202 0.54856866373554003 0.48016686051429625 10.491791987005731 -0.50212874562911103 0.83224621102259833 -0.23501695056200614 -2.5801289107898677 -0.52853998484664066 -0.080241294891925316 0.84510757836643491 0.062414277617068435
0.68549830925451682 0.54769358296541737 0.47971221288153848 10.715241978554573 -0.50318991407217006 0.8325841134603531 -0.23152452222060671 -2.7631431021593973 -0.52620526259744027 -0.082676678646046067 0.84632888903949 -0.090552286649885405
0.68512936481056219 0.54938209109194291 0.47830646186490078 10.915237704414251 -0.50559871187067784 0.83135960077570004 -0.23067543595445947 -2.9161724909988309 -0.52437362255264797 -0.08378861608543689 0.84735575278952369 -0.22732636314652291
0.68780543394296889 0.54891803972858888 0.47498702161116751 11.136597669363207 -0.50518239390298625 0.83185454330822417 -0.22980158325806621 -3.0668934466033755 -0.52126234654823511 -0.081896302956783448 0.8494578045041663 -0.41575585372533597
0.68879823600612988 0.54753431057527924 0.47514541860118731 11.315740962491597 -0.50168568314758 0.83313758511567426 -0.23279441486506638 -3.1553576173821352 -0.52332443608108903 -0.078025271614242567 0.84855382362578147 -0.59339996398122163
0.68350768390885797 0.55240360822851553 0.47714515574787669 11.382795187589286 -0.50785098090881253 0.82941009903481111 -0.2327364793259144 -3.3185050495987318 -0.52431348182886317 -0.083241463437289734 0.84744689009831919 -0.72418862378790416
0.68371543888975317 0.55297046371554515 0.47618994622105065 11.523244833833161 -0.50980631375915686 0.82883622060285855 -0.23049521007619594 -3.4739092326606644 -0.52214051851498022 -0.085171507412892811 0.84859595406172139 -0.89282235429137224
0.67762736762732856 0.55978525664210821 0.47692936278718101 11.574860914580986 -0.51708180663216752 0.82382021051639431 -0.23226421591527513 -3.6849189157713722 -0.52292213176769553 -0.08922290732123063 0.84769789248096872 -1.1770098758613641
0.67964095114567669 0.55680546342985981 0.47755193792974926 11.692212062913207 -0.51666921529622467 0.82549494048400041 -0.22718060040527258 -3.8906320842048241 -0.52071210807026902 -0.092335145692069492 0.84872440837944607 -1.3602695396682116
0.68214419197996545 0.55904693942686612 0.47132347794848284 11.930665142267985 -0.52220529023246642 0.82364487662253461 -0.22115775380183991 -4.1744693603272802 -0.51184073323762103 -0.095266136328202716 0.85378183809909591 -1.6223445574995274
0.68267968277392543 0.56158487805635537 0.46751564194807549 12.086754778189846 -0.52389455486029457 0.82218055408132285 -0.22260645066633358 -4.2912044969512948 -0.50939468599056503 -0.092959998004289682 0.85549721954873481 -1.8406025636625132
0.68360548218963413 0.56194306536033167 0.46572903711676794 12.190930953979439 -0.52692696392809857 0.82152673283431021 -0.21781139071246991 -4.5138120611307357 -0.50500645481596973 -0.096508126766702451 0.85770313166164203 -2.0679064318349036
0.68211609581761101 0.56015908449551421 0.47004194694057599 12.255540633421628 -0.52810372680895712 0.82198111127304863 -0.2131982796384965 -4.7202227822561653 -0.50579055502948078 -0.1028049257938137 0.85650864658536774 -2.2404247620361279
0.68229271301407268 0.56174166639415346 0.46789203242266897 12.365089889810802 -0.53162382818562037 0.82055588872312168 -0.20991459879454283 -4.9733251657802846 -0.50184933901835749 -0.10551935234130044 0.85849455863640178 -2.5119797624387949
0.67838109419577886 0.56478428779254719 0.46991254431053775 12.457779117967046 -0.53467502736656791 0.81816885889748936 -0.21147655529854867 -5.1123320523848337 -0.50390644582928057 -0.10778880550894673 0.85700634026747835 -2.690908815456329
0.67257679206221888 0.56601573396887883 0.47672491824842367 12.47516157242223 -0.53812846669012393 0.81628949879544543 -0.20997430198483039 -5.3262241253146545 -0.50799430323285222 -0.11531540684553807 0.85360655153707499 -2.8802158986580295
0.66960772032135851 0.56730739927842921 0.47936188376838867 12.57707501894429 -0.53848594320814647 0.81534001795585853 -0.21272880408391587 -5.4724637776668992 -0.51152555151552903 -0.11568478656973487 0.85144503069960353 -3.0731972280243851
0.66743364706503272 0.56795432163734905 0.48162248213608982 12.707983753180869 -0.53813384702694578 0.81491311160184265 -0.21524075641797599 -5.637308169811905 -0.51472739333500528 -0.11551843607347433 0.84953587415581777 -3.2660261483462141
0.66483347199864962 0.57014789467756666 0.48262597599482704 12.82940796485294 -0.540223256096108 0.81319757646507296 -0.21649142062504656 -5.8994167096037318 -0.51590240170320967 -0.11679503339641766 0.84864812030121761 -3.473731044565167
0.6608676263647244 0.57166565676163528 0.48626367055574221 12.879276542771107 -0.53907014662828978 0.81236629540493555 -0.22240588819591836 -6.0482650805389699 -0.52216602478254881 -0.1151493767649194 0.8450344747958165 -3.6510970930073792
0.65401314980203484 0.57525906535301397 0.49126755196654098 12.855936795628182 -0.53914640956974158 0.80999260668685524 -0.23072305077882874 -6.1760437675295607 -0.53064861154447363 -0.11396922760908036 0.83989467567315368 -3.8038776657583622
0.64747433204360794 0.58470133775712663 0.48877534202300993 12.933577131907619 -0.5448779554429708 0.80358403328998163 -0.23950097100783058 -6.2926849801433526 -0.53280859885794996 -0.11125217780534574 0.83889090465721228 -4.0122658122916093
0.64012471799796034 0.58115788601678386 0.50248965852894401 12.854518828377909 -0.54474748156123431 0.8045468809993821 -0.23654703043339767 -6.5983599766500864 -0.54174765965412774 -0.12231037484477311 0.83159464011296191 -4.1265269701290874
0.6350868362356521 0.5857844773032399 0.50350894390344259 12.930498983973679 -0.54723374267346814 0.80124944081864879 -0.24193917513993293 -6.7805895607110553 -0.54516047299834447 -0.12188469854076282 0.82942400431977414 -4.3367321738502378
0.63152349668978491 0.58974434851535185 0.50336833087006039 13.083236171613056 -0.54947174641735963 0.79844771581979446 -0.24609356958524875 -6.9565111100440626 -0.54704558586809215 -0.1211728042770161 0.82828635053698663 -4.5800369515486574
0.62644337531970218 0.59743971853243372 0.50063407818280325 13.340788853455901 -0.55101022458710214 0.79370954363830515 -0.25770699008359227 -7.0176464554466467 -0.55132243734363839 -0.1144156591440167 0.82640947902605166 -4.7988540367721377
0.61647383290544311 0.61211151389697316 0.49525701196209987 13.653140338249463 -0.56178758565545817 0.78265708184764726 -0.26803470080781799 -7.1097687042451776 -0.55168353423523808 -0.11299286167046514 0.82636426064129609 -4.9991222549520833
0.61070860276941363 0.61652466968652819 0.4969228654140882 13.85838158539107 -0.56363929732680929 0.77922692787401249 -0.27407323361643554 -7.20631269818539 -0.55618858763226287 -0.11270637312923282 0.82337811996899868 -5.1666276290029778
0.60644585320628708 0.61495862785106492 0.50403304768679014 14.016767441008906 -0.5629674025678566 0.77974191237255286 -0.27398951391539605 -7.3300029209532713 -0.56150790802525608 -0.1175943711285946 0.8190729107374819 -5.3469388290883026
0.59802637113007873 0.61448515416256244 0.51456044809798718 14.149771016186664 -0.56170814462411656 0.77929773127883017 -0.27781109820631855 -7.452835891836842 -0.57170658531796015 -0.1228944316780877 0.81120191011029918 -5.4292584604240748
0.5921072950080235 0.61745080776046612 0.51784500692217705 14.32804996003048 -0.56195728959449331 0.77694232469002777 -0.28383908958574799 -7.535054889398455 -0.57759237864595514 -0.12294358096787084 0.80701420063645979 -5.5750269416367928
0.58331668577138795 0.62065761325094293 0.52395206957729124 14.432519169420951 -0.56145064559776947 0.77424738269868676 -0.29208588281887427 -7.616410640591436 -0.58695384542443507 -0.12379465859994189 0.80010003489788206 -5.6984331813687064
0.58466515098718352 0.61239415562471167 0.53210906718250017 14.513880543627495 -0.55521492828763053 0.78027134010986809 -0.28794620888233968 -7.7811381028239763 -0.59152603038893847 -0.12708278388454952 0.7962078380752462 -5.8423193274103475
0.58436870419074161 0.60320552531975258 0.5428225417078355 14.572136538414103 -0.55296192478550477 0.78557513980383675 -0.27767752782623978 -8.0198332471823175 -0.5939245131327241 -0.13789414036101633 0.79261521481369068 -6.0086213853526029
0.58514959060306682 0.60194304949091382 0.54338248203879613 14.582731491814469 -0.55195792146393796 0.78654536031280109 -0.27692751597415421 -8.0384935599636655 -0.59408956357629517 -0.13788024274704877 0.79249393001444624 -6.0322846833652495
1 0 0 0 0 1 0 0 0 0 1 0
1 0 0 0 0 1 0 0 0 0 1 0
1 0 0 0 0 1 0 0 0 0 1 0
1 0 0 0 0 1 0 0 0 0 1 0
1 0 0 0 0 1 0 0 0 0 1 0
1 0 0 0 0 1 0 0 0 0 1 0
1 0 0 0 0 1 0 0 0 0 1 0
1 0 0 0 0 1 0 0 0 0 1 0
1 0 0 0 0 1 0 0 0 0 1 0
1 0 0 0 0 1 0 0 0 0 1 0
1 0 0 0 0 1 0 0 0 0 1 0
1 0 0 0 0 1 0 0 0 0 1 0
1 0 0 0 0 1 0 0 0 0 1 0
1 0 0 0 0 1 0 0 0 0 1 0
1 0 0 0 0 1 0 0 0 0 1 0
1 0 0 0 0 1 0 0 0 0 1 0
1 0 0 0 0 1 0 0 0 0 1 0
1 0 0 0 0 1 0 0 0 0 1 0
1 0 0 0 0 1 0 0 0 0 1 0
1 0 0 0 0 1 0 0 0 0 1 0
1 0 0 0 0 1 0 0 0 0 1 0
1 0 0 0 0 1 0 0 0 0 1 0
1 0 0 0 0 1 0 0 0 0 1 0
1 0 0 0 0 1 0 0 0 0 1 0
1 0 0 0 0 1 0 0 0 0 1 0
1 0 0 0 0 1 0 0 0 0 1 0
1 0 0 0 0 1 0 0 0 0 1 0
1 0 0 0 0 1 0 0 0 0 1 0
1 0 0 0 0 1 0 0 0 0 1 0
1 0 0 0 0 1 0 0 0 0 1 0
1 0 0 0 0 1 0 0 0 0 1 0
1 0 0 0 0 1 0 0 0 0 1 0
1 0 0 0 0 1 0 0 0 0 1 0
1 0 0 0 0 1 0 0 0 0 1 0
1 0 0 0 0 1 0 0 0 0 1 0
1 0 0 0 0 1 0 0 0 0 1 0
1 0 0 0 0 1 0 0 0 0 1 0
1 0 0 0 0 1 0 0 0 0 1 0
1 0 0 0 0 1 0 0 0 0 1 0
1 0 0 0 0 1 0 0 0 0 1 0
1 0 0 0 0 1 0 0 0 0 1 0
1 0 0 0 0 1 0 0 0 0 1 0
1 0 0 0 0 1 0 0 0 0 1 0
1 0 0 0 0 1 0 0 0 0 1 0
1 0 0 0 0 1 0 0 0 0 1 0
1 0 0 0 0 1 0 0 0 0 1 0
1 0 0 0 0 1 0 0 0 0 1 0
1 0 0 0 0 1 0 0 0 0 1 0
1 0 0 0 0 1 0 0 0 0 1 0
1 0 0 0 0 1 0 0 0 0 1 0
1 0 0 0 0 1 0 0 0 0 1 0
1 0 0 0 0 1 0 0 0 0 1 0
1 0 0 0 0 1 0 0 0 0 1 0
1 0 0 0 0 1 0 0 0 0 1 0
1 0 0 0 0 1 0 0 0 0 1 0
1 0 0 0 0 1 0 0 0 0 1 0
1 0 0 0 0 1 0 0 0 0 1 0
1 0 0 0 0 1 0 0 0 0 1 0
1 0 0 0 0 1 0 0 0 0 1 0
1 0 0 0 0 1 0 0 0 0 1 0
1 0 0 0 0 1 0 0 0 0 1 0
1 0 0 0 0 1 0 0 0 0 1 0
1 0 0 0 0 1 0 0 0 0 1 0
1 0 0 0 0 1 0 0 0 0 1 0
1 0 0 0 0 1 0 0 0 0 1 0
1 0 0 0 0 1 0 0 0 0 1 0
1 0 0 0 0 1 0 0 0 0 1 0
1 0 0 0 0 1 0 0 0 0 1 0
1 0 0 0 0 1 0 0 0 0 1 0
1 0 0 0 0 1 0 0 0 0 1 0
0.99978370639338709 0.0071536733781414636 -0.019528578737340707 0.38426257810880482 -0.0070220946158367475 0.99995223732829519 0.0067980327553621147 3.3941626210873878e-05 0.019576276906191382 -0.0066594308567331601 0.99978618782375495 -0.10738949739311582
0.99967419472674679 0.0063561896918411789 -0.024720502624980743 0.62651056119394444 -0.0061099335315863432 0.99993108744834658 0.010024423504956463 0.0058005798008325029 0.024782516209415552 -0.0098701168670111868 0.99964414052369732 -0.22624472016799041
0.99968663291357562 0.0057024588738726545 -0.024374534594730331 0.86717746182961375 -0.0052835938735563007 0.99983785869127906 0.01721452768498553 -0.06184094187984019 0.024468747611948453 -0.017080348076945209 0.99955467189137437 -0.27562299045914418
0.99978069296934635 0.0033408462356465042 -0.020673768697636631 1.1289421575561098 -0.002975423488035056 0.99983924707317484 0.017681257512225185 -0.072688789565567569 0.020729515691411196 -0.017615866671172806 0.99962991572912774 -0.32979960132443614
0.99988729248340313 -0.0041388827755642205 -0.014431631216863527 1.4513689988234086 0.0044325371561250082 0.99978256789859565 0.020375709569230689 -0.11881512911218839 0.014344160643585364 -0.020437381815198483 0.99968823063991852 -0.39286480574154092
0.99988296560029488 -0.012163050968155786 -0.0092798326227115178 1.833524592968673 0.012341320177869613 0.99973560600341449 0.019401286175221761 -0.14435848838351728 0.009041400258079757 -0.01951354094293466 0.9997687106532398 -0.3994038477717704
0.99976886501207041 -0.021040605460958029 0.004416953057571278 2.2011091654927499 0.020926363564630672 0.99948108822227022 0.024487580402879149 -0.2199965214555378 -0.0049298945665584917 -0.024389489700747662 0.99969037653250403 -0.33138776578038021
0.99906763812445054 -0.033758801432943429 0.026910923028448702 2.5305762365655884 0.032995576134549946 0.99905424620803895 0.02831792875964351 -0.25711678178197239 -0.027841451254938417 -0.027403584792837297 0.99923665722016053 -0.26136531818039899
0.99753325225236911 -0.047243543616023682 0.051917802702081003 2.8637269098760862 0.045951972354441914 0.99861052216482404 0.025796148131726999 -0.22176019201307376 -0.053064365515362075 -0.023346790106956113 0.9983181359186829 -0.21804313438655212
0.99487970506768608 -0.058811843003061574 0.082192089443066982 3.1837833535200937 0.057297817586203892 0.99814330765902637 0.020661497413214731 -0.16179052236480523 -0.083254624762183579 -0.015846277104778025 0.99640230979139477 -0.15506807260277627
0.99161704487676749 -0.070194904756338758 0.10848184943166941 3.5637647858461916 0.069879002690123676 0.99753286985962986 0.0067155441063597556 -0.027618063241733395 -0.10868560757018636 0.00092135544677716572 0.99407574651594843 -0.066634574224389759
0.98605906916085106 -0.080461260830917883 0.1456485414658692 3.864087701274975 0.081492114135347668 0.99667336245341065 -0.0011153069369869339 0.045852255517392741 -0.14507428255685942 0.012968966084897506 0.98933576628933273 -0.0056974586132260653
0.97975151341159528 -0.085770536900218644 0.18091541384729179 4.228252153096772 0.087002817999672452 0.9962074266405746 0.0011281694376073154 0.07045079623870279 -0.18032604256680312 0.01463482511041087 0.98349801233463774 0.058359048276557995
0.96909056711980313 -0.090225654958112994 0.229614467982307 4.4850254111690067 0.090424438004244226 0.99585628897528 0.0096784668207371433 0.094539446059523261 -0.2295362579877849 0.011383448324785278 0.97323353999602891 0.053518069408193876
0.95524180284271587 -0.09294482596867111 0.28084578940666244 4.7335370190044035 0.086535289434108958 0.99562792609808481 0.035166410908443829 -0.028006615791106707 -0.28288644680216291 -0.0092893540830332934 0.9591084225030907 -0.052661411379328997
0.93815472687375079 -0.098282548196530289 0.3319732657375209 4.9471114734860855 0.082738715233034402 0.99472255873670701 0.060674015376315164 -0.19024141376241974 -0.3361844931671073 -0.029454572824863509 0.94133544217440357 -0.17555868520924106
0.91625335061316571 -0.092210291416629064 0.38984235230026959 5.125291705785096 0.059008048965221611 0.99359875463565583 0.096330498513148649 -0.39290665732459351 -0.39622953908998909 -0.065259305415657554 0.91582933749099826 -0.23933203932146246
0.91625335061316582 -0.092210291416629078 0.38984235230026965 5.125291705785096 0.059008048965221618 0.99359875463565595 0.096330498513148663 -0.39290665732459384 -0.39622953908998915 -0.065259305415657554 0.91582933749099826 -0.23933203932146246
1 0 0 0 0 1 0 0 0 0 1 0
1 0 0 0 0 1 0 0 0 0 1 0
1 0 0 0 0 1 0 0 0 0 1 0
1 0 0 0 0 1 0 0 0 0 1 0
1 0 0 0 0 1 0 0 0 0 1 0
1 0 0 0 0 1 0 0 0 0 1 0
1 0 0 0 0 1 0 0 0 0 1 0
1 0 0 0 0 1 0 0 0 0 1 0
1 0 0 0 0 1 0 0 0 0 1 0
1 0 0 0 0 1 0 0 0 0 1 0
1 0 0 0 0 1 0 0 0 0 1 0
1 0 0 0 0 1 0 0 0 0 1 0
1 0 0 0 0 1 0 0 0 0 1 0
1 0 0 0 0 1 0 0 0 0 1 0
1 0 0 0 0 1 0 0 0 0 1 0
1 0 0 0 0 1 0 0 0 0 1 0
1 0 0 0 0 1 0 0 0 0 1 0
1 0 0 0 0 1 0 0 0 0 1 0
1 0 0 0 0 1 0 0 0 0 1 0
1 0 0 0 0 1 0 0 0 0 1 0
0.99863301793666259 0.029552192732921069 0.043113378334219063 -0.31807123657042147 -0.029875863899510635 0.99952992222289971 0.0068823932859153683 -0.20595093724960498 -0.042889721880319295 -0.008161034601101928 0.99904648003547292 -0.17362573106962848
0.99687619014443185 0.049480182901281887 0.061559507983562946 -0.41778541766417054 -0.05020538235210871 0.99868591414993202 0.010289045698857932 -0.28182013361560182 -0.060969509642125462 -0.013347523312221913 0.99805038075010444 -0.31326327974477608
0.9962188819971598 0.044042803681002884 0.074887719929543239 -0.57466508618457257 -0.045336336879412263 0.99884901511692326 0.015660828787421581 -0.36882401237830187 -0.074111778488210045 -0.018996748244610909 0.9970689885085412 -0.28247106769447072
0.99586980148712811 0.041462093074394163 0.08077272636155261 -0.6247537138820648 -0.043725715553174768 0.99869312222630491 0.026459580821277463 -0.46743663031233734 -0.079570096678028682 -0.029882142757257878 0.9963812810660807 -0.52763049791246286
0.99534758824547487 0.04800203507213243 0.083540308850581085 -0.61631131373007519 -0.051946930137793744 0.99760338597439746 0.045705587641737863 -0.66419126982314047 -0.081146133753715502 -0.049832609016096811 0.99545568261750006 -0.61729935626109667
0.99436154081373618 0.054405564248241056 0.091022858279461716 -0.66902144101807259 -0.060457679916807179 0.99604502783371862 0.06510892002485992 -0.8566648324197087 -0.087120577876924968 -0.070244836867610627 0.99371810278561068 -0.69253199384253783
0.99284277992644143 0.057226238059918839 0.10482543596592063 -0.8129539546191844 -0.06554642231236868 0.99481777601346999 0.077725536663712388 -1.0042405739233384 -0.09983426701280701 -0.084040170187375141 0.99144862142467705 -0.76098110392480511
0.99231840751446665 0.05841130608723178 0.10905181075588141 -0.84743616880014594 -0.06944818692176348 0.99252875698330767 0.10031757520220419 -1.2459657598902394 -0.10237737758524905 -0.10712042700789524 0.98896111484547944 -0.84321081651779062
0.9919519923398965 0.061055031256657517 0.11092126960668294 -0.85800541377062045 -0.074234788582487207 0.99013124844390432 0.11886676162421871 -1.4026007663709481 -0.10256920130830356 -0.12614433801468847 0.98669507190915506 -0.93368454393383915
0.99092193690947161 0.060557874560252647 0.12002690856772813 -0.94397788456600906 -0.076889427560806189 0.98765453415188631 0.13647907201689208 -1.5958212469715194 -0.11028023794385194 -0.14446890668225179 0.98334480428844606 -0.97420847014301992
0.98983897534348553 0.058004937848786277 0.12982384247940434 -1.072538428550962 -0.078297554070204611 0.98447098081484341 0.15711900254292496 -1.809296534864703 -0.11869412756148527 -0.16568740181021221 0.97900939166271495 -1.0042446571147277
0.98865190021985094 0.056157335145246172 0.13933331942167471 -1.1875738143164638 -0.080057799671053392 0.98177542970458398 0.17235937555064706 -1.9837265562584261 -0.12711478632915771 -0.18155814313261748 0.97512997685371594 -1.096630321662027
0.98800025793099278 0.054029156988315404 0.14469395468859 -1.2546798867409752 -0.081177904450537144 0.97864061110669842 0.188872184616283 -2.1460879832484703 -0.13139877532652741 -0.19835171914515839 0.97128314993870302 -1.1508385589140315
0.98781064837210719 0.05332911617751751 0.14623996830689634 -1.245744349254905 -0.082286364159508851 0.97638240562920353 0.19976574343750247 -2.2293898022791607 -0.13213280151455922 -0.20936428383431166 0.96886919623778933 -1.2447044329695729
0.98669745633240391 0.051166952918543958 0.1543051282239041 -1.3508132615093633 -0.083318505148829422 0.97420181026459096 0.20973521301145029 -2.3556569922343642 -0.13959282347931953 -0.21980167380214705 0.96550560217268866 -1.3511501422194938
0.98626088912867416 0.047474225662468256 0.15822659849995585 -1.3204449558471147 -0.080853759569498182 0.97397394755534972 0.21174848062483617 -2.3495707425795502 -0.1440559895963891 -0.22163246012531171 0.96443088113156517 -1.4802726251963687
0.98439796855557249 0.046547186023911398 0.16968794587983435 -1.3895930798257072 -0.083761644525338699 0.97206126483078248 0.21927353766925506 -2.395633059006308 -0.15474051315047715 -0.23006576644263008 0.96079400326037223 -1.542708294129947
0.98287567430509382 0.042401119524088274 0.1793252740759404 -1.4614574029584217 -0.083951784637168778 0.96933977315188846 0.23093830787047837 -2.5222326713228229 -0.16403507769846545 -0.24203832186029839 0.95630013282207016 -1.6480187959817487
0.98017580345330702 0.044959622645503142 0.19296120505489692 -1.5684554730393181 -0.091630429032318758 0.96636696441964332 0.24028889810750118 -2.6245595220301809 -0.17566803579484006 -0.25320648176920324 0.9513291852928959 -1.7302523160320205
0.97646139048172731 0.047383273044707568 0.21042333124932305 -1.7000558278029352 -0.09933989379158091 0.96473895015570676 0.24374237127332254 -2.6778292037727001 -0.19145427234713014 -0.25890844615044034 0.94673738603268198 -1.8366594281551565
0.97416173232877024 0.055445306600048171 0.21894003115519123 -1.6616912198230809 -0.10991210723367088 0.96324426367730065 0.24511184625845614 -2.6515190991882935 -0.19730242763246347 -0.26284274094751342 0.94444981104425818 -1.9653481089399056
0.97037636754530476 0.058068461965421876 0.23451601018811069 -1.5809350149220565 -0.11799261854896602 0.96095508763158111 0.25028595950020566 -2.6106523613351187 -0.21082563240160784 -0.270542738361152 0.93933975719252483 -1.9419923975982583
0.96564018664358819 0.063174865268595629 0.25208721970229059 -1.5962741332381427 -0.12874778003239082 0.95889488928369793 0.25287269611869084 -2.5863025411009279 -0.22574994811885837 -0.27663970738832744 0.93408106351667008 -1.9669961704339551
0.96106328850703926 0.068105135130005767 0.2678041188125363 -1.6137464212741421 -0.13913851427897045 0.95659704726341332 0.25605187562515475 -2.5818703020782148 -0.23874218171130995 -0.28334392482607179 0.92882635133585723 -2.0071514687612724
0.95555395120548148 0.066575531100640309 0.28720087916693438 -1.6424919801667641 -0.14560223165170955 0.95364226538680341 0.26337505539812889 -2.6322216192103118 -0.25635256283804592 -0.29348616377368325 0.92095018062855738 -1.9641173987241418
0.9502944479501676 0.064326692945329084 0.30463509116614201 -1.6363042127602854 -0.15076954782249763 0.95113108579771088 0.26947764485884002 -2.671241627577424 -0.27241329931647229 -0.30201280470202724 0.91355309651466299 -1.9240852234784698
0.94704104660126831 0.061021905884292627 0.31526113470363415 -1.5681221595274391 -0.15241796560614149 0.94955600198064227 0.27406598268122145 -2.713070751826939 -0.28263407404780388 -0.30760319586244067 0.90856934467455674 -1.9357676822067234
0.94367320346892025 0.062541092860611866 0.32491459917723958 -1.5333952701881071 -0.157506859905121 0.94848688848891438 0.27488945313970548 -2.7024543727165895 -0.29098535038302958 -0.31058208909790347 0.90491231166011188 -1.9805933468092338
0.94162502939388104 0.064927220989044979 0.33034339707887672 -1.4427264254419008 -0.16185974673231965 0.94769019160970169 0.27510856605077988 -2.6884840936441159 -0.29520116261072221 -0.31251841017995513 0.90287790807609825 -2.0351983837101826
0.93849072870594052 0.065920735277577247 0.33895369712315626 -1.4329509555381141 -0.16635191463562313 0.94650240321424373 0.27651445026747434 -2.7073242266932289 -0.30259245302891336 -0.31589184441850465 0.89924977064207257 -2.0593111463844909
0.93577288044492068 0.067520734964409107 0.34607812206737681 -1.4388838758427389 -0.1705475013653224 0.94571954904548439 0.27663709861703484 -2.7191497977551653 -0.30861410531902378 -0.31789225360658241 0.89649419914189454 -2.0881259819508498
0.93470235284530168 0.069576350131454606 0.34855507898729926 -1.4074536783584382 -0.17359520495952427 0.94509753603634561 0.27686702980508376 -2.7307016317311468 -0.31015514891827595 -0.31929575456058545 0.89546301136287509 -2.1129618875414438
0.93351330983712222 0.071506000760372834 0.35133999517874237 -1.4348214476356234 -0.17660398823129017 0.94449782722871256 0.27701062380537561 -2.7585132871195457 -0.31203194018840996 -0.32064114866233023 0.89432953774699742 -2.1308411778832648
0.93432778842308928 0.071253096906792338 0.34921995928298583 -1.4255704664984674 -0.17609176159203407 0.94415930280859861 0.27848680833999151 -2.8067941966269081 -0.30987622574155843 -0.32169272155454837 0.89470135666544881 -2.1523417436379519
0.93722742981814688 0.072525944500488895 0.34109343612972454 -1.394733281614928 -0.17493792963731544 0.94393427990679379 0.27997284866760253 -2.8500848220534696 -0.30166449172993515 -0.32206841290501403 0.89736863765019403 -2.1854902814803938
0.94239082833683252 0.068215195003994936 0.32748467725557129 -1.3511738802541891 -0.16471803638277877 0.94670337073746913 0.27680443696681528 -2.9071243134423073 -0.29114857917705922 -0.31480059562345331 0.90340084671108134 -2.2678676647180862
0.94827081544918013 0.065030442320236956 0.31073059414705401 -1.2869869042574769 -0.15511715171413828 0.94891002782545864 0.27478796978103004 -2.9437680884620838 -0.27698579351916203 -0.30877305689441492 0.90991102286137759 -2.3062582928866004
0.95565386210032166 0.060085826091940013 0.28829739741383109 -1.2398506899900656 -0.14247149280067833 0.95110629259215973 0.27404140915333092 -3.0145911293858023 -0.25773546436586015 -0.30296289161289408 0.91748891912309671 -2.362435126301897
0.9613937611215545 0.078428360607145489 0.26376320503251971 -1.36741899777802 -0.15135214535445957 0.95122325429984012 0.26882494039025523 -3.0615332473448378 -0.22981419489046803 -0.29836774747230516 0.92637040275213278 -2.4787426757923394
0.96705532399325411 0.095447931145847653 0.23599511176352764 -1.4370888176438921 -0.1577539022123734 0.95228182279346163 0.26129109497633318 -3.0440978892158341 -0.19979416075819459 -0.28991209429263171 0.93596649027077294 -2.5597432182855751
0.97361858766772325 0.10723185619076683 0.20141542832114584 -1.4971849203651471 -0.15879613188075808 0.9522958640288347 0.26060770490007384 -3.1540300601865967 -0.16386163140777291 -0.28571649649864073 0.94420095815505578 -2.633263430428459
0.97918682139322433 0.12431375978189234 0.16043459084226128 -1.5301593863907257 -0.16304427440115779 0.95255206284427008 0.25702360233279314 -3.1988231800749753 -0.12087073009969694 -0.27783206564400698 0.95299507338975809 -2.7216489967152353
0.98385950083979945 0.13795135282700077 0.11397327257063843 -1.5313930979773198 -0.1631593753411216 0.95312957728812475 0.25479997475834953 -3.301223199739038 -0.073481295889196871 -0.26928318393795203 0.96025364670105962 -2.8192321873257504
0.98673251292931163 0.14829100510207535 0.066096336767041033 -1.5603705257507423 -0.16032819218970384 0.95413013579289985 0.25284492235558903 -3.4191303122899726 -0.025569879103883607 -0.26008741180156858 0.96524645531852338 -2.9111803195147132
0.98672473816644923 0.16181304351163081 0.013814124650345681 -1.5776065637198387 -0.16001211815424637 0.95414488349919924 0.25298945301354164 -3.5567568308973727 0.027756317013316403 -0.25184137912940868 0.96737040818088582 -3.0118137035280217
0.98453413541201062 0.17141544290809252 -0.036184003940239934 -1.6403251453592984 -0.15718947100371819 0.95551056124328504 0.24958172520862534 -3.6514330155422678 0.077356359881370254 -0.2400339836047492 0.96767746708329372 -3.1121464523745259
0.9785109567639978 0.18730879383751745 -0.086207443088981317 -1.7441154456023558 -0.16126891467889209 0.95573707866586721 0.2460873292583878 -3.7283386752634682 0.12848597063920164 -0.22689656721591961 0.96540628915215476 -3.2121124421168386
0.969283442604566 0.19755016659221156 -0.14650440120361702 -1.7601487710544577 -0.15716379513853546 0.95569782738221409 0.24887989921761094 -3.8749348506564583 0.18918020348412087 -0.2182099778110643 0.95738981412661872 -3.30937775250738
0.95773894305703433 0.20530877665683098 -0.20145575985727035 -1.8479129184910679 -0.15449431844527331 0.9579500451794597 0.24179167998258652 -3.9220920198704299 0.24262650827995932 -0.20044953771048349 0.94918510329204409 -3.428237524563333
0.94253426696798959 0.21264671205922678 -0.25770240868396027 -1.9129247481512828 -0.15363039537798304 0.96077232877877283 0.23089875241979599 -3.9246163229977111 0.29669320384383457 -0.17803906341984033 0.93822984107811602 -3.5725325435843844
0.92651021018254487 0.21625786247081644 -0.3079145455269206 -2.0094062553271637 -0.1494203781488804 0.9625066860410425 0.22639441229883664 -3.9900718366703534 0.34532938047803319 -0.16374802669297572 0.9240856035740489 -3.7161126188956399
0.90892758908030913 0.22150378452356734 -0.35325162596992205 -2.1514532313661889 -0.14839357671405654 0.96359730302193469 0.22239510785730709 -4.0693489377644347 0.38965367212265056 -0.14972077695026464 0.90870991232116705 -3.8600334891870345
0.88952805966132964 0.22619145458254294 -0.39696001933316094 -2.2769359534340108 -0.14726711891089236 0.96442563077326871 0.2195349593920472 -4.1593872642528051 0.43249534883375934 -0.1368233480858298 0.89119422386803471 -4.0044492211660883
0.86777574322559048 0.22892683075736797 -0.44108702727314647 -2.3676079736341711 -0.14478957951665175 0.96553838675752202 0.21626743019020017 -4.2419949007913003 0.47539587412246781 -0.12380682475966071 0.87101701074678528 -4.1114233234602269
0.84705966879275396 0.23521016956032739 -0.47661944320402205 -2.5086228241781492 -0.14381916142947146 0.96472778376065382 0.22049116092483342 -4.3892700977748067 0.51166978248713646 -0.11822216110213517 0.85100972633331706 -4.215210568097695
0.8250590355678088 0.23782532976474424 -0.51255897255848326 -2.6270947347278701 -0.14169550642717996 0.96520715190455619 0.21976700701115259 -4.4959276446952918 0.54699174700013742 -0.10869345166377613 0.83005166241575112 -4.3261508058759723
0.80489338380374864 0.23932301416132676 -0.54302038230778116 -2.707633441006672 -0.13902139473542632 0.96565153582742258 0.21952258006855871 -4.6072051914097276 0.57690527169958172 -0.1012008213745194 0.81051755146841475 -4.4488517509103849
0.78862995302298855 0.23669685561962822 -0.5674833880694129 -2.8212789054814351 -0.13433200136528434 0.96696543306068383 0.21663971167577184 -4.6955449361390462 0.60001475865528198 -0.094617386380861188 0.79437386638175522 -4.5900988544873238
0.77142303571228232 0.23219688090497892 -0.59244502569474389 -2.893526791381432 -0.12903649072997642 0.96878402525410223 0.21167686806203401 -4.7384179153353481 0.62310198525806304 -0.08684538508440208 0.77730418438150872 -4.683028911864894
0.76297247691430881 0.22830029617738257 -0.60477431677987448 -3.0382070601793369 -0.12451770077386856 0.96994273136360432 0.20906085254992182 -4.7769287481226739 0.63432510723227242 -0.084202569083313764 0.76846703617952017 -4.8459751957041117
0.76061605500755969 0.22201415956518805 -0.61005977560998081 -3.1778266492935479 -0.1172226900154843 0.97122897999027269 0.20729956433284713 -4.8268470031584743 0.63853117215236299 -0.086162528860391344 0.7647574522749756 -5.048602363806526
0.75499080890480386 0.22007699777056436 -0.61770137892153443 -3.2911990826382289 -0.11470131111901956 0.97179765021817355 0.20604110332167752 -4.8812778761719944 0.64562565600884225 -0.084707981222145262 0.7589414142214278 -5.1871724175620999
0.74874567939856085 0.21546238262843703 -0.62686192200042312 -3.3504156771640674 -0.11270005034456995 0.97330743243709383 0.19992833869925364 -4.9209081422765779 0.65320640400590002 -0.079048109621856683 0.75304235613336656 -5.2731848610993062
0.74886558880824183 0.21504836521936335 -0.62686085418963966 -3.4196960896055661 -0.11112318187181464 0.97324206494520638 0.20112563603845796 -4.9621430498441965 0.6533390913986159 -0.080957295147935593 0.75272435061764886 -5.3607442880640734
0.7581851332955023 0.20810152749205024 -0.6179393642625115 -3.5209563512878468 -0.098048756571302145 0.97331354268529668 0.20747816502036714 -5.0453861499013284 0.64462527485703114 -0.096718673899473126 0.7583559541103535 -5.4656557015706531
0.76420946158013658 0.20219252018505887 -0.61245578094472453 -3.6081768353217689 -0.090708633220055901 0.97384628739230084 0.20831551164419199 -5.064900370180303 0.63855762675795136 -0.10364165819518072 0.76256315410319042 -5.547700505861668
0.77123283805524967 0.19751773802534861 -0.60513358250108285 -3.7055555809480238 -0.086282810984202804 0.97430500322430424 0.20805056409621403 -5.0978740819993513 0.63067835386503424 -0.10824280048778435 0.76845839842417774 -5.6512453710672927
0.77922233680833419 0.1946406898130113 -0.59575796401565129 -3.8306382705009994 -0.083506027071190841 0.9743222905141079 0.20910001829298777 -5.1092409908372431 0.62115963589221135 -0.11318602420995885 0.77546736273153249 -5.7133423629596702
0.78322329855709283 0.1950088077921156 -0.59036669069388115 -3.9041551708655731 -0.088268690104335482 0.97479688521192442 0.20488941145992634 -5.0584736761873632 0.61544285107929542 -0.10836326621428466 0.78069680388148144 -5.7218169736664208
0.78450891317519922 0.18883399045999386 -0.59066698671554585 -3.9340309057487604 -0.088816535200386793 0.97690342713626255 0.19434844255723624 -4.9681363920996144 0.61372419556643376 -0.10000709023054238 0.78316102666051635 -5.6668939470626176
0.78437864491165488 0.17709400675632744 -0.59446434222545752 -3.9589527224198275 -0.088550147974726115 0.98053085438219911 0.17526584064833867 -4.8129198488604015 0.61392915935001013 -0.084834877117283436 0.78478916335808635 -5.5506904054792461
0.78741513319247658 0.17040601913141731 -0.59240121257747047 -4.0093541186513466 -0.094670763798020502 0.98305945886797241 0.15694440675636886 -4.6625648195509344 0.60910988704943358 -0.067497325680297787 0.79020836272759998 -5.3850847029897464
0.7866552564975664 0.16931024665297947 -0.59372346071471305 -4.0025357052990547 -0.10315153344132623 0.98418873467281309 0.14398713724437381 -4.5256502820803597 0.60871443926807844 -0.052024752968509523 0.79168185308564099 -5.1885671111514453
0.78436315369467757 0.17345054990424588 -0.59555801553169807 -3.987661278264913 -0.11895342756073607 0.98435021281329915 0.13001823182140779 -4.4028393733026068 0.60878939313829405 -0.031137843090479542 0.79272057468567092 -5.0088564277206151
0.772666011693389 0.1573635463592381 -0.61499914524418298 -3.8835746353421858 -0.1278818140784613 0.9875118698863925 0.092013849291736588 -4.1283216519283981 0.62179858153732837 0.0075512323977265563 0.7831407937832392 -4.6661135341842996
0.76867617632872676 0.15933342866670408 -0.61947541876490997 -3.842332316903311 -0.1441587431510194 0.98671508120100615 0.074910648799822302 -3.9863086388916393 0.62318150864556843 0.031720766696349267 0.78143368256201318 -4.3751808063209898
0.7623439987213928 0.16776944085738396 -0.62504803201664261 -3.7389588354742695 -0.15470790836958992 0.98505516178365882 0.075708594830946302 -4.0073268066614061 0.62840837892359747 0.038983880742821872 0.77690615027868448 -4.1386803861470138
0.7606019458528952 0.19562564319623116 -0.61904384956871217 -3.592793878440367 -0.1688160702180134 0.9803167550708396 0.10237281945675959 -4.2218717265447276 0.62688580650780112 0.026639584295562548 0.77865558377733568 -3.9976483689734938
0.76127190394624944 0.22529268014135254 -0.6080364269817875 -3.3970650262439657 -0.18719922362068608 0.97413442101009751 0.12656453088892847 -4.4633353608857442 0.62082327512575164 0.017473925662208126 0.78375578019181902 -3.903700518763102
0.75694496818982282 0.25798407388330896 -0.60039864486412664 -3.1085175313098898 -0.20919196863063272 0.96608640461277617 0.15137958608346044 -4.6971406754688907 0.61909049047174725 0.011012558509757258 0.78524243909923808 -3.7414946348902882
0.76654917918486731 0.27927486977023047 -0.57828012503096371 -3.1060066991005879 -0.2320553277476633 0.96010079972566187 0.15606658588586161 -4.7470447893252192 0.59879268595644253 0.014560270635028174 0.80077170140065757 -3.6462648096112655
0.77146395024854597 0.3110150764661691 -0.55507926972429089 -3.1293447716506608 -0.26928999609099646 0.95000518580335591 0.15802862067373227 -4.8046918948740363 0.57647746831270019 0.027563910416960893 0.8166480021222764 -3.5206310441202104
0.77832457884177564 0.34436565932245183 -0.52499823109243493 -3.1455753129614119 -0.30241147960212067 0.93839890163340989 0.16719688519247641 -4.9212887298303372 0.55023462902259146 0.02863204660206832 0.83451905845927099 -3.4791919331616334
0.78309251730951834 0.37212470608296805 -0.49828637594911857 -3.0208330104263861 -0.32396555347216194 0.92801958772677229 0.18391836493104058 -5.1205572103023602 0.53086008467139201 0.017402526198694767 0.84728078143233387 -3.4192684540247029
0.78650949457117436 0.39318225652011179 -0.47624628933688185 -2.9223200006787544 -0.33896899749333903 0.91944857601000418 0.19928455738349682 -5.3074117653040567 0.51623912452249943 0.0046935307529111618 0.8564316301266055 -3.3615410947167383
0.78328735469701427 0.41175323137037412 -0.46574692315441973 -2.66572887305102 -0.3510022216612767 0.91128064180838453 0.21532541014507955 -5.5626462745506426 0.51308708847582762 -0.0051834661524838097 0.85832090229589797 -3.2038371883376504
0.7795063157476233 0.44225452822110994 -0.44359986020905157 -2.5552201241115449 -0.3762143445784582 0.89676909445168851 0.23295484148156201 -5.8546844807879364 0.50083197845481842 -0.01470113955522 0.86541967036392831 -3.1468546159563808
0.77521616165441665 0.45197034263994018 -0.44131928587331021 -2.3630660436234918 -0.3885440932486996 0.8920004533190532 0.23101662035479067 -5.9604947142555433 0.49806966411470927 -0.0076158159470075008 0.86710357457233567 -3.0077470873467793
0.76634847338334866 0.47447764876888743 -0.43310619732550509 -2.1008997775491109 -0.39916272062080005 0.87992376890904833 0.25768834543979063 -6.3286535451574029 0.50336779774794116 -0.024599222094286898 0.86372202615352112 -2.842418087829842
0.76536165042534199 0.48548842184356095 -0.42251927330483441 -1.8585793439629705 -0.40177579537293501 0.87327176917539862 0.27563132516772271 -6.6092649265952401 0.50278997037594353 -0.041199628846848003 0.863426219356489 -2.6721802765969009
0.76683061914518402 0.4909188750007199 -0.41348453382132844 -1.6328635377144578 -0.4027383129938743 0.86962408975499605 0.28557975027064297 -6.8273770727055423 0.49977260107799221 -0.052465233115103808 0.86456621870503125 -2.5457606983604171
0.76718245667554819 0.49495227007662668 -0.40798692199047837 -1.374481269618292 -0.40571640941452608 0.86710071629936447 0.28901650977913651 -7.0342055735427627 0.49681512990352394 -0.056201406914089369 0.86603471556273171 -2.4627969975932347
0.7685295336346667 0.50125745835571434 -0.39762207732223692 -1.1687075437902865 -0.41218686313884195 0.86320580590565232 0.29150939351337352 -7.215062645441229 0.4893509433801505 -0.060138981480754639 0.87001089482799832 -2.4067304135608687
0.76615755589936019 0.51420579142424849 -0.38548022466020343 -0.96217552295092579 -0.43136058900809726 0.85610137363069749 0.28463745417323461 -7.3631971691952218 0.4763723772312014 -0.051796159446382536 0.87771664908311886 -2.3458480085002757
0.76932788696428378 0.51379455194825208 -0.37967059502595801 -0.70617115310466794 -0.44204050647383936 0.85717891135512503 0.26428110898131607 -7.3949693864612618 0.46123182129534573 -0.035489045018675065 0.88656964458988818 -2.3419290429355661
0.76765225035147266 0.52078865797965934 -0.37348252469167215 -0.51450843583874373 -0.45769881458639294 0.85344108283847719 0.24929924438252557 -7.4259632181856441 0.44857754921142756 -0.020432617141055903 0.89351031919068302 -2.2737604160546652
0.76784769086500226 0.51367629864224706 -0.38281403298009442 -0.17975322796814425 -0.46390951892283727 0.85794571738645153 0.22071951493021333 -7.3546100299096784 0.44181204361817206 0.0081121040086990746 0.8970709625678932 -2.3112542588299796
0.76656493129305203 0.51173189227814575 -0.3879544774030928 0.11532864657539003 -0.47503683330312296 0.85839659933624901 0.19363699350409314 -7.3327937728055526 0.43210902920098709 0.035857337790074835 0.90110822780040634 -2.392364445811074
0.75898262577661446 0.5098434938007218 -0.40497529010830896 0.55557181500033059 -0.48518263374834703 0.85764351786316106 0.17042713450715277 -7.2984575128145854 0.43421559815171662 0.06713574380592717 0.89830373828976795 -2.4263145066957343
0.7465545067644106 0.52838500212819273 -0.40430886455250686 0.72506163998116158 -0.50662683218376703 0.84537498576723291 0.1693233189802634 -7.4632182055550462 0.43126050287638074 0.078424632387028764 0.89881252533204647 -2.4303183387764964
0.73544348099356527 0.5421992805890673 -0.40637768933932056 0.81403850872666439 -0.53343483496489474 0.83311445483560753 0.14617654391161355 -7.3855344642673177 0.41781594405915501 0.10927142935216987 0.9019365784894694 -2.4252772932419551
0.72657299184516533 0.54842399660384444 -0.41391159378571618 0.99105228494815523 -0.55185762580267672 0.82467463727225587 0.12395524790546805 -7.3469147069806224 0.40932242592435392 0.13835773411320221 0.90183828320074233 -2.3936543891751754
0.71549896039403538 0.54855355735066724 -0.43260863652149045 1.3374192435682237 -0.57271974966950456 0.81518208434198824 0.086430652585478829 -7.204877566574015 0.40006665196383823 0.1859224679423655 0.89742938992472565 -2.3111421375795627
0.69257099199562344 0.55852863025653243 -0.45649883924273005 1.7528441177603431 -0.59217883461501231 0.80158940049064142 0.082332623273280697 -7.2738052673952467 0.41190975817550629 0.2133077640518877 0.88590639963541307 -2.2715723122728173
0.67287477597735168 0.56528432621989622 -0.47717205113412386 2.0965035055614072 -0.6123571071638948 0.78752553198249087 0.069442852631217675 -7.2037755154056251 0.4150401295770027 0.24547335294449529 0.87606194063827025 -2.1122354476645486
0.66987886691596787 0.54981249013396349 -0.49896746321986712 2.4007151392978394 -0.62462988022888366 0.78062260080769508 0.021583971679938786 -6.7719821501336126 0.40137241607343871 0.29721134029663171 0.86635189317877648 -1.9431790788864247
0.67714984755041963 0.51013730540335522 -0.53030935650641453 2.6702092042756598 -0.62264930702899723 0.78129178063052129 -0.043485560540241969 -6.1626698584258852 0.39214273475196904 0.3596429940301818 0.84668824984539237 -1.6590870596135237
0.69088650064510237 0.46902980961889179 -0.55016986550994507 2.753342257072001 -0.62067794736757775 0.77502807214146796 -0.11870287715236709 -5.3877705702851015 0.37072190234451396 0.42348851824051342 0.82657289215199825 -1.3291890233346098
0.72191446633376199 0.41294249061623978 -0.55526390369057532 2.6527267674575068 -0.59808889708931745 0.77593368188441958 -0.20054075021245008 -4.5153693450610302 0.34803616834536549 0.47687044441959836 0.80713406864196435 -1.0266739530648634
0.74985340381281496 0.36820541891102382 -0.54967685259149579 2.4514908257700703 -0.5767396852770601 0.77088315794786499 -0.27038951943232714 -3.8219297065916469 0.32417774170484487 0.51977295646934596 0.79040803734923037 -0.76341462528577797
0.77231604119873132 0.32810220154079084 -0.54394565707541576 2.2540213762198924 -0.55521985315397149 0.76469425449634254 -0.32706820665415537 -3.23484163738352 0.3086403200665816 0.55460945041025866 0.7727544955190031 -0.5642220274030606
0.77117734565227047 0.32724952435317467 -0.54607073750874024 2.2609348643232865 -0.55504963070094038 0.76570512864329587 -0.32498548187281134 -3.2514608406592598 0.31177781994790466 0.55371780247701519 0.77213417629875525 -0.55210327206949217
1 0 0 0 0 1 0 0 0 0 1 0
1 0 0 0 0 1 0 0 0 0 1 0
1 0 0 0 0 1 0 0 0 0 1 0
1 0 0 0 0 1 0 0 0 0 1 0
1 0 0 0 0 1 0 0 0 0 1 0
1 0 0 0 0 1 0 0 0 0 1 0
1 0 0 0 0 1 0 0 0 0 1 0
1 0 0 0 0 1 0 0 0 0 1 0
1 0 0 0 0 1 0 0 0 0 1 0
1 0 0 0 0 1 0 0 0 0 1 0
1 0 0 0 0 1 0 0 0 0 1 0
1 0 0 0 0 1 0 0 0 0 1 0
1 0 0 0 0 1 0 0 0 0 1 0
1 0 0 0 0 1 0 0 0 0 1 0
1 0 0 0 0 1 0 0 0 0 1 0
1 0 0 0 0 1 0 0 0 0 1 0
1 0 0 0 0 1 0 0 0 0 1 0
1 0 0 0 0 1 0 0 0 0 1 0
1 0 0 0 0 1 0 0 0 0 1 0
1 0 0 0 0 1 0 0 0 0 1 0
1 0 0 0 0 1 0 0 0 0 1 0
1 0 0 0 0 1 0 0 0 0 1 0
1 0 0 0 0 1 0 0 0 0 1 0
1 0 0 0 0 1 0 0 0 0 1 0
1 0 0 0 0 1 0 0 0 0 1 0
1 0 0 0 0 1 0 0 0 0 1 0
1 0 0 0 0 1 0 0 0 0 1 0
